#usda 1.0
(
    defaultPrim = "DrAnmarGallbladder"
    doc = "Gallbladder: modular component of the DrAnmar dynamic abdominal research patient."
    kilogramsPerUnit = 1
    metersPerUnit = 1
    upAxis = "Z"
)

def Xform "DrAnmarGallbladder" (
    assetInfo = {
        string name = "DrAnmarGallbladder"
        string version = "0.1.0"
    }
    kind = "component"
)
{
    custom string drAnmar:assetId = "dranmar-dynamic-abdominal-patient-v1:gallbladder"
    custom string drAnmar:category = "organ"
    custom string drAnmar:mechanics = "volume_deformable"
    custom float drAnmar:densityKgM3 = 1030
    custom float drAnmar:massKg = 0.065
    custom float drAnmar:youngsModulusPa = 22000
    custom float drAnmar:poissonsRatio = 0.47
    custom float drAnmar:damping = 0.18
    custom float drAnmar:perfusionFraction = 0.004
    custom vector3f drAnmar:respirationCoupling = (0.001, 0.003, 0.01)
    custom float drAnmar:pulsationFraction = 0
    custom bool drAnmar:clinicalValidation = false
    def Scope "Looks"
    {
        def Material "Gallbladder"
        {
            def Shader "PreviewSurface"
            {
                uniform token info:id = "UsdPreviewSurface"
                color3f inputs:diffuseColor = (0.16, 0.4, 0.13)
                float inputs:metallic = 0
                float inputs:roughness = 0.42
                float inputs:opacity = 1
                token outputs:surface
            }
            token outputs:surface.connect = </DrAnmarGallbladder/Looks/Gallbladder/PreviewSurface.outputs:surface>
        }
    }
    def Xform "Geometry"
    {
        def Mesh "Visual" (
            prepend apiSchemas = ["MaterialBindingAPI"]
        )
        {
            rel material:binding = </DrAnmarGallbladder/Looks/Gallbladder>
            custom token[] drAnmar:labels = ["gallbladder", "biliary_organ", "hollow_organ"]
            uniform bool doubleSided = false
            float3[] extent = [(-0.018, -0.046, -0.014), (0.018, 0.046, 0.014)]
            int[] faceVertexCounts = [3, 3, 3, 3, 3, 3, 3, 3, 3, 3, 3, 3, 3, 3, 3, 3, 3, 3, 3, 3, 3, 3, 3, 3, 3, 3, 3, 3, 3, 3, 3, 3, 3, 3, 3, 3, 3, 3, 3, 3, 3, 3, 3, 3, 3, 3, 3, 3, 3, 3, 3, 3, 3, 3, 3, 3, 3, 3, 3, 3, 3, 3, 3, 3, 3, 3, 3, 3, 3, 3, 3, 3, 3, 3, 3, 3, 3, 3, 3, 3, 3, 3, 3, 3, 3, 3, 3, 3, 3, 3, 3, 3, 3, 3, 3, 3, 3, 3, 3, 3, 3, 3, 3, 3, 3, 3, 3, 3, 3, 3, 3, 3, 3, 3, 3, 3, 3, 3, 3, 3, 3, 3, 3, 3, 3, 3, 3, 3, 3, 3, 3, 3, 3, 3, 3, 3, 3, 3, 3, 3, 3, 3, 3, 3, 3, 3, 3, 3, 3, 3, 3, 3, 3, 3, 3, 3, 3, 3, 3, 3, 3, 3, 3, 3, 3, 3, 3, 3, 3, 3, 3, 3, 3, 3, 3, 3, 3, 3, 3, 3, 3, 3, 3, 3, 3, 3, 3, 3, 3, 3, 3, 3, 3, 3, 3, 3, 3, 3, 3, 3, 3, 3, 3, 3, 3, 3, 3, 3, 3, 3, 3, 3, 3, 3, 3, 3, 3, 3, 3, 3, 3, 3, 3, 3, 3, 3, 3, 3, 3, 3, 3, 3, 3, 3, 3, 3, 3, 3, 3, 3, 3, 3, 3, 3, 3, 3, 3, 3, 3, 3, 3, 3, 3, 3, 3, 3, 3, 3, 3, 3, 3, 3, 3, 3, 3, 3, 3, 3, 3, 3, 3, 3, 3, 3, 3, 3, 3, 3, 3, 3, 3, 3, 3, 3, 3, 3, 3, 3, 3, 3, 3, 3, 3, 3, 3, 3, 3, 3, 3, 3, 3, 3, 3, 3, 3, 3, 3, 3, 3, 3, 3, 3, 3, 3, 3, 3, 3, 3, 3, 3, 3, 3, 3, 3, 3, 3, 3, 3, 3, 3, 3, 3, 3, 3, 3, 3, 3, 3, 3, 3, 3, 3, 3, 3, 3, 3, 3, 3, 3, 3, 3, 3, 3, 3, 3, 3, 3, 3, 3, 3, 3, 3, 3, 3, 3, 3, 3, 3, 3, 3, 3, 3, 3, 3, 3, 3, 3, 3, 3, 3, 3, 3, 3, 3, 3, 3, 3, 3, 3, 3, 3, 3, 3, 3, 3, 3, 3, 3, 3, 3, 3, 3, 3, 3, 3, 3, 3, 3, 3, 3, 3, 3, 3, 3, 3, 3, 3, 3, 3, 3, 3, 3, 3, 3, 3, 3, 3, 3, 3, 3, 3, 3, 3, 3, 3, 3, 3, 3, 3, 3, 3, 3, 3, 3, 3, 3, 3, 3, 3, 3, 3, 3, 3, 3, 3, 3, 3, 3, 3, 3, 3, 3, 3, 3, 3, 3, 3, 3, 3, 3, 3, 3, 3, 3, 3, 3, 3, 3, 3, 3, 3, 3, 3, 3, 3, 3, 3, 3, 3, 3, 3, 3, 3, 3, 3, 3, 3, 3, 3, 3, 3, 3, 3, 3, 3, 3, 3, 3, 3, 3, 3, 3, 3, 3, 3, 3, 3, 3, 3, 3, 3, 3, 3, 3, 3, 3, 3, 3, 3, 3, 3, 3, 3, 3, 3, 3, 3, 3, 3, 3, 3, 3, 3, 3, 3, 3, 3, 3, 3, 3, 3, 3, 3, 3, 3, 3, 3, 3, 3, 3, 3, 3, 3, 3, 3, 3, 3, 3, 3, 3, 3, 3, 3, 3, 3, 3, 3, 3, 3, 3, 3, 3, 3, 3, 3, 3, 3, 3, 3, 3, 3, 3, 3, 3, 3, 3, 3, 3, 3, 3, 3, 3, 3, 3, 3, 3, 3, 3, 3, 3, 3, 3, 3, 3, 3, 3, 3, 3, 3, 3, 3, 3, 3, 3, 3, 3, 3, 3, 3, 3, 3, 3, 3, 3, 3, 3, 3, 3, 3, 3, 3, 3, 3, 3, 3, 3, 3, 3, 3, 3, 3, 3, 3, 3, 3, 3, 3, 3, 3, 3, 3, 3, 3, 3, 3, 3, 3, 3, 3, 3, 3, 3, 3, 3, 3, 3, 3, 3, 3, 3, 3, 3, 3, 3, 3, 3, 3, 3, 3, 3, 3, 3, 3, 3, 3, 3, 3, 3, 3, 3, 3, 3, 3, 3, 3, 3, 3, 3, 3, 3, 3, 3, 3, 3, 3, 3, 3, 3, 3, 3, 3, 3, 3, 3, 3, 3, 3, 3, 3, 3, 3, 3, 3, 3, 3, 3, 3, 3, 3, 3, 3, 3, 3, 3, 3, 3, 3, 3, 3, 3, 3, 3, 3, 3, 3, 3, 3, 3, 3, 3, 3, 3, 3, 3, 3, 3, 3, 3, 3, 3, 3, 3, 3, 3, 3, 3, 3, 3, 3, 3, 3, 3, 3, 3, 3, 3, 3, 3, 3, 3, 3, 3, 3, 3, 3, 3, 3, 3, 3, 3, 3, 3, 3, 3, 3, 3, 3, 3, 3, 3, 3, 3, 3, 3, 3, 3, 3, 3, 3, 3, 3, 3, 3, 3, 3, 3, 3, 3, 3, 3, 3, 3, 3, 3, 3, 3, 3, 3, 3, 3, 3, 3, 3, 3, 3, 3, 3, 3, 3, 3, 3, 3, 3, 3, 3, 3, 3, 3, 3, 3, 3, 3, 3, 3, 3, 3, 3, 3, 3, 3, 3, 3, 3, 3, 3, 3, 3, 3, 3, 3, 3, 3, 3, 3, 3, 3, 3, 3, 3, 3, 3, 3, 3, 3, 3, 3, 3, 3, 3, 3, 3, 3, 3, 3, 3, 3, 3, 3, 3, 3, 3, 3, 3, 3, 3, 3, 3, 3, 3, 3, 3, 3, 3, 3, 3, 3, 3, 3, 3, 3, 3, 3, 3, 3, 3, 3, 3, 3, 3, 3, 3, 3, 3, 3, 3, 3, 3, 3, 3, 3, 3, 3, 3, 3, 3, 3, 3, 3, 3, 3, 3, 3, 3, 3, 3, 3, 3, 3, 3, 3, 3, 3, 3, 3, 3, 3, 3, 3, 3, 3, 3, 3, 3, 3, 3, 3, 3, 3, 3, 3, 3, 3, 3, 3, 3, 3, 3, 3, 3, 3, 3, 3, 3, 3, 3, 3, 3, 3, 3, 3, 3, 3, 3, 3, 3, 3, 3, 3, 3, 3, 3, 3, 3, 3, 3, 3, 3, 3, 3, 3, 3, 3, 3, 3, 3, 3, 3, 3, 3, 3, 3, 3, 3, 3, 3, 3, 3, 3, 3, 3, 3, 3, 3, 3, 3, 3, 3, 3, 3, 3, 3, 3, 3, 3, 3, 3, 3, 3, 3, 3, 3, 3, 3, 3, 3, 3, 3, 3, 3, 3, 3, 3, 3, 3, 3, 3, 3, 3, 3, 3, 3, 3, 3, 3, 3, 3, 3, 3, 3, 3, 3, 3, 3, 3, 3, 3, 3, 3, 3, 3, 3, 3, 3, 3, 3, 3, 3, 3, 3, 3, 3, 3, 3, 3, 3, 3, 3, 3, 3, 3, 3, 3, 3, 3, 3, 3, 3, 3, 3, 3, 3, 3, 3, 3, 3, 3, 3, 3, 3, 3, 3, 3, 3, 3, 3, 3, 3, 3, 3, 3, 3, 3, 3, 3, 3, 3, 3, 3, 3, 3, 3, 3, 3, 3, 3, 3, 3, 3, 3, 3, 3, 3, 3, 3, 3, 3, 3, 3, 3, 3, 3, 3, 3, 3, 3, 3, 3, 3, 3, 3, 3, 3, 3, 3, 3, 3, 3, 3, 3, 3, 3, 3, 3, 3, 3, 3, 3, 3, 3, 3, 3, 3, 3, 3, 3, 3, 3, 3, 3, 3, 3, 3, 3, 3, 3, 3, 3, 3, 3, 3, 3, 3, 3, 3, 3, 3, 3, 3, 3, 3, 3, 3, 3, 3, 3, 3, 3, 3, 3, 3, 3, 3, 3, 3, 3, 3, 3, 3, 3, 3, 3, 3, 3, 3, 3, 3, 3, 3, 3, 3, 3, 3, 3, 3, 3, 3, 3, 3, 3, 3, 3, 3, 3, 3, 3, 3, 3, 3, 3, 3, 3, 3, 3, 3, 3, 3, 3, 3, 3, 3, 3, 3, 3, 3, 3, 3, 3, 3, 3, 3, 3, 3, 3, 3, 3, 3, 3, 3, 3, 3, 3, 3, 3, 3, 3, 3, 3, 3, 3, 3, 3, 3, 3, 3, 3, 3, 3, 3, 3, 3, 3, 3, 3, 3, 3, 3, 3, 3, 3, 3, 3, 3, 3, 3, 3, 3, 3, 3, 3, 3, 3, 3, 3, 3, 3, 3, 3, 3, 3, 3, 3, 3, 3, 3, 3, 3, 3, 3, 3, 3, 3, 3, 3, 3, 3, 3, 3, 3, 3, 3, 3, 3, 3, 3, 3, 3, 3, 3, 3, 3, 3, 3, 3, 3, 3, 3, 3, 3, 3, 3, 3, 3, 3, 3, 3, 3, 3, 3, 3, 3, 3, 3, 3, 3, 3, 3, 3, 3, 3, 3, 3, 3, 3, 3, 3, 3, 3, 3, 3, 3, 3, 3, 3, 3, 3, 3, 3, 3, 3, 3, 3, 3, 3, 3, 3, 3, 3, 3, 3, 3, 3, 3, 3, 3, 3, 3, 3, 3, 3, 3, 3, 3, 3, 3, 3, 3, 3, 3, 3, 3, 3, 3, 3, 3, 3, 3, 3, 3, 3, 3, 3, 3, 3, 3, 3, 3, 3, 3, 3, 3, 3, 3, 3, 3, 3, 3, 3, 3, 3, 3, 3, 3, 3, 3, 3, 3, 3, 3, 3, 3, 3, 3, 3, 3, 3, 3, 3, 3, 3, 3, 3, 3, 3, 3, 3, 3, 3, 3, 3, 3, 3, 3, 3, 3, 3, 3, 3, 3, 3, 3, 3, 3, 3, 3, 3, 3, 3, 3, 3, 3, 3, 3, 3, 3, 3, 3, 3, 3, 3, 3, 3, 3, 3, 3, 3, 3, 3, 3, 3, 3, 3, 3, 3, 3, 3, 3, 3, 3, 3, 3, 3, 3, 3, 3, 3, 3, 3, 3, 3, 3, 3, 3, 3, 3, 3, 3, 3, 3, 3, 3, 3, 3, 3, 3, 3, 3, 3, 3, 3, 3, 3, 3, 3, 3, 3, 3, 3, 3, 3, 3, 3, 3, 3, 3, 3, 3, 3, 3, 3, 3, 3, 3, 3, 3, 3, 3, 3, 3, 3, 3, 3, 3, 3, 3, 3, 3, 3, 3, 3, 3, 3, 3, 3, 3, 3, 3, 3, 3, 3, 3, 3, 3, 3, 3, 3, 3, 3, 3, 3, 3, 3, 3, 3, 3, 3, 3, 3, 3, 3, 3, 3, 3, 3, 3, 3, 3, 3, 3, 3, 3, 3, 3, 3, 3, 3, 3, 3, 3, 3, 3, 3, 3, 3, 3, 3, 3, 3, 3, 3, 3, 3, 3, 3, 3, 3, 3, 3, 3, 3, 3, 3, 3, 3, 3, 3, 3, 3, 3, 3, 3, 3, 3, 3, 3, 3, 3, 3, 3, 3, 3, 3, 3, 3, 3, 3, 3, 3, 3, 3, 3, 3, 3, 3, 3, 3, 3, 3, 3, 3, 3, 3, 3, 3, 3, 3, 3, 3, 3, 3, 3, 3, 3, 3, 3, 3, 3, 3, 3, 3, 3, 3, 3, 3, 3, 3, 3, 3, 3, 3, 3, 3, 3, 3, 3, 3, 3, 3, 3, 3, 3, 3, 3, 3, 3, 3, 3, 3, 3, 3, 3, 3, 3, 3, 3, 3, 3, 3, 3, 3, 3, 3, 3, 3, 3, 3, 3, 3, 3, 3, 3, 3, 3, 3, 3, 3, 3, 3, 3, 3, 3, 3, 3, 3, 3, 3, 3, 3, 3, 3, 3, 3, 3, 3, 3, 3, 3, 3, 3, 3, 3, 3, 3, 3, 3, 3, 3, 3, 3, 3, 3, 3, 3, 3, 3, 3, 3, 3, 3, 3, 3, 3, 3, 3, 3, 3, 3, 3, 3, 3, 3, 3, 3, 3, 3, 3, 3, 3, 3, 3, 3, 3, 3, 3, 3, 3, 3, 3, 3, 3, 3, 3, 3, 3, 3, 3, 3, 3, 3, 3, 3, 3, 3, 3, 3, 3, 3, 3, 3, 3, 3, 3, 3, 3, 3, 3, 3, 3, 3, 3, 3, 3, 3, 3, 3, 3, 3, 3, 3, 3, 3, 3, 3, 3, 3, 3, 3, 3, 3, 3, 3, 3, 3, 3, 3, 3, 3, 3, 3, 3, 3, 3, 3, 3, 3, 3, 3, 3, 3, 3, 3, 3, 3, 3, 3, 3, 3, 3, 3, 3, 3, 3, 3, 3, 3, 3, 3, 3, 3, 3, 3, 3, 3, 3, 3, 3, 3, 3, 3, 3, 3, 3, 3, 3, 3, 3, 3, 3, 3, 3, 3, 3, 3, 3, 3, 3, 3, 3, 3, 3, 3, 3, 3, 3, 3, 3, 3, 3, 3, 3, 3, 3, 3, 3, 3, 3, 3, 3, 3, 3, 3, 3, 3, 3, 3, 3, 3, 3, 3, 3, 3, 3, 3, 3, 3, 3, 3, 3, 3, 3, 3, 3, 3, 3, 3, 3, 3, 3, 3, 3, 3, 3, 3, 3, 3, 3, 3, 3, 3, 3, 3, 3, 3, 3, 3, 3, 3, 3, 3, 3, 3, 3, 3, 3, 3, 3, 3, 3, 3, 3, 3, 3, 3, 3, 3, 3, 3, 3, 3, 3, 3, 3, 3, 3, 3, 3, 3, 3, 3, 3, 3, 3, 3, 3, 3, 3, 3, 3, 3, 3, 3, 3, 3, 3, 3, 3, 3, 3, 3, 3, 3, 3, 3, 3, 3, 3, 3, 3, 3, 3, 3, 3, 3, 3, 3, 3, 3, 3, 3, 3, 3, 3, 3, 3, 3, 3, 3, 3, 3, 3, 3, 3, 3, 3, 3, 3, 3, 3, 3, 3, 3, 3, 3, 3, 3, 3, 3, 3, 3, 3, 3, 3, 3, 3, 3, 3, 3, 3, 3, 3, 3, 3, 3, 3, 3, 3, 3, 3, 3, 3, 3, 3, 3, 3, 3, 3, 3, 3, 3, 3, 3, 3, 3, 3, 3, 3, 3, 3, 3, 3, 3, 3, 3, 3, 3, 3, 3, 3, 3, 3, 3, 3, 3, 3, 3, 3, 3, 3, 3, 3, 3, 3, 3, 3, 3, 3, 3, 3, 3, 3, 3, 3, 3, 3, 3, 3, 3, 3, 3, 3, 3, 3, 3, 3, 3, 3, 3, 3, 3, 3, 3, 3, 3, 3, 3, 3, 3, 3, 3, 3, 3, 3, 3, 3, 3, 3, 3, 3, 3, 3, 3, 3, 3, 3, 3, 3, 3, 3, 3, 3, 3, 3, 3, 3, 3, 3, 3, 3, 3, 3, 3, 3, 3, 3, 3, 3, 3, 3, 3, 3, 3, 3, 3, 3, 3, 3, 3, 3, 3, 3, 3, 3, 3, 3, 3, 3, 3, 3, 3, 3, 3, 3, 3, 3, 3, 3, 3, 3, 3, 3, 3, 3, 3, 3, 3, 3, 3, 3, 3, 3, 3, 3, 3, 3, 3, 3, 3, 3, 3, 3, 3, 3, 3, 3, 3, 3, 3, 3, 3, 3, 3, 3, 3, 3, 3, 3, 3, 3, 3, 3, 3, 3, 3, 3, 3, 3, 3, 3, 3, 3, 3, 3, 3, 3, 3, 3, 3, 3, 3, 3, 3, 3, 3, 3, 3, 3, 3, 3, 3, 3, 3, 3, 3, 3, 3, 3, 3, 3, 3, 3, 3, 3, 3, 3, 3, 3, 3, 3, 3, 3, 3, 3, 3, 3, 3, 3, 3, 3, 3, 3, 3, 3, 3, 3, 3, 3, 3, 3, 3, 3, 3, 3, 3, 3, 3, 3, 3, 3, 3, 3, 3, 3, 3, 3, 3, 3, 3, 3, 3, 3, 3, 3, 3, 3, 3, 3, 3, 3, 3, 3, 3, 3, 3, 3, 3, 3, 3, 3, 3, 3, 3, 3, 3, 3, 3, 3, 3, 3, 3, 3, 3, 3, 3, 3, 3, 3, 3, 3, 3, 3, 3, 3, 3, 3, 3, 3, 3, 3, 3, 3, 3, 3, 3, 3, 3, 3, 3, 3, 3, 3, 3, 3, 3, 3, 3, 3, 3, 3, 3, 3, 3, 3, 3, 3, 3, 3, 3, 3, 3, 3, 3, 3, 3, 3, 3, 3, 3, 3, 3, 3, 3, 3, 3, 3, 3, 3, 3, 3, 3, 3, 3, 3, 3, 3, 3, 3, 3, 3, 3, 3, 3, 3, 3, 3, 3, 3, 3, 3, 3, 3, 3, 3, 3, 3, 3, 3, 3, 3, 3, 3, 3, 3, 3, 3, 3, 3, 3, 3, 3, 3, 3, 3, 3, 3, 3, 3, 3, 3, 3, 3, 3, 3, 3, 3, 3, 3, 3, 3, 3, 3, 3, 3, 3, 3, 3, 3, 3, 3, 3, 3, 3, 3, 3, 3, 3, 3, 3, 3, 3, 3, 3, 3, 3, 3, 3, 3, 3, 3, 3, 3, 3, 3, 3, 3, 3, 3, 3, 3, 3, 3, 3, 3, 3, 3, 3, 3, 3, 3, 3, 3, 3, 3, 3, 3, 3, 3, 3, 3, 3, 3, 3, 3, 3, 3, 3, 3, 3, 3, 3, 3, 3, 3, 3, 3, 3, 3, 3, 3, 3, 3, 3, 3, 3, 3, 3, 3, 3, 3, 3, 3, 3, 3, 3, 3, 3, 3, 3, 3, 3, 3, 3, 3, 3, 3, 3, 3, 3, 3, 3, 3, 3, 3, 3, 3, 3, 3, 3, 3, 3, 3, 3, 3, 3, 3, 3, 3, 3, 3, 3, 3, 3, 3, 3, 3, 3, 3, 3, 3, 3, 3, 3, 3, 3, 3, 3, 3, 3, 3, 3, 3, 3, 3, 3, 3, 3, 3, 3, 3, 3, 3, 3, 3, 3, 3, 3, 3, 3, 3, 3, 3, 3, 3, 3, 3, 3, 3, 3, 3, 3, 3, 3, 3, 3, 3, 3, 3, 3, 3, 3, 3, 3, 3, 3, 3, 3, 3, 3, 3, 3, 3, 3, 3, 3, 3, 3, 3, 3, 3, 3, 3, 3, 3, 3, 3, 3, 3, 3, 3, 3, 3, 3, 3, 3, 3, 3, 3, 3, 3, 3, 3, 3, 3, 3, 3, 3, 3, 3, 3, 3, 3, 3, 3, 3, 3, 3, 3, 3, 3, 3, 3, 3, 3, 3, 3, 3, 3, 3, 3, 3, 3, 3, 3, 3, 3, 3, 3, 3, 3, 3, 3, 3, 3, 3, 3, 3, 3, 3, 3, 3, 3, 3, 3, 3, 3, 3, 3, 3, 3, 3, 3, 3, 3, 3, 3, 3, 3, 3, 3, 3, 3, 3, 3, 3, 3, 3, 3, 3, 3, 3, 3, 3, 3, 3, 3, 3, 3, 3, 3, 3, 3, 3, 3, 3, 3, 3, 3, 3, 3, 3, 3, 3, 3, 3, 3, 3, 3, 3, 3, 3, 3, 3, 3, 3, 3, 3, 3, 3, 3, 3, 3, 3, 3, 3, 3, 3, 3, 3, 3, 3, 3, 3, 3, 3, 3, 3, 3, 3, 3, 3, 3, 3, 3, 3, 3, 3, 3, 3, 3, 3, 3, 3, 3, 3, 3, 3, 3, 3, 3, 3, 3, 3, 3, 3, 3, 3, 3, 3, 3, 3, 3, 3, 3, 3, 3, 3, 3, 3, 3, 3, 3, 3, 3, 3, 3, 3, 3, 3, 3, 3, 3, 3, 3, 3, 3, 3, 3, 3, 3, 3, 3, 3, 3, 3, 3, 3, 3, 3, 3, 3, 3, 3, 3, 3, 3, 3, 3, 3, 3, 3, 3, 3, 3, 3, 3, 3, 3, 3, 3, 3, 3, 3, 3, 3, 3, 3, 3, 3, 3, 3, 3, 3, 3, 3, 3, 3, 3, 3, 3, 3, 3, 3, 3, 3, 3, 3, 3, 3, 3, 3, 3, 3, 3, 3, 3, 3, 3, 3, 3, 3, 3, 3, 3, 3, 3, 3, 3, 3, 3, 3, 3, 3, 3, 3, 3, 3, 3, 3, 3, 3, 3, 3, 3, 3, 3, 3, 3, 3, 3, 3, 3, 3, 3, 3, 3, 3, 3, 3, 3, 3, 3, 3, 3, 3, 3, 3, 3, 3, 3, 3, 3, 3, 3, 3, 3, 3, 3, 3, 3, 3, 3, 3, 3, 3, 3, 3, 3, 3, 3, 3, 3, 3, 3, 3, 3, 3, 3, 3, 3, 3, 3, 3, 3, 3, 3, 3, 3, 3, 3, 3, 3, 3, 3, 3, 3, 3, 3, 3, 3, 3, 3, 3, 3, 3, 3, 3, 3, 3, 3, 3, 3, 3, 3, 3, 3, 3, 3, 3, 3, 3, 3, 3, 3, 3, 3, 3, 3, 3, 3, 3, 3, 3, 3, 3, 3, 3, 3, 3, 3, 3, 3, 3, 3, 3, 3, 3, 3, 3, 3, 3, 3, 3, 3, 3, 3, 3, 3, 3, 3, 3, 3, 3, 3, 3, 3, 3, 3, 3, 3, 3, 3, 3, 3, 3, 3, 3, 3, 3, 3, 3, 3, 3, 3, 3, 3, 3, 3, 3, 3, 3, 3, 3, 3, 3, 3, 3, 3, 3, 3, 3, 3, 3, 3, 3, 3, 3, 3, 3, 3, 3, 3, 3, 3, 3, 3, 3, 3, 3, 3, 3, 3, 3, 3, 3, 3, 3, 3, 3, 3, 3, 3, 3, 3, 3, 3, 3, 3, 3, 3, 3, 3, 3, 3, 3, 3, 3, 3, 3, 3, 3, 3, 3, 3, 3, 3, 3, 3, 3, 3, 3, 3, 3, 3, 3, 3, 3, 3, 3, 3, 3, 3, 3, 3, 3, 3, 3, 3, 3, 3, 3, 3, 3, 3, 3, 3, 3, 3, 3, 3, 3, 3, 3, 3, 3, 3, 3, 3, 3, 3, 3, 3, 3, 3, 3, 3, 3, 3, 3, 3, 3, 3, 3, 3, 3, 3, 3, 3, 3, 3, 3, 3, 3, 3, 3, 3, 3, 3, 3, 3, 3, 3, 3, 3, 3, 3, 3, 3, 3, 3, 3, 3, 3, 3, 3, 3, 3, 3, 3, 3, 3, 3, 3, 3, 3, 3, 3, 3, 3, 3, 3, 3, 3, 3, 3, 3, 3, 3, 3, 3, 3, 3, 3, 3, 3, 3, 3, 3, 3, 3, 3, 3, 3, 3, 3, 3, 3, 3, 3, 3, 3, 3, 3, 3, 3, 3, 3, 3, 3, 3, 3, 3, 3, 3, 3, 3, 3, 3, 3, 3, 3, 3, 3, 3, 3, 3, 3, 3, 3, 3, 3, 3, 3, 3, 3, 3, 3, 3, 3, 3, 3, 3, 3, 3, 3, 3, 3, 3, 3, 3, 3, 3, 3, 3, 3, 3, 3, 3, 3, 3, 3, 3, 3, 3, 3, 3, 3, 3, 3, 3, 3, 3, 3, 3, 3, 3, 3, 3, 3, 3, 3, 3, 3, 3, 3, 3, 3, 3, 3, 3, 3, 3, 3, 3, 3, 3, 3, 3, 3, 3, 3, 3, 3, 3, 3, 3, 3, 3, 3, 3, 3, 3, 3, 3, 3, 3, 3, 3, 3, 3, 3, 3, 3, 3, 3, 3, 3, 3, 3, 3, 3, 3, 3, 3, 3, 3, 3, 3, 3, 3, 3, 3, 3, 3, 3, 3, 3, 3, 3, 3, 3, 3, 3, 3, 3, 3, 3, 3, 3, 3, 3, 3, 3, 3, 3, 3, 3, 3, 3, 3, 3, 3, 3, 3, 3, 3, 3, 3, 3, 3, 3, 3, 3, 3, 3, 3, 3, 3, 3, 3, 3, 3, 3, 3, 3, 3, 3, 3, 3, 3, 3, 3, 3, 3, 3, 3, 3, 3, 3, 3, 3, 3, 3, 3, 3, 3, 3, 3, 3, 3, 3, 3, 3, 3, 3, 3, 3, 3, 3, 3, 3, 3, 3, 3, 3, 3, 3, 3, 3, 3, 3, 3, 3, 3, 3, 3, 3, 3, 3, 3, 3, 3, 3, 3, 3, 3, 3, 3, 3, 3, 3, 3, 3, 3, 3, 3, 3, 3, 3, 3, 3, 3, 3, 3, 3, 3, 3, 3, 3, 3, 3, 3, 3, 3, 3, 3, 3, 3, 3, 3, 3, 3, 3, 3, 3, 3, 3, 3, 3, 3, 3, 3, 3, 3, 3, 3, 3, 3, 3, 3, 3, 3, 3, 3, 3, 3, 3, 3, 3, 3, 3, 3, 3, 3, 3, 3, 3, 3, 3, 3, 3, 3, 3, 3, 3, 3, 3, 3, 3, 3, 3, 3, 3, 3, 3, 3, 3, 3, 3, 3, 3, 3, 3, 3, 3, 3, 3, 3, 3, 3, 3, 3, 3, 3, 3, 3, 3, 3, 3, 3, 3, 3, 3, 3, 3, 3, 3, 3, 3, 3, 3, 3, 3, 3, 3, 3, 3, 3, 3, 3, 3, 3, 3, 3, 3, 3, 3, 3, 3, 3, 3, 3, 3, 3, 3, 3, 3, 3, 3, 3, 3, 3, 3, 3, 3, 3, 3, 3, 3, 3, 3, 3, 3, 3, 3, 3, 3, 3, 3, 3, 3, 3, 3, 3, 3, 3, 3, 3, 3, 3, 3, 3, 3, 3, 3, 3, 3, 3, 3, 3, 3, 3, 3, 3, 3, 3, 3, 3, 3, 3, 3, 3, 3, 3, 3, 3, 3, 3, 3, 3, 3, 3, 3, 3, 3, 3, 3, 3, 3, 3, 3, 3, 3, 3, 3, 3, 3, 3, 3, 3, 3, 3, 3, 3, 3, 3, 3, 3, 3, 3, 3, 3, 3, 3, 3, 3, 3, 3, 3, 3, 3, 3, 3, 3, 3, 3, 3, 3, 3, 3, 3, 3, 3, 3, 3, 3, 3, 3, 3, 3, 3, 3, 3, 3, 3, 3, 3, 3, 3, 3, 3, 3, 3, 3, 3, 3, 3, 3, 3, 3, 3, 3, 3, 3, 3, 3, 3, 3, 3, 3, 3, 3, 3, 3, 3, 3, 3, 3, 3, 3, 3, 3, 3, 3, 3, 3, 3, 3, 3, 3, 3, 3, 3, 3, 3, 3, 3, 3, 3, 3, 3, 3, 3, 3, 3, 3, 3, 3, 3, 3, 3, 3, 3, 3, 3, 3, 3, 3, 3, 3, 3, 3, 3, 3, 3, 3, 3, 3, 3, 3, 3, 3, 3, 3, 3, 3, 3, 3, 3, 3, 3, 3, 3, 3, 3, 3, 3, 3, 3, 3, 3, 3, 3, 3, 3, 3, 3, 3, 3, 3, 3, 3, 3, 3, 3, 3, 3, 3, 3, 3, 3, 3, 3, 3, 3, 3, 3, 3, 3, 3, 3, 3, 3, 3, 3, 3, 3, 3, 3, 3, 3, 3, 3, 3, 3, 3, 3, 3, 3, 3, 3, 3, 3, 3, 3, 3, 3, 3, 3, 3, 3, 3, 3, 3, 3, 3, 3, 3, 3, 3, 3, 3, 3, 3, 3, 3, 3, 3, 3, 3, 3, 3, 3, 3, 3, 3, 3, 3, 3, 3, 3, 3, 3, 3, 3, 3, 3, 3, 3, 3, 3, 3, 3, 3, 3, 3, 3, 3, 3, 3, 3, 3, 3, 3, 3, 3, 3, 3, 3, 3, 3, 3, 3, 3, 3, 3, 3, 3, 3, 3, 3, 3, 3, 3, 3, 3, 3, 3, 3, 3, 3, 3, 3, 3, 3, 3, 3, 3, 3, 3, 3, 3, 3, 3, 3, 3, 3, 3, 3, 3, 3, 3, 3, 3, 3, 3, 3, 3, 3, 3, 3, 3, 3, 3, 3, 3, 3, 3, 3, 3, 3, 3, 3, 3, 3, 3, 3, 3, 3, 3, 3, 3, 3, 3, 3, 3, 3, 3, 3, 3, 3, 3, 3, 3, 3, 3, 3, 3, 3, 3, 3, 3, 3, 3, 3, 3, 3, 3, 3, 3, 3, 3, 3, 3, 3, 3, 3, 3, 3, 3, 3, 3, 3, 3, 3, 3, 3, 3, 3, 3, 3, 3, 3, 3, 3, 3, 3, 3, 3, 3, 3, 3, 3, 3, 3, 3, 3, 3, 3, 3, 3, 3, 3, 3, 3, 3, 3, 3, 3, 3, 3, 3, 3, 3, 3, 3, 3, 3, 3, 3, 3, 3, 3, 3, 3, 3, 3, 3, 3, 3, 3, 3, 3, 3, 3, 3, 3, 3, 3, 3, 3, 3, 3, 3, 3, 3, 3, 3, 3, 3, 3, 3, 3, 3, 3, 3, 3, 3, 3, 3, 3, 3, 3, 3, 3, 3, 3, 3, 3, 3, 3, 3, 3, 3, 3, 3, 3, 3, 3, 3, 3, 3, 3, 3, 3, 3, 3, 3, 3, 3, 3, 3, 3, 3, 3, 3, 3, 3, 3, 3, 3, 3, 3, 3, 3, 3, 3, 3, 3, 3, 3, 3, 3, 3, 3, 3, 3, 3, 3, 3, 3, 3, 3, 3, 3, 3, 3, 3, 3, 3, 3, 3, 3, 3, 3, 3, 3, 3, 3, 3, 3, 3, 3, 3, 3, 3, 3, 3, 3, 3, 3, 3, 3, 3, 3, 3, 3, 3, 3, 3, 3, 3, 3, 3, 3, 3, 3, 3, 3, 3, 3, 3, 3, 3, 3, 3, 3, 3, 3, 3, 3, 3, 3, 3, 3, 3, 3, 3, 3, 3, 3, 3, 3, 3, 3, 3, 3, 3, 3, 3, 3, 3, 3, 3, 3, 3, 3, 3, 3, 3, 3, 3, 3, 3, 3, 3, 3, 3, 3, 3, 3, 3, 3, 3, 3, 3, 3, 3, 3, 3, 3, 3, 3, 3, 3, 3, 3, 3, 3, 3, 3, 3, 3, 3, 3, 3, 3, 3, 3, 3, 3, 3, 3, 3, 3, 3, 3, 3, 3, 3, 3, 3, 3, 3, 3, 3, 3, 3, 3]
            int[] faceVertexIndices = [0, 2, 1, 0, 3, 2, 0, 4, 3, 0, 5, 4, 0, 6, 5, 0, 7, 6, 0, 8, 7, 0, 9, 8, 0, 10, 9, 0, 11, 10, 0, 12, 11, 0, 13, 12, 0, 14, 13, 0, 15, 14, 0, 16, 15, 0, 17, 16, 0, 18, 17, 0, 19, 18, 0, 20, 19, 0, 21, 20, 0, 22, 21, 0, 23, 22, 0, 24, 23, 0, 25, 24, 0, 26, 25, 0, 27, 26, 0, 28, 27, 0, 29, 28, 0, 30, 29, 0, 31, 30, 0, 32, 31, 0, 33, 32, 0, 34, 33, 0, 35, 34, 0, 36, 35, 0, 37, 36, 0, 38, 37, 0, 39, 38, 0, 40, 39, 0, 41, 40, 0, 42, 41, 0, 43, 42, 0, 44, 43, 0, 45, 44, 0, 46, 45, 0, 47, 46, 0, 48, 47, 0, 49, 48, 0, 50, 49, 0, 51, 50, 0, 52, 51, 0, 53, 52, 0, 54, 53, 0, 55, 54, 0, 56, 55, 0, 57, 56, 0, 58, 57, 0, 59, 58, 0, 60, 59, 0, 61, 60, 0, 62, 61, 0, 63, 62, 0, 64, 63, 0, 1, 64, 1, 2, 66, 1, 66, 65, 2, 3, 67, 2, 67, 66, 3, 4, 68, 3, 68, 67, 4, 5, 69, 4, 69, 68, 5, 6, 70, 5, 70, 69, 6, 7, 71, 6, 71, 70, 7, 8, 72, 7, 72, 71, 8, 9, 73, 8, 73, 72, 9, 10, 74, 9, 74, 73, 10, 11, 75, 10, 75, 74, 11, 12, 76, 11, 76, 75, 12, 13, 77, 12, 77, 76, 13, 14, 78, 13, 78, 77, 14, 15, 79, 14, 79, 78, 15, 16, 80, 15, 80, 79, 16, 17, 81, 16, 81, 80, 17, 18, 82, 17, 82, 81, 18, 19, 83, 18, 83, 82, 19, 20, 84, 19, 84, 83, 20, 21, 85, 20, 85, 84, 21, 22, 86, 21, 86, 85, 22, 23, 87, 22, 87, 86, 23, 24, 88, 23, 88, 87, 24, 25, 89, 24, 89, 88, 25, 26, 90, 25, 90, 89, 26, 27, 91, 26, 91, 90, 27, 28, 92, 27, 92, 91, 28, 29, 93, 28, 93, 92, 29, 30, 94, 29, 94, 93, 30, 31, 95, 30, 95, 94, 31, 32, 96, 31, 96, 95, 32, 33, 97, 32, 97, 96, 33, 34, 98, 33, 98, 97, 34, 35, 99, 34, 99, 98, 35, 36, 100, 35, 100, 99, 36, 37, 101, 36, 101, 100, 37, 38, 102, 37, 102, 101, 38, 39, 103, 38, 103, 102, 39, 40, 104, 39, 104, 103, 40, 41, 105, 40, 105, 104, 41, 42, 106, 41, 106, 105, 42, 43, 107, 42, 107, 106, 43, 44, 108, 43, 108, 107, 44, 45, 109, 44, 109, 108, 45, 46, 110, 45, 110, 109, 46, 47, 111, 46, 111, 110, 47, 48, 112, 47, 112, 111, 48, 49, 113, 48, 113, 112, 49, 50, 114, 49, 114, 113, 50, 51, 115, 50, 115, 114, 51, 52, 116, 51, 116, 115, 52, 53, 117, 52, 117, 116, 53, 54, 118, 53, 118, 117, 54, 55, 119, 54, 119, 118, 55, 56, 120, 55, 120, 119, 56, 57, 121, 56, 121, 120, 57, 58, 122, 57, 122, 121, 58, 59, 123, 58, 123, 122, 59, 60, 124, 59, 124, 123, 60, 61, 125, 60, 125, 124, 61, 62, 126, 61, 126, 125, 62, 63, 127, 62, 127, 126, 63, 64, 128, 63, 128, 127, 64, 1, 65, 64, 65, 128, 65, 66, 130, 65, 130, 129, 66, 67, 131, 66, 131, 130, 67, 68, 132, 67, 132, 131, 68, 69, 133, 68, 133, 132, 69, 70, 134, 69, 134, 133, 70, 71, 135, 70, 135, 134, 71, 72, 136, 71, 136, 135, 72, 73, 137, 72, 137, 136, 73, 74, 138, 73, 138, 137, 74, 75, 139, 74, 139, 138, 75, 76, 140, 75, 140, 139, 76, 77, 141, 76, 141, 140, 77, 78, 142, 77, 142, 141, 78, 79, 143, 78, 143, 142, 79, 80, 144, 79, 144, 143, 80, 81, 145, 80, 145, 144, 81, 82, 146, 81, 146, 145, 82, 83, 147, 82, 147, 146, 83, 84, 148, 83, 148, 147, 84, 85, 149, 84, 149, 148, 85, 86, 150, 85, 150, 149, 86, 87, 151, 86, 151, 150, 87, 88, 152, 87, 152, 151, 88, 89, 153, 88, 153, 152, 89, 90, 154, 89, 154, 153, 90, 91, 155, 90, 155, 154, 91, 92, 156, 91, 156, 155, 92, 93, 157, 92, 157, 156, 93, 94, 158, 93, 158, 157, 94, 95, 159, 94, 159, 158, 95, 96, 160, 95, 160, 159, 96, 97, 161, 96, 161, 160, 97, 98, 162, 97, 162, 161, 98, 99, 163, 98, 163, 162, 99, 100, 164, 99, 164, 163, 100, 101, 165, 100, 165, 164, 101, 102, 166, 101, 166, 165, 102, 103, 167, 102, 167, 166, 103, 104, 168, 103, 168, 167, 104, 105, 169, 104, 169, 168, 105, 106, 170, 105, 170, 169, 106, 107, 171, 106, 171, 170, 107, 108, 172, 107, 172, 171, 108, 109, 173, 108, 173, 172, 109, 110, 174, 109, 174, 173, 110, 111, 175, 110, 175, 174, 111, 112, 176, 111, 176, 175, 112, 113, 177, 112, 177, 176, 113, 114, 178, 113, 178, 177, 114, 115, 179, 114, 179, 178, 115, 116, 180, 115, 180, 179, 116, 117, 181, 116, 181, 180, 117, 118, 182, 117, 182, 181, 118, 119, 183, 118, 183, 182, 119, 120, 184, 119, 184, 183, 120, 121, 185, 120, 185, 184, 121, 122, 186, 121, 186, 185, 122, 123, 187, 122, 187, 186, 123, 124, 188, 123, 188, 187, 124, 125, 189, 124, 189, 188, 125, 126, 190, 125, 190, 189, 126, 127, 191, 126, 191, 190, 127, 128, 192, 127, 192, 191, 128, 65, 129, 128, 129, 192, 129, 130, 194, 129, 194, 193, 130, 131, 195, 130, 195, 194, 131, 132, 196, 131, 196, 195, 132, 133, 197, 132, 197, 196, 133, 134, 198, 133, 198, 197, 134, 135, 199, 134, 199, 198, 135, 136, 200, 135, 200, 199, 136, 137, 201, 136, 201, 200, 137, 138, 202, 137, 202, 201, 138, 139, 203, 138, 203, 202, 139, 140, 204, 139, 204, 203, 140, 141, 205, 140, 205, 204, 141, 142, 206, 141, 206, 205, 142, 143, 207, 142, 207, 206, 143, 144, 208, 143, 208, 207, 144, 145, 209, 144, 209, 208, 145, 146, 210, 145, 210, 209, 146, 147, 211, 146, 211, 210, 147, 148, 212, 147, 212, 211, 148, 149, 213, 148, 213, 212, 149, 150, 214, 149, 214, 213, 150, 151, 215, 150, 215, 214, 151, 152, 216, 151, 216, 215, 152, 153, 217, 152, 217, 216, 153, 154, 218, 153, 218, 217, 154, 155, 219, 154, 219, 218, 155, 156, 220, 155, 220, 219, 156, 157, 221, 156, 221, 220, 157, 158, 222, 157, 222, 221, 158, 159, 223, 158, 223, 222, 159, 160, 224, 159, 224, 223, 160, 161, 225, 160, 225, 224, 161, 162, 226, 161, 226, 225, 162, 163, 227, 162, 227, 226, 163, 164, 228, 163, 228, 227, 164, 165, 229, 164, 229, 228, 165, 166, 230, 165, 230, 229, 166, 167, 231, 166, 231, 230, 167, 168, 232, 167, 232, 231, 168, 169, 233, 168, 233, 232, 169, 170, 234, 169, 234, 233, 170, 171, 235, 170, 235, 234, 171, 172, 236, 171, 236, 235, 172, 173, 237, 172, 237, 236, 173, 174, 238, 173, 238, 237, 174, 175, 239, 174, 239, 238, 175, 176, 240, 175, 240, 239, 176, 177, 241, 176, 241, 240, 177, 178, 242, 177, 242, 241, 178, 179, 243, 178, 243, 242, 179, 180, 244, 179, 244, 243, 180, 181, 245, 180, 245, 244, 181, 182, 246, 181, 246, 245, 182, 183, 247, 182, 247, 246, 183, 184, 248, 183, 248, 247, 184, 185, 249, 184, 249, 248, 185, 186, 250, 185, 250, 249, 186, 187, 251, 186, 251, 250, 187, 188, 252, 187, 252, 251, 188, 189, 253, 188, 253, 252, 189, 190, 254, 189, 254, 253, 190, 191, 255, 190, 255, 254, 191, 192, 256, 191, 256, 255, 192, 129, 193, 192, 193, 256, 193, 194, 258, 193, 258, 257, 194, 195, 259, 194, 259, 258, 195, 196, 260, 195, 260, 259, 196, 197, 261, 196, 261, 260, 197, 198, 262, 197, 262, 261, 198, 199, 263, 198, 263, 262, 199, 200, 264, 199, 264, 263, 200, 201, 265, 200, 265, 264, 201, 202, 266, 201, 266, 265, 202, 203, 267, 202, 267, 266, 203, 204, 268, 203, 268, 267, 204, 205, 269, 204, 269, 268, 205, 206, 270, 205, 270, 269, 206, 207, 271, 206, 271, 270, 207, 208, 272, 207, 272, 271, 208, 209, 273, 208, 273, 272, 209, 210, 274, 209, 274, 273, 210, 211, 275, 210, 275, 274, 211, 212, 276, 211, 276, 275, 212, 213, 277, 212, 277, 276, 213, 214, 278, 213, 278, 277, 214, 215, 279, 214, 279, 278, 215, 216, 280, 215, 280, 279, 216, 217, 281, 216, 281, 280, 217, 218, 282, 217, 282, 281, 218, 219, 283, 218, 283, 282, 219, 220, 284, 219, 284, 283, 220, 221, 285, 220, 285, 284, 221, 222, 286, 221, 286, 285, 222, 223, 287, 222, 287, 286, 223, 224, 288, 223, 288, 287, 224, 225, 289, 224, 289, 288, 225, 226, 290, 225, 290, 289, 226, 227, 291, 226, 291, 290, 227, 228, 292, 227, 292, 291, 228, 229, 293, 228, 293, 292, 229, 230, 294, 229, 294, 293, 230, 231, 295, 230, 295, 294, 231, 232, 296, 231, 296, 295, 232, 233, 297, 232, 297, 296, 233, 234, 298, 233, 298, 297, 234, 235, 299, 234, 299, 298, 235, 236, 300, 235, 300, 299, 236, 237, 301, 236, 301, 300, 237, 238, 302, 237, 302, 301, 238, 239, 303, 238, 303, 302, 239, 240, 304, 239, 304, 303, 240, 241, 305, 240, 305, 304, 241, 242, 306, 241, 306, 305, 242, 243, 307, 242, 307, 306, 243, 244, 308, 243, 308, 307, 244, 245, 309, 244, 309, 308, 245, 246, 310, 245, 310, 309, 246, 247, 311, 246, 311, 310, 247, 248, 312, 247, 312, 311, 248, 249, 313, 248, 313, 312, 249, 250, 314, 249, 314, 313, 250, 251, 315, 250, 315, 314, 251, 252, 316, 251, 316, 315, 252, 253, 317, 252, 317, 316, 253, 254, 318, 253, 318, 317, 254, 255, 319, 254, 319, 318, 255, 256, 320, 255, 320, 319, 256, 193, 257, 256, 257, 320, 257, 258, 322, 257, 322, 321, 258, 259, 323, 258, 323, 322, 259, 260, 324, 259, 324, 323, 260, 261, 325, 260, 325, 324, 261, 262, 326, 261, 326, 325, 262, 263, 327, 262, 327, 326, 263, 264, 328, 263, 328, 327, 264, 265, 329, 264, 329, 328, 265, 266, 330, 265, 330, 329, 266, 267, 331, 266, 331, 330, 267, 268, 332, 267, 332, 331, 268, 269, 333, 268, 333, 332, 269, 270, 334, 269, 334, 333, 270, 271, 335, 270, 335, 334, 271, 272, 336, 271, 336, 335, 272, 273, 337, 272, 337, 336, 273, 274, 338, 273, 338, 337, 274, 275, 339, 274, 339, 338, 275, 276, 340, 275, 340, 339, 276, 277, 341, 276, 341, 340, 277, 278, 342, 277, 342, 341, 278, 279, 343, 278, 343, 342, 279, 280, 344, 279, 344, 343, 280, 281, 345, 280, 345, 344, 281, 282, 346, 281, 346, 345, 282, 283, 347, 282, 347, 346, 283, 284, 348, 283, 348, 347, 284, 285, 349, 284, 349, 348, 285, 286, 350, 285, 350, 349, 286, 287, 351, 286, 351, 350, 287, 288, 352, 287, 352, 351, 288, 289, 353, 288, 353, 352, 289, 290, 354, 289, 354, 353, 290, 291, 355, 290, 355, 354, 291, 292, 356, 291, 356, 355, 292, 293, 357, 292, 357, 356, 293, 294, 358, 293, 358, 357, 294, 295, 359, 294, 359, 358, 295, 296, 360, 295, 360, 359, 296, 297, 361, 296, 361, 360, 297, 298, 362, 297, 362, 361, 298, 299, 363, 298, 363, 362, 299, 300, 364, 299, 364, 363, 300, 301, 365, 300, 365, 364, 301, 302, 366, 301, 366, 365, 302, 303, 367, 302, 367, 366, 303, 304, 368, 303, 368, 367, 304, 305, 369, 304, 369, 368, 305, 306, 370, 305, 370, 369, 306, 307, 371, 306, 371, 370, 307, 308, 372, 307, 372, 371, 308, 309, 373, 308, 373, 372, 309, 310, 374, 309, 374, 373, 310, 311, 375, 310, 375, 374, 311, 312, 376, 311, 376, 375, 312, 313, 377, 312, 377, 376, 313, 314, 378, 313, 378, 377, 314, 315, 379, 314, 379, 378, 315, 316, 380, 315, 380, 379, 316, 317, 381, 316, 381, 380, 317, 318, 382, 317, 382, 381, 318, 319, 383, 318, 383, 382, 319, 320, 384, 319, 384, 383, 320, 257, 321, 320, 321, 384, 321, 322, 386, 321, 386, 385, 322, 323, 387, 322, 387, 386, 323, 324, 388, 323, 388, 387, 324, 325, 389, 324, 389, 388, 325, 326, 390, 325, 390, 389, 326, 327, 391, 326, 391, 390, 327, 328, 392, 327, 392, 391, 328, 329, 393, 328, 393, 392, 329, 330, 394, 329, 394, 393, 330, 331, 395, 330, 395, 394, 331, 332, 396, 331, 396, 395, 332, 333, 397, 332, 397, 396, 333, 334, 398, 333, 398, 397, 334, 335, 399, 334, 399, 398, 335, 336, 400, 335, 400, 399, 336, 337, 401, 336, 401, 400, 337, 338, 402, 337, 402, 401, 338, 339, 403, 338, 403, 402, 339, 340, 404, 339, 404, 403, 340, 341, 405, 340, 405, 404, 341, 342, 406, 341, 406, 405, 342, 343, 407, 342, 407, 406, 343, 344, 408, 343, 408, 407, 344, 345, 409, 344, 409, 408, 345, 346, 410, 345, 410, 409, 346, 347, 411, 346, 411, 410, 347, 348, 412, 347, 412, 411, 348, 349, 413, 348, 413, 412, 349, 350, 414, 349, 414, 413, 350, 351, 415, 350, 415, 414, 351, 352, 416, 351, 416, 415, 352, 353, 417, 352, 417, 416, 353, 354, 418, 353, 418, 417, 354, 355, 419, 354, 419, 418, 355, 356, 420, 355, 420, 419, 356, 357, 421, 356, 421, 420, 357, 358, 422, 357, 422, 421, 358, 359, 423, 358, 423, 422, 359, 360, 424, 359, 424, 423, 360, 361, 425, 360, 425, 424, 361, 362, 426, 361, 426, 425, 362, 363, 427, 362, 427, 426, 363, 364, 428, 363, 428, 427, 364, 365, 429, 364, 429, 428, 365, 366, 430, 365, 430, 429, 366, 367, 431, 366, 431, 430, 367, 368, 432, 367, 432, 431, 368, 369, 433, 368, 433, 432, 369, 370, 434, 369, 434, 433, 370, 371, 435, 370, 435, 434, 371, 372, 436, 371, 436, 435, 372, 373, 437, 372, 437, 436, 373, 374, 438, 373, 438, 437, 374, 375, 439, 374, 439, 438, 375, 376, 440, 375, 440, 439, 376, 377, 441, 376, 441, 440, 377, 378, 442, 377, 442, 441, 378, 379, 443, 378, 443, 442, 379, 380, 444, 379, 444, 443, 380, 381, 445, 380, 445, 444, 381, 382, 446, 381, 446, 445, 382, 383, 447, 382, 447, 446, 383, 384, 448, 383, 448, 447, 384, 321, 385, 384, 385, 448, 385, 386, 450, 385, 450, 449, 386, 387, 451, 386, 451, 450, 387, 388, 452, 387, 452, 451, 388, 389, 453, 388, 453, 452, 389, 390, 454, 389, 454, 453, 390, 391, 455, 390, 455, 454, 391, 392, 456, 391, 456, 455, 392, 393, 457, 392, 457, 456, 393, 394, 458, 393, 458, 457, 394, 395, 459, 394, 459, 458, 395, 396, 460, 395, 460, 459, 396, 397, 461, 396, 461, 460, 397, 398, 462, 397, 462, 461, 398, 399, 463, 398, 463, 462, 399, 400, 464, 399, 464, 463, 400, 401, 465, 400, 465, 464, 401, 402, 466, 401, 466, 465, 402, 403, 467, 402, 467, 466, 403, 404, 468, 403, 468, 467, 404, 405, 469, 404, 469, 468, 405, 406, 470, 405, 470, 469, 406, 407, 471, 406, 471, 470, 407, 408, 472, 407, 472, 471, 408, 409, 473, 408, 473, 472, 409, 410, 474, 409, 474, 473, 410, 411, 475, 410, 475, 474, 411, 412, 476, 411, 476, 475, 412, 413, 477, 412, 477, 476, 413, 414, 478, 413, 478, 477, 414, 415, 479, 414, 479, 478, 415, 416, 480, 415, 480, 479, 416, 417, 481, 416, 481, 480, 417, 418, 482, 417, 482, 481, 418, 419, 483, 418, 483, 482, 419, 420, 484, 419, 484, 483, 420, 421, 485, 420, 485, 484, 421, 422, 486, 421, 486, 485, 422, 423, 487, 422, 487, 486, 423, 424, 488, 423, 488, 487, 424, 425, 489, 424, 489, 488, 425, 426, 490, 425, 490, 489, 426, 427, 491, 426, 491, 490, 427, 428, 492, 427, 492, 491, 428, 429, 493, 428, 493, 492, 429, 430, 494, 429, 494, 493, 430, 431, 495, 430, 495, 494, 431, 432, 496, 431, 496, 495, 432, 433, 497, 432, 497, 496, 433, 434, 498, 433, 498, 497, 434, 435, 499, 434, 499, 498, 435, 436, 500, 435, 500, 499, 436, 437, 501, 436, 501, 500, 437, 438, 502, 437, 502, 501, 438, 439, 503, 438, 503, 502, 439, 440, 504, 439, 504, 503, 440, 441, 505, 440, 505, 504, 441, 442, 506, 441, 506, 505, 442, 443, 507, 442, 507, 506, 443, 444, 508, 443, 508, 507, 444, 445, 509, 444, 509, 508, 445, 446, 510, 445, 510, 509, 446, 447, 511, 446, 511, 510, 447, 448, 512, 447, 512, 511, 448, 385, 449, 448, 449, 512, 449, 450, 514, 449, 514, 513, 450, 451, 515, 450, 515, 514, 451, 452, 516, 451, 516, 515, 452, 453, 517, 452, 517, 516, 453, 454, 518, 453, 518, 517, 454, 455, 519, 454, 519, 518, 455, 456, 520, 455, 520, 519, 456, 457, 521, 456, 521, 520, 457, 458, 522, 457, 522, 521, 458, 459, 523, 458, 523, 522, 459, 460, 524, 459, 524, 523, 460, 461, 525, 460, 525, 524, 461, 462, 526, 461, 526, 525, 462, 463, 527, 462, 527, 526, 463, 464, 528, 463, 528, 527, 464, 465, 529, 464, 529, 528, 465, 466, 530, 465, 530, 529, 466, 467, 531, 466, 531, 530, 467, 468, 532, 467, 532, 531, 468, 469, 533, 468, 533, 532, 469, 470, 534, 469, 534, 533, 470, 471, 535, 470, 535, 534, 471, 472, 536, 471, 536, 535, 472, 473, 537, 472, 537, 536, 473, 474, 538, 473, 538, 537, 474, 475, 539, 474, 539, 538, 475, 476, 540, 475, 540, 539, 476, 477, 541, 476, 541, 540, 477, 478, 542, 477, 542, 541, 478, 479, 543, 478, 543, 542, 479, 480, 544, 479, 544, 543, 480, 481, 545, 480, 545, 544, 481, 482, 546, 481, 546, 545, 482, 483, 547, 482, 547, 546, 483, 484, 548, 483, 548, 547, 484, 485, 549, 484, 549, 548, 485, 486, 550, 485, 550, 549, 486, 487, 551, 486, 551, 550, 487, 488, 552, 487, 552, 551, 488, 489, 553, 488, 553, 552, 489, 490, 554, 489, 554, 553, 490, 491, 555, 490, 555, 554, 491, 492, 556, 491, 556, 555, 492, 493, 557, 492, 557, 556, 493, 494, 558, 493, 558, 557, 494, 495, 559, 494, 559, 558, 495, 496, 560, 495, 560, 559, 496, 497, 561, 496, 561, 560, 497, 498, 562, 497, 562, 561, 498, 499, 563, 498, 563, 562, 499, 500, 564, 499, 564, 563, 500, 501, 565, 500, 565, 564, 501, 502, 566, 501, 566, 565, 502, 503, 567, 502, 567, 566, 503, 504, 568, 503, 568, 567, 504, 505, 569, 504, 569, 568, 505, 506, 570, 505, 570, 569, 506, 507, 571, 506, 571, 570, 507, 508, 572, 507, 572, 571, 508, 509, 573, 508, 573, 572, 509, 510, 574, 509, 574, 573, 510, 511, 575, 510, 575, 574, 511, 512, 576, 511, 576, 575, 512, 449, 513, 512, 513, 576, 513, 514, 578, 513, 578, 577, 514, 515, 579, 514, 579, 578, 515, 516, 580, 515, 580, 579, 516, 517, 581, 516, 581, 580, 517, 518, 582, 517, 582, 581, 518, 519, 583, 518, 583, 582, 519, 520, 584, 519, 584, 583, 520, 521, 585, 520, 585, 584, 521, 522, 586, 521, 586, 585, 522, 523, 587, 522, 587, 586, 523, 524, 588, 523, 588, 587, 524, 525, 589, 524, 589, 588, 525, 526, 590, 525, 590, 589, 526, 527, 591, 526, 591, 590, 527, 528, 592, 527, 592, 591, 528, 529, 593, 528, 593, 592, 529, 530, 594, 529, 594, 593, 530, 531, 595, 530, 595, 594, 531, 532, 596, 531, 596, 595, 532, 533, 597, 532, 597, 596, 533, 534, 598, 533, 598, 597, 534, 535, 599, 534, 599, 598, 535, 536, 600, 535, 600, 599, 536, 537, 601, 536, 601, 600, 537, 538, 602, 537, 602, 601, 538, 539, 603, 538, 603, 602, 539, 540, 604, 539, 604, 603, 540, 541, 605, 540, 605, 604, 541, 542, 606, 541, 606, 605, 542, 543, 607, 542, 607, 606, 543, 544, 608, 543, 608, 607, 544, 545, 609, 544, 609, 608, 545, 546, 610, 545, 610, 609, 546, 547, 611, 546, 611, 610, 547, 548, 612, 547, 612, 611, 548, 549, 613, 548, 613, 612, 549, 550, 614, 549, 614, 613, 550, 551, 615, 550, 615, 614, 551, 552, 616, 551, 616, 615, 552, 553, 617, 552, 617, 616, 553, 554, 618, 553, 618, 617, 554, 555, 619, 554, 619, 618, 555, 556, 620, 555, 620, 619, 556, 557, 621, 556, 621, 620, 557, 558, 622, 557, 622, 621, 558, 559, 623, 558, 623, 622, 559, 560, 624, 559, 624, 623, 560, 561, 625, 560, 625, 624, 561, 562, 626, 561, 626, 625, 562, 563, 627, 562, 627, 626, 563, 564, 628, 563, 628, 627, 564, 565, 629, 564, 629, 628, 565, 566, 630, 565, 630, 629, 566, 567, 631, 566, 631, 630, 567, 568, 632, 567, 632, 631, 568, 569, 633, 568, 633, 632, 569, 570, 634, 569, 634, 633, 570, 571, 635, 570, 635, 634, 571, 572, 636, 571, 636, 635, 572, 573, 637, 572, 637, 636, 573, 574, 638, 573, 638, 637, 574, 575, 639, 574, 639, 638, 575, 576, 640, 575, 640, 639, 576, 513, 577, 576, 577, 640, 577, 578, 642, 577, 642, 641, 578, 579, 643, 578, 643, 642, 579, 580, 644, 579, 644, 643, 580, 581, 645, 580, 645, 644, 581, 582, 646, 581, 646, 645, 582, 583, 647, 582, 647, 646, 583, 584, 648, 583, 648, 647, 584, 585, 649, 584, 649, 648, 585, 586, 650, 585, 650, 649, 586, 587, 651, 586, 651, 650, 587, 588, 652, 587, 652, 651, 588, 589, 653, 588, 653, 652, 589, 590, 654, 589, 654, 653, 590, 591, 655, 590, 655, 654, 591, 592, 656, 591, 656, 655, 592, 593, 657, 592, 657, 656, 593, 594, 658, 593, 658, 657, 594, 595, 659, 594, 659, 658, 595, 596, 660, 595, 660, 659, 596, 597, 661, 596, 661, 660, 597, 598, 662, 597, 662, 661, 598, 599, 663, 598, 663, 662, 599, 600, 664, 599, 664, 663, 600, 601, 665, 600, 665, 664, 601, 602, 666, 601, 666, 665, 602, 603, 667, 602, 667, 666, 603, 604, 668, 603, 668, 667, 604, 605, 669, 604, 669, 668, 605, 606, 670, 605, 670, 669, 606, 607, 671, 606, 671, 670, 607, 608, 672, 607, 672, 671, 608, 609, 673, 608, 673, 672, 609, 610, 674, 609, 674, 673, 610, 611, 675, 610, 675, 674, 611, 612, 676, 611, 676, 675, 612, 613, 677, 612, 677, 676, 613, 614, 678, 613, 678, 677, 614, 615, 679, 614, 679, 678, 615, 616, 680, 615, 680, 679, 616, 617, 681, 616, 681, 680, 617, 618, 682, 617, 682, 681, 618, 619, 683, 618, 683, 682, 619, 620, 684, 619, 684, 683, 620, 621, 685, 620, 685, 684, 621, 622, 686, 621, 686, 685, 622, 623, 687, 622, 687, 686, 623, 624, 688, 623, 688, 687, 624, 625, 689, 624, 689, 688, 625, 626, 690, 625, 690, 689, 626, 627, 691, 626, 691, 690, 627, 628, 692, 627, 692, 691, 628, 629, 693, 628, 693, 692, 629, 630, 694, 629, 694, 693, 630, 631, 695, 630, 695, 694, 631, 632, 696, 631, 696, 695, 632, 633, 697, 632, 697, 696, 633, 634, 698, 633, 698, 697, 634, 635, 699, 634, 699, 698, 635, 636, 700, 635, 700, 699, 636, 637, 701, 636, 701, 700, 637, 638, 702, 637, 702, 701, 638, 639, 703, 638, 703, 702, 639, 640, 704, 639, 704, 703, 640, 577, 641, 640, 641, 704, 641, 642, 706, 641, 706, 705, 642, 643, 707, 642, 707, 706, 643, 644, 708, 643, 708, 707, 644, 645, 709, 644, 709, 708, 645, 646, 710, 645, 710, 709, 646, 647, 711, 646, 711, 710, 647, 648, 712, 647, 712, 711, 648, 649, 713, 648, 713, 712, 649, 650, 714, 649, 714, 713, 650, 651, 715, 650, 715, 714, 651, 652, 716, 651, 716, 715, 652, 653, 717, 652, 717, 716, 653, 654, 718, 653, 718, 717, 654, 655, 719, 654, 719, 718, 655, 656, 720, 655, 720, 719, 656, 657, 721, 656, 721, 720, 657, 658, 722, 657, 722, 721, 658, 659, 723, 658, 723, 722, 659, 660, 724, 659, 724, 723, 660, 661, 725, 660, 725, 724, 661, 662, 726, 661, 726, 725, 662, 663, 727, 662, 727, 726, 663, 664, 728, 663, 728, 727, 664, 665, 729, 664, 729, 728, 665, 666, 730, 665, 730, 729, 666, 667, 731, 666, 731, 730, 667, 668, 732, 667, 732, 731, 668, 669, 733, 668, 733, 732, 669, 670, 734, 669, 734, 733, 670, 671, 735, 670, 735, 734, 671, 672, 736, 671, 736, 735, 672, 673, 737, 672, 737, 736, 673, 674, 738, 673, 738, 737, 674, 675, 739, 674, 739, 738, 675, 676, 740, 675, 740, 739, 676, 677, 741, 676, 741, 740, 677, 678, 742, 677, 742, 741, 678, 679, 743, 678, 743, 742, 679, 680, 744, 679, 744, 743, 680, 681, 745, 680, 745, 744, 681, 682, 746, 681, 746, 745, 682, 683, 747, 682, 747, 746, 683, 684, 748, 683, 748, 747, 684, 685, 749, 684, 749, 748, 685, 686, 750, 685, 750, 749, 686, 687, 751, 686, 751, 750, 687, 688, 752, 687, 752, 751, 688, 689, 753, 688, 753, 752, 689, 690, 754, 689, 754, 753, 690, 691, 755, 690, 755, 754, 691, 692, 756, 691, 756, 755, 692, 693, 757, 692, 757, 756, 693, 694, 758, 693, 758, 757, 694, 695, 759, 694, 759, 758, 695, 696, 760, 695, 760, 759, 696, 697, 761, 696, 761, 760, 697, 698, 762, 697, 762, 761, 698, 699, 763, 698, 763, 762, 699, 700, 764, 699, 764, 763, 700, 701, 765, 700, 765, 764, 701, 702, 766, 701, 766, 765, 702, 703, 767, 702, 767, 766, 703, 704, 768, 703, 768, 767, 704, 641, 705, 704, 705, 768, 705, 706, 770, 705, 770, 769, 706, 707, 771, 706, 771, 770, 707, 708, 772, 707, 772, 771, 708, 709, 773, 708, 773, 772, 709, 710, 774, 709, 774, 773, 710, 711, 775, 710, 775, 774, 711, 712, 776, 711, 776, 775, 712, 713, 777, 712, 777, 776, 713, 714, 778, 713, 778, 777, 714, 715, 779, 714, 779, 778, 715, 716, 780, 715, 780, 779, 716, 717, 781, 716, 781, 780, 717, 718, 782, 717, 782, 781, 718, 719, 783, 718, 783, 782, 719, 720, 784, 719, 784, 783, 720, 721, 785, 720, 785, 784, 721, 722, 786, 721, 786, 785, 722, 723, 787, 722, 787, 786, 723, 724, 788, 723, 788, 787, 724, 725, 789, 724, 789, 788, 725, 726, 790, 725, 790, 789, 726, 727, 791, 726, 791, 790, 727, 728, 792, 727, 792, 791, 728, 729, 793, 728, 793, 792, 729, 730, 794, 729, 794, 793, 730, 731, 795, 730, 795, 794, 731, 732, 796, 731, 796, 795, 732, 733, 797, 732, 797, 796, 733, 734, 798, 733, 798, 797, 734, 735, 799, 734, 799, 798, 735, 736, 800, 735, 800, 799, 736, 737, 801, 736, 801, 800, 737, 738, 802, 737, 802, 801, 738, 739, 803, 738, 803, 802, 739, 740, 804, 739, 804, 803, 740, 741, 805, 740, 805, 804, 741, 742, 806, 741, 806, 805, 742, 743, 807, 742, 807, 806, 743, 744, 808, 743, 808, 807, 744, 745, 809, 744, 809, 808, 745, 746, 810, 745, 810, 809, 746, 747, 811, 746, 811, 810, 747, 748, 812, 747, 812, 811, 748, 749, 813, 748, 813, 812, 749, 750, 814, 749, 814, 813, 750, 751, 815, 750, 815, 814, 751, 752, 816, 751, 816, 815, 752, 753, 817, 752, 817, 816, 753, 754, 818, 753, 818, 817, 754, 755, 819, 754, 819, 818, 755, 756, 820, 755, 820, 819, 756, 757, 821, 756, 821, 820, 757, 758, 822, 757, 822, 821, 758, 759, 823, 758, 823, 822, 759, 760, 824, 759, 824, 823, 760, 761, 825, 760, 825, 824, 761, 762, 826, 761, 826, 825, 762, 763, 827, 762, 827, 826, 763, 764, 828, 763, 828, 827, 764, 765, 829, 764, 829, 828, 765, 766, 830, 765, 830, 829, 766, 767, 831, 766, 831, 830, 767, 768, 832, 767, 832, 831, 768, 705, 769, 768, 769, 832, 769, 770, 834, 769, 834, 833, 770, 771, 835, 770, 835, 834, 771, 772, 836, 771, 836, 835, 772, 773, 837, 772, 837, 836, 773, 774, 838, 773, 838, 837, 774, 775, 839, 774, 839, 838, 775, 776, 840, 775, 840, 839, 776, 777, 841, 776, 841, 840, 777, 778, 842, 777, 842, 841, 778, 779, 843, 778, 843, 842, 779, 780, 844, 779, 844, 843, 780, 781, 845, 780, 845, 844, 781, 782, 846, 781, 846, 845, 782, 783, 847, 782, 847, 846, 783, 784, 848, 783, 848, 847, 784, 785, 849, 784, 849, 848, 785, 786, 850, 785, 850, 849, 786, 787, 851, 786, 851, 850, 787, 788, 852, 787, 852, 851, 788, 789, 853, 788, 853, 852, 789, 790, 854, 789, 854, 853, 790, 791, 855, 790, 855, 854, 791, 792, 856, 791, 856, 855, 792, 793, 857, 792, 857, 856, 793, 794, 858, 793, 858, 857, 794, 795, 859, 794, 859, 858, 795, 796, 860, 795, 860, 859, 796, 797, 861, 796, 861, 860, 797, 798, 862, 797, 862, 861, 798, 799, 863, 798, 863, 862, 799, 800, 864, 799, 864, 863, 800, 801, 865, 800, 865, 864, 801, 802, 866, 801, 866, 865, 802, 803, 867, 802, 867, 866, 803, 804, 868, 803, 868, 867, 804, 805, 869, 804, 869, 868, 805, 806, 870, 805, 870, 869, 806, 807, 871, 806, 871, 870, 807, 808, 872, 807, 872, 871, 808, 809, 873, 808, 873, 872, 809, 810, 874, 809, 874, 873, 810, 811, 875, 810, 875, 874, 811, 812, 876, 811, 876, 875, 812, 813, 877, 812, 877, 876, 813, 814, 878, 813, 878, 877, 814, 815, 879, 814, 879, 878, 815, 816, 880, 815, 880, 879, 816, 817, 881, 816, 881, 880, 817, 818, 882, 817, 882, 881, 818, 819, 883, 818, 883, 882, 819, 820, 884, 819, 884, 883, 820, 821, 885, 820, 885, 884, 821, 822, 886, 821, 886, 885, 822, 823, 887, 822, 887, 886, 823, 824, 888, 823, 888, 887, 824, 825, 889, 824, 889, 888, 825, 826, 890, 825, 890, 889, 826, 827, 891, 826, 891, 890, 827, 828, 892, 827, 892, 891, 828, 829, 893, 828, 893, 892, 829, 830, 894, 829, 894, 893, 830, 831, 895, 830, 895, 894, 831, 832, 896, 831, 896, 895, 832, 769, 833, 832, 833, 896, 833, 834, 898, 833, 898, 897, 834, 835, 899, 834, 899, 898, 835, 836, 900, 835, 900, 899, 836, 837, 901, 836, 901, 900, 837, 838, 902, 837, 902, 901, 838, 839, 903, 838, 903, 902, 839, 840, 904, 839, 904, 903, 840, 841, 905, 840, 905, 904, 841, 842, 906, 841, 906, 905, 842, 843, 907, 842, 907, 906, 843, 844, 908, 843, 908, 907, 844, 845, 909, 844, 909, 908, 845, 846, 910, 845, 910, 909, 846, 847, 911, 846, 911, 910, 847, 848, 912, 847, 912, 911, 848, 849, 913, 848, 913, 912, 849, 850, 914, 849, 914, 913, 850, 851, 915, 850, 915, 914, 851, 852, 916, 851, 916, 915, 852, 853, 917, 852, 917, 916, 853, 854, 918, 853, 918, 917, 854, 855, 919, 854, 919, 918, 855, 856, 920, 855, 920, 919, 856, 857, 921, 856, 921, 920, 857, 858, 922, 857, 922, 921, 858, 859, 923, 858, 923, 922, 859, 860, 924, 859, 924, 923, 860, 861, 925, 860, 925, 924, 861, 862, 926, 861, 926, 925, 862, 863, 927, 862, 927, 926, 863, 864, 928, 863, 928, 927, 864, 865, 929, 864, 929, 928, 865, 866, 930, 865, 930, 929, 866, 867, 931, 866, 931, 930, 867, 868, 932, 867, 932, 931, 868, 869, 933, 868, 933, 932, 869, 870, 934, 869, 934, 933, 870, 871, 935, 870, 935, 934, 871, 872, 936, 871, 936, 935, 872, 873, 937, 872, 937, 936, 873, 874, 938, 873, 938, 937, 874, 875, 939, 874, 939, 938, 875, 876, 940, 875, 940, 939, 876, 877, 941, 876, 941, 940, 877, 878, 942, 877, 942, 941, 878, 879, 943, 878, 943, 942, 879, 880, 944, 879, 944, 943, 880, 881, 945, 880, 945, 944, 881, 882, 946, 881, 946, 945, 882, 883, 947, 882, 947, 946, 883, 884, 948, 883, 948, 947, 884, 885, 949, 884, 949, 948, 885, 886, 950, 885, 950, 949, 886, 887, 951, 886, 951, 950, 887, 888, 952, 887, 952, 951, 888, 889, 953, 888, 953, 952, 889, 890, 954, 889, 954, 953, 890, 891, 955, 890, 955, 954, 891, 892, 956, 891, 956, 955, 892, 893, 957, 892, 957, 956, 893, 894, 958, 893, 958, 957, 894, 895, 959, 894, 959, 958, 895, 896, 960, 895, 960, 959, 896, 833, 897, 896, 897, 960, 897, 898, 962, 897, 962, 961, 898, 899, 963, 898, 963, 962, 899, 900, 964, 899, 964, 963, 900, 901, 965, 900, 965, 964, 901, 902, 966, 901, 966, 965, 902, 903, 967, 902, 967, 966, 903, 904, 968, 903, 968, 967, 904, 905, 969, 904, 969, 968, 905, 906, 970, 905, 970, 969, 906, 907, 971, 906, 971, 970, 907, 908, 972, 907, 972, 971, 908, 909, 973, 908, 973, 972, 909, 910, 974, 909, 974, 973, 910, 911, 975, 910, 975, 974, 911, 912, 976, 911, 976, 975, 912, 913, 977, 912, 977, 976, 913, 914, 978, 913, 978, 977, 914, 915, 979, 914, 979, 978, 915, 916, 980, 915, 980, 979, 916, 917, 981, 916, 981, 980, 917, 918, 982, 917, 982, 981, 918, 919, 983, 918, 983, 982, 919, 920, 984, 919, 984, 983, 920, 921, 985, 920, 985, 984, 921, 922, 986, 921, 986, 985, 922, 923, 987, 922, 987, 986, 923, 924, 988, 923, 988, 987, 924, 925, 989, 924, 989, 988, 925, 926, 990, 925, 990, 989, 926, 927, 991, 926, 991, 990, 927, 928, 992, 927, 992, 991, 928, 929, 993, 928, 993, 992, 929, 930, 994, 929, 994, 993, 930, 931, 995, 930, 995, 994, 931, 932, 996, 931, 996, 995, 932, 933, 997, 932, 997, 996, 933, 934, 998, 933, 998, 997, 934, 935, 999, 934, 999, 998, 935, 936, 1000, 935, 1000, 999, 936, 937, 1001, 936, 1001, 1000, 937, 938, 1002, 937, 1002, 1001, 938, 939, 1003, 938, 1003, 1002, 939, 940, 1004, 939, 1004, 1003, 940, 941, 1005, 940, 1005, 1004, 941, 942, 1006, 941, 1006, 1005, 942, 943, 1007, 942, 1007, 1006, 943, 944, 1008, 943, 1008, 1007, 944, 945, 1009, 944, 1009, 1008, 945, 946, 1010, 945, 1010, 1009, 946, 947, 1011, 946, 1011, 1010, 947, 948, 1012, 947, 1012, 1011, 948, 949, 1013, 948, 1013, 1012, 949, 950, 1014, 949, 1014, 1013, 950, 951, 1015, 950, 1015, 1014, 951, 952, 1016, 951, 1016, 1015, 952, 953, 1017, 952, 1017, 1016, 953, 954, 1018, 953, 1018, 1017, 954, 955, 1019, 954, 1019, 1018, 955, 956, 1020, 955, 1020, 1019, 956, 957, 1021, 956, 1021, 1020, 957, 958, 1022, 957, 1022, 1021, 958, 959, 1023, 958, 1023, 1022, 959, 960, 1024, 959, 1024, 1023, 960, 897, 961, 960, 961, 1024, 961, 962, 1026, 961, 1026, 1025, 962, 963, 1027, 962, 1027, 1026, 963, 964, 1028, 963, 1028, 1027, 964, 965, 1029, 964, 1029, 1028, 965, 966, 1030, 965, 1030, 1029, 966, 967, 1031, 966, 1031, 1030, 967, 968, 1032, 967, 1032, 1031, 968, 969, 1033, 968, 1033, 1032, 969, 970, 1034, 969, 1034, 1033, 970, 971, 1035, 970, 1035, 1034, 971, 972, 1036, 971, 1036, 1035, 972, 973, 1037, 972, 1037, 1036, 973, 974, 1038, 973, 1038, 1037, 974, 975, 1039, 974, 1039, 1038, 975, 976, 1040, 975, 1040, 1039, 976, 977, 1041, 976, 1041, 1040, 977, 978, 1042, 977, 1042, 1041, 978, 979, 1043, 978, 1043, 1042, 979, 980, 1044, 979, 1044, 1043, 980, 981, 1045, 980, 1045, 1044, 981, 982, 1046, 981, 1046, 1045, 982, 983, 1047, 982, 1047, 1046, 983, 984, 1048, 983, 1048, 1047, 984, 985, 1049, 984, 1049, 1048, 985, 986, 1050, 985, 1050, 1049, 986, 987, 1051, 986, 1051, 1050, 987, 988, 1052, 987, 1052, 1051, 988, 989, 1053, 988, 1053, 1052, 989, 990, 1054, 989, 1054, 1053, 990, 991, 1055, 990, 1055, 1054, 991, 992, 1056, 991, 1056, 1055, 992, 993, 1057, 992, 1057, 1056, 993, 994, 1058, 993, 1058, 1057, 994, 995, 1059, 994, 1059, 1058, 995, 996, 1060, 995, 1060, 1059, 996, 997, 1061, 996, 1061, 1060, 997, 998, 1062, 997, 1062, 1061, 998, 999, 1063, 998, 1063, 1062, 999, 1000, 1064, 999, 1064, 1063, 1000, 1001, 1065, 1000, 1065, 1064, 1001, 1002, 1066, 1001, 1066, 1065, 1002, 1003, 1067, 1002, 1067, 1066, 1003, 1004, 1068, 1003, 1068, 1067, 1004, 1005, 1069, 1004, 1069, 1068, 1005, 1006, 1070, 1005, 1070, 1069, 1006, 1007, 1071, 1006, 1071, 1070, 1007, 1008, 1072, 1007, 1072, 1071, 1008, 1009, 1073, 1008, 1073, 1072, 1009, 1010, 1074, 1009, 1074, 1073, 1010, 1011, 1075, 1010, 1075, 1074, 1011, 1012, 1076, 1011, 1076, 1075, 1012, 1013, 1077, 1012, 1077, 1076, 1013, 1014, 1078, 1013, 1078, 1077, 1014, 1015, 1079, 1014, 1079, 1078, 1015, 1016, 1080, 1015, 1080, 1079, 1016, 1017, 1081, 1016, 1081, 1080, 1017, 1018, 1082, 1017, 1082, 1081, 1018, 1019, 1083, 1018, 1083, 1082, 1019, 1020, 1084, 1019, 1084, 1083, 1020, 1021, 1085, 1020, 1085, 1084, 1021, 1022, 1086, 1021, 1086, 1085, 1022, 1023, 1087, 1022, 1087, 1086, 1023, 1024, 1088, 1023, 1088, 1087, 1024, 961, 1025, 1024, 1025, 1088, 1025, 1026, 1090, 1025, 1090, 1089, 1026, 1027, 1091, 1026, 1091, 1090, 1027, 1028, 1092, 1027, 1092, 1091, 1028, 1029, 1093, 1028, 1093, 1092, 1029, 1030, 1094, 1029, 1094, 1093, 1030, 1031, 1095, 1030, 1095, 1094, 1031, 1032, 1096, 1031, 1096, 1095, 1032, 1033, 1097, 1032, 1097, 1096, 1033, 1034, 1098, 1033, 1098, 1097, 1034, 1035, 1099, 1034, 1099, 1098, 1035, 1036, 1100, 1035, 1100, 1099, 1036, 1037, 1101, 1036, 1101, 1100, 1037, 1038, 1102, 1037, 1102, 1101, 1038, 1039, 1103, 1038, 1103, 1102, 1039, 1040, 1104, 1039, 1104, 1103, 1040, 1041, 1105, 1040, 1105, 1104, 1041, 1042, 1106, 1041, 1106, 1105, 1042, 1043, 1107, 1042, 1107, 1106, 1043, 1044, 1108, 1043, 1108, 1107, 1044, 1045, 1109, 1044, 1109, 1108, 1045, 1046, 1110, 1045, 1110, 1109, 1046, 1047, 1111, 1046, 1111, 1110, 1047, 1048, 1112, 1047, 1112, 1111, 1048, 1049, 1113, 1048, 1113, 1112, 1049, 1050, 1114, 1049, 1114, 1113, 1050, 1051, 1115, 1050, 1115, 1114, 1051, 1052, 1116, 1051, 1116, 1115, 1052, 1053, 1117, 1052, 1117, 1116, 1053, 1054, 1118, 1053, 1118, 1117, 1054, 1055, 1119, 1054, 1119, 1118, 1055, 1056, 1120, 1055, 1120, 1119, 1056, 1057, 1121, 1056, 1121, 1120, 1057, 1058, 1122, 1057, 1122, 1121, 1058, 1059, 1123, 1058, 1123, 1122, 1059, 1060, 1124, 1059, 1124, 1123, 1060, 1061, 1125, 1060, 1125, 1124, 1061, 1062, 1126, 1061, 1126, 1125, 1062, 1063, 1127, 1062, 1127, 1126, 1063, 1064, 1128, 1063, 1128, 1127, 1064, 1065, 1129, 1064, 1129, 1128, 1065, 1066, 1130, 1065, 1130, 1129, 1066, 1067, 1131, 1066, 1131, 1130, 1067, 1068, 1132, 1067, 1132, 1131, 1068, 1069, 1133, 1068, 1133, 1132, 1069, 1070, 1134, 1069, 1134, 1133, 1070, 1071, 1135, 1070, 1135, 1134, 1071, 1072, 1136, 1071, 1136, 1135, 1072, 1073, 1137, 1072, 1137, 1136, 1073, 1074, 1138, 1073, 1138, 1137, 1074, 1075, 1139, 1074, 1139, 1138, 1075, 1076, 1140, 1075, 1140, 1139, 1076, 1077, 1141, 1076, 1141, 1140, 1077, 1078, 1142, 1077, 1142, 1141, 1078, 1079, 1143, 1078, 1143, 1142, 1079, 1080, 1144, 1079, 1144, 1143, 1080, 1081, 1145, 1080, 1145, 1144, 1081, 1082, 1146, 1081, 1146, 1145, 1082, 1083, 1147, 1082, 1147, 1146, 1083, 1084, 1148, 1083, 1148, 1147, 1084, 1085, 1149, 1084, 1149, 1148, 1085, 1086, 1150, 1085, 1150, 1149, 1086, 1087, 1151, 1086, 1151, 1150, 1087, 1088, 1152, 1087, 1152, 1151, 1088, 1025, 1089, 1088, 1089, 1152, 1089, 1090, 1154, 1089, 1154, 1153, 1090, 1091, 1155, 1090, 1155, 1154, 1091, 1092, 1156, 1091, 1156, 1155, 1092, 1093, 1157, 1092, 1157, 1156, 1093, 1094, 1158, 1093, 1158, 1157, 1094, 1095, 1159, 1094, 1159, 1158, 1095, 1096, 1160, 1095, 1160, 1159, 1096, 1097, 1161, 1096, 1161, 1160, 1097, 1098, 1162, 1097, 1162, 1161, 1098, 1099, 1163, 1098, 1163, 1162, 1099, 1100, 1164, 1099, 1164, 1163, 1100, 1101, 1165, 1100, 1165, 1164, 1101, 1102, 1166, 1101, 1166, 1165, 1102, 1103, 1167, 1102, 1167, 1166, 1103, 1104, 1168, 1103, 1168, 1167, 1104, 1105, 1169, 1104, 1169, 1168, 1105, 1106, 1170, 1105, 1170, 1169, 1106, 1107, 1171, 1106, 1171, 1170, 1107, 1108, 1172, 1107, 1172, 1171, 1108, 1109, 1173, 1108, 1173, 1172, 1109, 1110, 1174, 1109, 1174, 1173, 1110, 1111, 1175, 1110, 1175, 1174, 1111, 1112, 1176, 1111, 1176, 1175, 1112, 1113, 1177, 1112, 1177, 1176, 1113, 1114, 1178, 1113, 1178, 1177, 1114, 1115, 1179, 1114, 1179, 1178, 1115, 1116, 1180, 1115, 1180, 1179, 1116, 1117, 1181, 1116, 1181, 1180, 1117, 1118, 1182, 1117, 1182, 1181, 1118, 1119, 1183, 1118, 1183, 1182, 1119, 1120, 1184, 1119, 1184, 1183, 1120, 1121, 1185, 1120, 1185, 1184, 1121, 1122, 1186, 1121, 1186, 1185, 1122, 1123, 1187, 1122, 1187, 1186, 1123, 1124, 1188, 1123, 1188, 1187, 1124, 1125, 1189, 1124, 1189, 1188, 1125, 1126, 1190, 1125, 1190, 1189, 1126, 1127, 1191, 1126, 1191, 1190, 1127, 1128, 1192, 1127, 1192, 1191, 1128, 1129, 1193, 1128, 1193, 1192, 1129, 1130, 1194, 1129, 1194, 1193, 1130, 1131, 1195, 1130, 1195, 1194, 1131, 1132, 1196, 1131, 1196, 1195, 1132, 1133, 1197, 1132, 1197, 1196, 1133, 1134, 1198, 1133, 1198, 1197, 1134, 1135, 1199, 1134, 1199, 1198, 1135, 1136, 1200, 1135, 1200, 1199, 1136, 1137, 1201, 1136, 1201, 1200, 1137, 1138, 1202, 1137, 1202, 1201, 1138, 1139, 1203, 1138, 1203, 1202, 1139, 1140, 1204, 1139, 1204, 1203, 1140, 1141, 1205, 1140, 1205, 1204, 1141, 1142, 1206, 1141, 1206, 1205, 1142, 1143, 1207, 1142, 1207, 1206, 1143, 1144, 1208, 1143, 1208, 1207, 1144, 1145, 1209, 1144, 1209, 1208, 1145, 1146, 1210, 1145, 1210, 1209, 1146, 1147, 1211, 1146, 1211, 1210, 1147, 1148, 1212, 1147, 1212, 1211, 1148, 1149, 1213, 1148, 1213, 1212, 1149, 1150, 1214, 1149, 1214, 1213, 1150, 1151, 1215, 1150, 1215, 1214, 1151, 1152, 1216, 1151, 1216, 1215, 1152, 1089, 1153, 1152, 1153, 1216, 1153, 1154, 1218, 1153, 1218, 1217, 1154, 1155, 1219, 1154, 1219, 1218, 1155, 1156, 1220, 1155, 1220, 1219, 1156, 1157, 1221, 1156, 1221, 1220, 1157, 1158, 1222, 1157, 1222, 1221, 1158, 1159, 1223, 1158, 1223, 1222, 1159, 1160, 1224, 1159, 1224, 1223, 1160, 1161, 1225, 1160, 1225, 1224, 1161, 1162, 1226, 1161, 1226, 1225, 1162, 1163, 1227, 1162, 1227, 1226, 1163, 1164, 1228, 1163, 1228, 1227, 1164, 1165, 1229, 1164, 1229, 1228, 1165, 1166, 1230, 1165, 1230, 1229, 1166, 1167, 1231, 1166, 1231, 1230, 1167, 1168, 1232, 1167, 1232, 1231, 1168, 1169, 1233, 1168, 1233, 1232, 1169, 1170, 1234, 1169, 1234, 1233, 1170, 1171, 1235, 1170, 1235, 1234, 1171, 1172, 1236, 1171, 1236, 1235, 1172, 1173, 1237, 1172, 1237, 1236, 1173, 1174, 1238, 1173, 1238, 1237, 1174, 1175, 1239, 1174, 1239, 1238, 1175, 1176, 1240, 1175, 1240, 1239, 1176, 1177, 1241, 1176, 1241, 1240, 1177, 1178, 1242, 1177, 1242, 1241, 1178, 1179, 1243, 1178, 1243, 1242, 1179, 1180, 1244, 1179, 1244, 1243, 1180, 1181, 1245, 1180, 1245, 1244, 1181, 1182, 1246, 1181, 1246, 1245, 1182, 1183, 1247, 1182, 1247, 1246, 1183, 1184, 1248, 1183, 1248, 1247, 1184, 1185, 1249, 1184, 1249, 1248, 1185, 1186, 1250, 1185, 1250, 1249, 1186, 1187, 1251, 1186, 1251, 1250, 1187, 1188, 1252, 1187, 1252, 1251, 1188, 1189, 1253, 1188, 1253, 1252, 1189, 1190, 1254, 1189, 1254, 1253, 1190, 1191, 1255, 1190, 1255, 1254, 1191, 1192, 1256, 1191, 1256, 1255, 1192, 1193, 1257, 1192, 1257, 1256, 1193, 1194, 1258, 1193, 1258, 1257, 1194, 1195, 1259, 1194, 1259, 1258, 1195, 1196, 1260, 1195, 1260, 1259, 1196, 1197, 1261, 1196, 1261, 1260, 1197, 1198, 1262, 1197, 1262, 1261, 1198, 1199, 1263, 1198, 1263, 1262, 1199, 1200, 1264, 1199, 1264, 1263, 1200, 1201, 1265, 1200, 1265, 1264, 1201, 1202, 1266, 1201, 1266, 1265, 1202, 1203, 1267, 1202, 1267, 1266, 1203, 1204, 1268, 1203, 1268, 1267, 1204, 1205, 1269, 1204, 1269, 1268, 1205, 1206, 1270, 1205, 1270, 1269, 1206, 1207, 1271, 1206, 1271, 1270, 1207, 1208, 1272, 1207, 1272, 1271, 1208, 1209, 1273, 1208, 1273, 1272, 1209, 1210, 1274, 1209, 1274, 1273, 1210, 1211, 1275, 1210, 1275, 1274, 1211, 1212, 1276, 1211, 1276, 1275, 1212, 1213, 1277, 1212, 1277, 1276, 1213, 1214, 1278, 1213, 1278, 1277, 1214, 1215, 1279, 1214, 1279, 1278, 1215, 1216, 1280, 1215, 1280, 1279, 1216, 1153, 1217, 1216, 1217, 1280, 1217, 1218, 1282, 1217, 1282, 1281, 1218, 1219, 1283, 1218, 1283, 1282, 1219, 1220, 1284, 1219, 1284, 1283, 1220, 1221, 1285, 1220, 1285, 1284, 1221, 1222, 1286, 1221, 1286, 1285, 1222, 1223, 1287, 1222, 1287, 1286, 1223, 1224, 1288, 1223, 1288, 1287, 1224, 1225, 1289, 1224, 1289, 1288, 1225, 1226, 1290, 1225, 1290, 1289, 1226, 1227, 1291, 1226, 1291, 1290, 1227, 1228, 1292, 1227, 1292, 1291, 1228, 1229, 1293, 1228, 1293, 1292, 1229, 1230, 1294, 1229, 1294, 1293, 1230, 1231, 1295, 1230, 1295, 1294, 1231, 1232, 1296, 1231, 1296, 1295, 1232, 1233, 1297, 1232, 1297, 1296, 1233, 1234, 1298, 1233, 1298, 1297, 1234, 1235, 1299, 1234, 1299, 1298, 1235, 1236, 1300, 1235, 1300, 1299, 1236, 1237, 1301, 1236, 1301, 1300, 1237, 1238, 1302, 1237, 1302, 1301, 1238, 1239, 1303, 1238, 1303, 1302, 1239, 1240, 1304, 1239, 1304, 1303, 1240, 1241, 1305, 1240, 1305, 1304, 1241, 1242, 1306, 1241, 1306, 1305, 1242, 1243, 1307, 1242, 1307, 1306, 1243, 1244, 1308, 1243, 1308, 1307, 1244, 1245, 1309, 1244, 1309, 1308, 1245, 1246, 1310, 1245, 1310, 1309, 1246, 1247, 1311, 1246, 1311, 1310, 1247, 1248, 1312, 1247, 1312, 1311, 1248, 1249, 1313, 1248, 1313, 1312, 1249, 1250, 1314, 1249, 1314, 1313, 1250, 1251, 1315, 1250, 1315, 1314, 1251, 1252, 1316, 1251, 1316, 1315, 1252, 1253, 1317, 1252, 1317, 1316, 1253, 1254, 1318, 1253, 1318, 1317, 1254, 1255, 1319, 1254, 1319, 1318, 1255, 1256, 1320, 1255, 1320, 1319, 1256, 1257, 1321, 1256, 1321, 1320, 1257, 1258, 1322, 1257, 1322, 1321, 1258, 1259, 1323, 1258, 1323, 1322, 1259, 1260, 1324, 1259, 1324, 1323, 1260, 1261, 1325, 1260, 1325, 1324, 1261, 1262, 1326, 1261, 1326, 1325, 1262, 1263, 1327, 1262, 1327, 1326, 1263, 1264, 1328, 1263, 1328, 1327, 1264, 1265, 1329, 1264, 1329, 1328, 1265, 1266, 1330, 1265, 1330, 1329, 1266, 1267, 1331, 1266, 1331, 1330, 1267, 1268, 1332, 1267, 1332, 1331, 1268, 1269, 1333, 1268, 1333, 1332, 1269, 1270, 1334, 1269, 1334, 1333, 1270, 1271, 1335, 1270, 1335, 1334, 1271, 1272, 1336, 1271, 1336, 1335, 1272, 1273, 1337, 1272, 1337, 1336, 1273, 1274, 1338, 1273, 1338, 1337, 1274, 1275, 1339, 1274, 1339, 1338, 1275, 1276, 1340, 1275, 1340, 1339, 1276, 1277, 1341, 1276, 1341, 1340, 1277, 1278, 1342, 1277, 1342, 1341, 1278, 1279, 1343, 1278, 1343, 1342, 1279, 1280, 1344, 1279, 1344, 1343, 1280, 1217, 1281, 1280, 1281, 1344, 1281, 1282, 1346, 1281, 1346, 1345, 1282, 1283, 1347, 1282, 1347, 1346, 1283, 1284, 1348, 1283, 1348, 1347, 1284, 1285, 1349, 1284, 1349, 1348, 1285, 1286, 1350, 1285, 1350, 1349, 1286, 1287, 1351, 1286, 1351, 1350, 1287, 1288, 1352, 1287, 1352, 1351, 1288, 1289, 1353, 1288, 1353, 1352, 1289, 1290, 1354, 1289, 1354, 1353, 1290, 1291, 1355, 1290, 1355, 1354, 1291, 1292, 1356, 1291, 1356, 1355, 1292, 1293, 1357, 1292, 1357, 1356, 1293, 1294, 1358, 1293, 1358, 1357, 1294, 1295, 1359, 1294, 1359, 1358, 1295, 1296, 1360, 1295, 1360, 1359, 1296, 1297, 1361, 1296, 1361, 1360, 1297, 1298, 1362, 1297, 1362, 1361, 1298, 1299, 1363, 1298, 1363, 1362, 1299, 1300, 1364, 1299, 1364, 1363, 1300, 1301, 1365, 1300, 1365, 1364, 1301, 1302, 1366, 1301, 1366, 1365, 1302, 1303, 1367, 1302, 1367, 1366, 1303, 1304, 1368, 1303, 1368, 1367, 1304, 1305, 1369, 1304, 1369, 1368, 1305, 1306, 1370, 1305, 1370, 1369, 1306, 1307, 1371, 1306, 1371, 1370, 1307, 1308, 1372, 1307, 1372, 1371, 1308, 1309, 1373, 1308, 1373, 1372, 1309, 1310, 1374, 1309, 1374, 1373, 1310, 1311, 1375, 1310, 1375, 1374, 1311, 1312, 1376, 1311, 1376, 1375, 1312, 1313, 1377, 1312, 1377, 1376, 1313, 1314, 1378, 1313, 1378, 1377, 1314, 1315, 1379, 1314, 1379, 1378, 1315, 1316, 1380, 1315, 1380, 1379, 1316, 1317, 1381, 1316, 1381, 1380, 1317, 1318, 1382, 1317, 1382, 1381, 1318, 1319, 1383, 1318, 1383, 1382, 1319, 1320, 1384, 1319, 1384, 1383, 1320, 1321, 1385, 1320, 1385, 1384, 1321, 1322, 1386, 1321, 1386, 1385, 1322, 1323, 1387, 1322, 1387, 1386, 1323, 1324, 1388, 1323, 1388, 1387, 1324, 1325, 1389, 1324, 1389, 1388, 1325, 1326, 1390, 1325, 1390, 1389, 1326, 1327, 1391, 1326, 1391, 1390, 1327, 1328, 1392, 1327, 1392, 1391, 1328, 1329, 1393, 1328, 1393, 1392, 1329, 1330, 1394, 1329, 1394, 1393, 1330, 1331, 1395, 1330, 1395, 1394, 1331, 1332, 1396, 1331, 1396, 1395, 1332, 1333, 1397, 1332, 1397, 1396, 1333, 1334, 1398, 1333, 1398, 1397, 1334, 1335, 1399, 1334, 1399, 1398, 1335, 1336, 1400, 1335, 1400, 1399, 1336, 1337, 1401, 1336, 1401, 1400, 1337, 1338, 1402, 1337, 1402, 1401, 1338, 1339, 1403, 1338, 1403, 1402, 1339, 1340, 1404, 1339, 1404, 1403, 1340, 1341, 1405, 1340, 1405, 1404, 1341, 1342, 1406, 1341, 1406, 1405, 1342, 1343, 1407, 1342, 1407, 1406, 1343, 1344, 1408, 1343, 1408, 1407, 1344, 1281, 1345, 1344, 1345, 1408, 1345, 1346, 1410, 1345, 1410, 1409, 1346, 1347, 1411, 1346, 1411, 1410, 1347, 1348, 1412, 1347, 1412, 1411, 1348, 1349, 1413, 1348, 1413, 1412, 1349, 1350, 1414, 1349, 1414, 1413, 1350, 1351, 1415, 1350, 1415, 1414, 1351, 1352, 1416, 1351, 1416, 1415, 1352, 1353, 1417, 1352, 1417, 1416, 1353, 1354, 1418, 1353, 1418, 1417, 1354, 1355, 1419, 1354, 1419, 1418, 1355, 1356, 1420, 1355, 1420, 1419, 1356, 1357, 1421, 1356, 1421, 1420, 1357, 1358, 1422, 1357, 1422, 1421, 1358, 1359, 1423, 1358, 1423, 1422, 1359, 1360, 1424, 1359, 1424, 1423, 1360, 1361, 1425, 1360, 1425, 1424, 1361, 1362, 1426, 1361, 1426, 1425, 1362, 1363, 1427, 1362, 1427, 1426, 1363, 1364, 1428, 1363, 1428, 1427, 1364, 1365, 1429, 1364, 1429, 1428, 1365, 1366, 1430, 1365, 1430, 1429, 1366, 1367, 1431, 1366, 1431, 1430, 1367, 1368, 1432, 1367, 1432, 1431, 1368, 1369, 1433, 1368, 1433, 1432, 1369, 1370, 1434, 1369, 1434, 1433, 1370, 1371, 1435, 1370, 1435, 1434, 1371, 1372, 1436, 1371, 1436, 1435, 1372, 1373, 1437, 1372, 1437, 1436, 1373, 1374, 1438, 1373, 1438, 1437, 1374, 1375, 1439, 1374, 1439, 1438, 1375, 1376, 1440, 1375, 1440, 1439, 1376, 1377, 1441, 1376, 1441, 1440, 1377, 1378, 1442, 1377, 1442, 1441, 1378, 1379, 1443, 1378, 1443, 1442, 1379, 1380, 1444, 1379, 1444, 1443, 1380, 1381, 1445, 1380, 1445, 1444, 1381, 1382, 1446, 1381, 1446, 1445, 1382, 1383, 1447, 1382, 1447, 1446, 1383, 1384, 1448, 1383, 1448, 1447, 1384, 1385, 1449, 1384, 1449, 1448, 1385, 1386, 1450, 1385, 1450, 1449, 1386, 1387, 1451, 1386, 1451, 1450, 1387, 1388, 1452, 1387, 1452, 1451, 1388, 1389, 1453, 1388, 1453, 1452, 1389, 1390, 1454, 1389, 1454, 1453, 1390, 1391, 1455, 1390, 1455, 1454, 1391, 1392, 1456, 1391, 1456, 1455, 1392, 1393, 1457, 1392, 1457, 1456, 1393, 1394, 1458, 1393, 1458, 1457, 1394, 1395, 1459, 1394, 1459, 1458, 1395, 1396, 1460, 1395, 1460, 1459, 1396, 1397, 1461, 1396, 1461, 1460, 1397, 1398, 1462, 1397, 1462, 1461, 1398, 1399, 1463, 1398, 1463, 1462, 1399, 1400, 1464, 1399, 1464, 1463, 1400, 1401, 1465, 1400, 1465, 1464, 1401, 1402, 1466, 1401, 1466, 1465, 1402, 1403, 1467, 1402, 1467, 1466, 1403, 1404, 1468, 1403, 1468, 1467, 1404, 1405, 1469, 1404, 1469, 1468, 1405, 1406, 1470, 1405, 1470, 1469, 1406, 1407, 1471, 1406, 1471, 1470, 1407, 1408, 1472, 1407, 1472, 1471, 1408, 1345, 1409, 1408, 1409, 1472, 1409, 1410, 1474, 1409, 1474, 1473, 1410, 1411, 1475, 1410, 1475, 1474, 1411, 1412, 1476, 1411, 1476, 1475, 1412, 1413, 1477, 1412, 1477, 1476, 1413, 1414, 1478, 1413, 1478, 1477, 1414, 1415, 1479, 1414, 1479, 1478, 1415, 1416, 1480, 1415, 1480, 1479, 1416, 1417, 1481, 1416, 1481, 1480, 1417, 1418, 1482, 1417, 1482, 1481, 1418, 1419, 1483, 1418, 1483, 1482, 1419, 1420, 1484, 1419, 1484, 1483, 1420, 1421, 1485, 1420, 1485, 1484, 1421, 1422, 1486, 1421, 1486, 1485, 1422, 1423, 1487, 1422, 1487, 1486, 1423, 1424, 1488, 1423, 1488, 1487, 1424, 1425, 1489, 1424, 1489, 1488, 1425, 1426, 1490, 1425, 1490, 1489, 1426, 1427, 1491, 1426, 1491, 1490, 1427, 1428, 1492, 1427, 1492, 1491, 1428, 1429, 1493, 1428, 1493, 1492, 1429, 1430, 1494, 1429, 1494, 1493, 1430, 1431, 1495, 1430, 1495, 1494, 1431, 1432, 1496, 1431, 1496, 1495, 1432, 1433, 1497, 1432, 1497, 1496, 1433, 1434, 1498, 1433, 1498, 1497, 1434, 1435, 1499, 1434, 1499, 1498, 1435, 1436, 1500, 1435, 1500, 1499, 1436, 1437, 1501, 1436, 1501, 1500, 1437, 1438, 1502, 1437, 1502, 1501, 1438, 1439, 1503, 1438, 1503, 1502, 1439, 1440, 1504, 1439, 1504, 1503, 1440, 1441, 1505, 1440, 1505, 1504, 1441, 1442, 1506, 1441, 1506, 1505, 1442, 1443, 1507, 1442, 1507, 1506, 1443, 1444, 1508, 1443, 1508, 1507, 1444, 1445, 1509, 1444, 1509, 1508, 1445, 1446, 1510, 1445, 1510, 1509, 1446, 1447, 1511, 1446, 1511, 1510, 1447, 1448, 1512, 1447, 1512, 1511, 1448, 1449, 1513, 1448, 1513, 1512, 1449, 1450, 1514, 1449, 1514, 1513, 1450, 1451, 1515, 1450, 1515, 1514, 1451, 1452, 1516, 1451, 1516, 1515, 1452, 1453, 1517, 1452, 1517, 1516, 1453, 1454, 1518, 1453, 1518, 1517, 1454, 1455, 1519, 1454, 1519, 1518, 1455, 1456, 1520, 1455, 1520, 1519, 1456, 1457, 1521, 1456, 1521, 1520, 1457, 1458, 1522, 1457, 1522, 1521, 1458, 1459, 1523, 1458, 1523, 1522, 1459, 1460, 1524, 1459, 1524, 1523, 1460, 1461, 1525, 1460, 1525, 1524, 1461, 1462, 1526, 1461, 1526, 1525, 1462, 1463, 1527, 1462, 1527, 1526, 1463, 1464, 1528, 1463, 1528, 1527, 1464, 1465, 1529, 1464, 1529, 1528, 1465, 1466, 1530, 1465, 1530, 1529, 1466, 1467, 1531, 1466, 1531, 1530, 1467, 1468, 1532, 1467, 1532, 1531, 1468, 1469, 1533, 1468, 1533, 1532, 1469, 1470, 1534, 1469, 1534, 1533, 1470, 1471, 1535, 1470, 1535, 1534, 1471, 1472, 1536, 1471, 1536, 1535, 1472, 1409, 1473, 1472, 1473, 1536, 1473, 1474, 1538, 1473, 1538, 1537, 1474, 1475, 1539, 1474, 1539, 1538, 1475, 1476, 1540, 1475, 1540, 1539, 1476, 1477, 1541, 1476, 1541, 1540, 1477, 1478, 1542, 1477, 1542, 1541, 1478, 1479, 1543, 1478, 1543, 1542, 1479, 1480, 1544, 1479, 1544, 1543, 1480, 1481, 1545, 1480, 1545, 1544, 1481, 1482, 1546, 1481, 1546, 1545, 1482, 1483, 1547, 1482, 1547, 1546, 1483, 1484, 1548, 1483, 1548, 1547, 1484, 1485, 1549, 1484, 1549, 1548, 1485, 1486, 1550, 1485, 1550, 1549, 1486, 1487, 1551, 1486, 1551, 1550, 1487, 1488, 1552, 1487, 1552, 1551, 1488, 1489, 1553, 1488, 1553, 1552, 1489, 1490, 1554, 1489, 1554, 1553, 1490, 1491, 1555, 1490, 1555, 1554, 1491, 1492, 1556, 1491, 1556, 1555, 1492, 1493, 1557, 1492, 1557, 1556, 1493, 1494, 1558, 1493, 1558, 1557, 1494, 1495, 1559, 1494, 1559, 1558, 1495, 1496, 1560, 1495, 1560, 1559, 1496, 1497, 1561, 1496, 1561, 1560, 1497, 1498, 1562, 1497, 1562, 1561, 1498, 1499, 1563, 1498, 1563, 1562, 1499, 1500, 1564, 1499, 1564, 1563, 1500, 1501, 1565, 1500, 1565, 1564, 1501, 1502, 1566, 1501, 1566, 1565, 1502, 1503, 1567, 1502, 1567, 1566, 1503, 1504, 1568, 1503, 1568, 1567, 1504, 1505, 1569, 1504, 1569, 1568, 1505, 1506, 1570, 1505, 1570, 1569, 1506, 1507, 1571, 1506, 1571, 1570, 1507, 1508, 1572, 1507, 1572, 1571, 1508, 1509, 1573, 1508, 1573, 1572, 1509, 1510, 1574, 1509, 1574, 1573, 1510, 1511, 1575, 1510, 1575, 1574, 1511, 1512, 1576, 1511, 1576, 1575, 1512, 1513, 1577, 1512, 1577, 1576, 1513, 1514, 1578, 1513, 1578, 1577, 1514, 1515, 1579, 1514, 1579, 1578, 1515, 1516, 1580, 1515, 1580, 1579, 1516, 1517, 1581, 1516, 1581, 1580, 1517, 1518, 1582, 1517, 1582, 1581, 1518, 1519, 1583, 1518, 1583, 1582, 1519, 1520, 1584, 1519, 1584, 1583, 1520, 1521, 1585, 1520, 1585, 1584, 1521, 1522, 1586, 1521, 1586, 1585, 1522, 1523, 1587, 1522, 1587, 1586, 1523, 1524, 1588, 1523, 1588, 1587, 1524, 1525, 1589, 1524, 1589, 1588, 1525, 1526, 1590, 1525, 1590, 1589, 1526, 1527, 1591, 1526, 1591, 1590, 1527, 1528, 1592, 1527, 1592, 1591, 1528, 1529, 1593, 1528, 1593, 1592, 1529, 1530, 1594, 1529, 1594, 1593, 1530, 1531, 1595, 1530, 1595, 1594, 1531, 1532, 1596, 1531, 1596, 1595, 1532, 1533, 1597, 1532, 1597, 1596, 1533, 1534, 1598, 1533, 1598, 1597, 1534, 1535, 1599, 1534, 1599, 1598, 1535, 1536, 1600, 1535, 1600, 1599, 1536, 1473, 1537, 1536, 1537, 1600, 1537, 1538, 1602, 1537, 1602, 1601, 1538, 1539, 1603, 1538, 1603, 1602, 1539, 1540, 1604, 1539, 1604, 1603, 1540, 1541, 1605, 1540, 1605, 1604, 1541, 1542, 1606, 1541, 1606, 1605, 1542, 1543, 1607, 1542, 1607, 1606, 1543, 1544, 1608, 1543, 1608, 1607, 1544, 1545, 1609, 1544, 1609, 1608, 1545, 1546, 1610, 1545, 1610, 1609, 1546, 1547, 1611, 1546, 1611, 1610, 1547, 1548, 1612, 1547, 1612, 1611, 1548, 1549, 1613, 1548, 1613, 1612, 1549, 1550, 1614, 1549, 1614, 1613, 1550, 1551, 1615, 1550, 1615, 1614, 1551, 1552, 1616, 1551, 1616, 1615, 1552, 1553, 1617, 1552, 1617, 1616, 1553, 1554, 1618, 1553, 1618, 1617, 1554, 1555, 1619, 1554, 1619, 1618, 1555, 1556, 1620, 1555, 1620, 1619, 1556, 1557, 1621, 1556, 1621, 1620, 1557, 1558, 1622, 1557, 1622, 1621, 1558, 1559, 1623, 1558, 1623, 1622, 1559, 1560, 1624, 1559, 1624, 1623, 1560, 1561, 1625, 1560, 1625, 1624, 1561, 1562, 1626, 1561, 1626, 1625, 1562, 1563, 1627, 1562, 1627, 1626, 1563, 1564, 1628, 1563, 1628, 1627, 1564, 1565, 1629, 1564, 1629, 1628, 1565, 1566, 1630, 1565, 1630, 1629, 1566, 1567, 1631, 1566, 1631, 1630, 1567, 1568, 1632, 1567, 1632, 1631, 1568, 1569, 1633, 1568, 1633, 1632, 1569, 1570, 1634, 1569, 1634, 1633, 1570, 1571, 1635, 1570, 1635, 1634, 1571, 1572, 1636, 1571, 1636, 1635, 1572, 1573, 1637, 1572, 1637, 1636, 1573, 1574, 1638, 1573, 1638, 1637, 1574, 1575, 1639, 1574, 1639, 1638, 1575, 1576, 1640, 1575, 1640, 1639, 1576, 1577, 1641, 1576, 1641, 1640, 1577, 1578, 1642, 1577, 1642, 1641, 1578, 1579, 1643, 1578, 1643, 1642, 1579, 1580, 1644, 1579, 1644, 1643, 1580, 1581, 1645, 1580, 1645, 1644, 1581, 1582, 1646, 1581, 1646, 1645, 1582, 1583, 1647, 1582, 1647, 1646, 1583, 1584, 1648, 1583, 1648, 1647, 1584, 1585, 1649, 1584, 1649, 1648, 1585, 1586, 1650, 1585, 1650, 1649, 1586, 1587, 1651, 1586, 1651, 1650, 1587, 1588, 1652, 1587, 1652, 1651, 1588, 1589, 1653, 1588, 1653, 1652, 1589, 1590, 1654, 1589, 1654, 1653, 1590, 1591, 1655, 1590, 1655, 1654, 1591, 1592, 1656, 1591, 1656, 1655, 1592, 1593, 1657, 1592, 1657, 1656, 1593, 1594, 1658, 1593, 1658, 1657, 1594, 1595, 1659, 1594, 1659, 1658, 1595, 1596, 1660, 1595, 1660, 1659, 1596, 1597, 1661, 1596, 1661, 1660, 1597, 1598, 1662, 1597, 1662, 1661, 1598, 1599, 1663, 1598, 1663, 1662, 1599, 1600, 1664, 1599, 1664, 1663, 1600, 1537, 1601, 1600, 1601, 1664, 1601, 1602, 1666, 1601, 1666, 1665, 1602, 1603, 1667, 1602, 1667, 1666, 1603, 1604, 1668, 1603, 1668, 1667, 1604, 1605, 1669, 1604, 1669, 1668, 1605, 1606, 1670, 1605, 1670, 1669, 1606, 1607, 1671, 1606, 1671, 1670, 1607, 1608, 1672, 1607, 1672, 1671, 1608, 1609, 1673, 1608, 1673, 1672, 1609, 1610, 1674, 1609, 1674, 1673, 1610, 1611, 1675, 1610, 1675, 1674, 1611, 1612, 1676, 1611, 1676, 1675, 1612, 1613, 1677, 1612, 1677, 1676, 1613, 1614, 1678, 1613, 1678, 1677, 1614, 1615, 1679, 1614, 1679, 1678, 1615, 1616, 1680, 1615, 1680, 1679, 1616, 1617, 1681, 1616, 1681, 1680, 1617, 1618, 1682, 1617, 1682, 1681, 1618, 1619, 1683, 1618, 1683, 1682, 1619, 1620, 1684, 1619, 1684, 1683, 1620, 1621, 1685, 1620, 1685, 1684, 1621, 1622, 1686, 1621, 1686, 1685, 1622, 1623, 1687, 1622, 1687, 1686, 1623, 1624, 1688, 1623, 1688, 1687, 1624, 1625, 1689, 1624, 1689, 1688, 1625, 1626, 1690, 1625, 1690, 1689, 1626, 1627, 1691, 1626, 1691, 1690, 1627, 1628, 1692, 1627, 1692, 1691, 1628, 1629, 1693, 1628, 1693, 1692, 1629, 1630, 1694, 1629, 1694, 1693, 1630, 1631, 1695, 1630, 1695, 1694, 1631, 1632, 1696, 1631, 1696, 1695, 1632, 1633, 1697, 1632, 1697, 1696, 1633, 1634, 1698, 1633, 1698, 1697, 1634, 1635, 1699, 1634, 1699, 1698, 1635, 1636, 1700, 1635, 1700, 1699, 1636, 1637, 1701, 1636, 1701, 1700, 1637, 1638, 1702, 1637, 1702, 1701, 1638, 1639, 1703, 1638, 1703, 1702, 1639, 1640, 1704, 1639, 1704, 1703, 1640, 1641, 1705, 1640, 1705, 1704, 1641, 1642, 1706, 1641, 1706, 1705, 1642, 1643, 1707, 1642, 1707, 1706, 1643, 1644, 1708, 1643, 1708, 1707, 1644, 1645, 1709, 1644, 1709, 1708, 1645, 1646, 1710, 1645, 1710, 1709, 1646, 1647, 1711, 1646, 1711, 1710, 1647, 1648, 1712, 1647, 1712, 1711, 1648, 1649, 1713, 1648, 1713, 1712, 1649, 1650, 1714, 1649, 1714, 1713, 1650, 1651, 1715, 1650, 1715, 1714, 1651, 1652, 1716, 1651, 1716, 1715, 1652, 1653, 1717, 1652, 1717, 1716, 1653, 1654, 1718, 1653, 1718, 1717, 1654, 1655, 1719, 1654, 1719, 1718, 1655, 1656, 1720, 1655, 1720, 1719, 1656, 1657, 1721, 1656, 1721, 1720, 1657, 1658, 1722, 1657, 1722, 1721, 1658, 1659, 1723, 1658, 1723, 1722, 1659, 1660, 1724, 1659, 1724, 1723, 1660, 1661, 1725, 1660, 1725, 1724, 1661, 1662, 1726, 1661, 1726, 1725, 1662, 1663, 1727, 1662, 1727, 1726, 1663, 1664, 1728, 1663, 1728, 1727, 1664, 1601, 1665, 1664, 1665, 1728, 1665, 1666, 1730, 1665, 1730, 1729, 1666, 1667, 1731, 1666, 1731, 1730, 1667, 1668, 1732, 1667, 1732, 1731, 1668, 1669, 1733, 1668, 1733, 1732, 1669, 1670, 1734, 1669, 1734, 1733, 1670, 1671, 1735, 1670, 1735, 1734, 1671, 1672, 1736, 1671, 1736, 1735, 1672, 1673, 1737, 1672, 1737, 1736, 1673, 1674, 1738, 1673, 1738, 1737, 1674, 1675, 1739, 1674, 1739, 1738, 1675, 1676, 1740, 1675, 1740, 1739, 1676, 1677, 1741, 1676, 1741, 1740, 1677, 1678, 1742, 1677, 1742, 1741, 1678, 1679, 1743, 1678, 1743, 1742, 1679, 1680, 1744, 1679, 1744, 1743, 1680, 1681, 1745, 1680, 1745, 1744, 1681, 1682, 1746, 1681, 1746, 1745, 1682, 1683, 1747, 1682, 1747, 1746, 1683, 1684, 1748, 1683, 1748, 1747, 1684, 1685, 1749, 1684, 1749, 1748, 1685, 1686, 1750, 1685, 1750, 1749, 1686, 1687, 1751, 1686, 1751, 1750, 1687, 1688, 1752, 1687, 1752, 1751, 1688, 1689, 1753, 1688, 1753, 1752, 1689, 1690, 1754, 1689, 1754, 1753, 1690, 1691, 1755, 1690, 1755, 1754, 1691, 1692, 1756, 1691, 1756, 1755, 1692, 1693, 1757, 1692, 1757, 1756, 1693, 1694, 1758, 1693, 1758, 1757, 1694, 1695, 1759, 1694, 1759, 1758, 1695, 1696, 1760, 1695, 1760, 1759, 1696, 1697, 1761, 1696, 1761, 1760, 1697, 1698, 1762, 1697, 1762, 1761, 1698, 1699, 1763, 1698, 1763, 1762, 1699, 1700, 1764, 1699, 1764, 1763, 1700, 1701, 1765, 1700, 1765, 1764, 1701, 1702, 1766, 1701, 1766, 1765, 1702, 1703, 1767, 1702, 1767, 1766, 1703, 1704, 1768, 1703, 1768, 1767, 1704, 1705, 1769, 1704, 1769, 1768, 1705, 1706, 1770, 1705, 1770, 1769, 1706, 1707, 1771, 1706, 1771, 1770, 1707, 1708, 1772, 1707, 1772, 1771, 1708, 1709, 1773, 1708, 1773, 1772, 1709, 1710, 1774, 1709, 1774, 1773, 1710, 1711, 1775, 1710, 1775, 1774, 1711, 1712, 1776, 1711, 1776, 1775, 1712, 1713, 1777, 1712, 1777, 1776, 1713, 1714, 1778, 1713, 1778, 1777, 1714, 1715, 1779, 1714, 1779, 1778, 1715, 1716, 1780, 1715, 1780, 1779, 1716, 1717, 1781, 1716, 1781, 1780, 1717, 1718, 1782, 1717, 1782, 1781, 1718, 1719, 1783, 1718, 1783, 1782, 1719, 1720, 1784, 1719, 1784, 1783, 1720, 1721, 1785, 1720, 1785, 1784, 1721, 1722, 1786, 1721, 1786, 1785, 1722, 1723, 1787, 1722, 1787, 1786, 1723, 1724, 1788, 1723, 1788, 1787, 1724, 1725, 1789, 1724, 1789, 1788, 1725, 1726, 1790, 1725, 1790, 1789, 1726, 1727, 1791, 1726, 1791, 1790, 1727, 1728, 1792, 1727, 1792, 1791, 1728, 1665, 1729, 1728, 1729, 1792, 1729, 1730, 1794, 1729, 1794, 1793, 1730, 1731, 1795, 1730, 1795, 1794, 1731, 1732, 1796, 1731, 1796, 1795, 1732, 1733, 1797, 1732, 1797, 1796, 1733, 1734, 1798, 1733, 1798, 1797, 1734, 1735, 1799, 1734, 1799, 1798, 1735, 1736, 1800, 1735, 1800, 1799, 1736, 1737, 1801, 1736, 1801, 1800, 1737, 1738, 1802, 1737, 1802, 1801, 1738, 1739, 1803, 1738, 1803, 1802, 1739, 1740, 1804, 1739, 1804, 1803, 1740, 1741, 1805, 1740, 1805, 1804, 1741, 1742, 1806, 1741, 1806, 1805, 1742, 1743, 1807, 1742, 1807, 1806, 1743, 1744, 1808, 1743, 1808, 1807, 1744, 1745, 1809, 1744, 1809, 1808, 1745, 1746, 1810, 1745, 1810, 1809, 1746, 1747, 1811, 1746, 1811, 1810, 1747, 1748, 1812, 1747, 1812, 1811, 1748, 1749, 1813, 1748, 1813, 1812, 1749, 1750, 1814, 1749, 1814, 1813, 1750, 1751, 1815, 1750, 1815, 1814, 1751, 1752, 1816, 1751, 1816, 1815, 1752, 1753, 1817, 1752, 1817, 1816, 1753, 1754, 1818, 1753, 1818, 1817, 1754, 1755, 1819, 1754, 1819, 1818, 1755, 1756, 1820, 1755, 1820, 1819, 1756, 1757, 1821, 1756, 1821, 1820, 1757, 1758, 1822, 1757, 1822, 1821, 1758, 1759, 1823, 1758, 1823, 1822, 1759, 1760, 1824, 1759, 1824, 1823, 1760, 1761, 1825, 1760, 1825, 1824, 1761, 1762, 1826, 1761, 1826, 1825, 1762, 1763, 1827, 1762, 1827, 1826, 1763, 1764, 1828, 1763, 1828, 1827, 1764, 1765, 1829, 1764, 1829, 1828, 1765, 1766, 1830, 1765, 1830, 1829, 1766, 1767, 1831, 1766, 1831, 1830, 1767, 1768, 1832, 1767, 1832, 1831, 1768, 1769, 1833, 1768, 1833, 1832, 1769, 1770, 1834, 1769, 1834, 1833, 1770, 1771, 1835, 1770, 1835, 1834, 1771, 1772, 1836, 1771, 1836, 1835, 1772, 1773, 1837, 1772, 1837, 1836, 1773, 1774, 1838, 1773, 1838, 1837, 1774, 1775, 1839, 1774, 1839, 1838, 1775, 1776, 1840, 1775, 1840, 1839, 1776, 1777, 1841, 1776, 1841, 1840, 1777, 1778, 1842, 1777, 1842, 1841, 1778, 1779, 1843, 1778, 1843, 1842, 1779, 1780, 1844, 1779, 1844, 1843, 1780, 1781, 1845, 1780, 1845, 1844, 1781, 1782, 1846, 1781, 1846, 1845, 1782, 1783, 1847, 1782, 1847, 1846, 1783, 1784, 1848, 1783, 1848, 1847, 1784, 1785, 1849, 1784, 1849, 1848, 1785, 1786, 1850, 1785, 1850, 1849, 1786, 1787, 1851, 1786, 1851, 1850, 1787, 1788, 1852, 1787, 1852, 1851, 1788, 1789, 1853, 1788, 1853, 1852, 1789, 1790, 1854, 1789, 1854, 1853, 1790, 1791, 1855, 1790, 1855, 1854, 1791, 1792, 1856, 1791, 1856, 1855, 1792, 1729, 1793, 1792, 1793, 1856, 1793, 1794, 1858, 1793, 1858, 1857, 1794, 1795, 1859, 1794, 1859, 1858, 1795, 1796, 1860, 1795, 1860, 1859, 1796, 1797, 1861, 1796, 1861, 1860, 1797, 1798, 1862, 1797, 1862, 1861, 1798, 1799, 1863, 1798, 1863, 1862, 1799, 1800, 1864, 1799, 1864, 1863, 1800, 1801, 1865, 1800, 1865, 1864, 1801, 1802, 1866, 1801, 1866, 1865, 1802, 1803, 1867, 1802, 1867, 1866, 1803, 1804, 1868, 1803, 1868, 1867, 1804, 1805, 1869, 1804, 1869, 1868, 1805, 1806, 1870, 1805, 1870, 1869, 1806, 1807, 1871, 1806, 1871, 1870, 1807, 1808, 1872, 1807, 1872, 1871, 1808, 1809, 1873, 1808, 1873, 1872, 1809, 1810, 1874, 1809, 1874, 1873, 1810, 1811, 1875, 1810, 1875, 1874, 1811, 1812, 1876, 1811, 1876, 1875, 1812, 1813, 1877, 1812, 1877, 1876, 1813, 1814, 1878, 1813, 1878, 1877, 1814, 1815, 1879, 1814, 1879, 1878, 1815, 1816, 1880, 1815, 1880, 1879, 1816, 1817, 1881, 1816, 1881, 1880, 1817, 1818, 1882, 1817, 1882, 1881, 1818, 1819, 1883, 1818, 1883, 1882, 1819, 1820, 1884, 1819, 1884, 1883, 1820, 1821, 1885, 1820, 1885, 1884, 1821, 1822, 1886, 1821, 1886, 1885, 1822, 1823, 1887, 1822, 1887, 1886, 1823, 1824, 1888, 1823, 1888, 1887, 1824, 1825, 1889, 1824, 1889, 1888, 1825, 1826, 1890, 1825, 1890, 1889, 1826, 1827, 1891, 1826, 1891, 1890, 1827, 1828, 1892, 1827, 1892, 1891, 1828, 1829, 1893, 1828, 1893, 1892, 1829, 1830, 1894, 1829, 1894, 1893, 1830, 1831, 1895, 1830, 1895, 1894, 1831, 1832, 1896, 1831, 1896, 1895, 1832, 1833, 1897, 1832, 1897, 1896, 1833, 1834, 1898, 1833, 1898, 1897, 1834, 1835, 1899, 1834, 1899, 1898, 1835, 1836, 1900, 1835, 1900, 1899, 1836, 1837, 1901, 1836, 1901, 1900, 1837, 1838, 1902, 1837, 1902, 1901, 1838, 1839, 1903, 1838, 1903, 1902, 1839, 1840, 1904, 1839, 1904, 1903, 1840, 1841, 1905, 1840, 1905, 1904, 1841, 1842, 1906, 1841, 1906, 1905, 1842, 1843, 1907, 1842, 1907, 1906, 1843, 1844, 1908, 1843, 1908, 1907, 1844, 1845, 1909, 1844, 1909, 1908, 1845, 1846, 1910, 1845, 1910, 1909, 1846, 1847, 1911, 1846, 1911, 1910, 1847, 1848, 1912, 1847, 1912, 1911, 1848, 1849, 1913, 1848, 1913, 1912, 1849, 1850, 1914, 1849, 1914, 1913, 1850, 1851, 1915, 1850, 1915, 1914, 1851, 1852, 1916, 1851, 1916, 1915, 1852, 1853, 1917, 1852, 1917, 1916, 1853, 1854, 1918, 1853, 1918, 1917, 1854, 1855, 1919, 1854, 1919, 1918, 1855, 1856, 1920, 1855, 1920, 1919, 1856, 1793, 1857, 1856, 1857, 1920, 1857, 1858, 1922, 1857, 1922, 1921, 1858, 1859, 1923, 1858, 1923, 1922, 1859, 1860, 1924, 1859, 1924, 1923, 1860, 1861, 1925, 1860, 1925, 1924, 1861, 1862, 1926, 1861, 1926, 1925, 1862, 1863, 1927, 1862, 1927, 1926, 1863, 1864, 1928, 1863, 1928, 1927, 1864, 1865, 1929, 1864, 1929, 1928, 1865, 1866, 1930, 1865, 1930, 1929, 1866, 1867, 1931, 1866, 1931, 1930, 1867, 1868, 1932, 1867, 1932, 1931, 1868, 1869, 1933, 1868, 1933, 1932, 1869, 1870, 1934, 1869, 1934, 1933, 1870, 1871, 1935, 1870, 1935, 1934, 1871, 1872, 1936, 1871, 1936, 1935, 1872, 1873, 1937, 1872, 1937, 1936, 1873, 1874, 1938, 1873, 1938, 1937, 1874, 1875, 1939, 1874, 1939, 1938, 1875, 1876, 1940, 1875, 1940, 1939, 1876, 1877, 1941, 1876, 1941, 1940, 1877, 1878, 1942, 1877, 1942, 1941, 1878, 1879, 1943, 1878, 1943, 1942, 1879, 1880, 1944, 1879, 1944, 1943, 1880, 1881, 1945, 1880, 1945, 1944, 1881, 1882, 1946, 1881, 1946, 1945, 1882, 1883, 1947, 1882, 1947, 1946, 1883, 1884, 1948, 1883, 1948, 1947, 1884, 1885, 1949, 1884, 1949, 1948, 1885, 1886, 1950, 1885, 1950, 1949, 1886, 1887, 1951, 1886, 1951, 1950, 1887, 1888, 1952, 1887, 1952, 1951, 1888, 1889, 1953, 1888, 1953, 1952, 1889, 1890, 1954, 1889, 1954, 1953, 1890, 1891, 1955, 1890, 1955, 1954, 1891, 1892, 1956, 1891, 1956, 1955, 1892, 1893, 1957, 1892, 1957, 1956, 1893, 1894, 1958, 1893, 1958, 1957, 1894, 1895, 1959, 1894, 1959, 1958, 1895, 1896, 1960, 1895, 1960, 1959, 1896, 1897, 1961, 1896, 1961, 1960, 1897, 1898, 1962, 1897, 1962, 1961, 1898, 1899, 1963, 1898, 1963, 1962, 1899, 1900, 1964, 1899, 1964, 1963, 1900, 1901, 1965, 1900, 1965, 1964, 1901, 1902, 1966, 1901, 1966, 1965, 1902, 1903, 1967, 1902, 1967, 1966, 1903, 1904, 1968, 1903, 1968, 1967, 1904, 1905, 1969, 1904, 1969, 1968, 1905, 1906, 1970, 1905, 1970, 1969, 1906, 1907, 1971, 1906, 1971, 1970, 1907, 1908, 1972, 1907, 1972, 1971, 1908, 1909, 1973, 1908, 1973, 1972, 1909, 1910, 1974, 1909, 1974, 1973, 1910, 1911, 1975, 1910, 1975, 1974, 1911, 1912, 1976, 1911, 1976, 1975, 1912, 1913, 1977, 1912, 1977, 1976, 1913, 1914, 1978, 1913, 1978, 1977, 1914, 1915, 1979, 1914, 1979, 1978, 1915, 1916, 1980, 1915, 1980, 1979, 1916, 1917, 1981, 1916, 1981, 1980, 1917, 1918, 1982, 1917, 1982, 1981, 1918, 1919, 1983, 1918, 1983, 1982, 1919, 1920, 1984, 1919, 1984, 1983, 1920, 1857, 1921, 1920, 1921, 1984, 1921, 1922, 1986, 1921, 1986, 1985, 1922, 1923, 1987, 1922, 1987, 1986, 1923, 1924, 1988, 1923, 1988, 1987, 1924, 1925, 1989, 1924, 1989, 1988, 1925, 1926, 1990, 1925, 1990, 1989, 1926, 1927, 1991, 1926, 1991, 1990, 1927, 1928, 1992, 1927, 1992, 1991, 1928, 1929, 1993, 1928, 1993, 1992, 1929, 1930, 1994, 1929, 1994, 1993, 1930, 1931, 1995, 1930, 1995, 1994, 1931, 1932, 1996, 1931, 1996, 1995, 1932, 1933, 1997, 1932, 1997, 1996, 1933, 1934, 1998, 1933, 1998, 1997, 1934, 1935, 1999, 1934, 1999, 1998, 1935, 1936, 2000, 1935, 2000, 1999, 1936, 1937, 2001, 1936, 2001, 2000, 1937, 1938, 2002, 1937, 2002, 2001, 1938, 1939, 2003, 1938, 2003, 2002, 1939, 1940, 2004, 1939, 2004, 2003, 1940, 1941, 2005, 1940, 2005, 2004, 1941, 1942, 2006, 1941, 2006, 2005, 1942, 1943, 2007, 1942, 2007, 2006, 1943, 1944, 2008, 1943, 2008, 2007, 1944, 1945, 2009, 1944, 2009, 2008, 1945, 1946, 2010, 1945, 2010, 2009, 1946, 1947, 2011, 1946, 2011, 2010, 1947, 1948, 2012, 1947, 2012, 2011, 1948, 1949, 2013, 1948, 2013, 2012, 1949, 1950, 2014, 1949, 2014, 2013, 1950, 1951, 2015, 1950, 2015, 2014, 1951, 1952, 2016, 1951, 2016, 2015, 1952, 1953, 2017, 1952, 2017, 2016, 1953, 1954, 2018, 1953, 2018, 2017, 1954, 1955, 2019, 1954, 2019, 2018, 1955, 1956, 2020, 1955, 2020, 2019, 1956, 1957, 2021, 1956, 2021, 2020, 1957, 1958, 2022, 1957, 2022, 2021, 1958, 1959, 2023, 1958, 2023, 2022, 1959, 1960, 2024, 1959, 2024, 2023, 1960, 1961, 2025, 1960, 2025, 2024, 1961, 1962, 2026, 1961, 2026, 2025, 1962, 1963, 2027, 1962, 2027, 2026, 1963, 1964, 2028, 1963, 2028, 2027, 1964, 1965, 2029, 1964, 2029, 2028, 1965, 1966, 2030, 1965, 2030, 2029, 1966, 1967, 2031, 1966, 2031, 2030, 1967, 1968, 2032, 1967, 2032, 2031, 1968, 1969, 2033, 1968, 2033, 2032, 1969, 1970, 2034, 1969, 2034, 2033, 1970, 1971, 2035, 1970, 2035, 2034, 1971, 1972, 2036, 1971, 2036, 2035, 1972, 1973, 2037, 1972, 2037, 2036, 1973, 1974, 2038, 1973, 2038, 2037, 1974, 1975, 2039, 1974, 2039, 2038, 1975, 1976, 2040, 1975, 2040, 2039, 1976, 1977, 2041, 1976, 2041, 2040, 1977, 1978, 2042, 1977, 2042, 2041, 1978, 1979, 2043, 1978, 2043, 2042, 1979, 1980, 2044, 1979, 2044, 2043, 1980, 1981, 2045, 1980, 2045, 2044, 1981, 1982, 2046, 1981, 2046, 2045, 1982, 1983, 2047, 1982, 2047, 2046, 1983, 1984, 2048, 1983, 2048, 2047, 1984, 1921, 1985, 1984, 1985, 2048, 1985, 1986, 2050, 1985, 2050, 2049, 1986, 1987, 2051, 1986, 2051, 2050, 1987, 1988, 2052, 1987, 2052, 2051, 1988, 1989, 2053, 1988, 2053, 2052, 1989, 1990, 2054, 1989, 2054, 2053, 1990, 1991, 2055, 1990, 2055, 2054, 1991, 1992, 2056, 1991, 2056, 2055, 1992, 1993, 2057, 1992, 2057, 2056, 1993, 1994, 2058, 1993, 2058, 2057, 1994, 1995, 2059, 1994, 2059, 2058, 1995, 1996, 2060, 1995, 2060, 2059, 1996, 1997, 2061, 1996, 2061, 2060, 1997, 1998, 2062, 1997, 2062, 2061, 1998, 1999, 2063, 1998, 2063, 2062, 1999, 2000, 2064, 1999, 2064, 2063, 2000, 2001, 2065, 2000, 2065, 2064, 2001, 2002, 2066, 2001, 2066, 2065, 2002, 2003, 2067, 2002, 2067, 2066, 2003, 2004, 2068, 2003, 2068, 2067, 2004, 2005, 2069, 2004, 2069, 2068, 2005, 2006, 2070, 2005, 2070, 2069, 2006, 2007, 2071, 2006, 2071, 2070, 2007, 2008, 2072, 2007, 2072, 2071, 2008, 2009, 2073, 2008, 2073, 2072, 2009, 2010, 2074, 2009, 2074, 2073, 2010, 2011, 2075, 2010, 2075, 2074, 2011, 2012, 2076, 2011, 2076, 2075, 2012, 2013, 2077, 2012, 2077, 2076, 2013, 2014, 2078, 2013, 2078, 2077, 2014, 2015, 2079, 2014, 2079, 2078, 2015, 2016, 2080, 2015, 2080, 2079, 2016, 2017, 2081, 2016, 2081, 2080, 2017, 2018, 2082, 2017, 2082, 2081, 2018, 2019, 2083, 2018, 2083, 2082, 2019, 2020, 2084, 2019, 2084, 2083, 2020, 2021, 2085, 2020, 2085, 2084, 2021, 2022, 2086, 2021, 2086, 2085, 2022, 2023, 2087, 2022, 2087, 2086, 2023, 2024, 2088, 2023, 2088, 2087, 2024, 2025, 2089, 2024, 2089, 2088, 2025, 2026, 2090, 2025, 2090, 2089, 2026, 2027, 2091, 2026, 2091, 2090, 2027, 2028, 2092, 2027, 2092, 2091, 2028, 2029, 2093, 2028, 2093, 2092, 2029, 2030, 2094, 2029, 2094, 2093, 2030, 2031, 2095, 2030, 2095, 2094, 2031, 2032, 2096, 2031, 2096, 2095, 2032, 2033, 2097, 2032, 2097, 2096, 2033, 2034, 2098, 2033, 2098, 2097, 2034, 2035, 2099, 2034, 2099, 2098, 2035, 2036, 2100, 2035, 2100, 2099, 2036, 2037, 2101, 2036, 2101, 2100, 2037, 2038, 2102, 2037, 2102, 2101, 2038, 2039, 2103, 2038, 2103, 2102, 2039, 2040, 2104, 2039, 2104, 2103, 2040, 2041, 2105, 2040, 2105, 2104, 2041, 2042, 2106, 2041, 2106, 2105, 2042, 2043, 2107, 2042, 2107, 2106, 2043, 2044, 2108, 2043, 2108, 2107, 2044, 2045, 2109, 2044, 2109, 2108, 2045, 2046, 2110, 2045, 2110, 2109, 2046, 2047, 2111, 2046, 2111, 2110, 2047, 2048, 2112, 2047, 2112, 2111, 2048, 1985, 2049, 2048, 2049, 2112, 2049, 2050, 2114, 2049, 2114, 2113, 2050, 2051, 2115, 2050, 2115, 2114, 2051, 2052, 2116, 2051, 2116, 2115, 2052, 2053, 2117, 2052, 2117, 2116, 2053, 2054, 2118, 2053, 2118, 2117, 2054, 2055, 2119, 2054, 2119, 2118, 2055, 2056, 2120, 2055, 2120, 2119, 2056, 2057, 2121, 2056, 2121, 2120, 2057, 2058, 2122, 2057, 2122, 2121, 2058, 2059, 2123, 2058, 2123, 2122, 2059, 2060, 2124, 2059, 2124, 2123, 2060, 2061, 2125, 2060, 2125, 2124, 2061, 2062, 2126, 2061, 2126, 2125, 2062, 2063, 2127, 2062, 2127, 2126, 2063, 2064, 2128, 2063, 2128, 2127, 2064, 2065, 2129, 2064, 2129, 2128, 2065, 2066, 2130, 2065, 2130, 2129, 2066, 2067, 2131, 2066, 2131, 2130, 2067, 2068, 2132, 2067, 2132, 2131, 2068, 2069, 2133, 2068, 2133, 2132, 2069, 2070, 2134, 2069, 2134, 2133, 2070, 2071, 2135, 2070, 2135, 2134, 2071, 2072, 2136, 2071, 2136, 2135, 2072, 2073, 2137, 2072, 2137, 2136, 2073, 2074, 2138, 2073, 2138, 2137, 2074, 2075, 2139, 2074, 2139, 2138, 2075, 2076, 2140, 2075, 2140, 2139, 2076, 2077, 2141, 2076, 2141, 2140, 2077, 2078, 2142, 2077, 2142, 2141, 2078, 2079, 2143, 2078, 2143, 2142, 2079, 2080, 2144, 2079, 2144, 2143, 2080, 2081, 2145, 2080, 2145, 2144, 2081, 2082, 2146, 2081, 2146, 2145, 2082, 2083, 2147, 2082, 2147, 2146, 2083, 2084, 2148, 2083, 2148, 2147, 2084, 2085, 2149, 2084, 2149, 2148, 2085, 2086, 2150, 2085, 2150, 2149, 2086, 2087, 2151, 2086, 2151, 2150, 2087, 2088, 2152, 2087, 2152, 2151, 2088, 2089, 2153, 2088, 2153, 2152, 2089, 2090, 2154, 2089, 2154, 2153, 2090, 2091, 2155, 2090, 2155, 2154, 2091, 2092, 2156, 2091, 2156, 2155, 2092, 2093, 2157, 2092, 2157, 2156, 2093, 2094, 2158, 2093, 2158, 2157, 2094, 2095, 2159, 2094, 2159, 2158, 2095, 2096, 2160, 2095, 2160, 2159, 2096, 2097, 2161, 2096, 2161, 2160, 2097, 2098, 2162, 2097, 2162, 2161, 2098, 2099, 2163, 2098, 2163, 2162, 2099, 2100, 2164, 2099, 2164, 2163, 2100, 2101, 2165, 2100, 2165, 2164, 2101, 2102, 2166, 2101, 2166, 2165, 2102, 2103, 2167, 2102, 2167, 2166, 2103, 2104, 2168, 2103, 2168, 2167, 2104, 2105, 2169, 2104, 2169, 2168, 2105, 2106, 2170, 2105, 2170, 2169, 2106, 2107, 2171, 2106, 2171, 2170, 2107, 2108, 2172, 2107, 2172, 2171, 2108, 2109, 2173, 2108, 2173, 2172, 2109, 2110, 2174, 2109, 2174, 2173, 2110, 2111, 2175, 2110, 2175, 2174, 2111, 2112, 2176, 2111, 2176, 2175, 2112, 2049, 2113, 2112, 2113, 2176, 2113, 2114, 2178, 2113, 2178, 2177, 2114, 2115, 2179, 2114, 2179, 2178, 2115, 2116, 2180, 2115, 2180, 2179, 2116, 2117, 2181, 2116, 2181, 2180, 2117, 2118, 2182, 2117, 2182, 2181, 2118, 2119, 2183, 2118, 2183, 2182, 2119, 2120, 2184, 2119, 2184, 2183, 2120, 2121, 2185, 2120, 2185, 2184, 2121, 2122, 2186, 2121, 2186, 2185, 2122, 2123, 2187, 2122, 2187, 2186, 2123, 2124, 2188, 2123, 2188, 2187, 2124, 2125, 2189, 2124, 2189, 2188, 2125, 2126, 2190, 2125, 2190, 2189, 2126, 2127, 2191, 2126, 2191, 2190, 2127, 2128, 2192, 2127, 2192, 2191, 2128, 2129, 2193, 2128, 2193, 2192, 2129, 2130, 2194, 2129, 2194, 2193, 2130, 2131, 2195, 2130, 2195, 2194, 2131, 2132, 2196, 2131, 2196, 2195, 2132, 2133, 2197, 2132, 2197, 2196, 2133, 2134, 2198, 2133, 2198, 2197, 2134, 2135, 2199, 2134, 2199, 2198, 2135, 2136, 2200, 2135, 2200, 2199, 2136, 2137, 2201, 2136, 2201, 2200, 2137, 2138, 2202, 2137, 2202, 2201, 2138, 2139, 2203, 2138, 2203, 2202, 2139, 2140, 2204, 2139, 2204, 2203, 2140, 2141, 2205, 2140, 2205, 2204, 2141, 2142, 2206, 2141, 2206, 2205, 2142, 2143, 2207, 2142, 2207, 2206, 2143, 2144, 2208, 2143, 2208, 2207, 2144, 2145, 2209, 2144, 2209, 2208, 2145, 2146, 2210, 2145, 2210, 2209, 2146, 2147, 2211, 2146, 2211, 2210, 2147, 2148, 2212, 2147, 2212, 2211, 2148, 2149, 2213, 2148, 2213, 2212, 2149, 2150, 2214, 2149, 2214, 2213, 2150, 2151, 2215, 2150, 2215, 2214, 2151, 2152, 2216, 2151, 2216, 2215, 2152, 2153, 2217, 2152, 2217, 2216, 2153, 2154, 2218, 2153, 2218, 2217, 2154, 2155, 2219, 2154, 2219, 2218, 2155, 2156, 2220, 2155, 2220, 2219, 2156, 2157, 2221, 2156, 2221, 2220, 2157, 2158, 2222, 2157, 2222, 2221, 2158, 2159, 2223, 2158, 2223, 2222, 2159, 2160, 2224, 2159, 2224, 2223, 2160, 2161, 2225, 2160, 2225, 2224, 2161, 2162, 2226, 2161, 2226, 2225, 2162, 2163, 2227, 2162, 2227, 2226, 2163, 2164, 2228, 2163, 2228, 2227, 2164, 2165, 2229, 2164, 2229, 2228, 2165, 2166, 2230, 2165, 2230, 2229, 2166, 2167, 2231, 2166, 2231, 2230, 2167, 2168, 2232, 2167, 2232, 2231, 2168, 2169, 2233, 2168, 2233, 2232, 2169, 2170, 2234, 2169, 2234, 2233, 2170, 2171, 2235, 2170, 2235, 2234, 2171, 2172, 2236, 2171, 2236, 2235, 2172, 2173, 2237, 2172, 2237, 2236, 2173, 2174, 2238, 2173, 2238, 2237, 2174, 2175, 2239, 2174, 2239, 2238, 2175, 2176, 2240, 2175, 2240, 2239, 2176, 2113, 2177, 2176, 2177, 2240, 2177, 2178, 2242, 2177, 2242, 2241, 2178, 2179, 2243, 2178, 2243, 2242, 2179, 2180, 2244, 2179, 2244, 2243, 2180, 2181, 2245, 2180, 2245, 2244, 2181, 2182, 2246, 2181, 2246, 2245, 2182, 2183, 2247, 2182, 2247, 2246, 2183, 2184, 2248, 2183, 2248, 2247, 2184, 2185, 2249, 2184, 2249, 2248, 2185, 2186, 2250, 2185, 2250, 2249, 2186, 2187, 2251, 2186, 2251, 2250, 2187, 2188, 2252, 2187, 2252, 2251, 2188, 2189, 2253, 2188, 2253, 2252, 2189, 2190, 2254, 2189, 2254, 2253, 2190, 2191, 2255, 2190, 2255, 2254, 2191, 2192, 2256, 2191, 2256, 2255, 2192, 2193, 2257, 2192, 2257, 2256, 2193, 2194, 2258, 2193, 2258, 2257, 2194, 2195, 2259, 2194, 2259, 2258, 2195, 2196, 2260, 2195, 2260, 2259, 2196, 2197, 2261, 2196, 2261, 2260, 2197, 2198, 2262, 2197, 2262, 2261, 2198, 2199, 2263, 2198, 2263, 2262, 2199, 2200, 2264, 2199, 2264, 2263, 2200, 2201, 2265, 2200, 2265, 2264, 2201, 2202, 2266, 2201, 2266, 2265, 2202, 2203, 2267, 2202, 2267, 2266, 2203, 2204, 2268, 2203, 2268, 2267, 2204, 2205, 2269, 2204, 2269, 2268, 2205, 2206, 2270, 2205, 2270, 2269, 2206, 2207, 2271, 2206, 2271, 2270, 2207, 2208, 2272, 2207, 2272, 2271, 2208, 2209, 2273, 2208, 2273, 2272, 2209, 2210, 2274, 2209, 2274, 2273, 2210, 2211, 2275, 2210, 2275, 2274, 2211, 2212, 2276, 2211, 2276, 2275, 2212, 2213, 2277, 2212, 2277, 2276, 2213, 2214, 2278, 2213, 2278, 2277, 2214, 2215, 2279, 2214, 2279, 2278, 2215, 2216, 2280, 2215, 2280, 2279, 2216, 2217, 2281, 2216, 2281, 2280, 2217, 2218, 2282, 2217, 2282, 2281, 2218, 2219, 2283, 2218, 2283, 2282, 2219, 2220, 2284, 2219, 2284, 2283, 2220, 2221, 2285, 2220, 2285, 2284, 2221, 2222, 2286, 2221, 2286, 2285, 2222, 2223, 2287, 2222, 2287, 2286, 2223, 2224, 2288, 2223, 2288, 2287, 2224, 2225, 2289, 2224, 2289, 2288, 2225, 2226, 2290, 2225, 2290, 2289, 2226, 2227, 2291, 2226, 2291, 2290, 2227, 2228, 2292, 2227, 2292, 2291, 2228, 2229, 2293, 2228, 2293, 2292, 2229, 2230, 2294, 2229, 2294, 2293, 2230, 2231, 2295, 2230, 2295, 2294, 2231, 2232, 2296, 2231, 2296, 2295, 2232, 2233, 2297, 2232, 2297, 2296, 2233, 2234, 2298, 2233, 2298, 2297, 2234, 2235, 2299, 2234, 2299, 2298, 2235, 2236, 2300, 2235, 2300, 2299, 2236, 2237, 2301, 2236, 2301, 2300, 2237, 2238, 2302, 2237, 2302, 2301, 2238, 2239, 2303, 2238, 2303, 2302, 2239, 2240, 2304, 2239, 2304, 2303, 2240, 2177, 2241, 2240, 2241, 2304, 2241, 2242, 2306, 2241, 2306, 2305, 2242, 2243, 2307, 2242, 2307, 2306, 2243, 2244, 2308, 2243, 2308, 2307, 2244, 2245, 2309, 2244, 2309, 2308, 2245, 2246, 2310, 2245, 2310, 2309, 2246, 2247, 2311, 2246, 2311, 2310, 2247, 2248, 2312, 2247, 2312, 2311, 2248, 2249, 2313, 2248, 2313, 2312, 2249, 2250, 2314, 2249, 2314, 2313, 2250, 2251, 2315, 2250, 2315, 2314, 2251, 2252, 2316, 2251, 2316, 2315, 2252, 2253, 2317, 2252, 2317, 2316, 2253, 2254, 2318, 2253, 2318, 2317, 2254, 2255, 2319, 2254, 2319, 2318, 2255, 2256, 2320, 2255, 2320, 2319, 2256, 2257, 2321, 2256, 2321, 2320, 2257, 2258, 2322, 2257, 2322, 2321, 2258, 2259, 2323, 2258, 2323, 2322, 2259, 2260, 2324, 2259, 2324, 2323, 2260, 2261, 2325, 2260, 2325, 2324, 2261, 2262, 2326, 2261, 2326, 2325, 2262, 2263, 2327, 2262, 2327, 2326, 2263, 2264, 2328, 2263, 2328, 2327, 2264, 2265, 2329, 2264, 2329, 2328, 2265, 2266, 2330, 2265, 2330, 2329, 2266, 2267, 2331, 2266, 2331, 2330, 2267, 2268, 2332, 2267, 2332, 2331, 2268, 2269, 2333, 2268, 2333, 2332, 2269, 2270, 2334, 2269, 2334, 2333, 2270, 2271, 2335, 2270, 2335, 2334, 2271, 2272, 2336, 2271, 2336, 2335, 2272, 2273, 2337, 2272, 2337, 2336, 2273, 2274, 2338, 2273, 2338, 2337, 2274, 2275, 2339, 2274, 2339, 2338, 2275, 2276, 2340, 2275, 2340, 2339, 2276, 2277, 2341, 2276, 2341, 2340, 2277, 2278, 2342, 2277, 2342, 2341, 2278, 2279, 2343, 2278, 2343, 2342, 2279, 2280, 2344, 2279, 2344, 2343, 2280, 2281, 2345, 2280, 2345, 2344, 2281, 2282, 2346, 2281, 2346, 2345, 2282, 2283, 2347, 2282, 2347, 2346, 2283, 2284, 2348, 2283, 2348, 2347, 2284, 2285, 2349, 2284, 2349, 2348, 2285, 2286, 2350, 2285, 2350, 2349, 2286, 2287, 2351, 2286, 2351, 2350, 2287, 2288, 2352, 2287, 2352, 2351, 2288, 2289, 2353, 2288, 2353, 2352, 2289, 2290, 2354, 2289, 2354, 2353, 2290, 2291, 2355, 2290, 2355, 2354, 2291, 2292, 2356, 2291, 2356, 2355, 2292, 2293, 2357, 2292, 2357, 2356, 2293, 2294, 2358, 2293, 2358, 2357, 2294, 2295, 2359, 2294, 2359, 2358, 2295, 2296, 2360, 2295, 2360, 2359, 2296, 2297, 2361, 2296, 2361, 2360, 2297, 2298, 2362, 2297, 2362, 2361, 2298, 2299, 2363, 2298, 2363, 2362, 2299, 2300, 2364, 2299, 2364, 2363, 2300, 2301, 2365, 2300, 2365, 2364, 2301, 2302, 2366, 2301, 2366, 2365, 2302, 2303, 2367, 2302, 2367, 2366, 2303, 2304, 2368, 2303, 2368, 2367, 2304, 2241, 2305, 2304, 2305, 2368, 2305, 2306, 2369, 2306, 2307, 2369, 2307, 2308, 2369, 2308, 2309, 2369, 2309, 2310, 2369, 2310, 2311, 2369, 2311, 2312, 2369, 2312, 2313, 2369, 2313, 2314, 2369, 2314, 2315, 2369, 2315, 2316, 2369, 2316, 2317, 2369, 2317, 2318, 2369, 2318, 2319, 2369, 2319, 2320, 2369, 2320, 2321, 2369, 2321, 2322, 2369, 2322, 2323, 2369, 2323, 2324, 2369, 2324, 2325, 2369, 2325, 2326, 2369, 2326, 2327, 2369, 2327, 2328, 2369, 2328, 2329, 2369, 2329, 2330, 2369, 2330, 2331, 2369, 2331, 2332, 2369, 2332, 2333, 2369, 2333, 2334, 2369, 2334, 2335, 2369, 2335, 2336, 2369, 2336, 2337, 2369, 2337, 2338, 2369, 2338, 2339, 2369, 2339, 2340, 2369, 2340, 2341, 2369, 2341, 2342, 2369, 2342, 2343, 2369, 2343, 2344, 2369, 2344, 2345, 2369, 2345, 2346, 2369, 2346, 2347, 2369, 2347, 2348, 2369, 2348, 2349, 2369, 2349, 2350, 2369, 2350, 2351, 2369, 2351, 2352, 2369, 2352, 2353, 2369, 2353, 2354, 2369, 2354, 2355, 2369, 2355, 2356, 2369, 2356, 2357, 2369, 2357, 2358, 2369, 2358, 2359, 2369, 2359, 2360, 2369, 2360, 2361, 2369, 2361, 2362, 2369, 2362, 2363, 2369, 2363, 2364, 2369, 2364, 2365, 2369, 2365, 2366, 2369, 2366, 2367, 2369, 2367, 2368, 2369, 2368, 2305, 2369]
            point3f[] points = [
                (-4.06553377e-15, 0, -0.014),
                (-0.002572955206, -2.297657892e-14, -0.01396268863),
                (-0.002564028753, -0.001234966031, -0.01396268863),
                (-0.002537262856, -0.002027156482, -0.01396268863),
                (-0.002492696048, -0.002698677031, -0.01396268863),
                (-0.00243038611, -0.003292775393, -0.01396268863),
                (-0.00235039953, -0.003826096186, -0.01396268863),
                (-0.002252794723, -0.004306551146, -0.01396268863),
                (-0.002137596303, -0.004738225518, -0.01396268863),
                (-0.002004755562, -0.005123264213, -0.01396268863),
                (-0.001854088246, -0.005462746107, -0.01396268863),
                (-0.001685172187, -0.005757142071, -0.01396268863),
                (-0.001497168073, -0.006006576577, -0.01396268863),
                (-0.001288477328, -0.006210986726, -0.01396268863),
                (-0.001056004056, -0.006370223235, -0.01396268863),
                (-0.0007932351451, -0.006484116188, -0.01396268863),
                (-0.0004832475773, -0.006552517924, -0.01396268863),
                (5.458313071e-15, -0.006575329971, -0.01396268863),
                (0.0004832475773, -0.006552517924, -0.01396268863),
                (0.0007932351451, -0.006484116188, -0.01396268863),
                (0.001056004056, -0.006370223235, -0.01396268863),
                (0.001288477328, -0.006210986726, -0.01396268863),
                (0.001497168073, -0.006006576577, -0.01396268863),
                (0.001685172187, -0.005757142071, -0.01396268863),
                (0.001854088246, -0.005462746107, -0.01396268863),
                (0.002004755562, -0.005123264213, -0.01396268863),
                (0.002137596303, -0.004738225518, -0.01396268863),
                (0.002252794723, -0.004306551146, -0.01396268863),
                (0.00235039953, -0.003826096186, -0.01396268863),
                (0.00243038611, -0.003292775393, -0.01396268863),
                (0.002492696048, -0.002698677031, -0.01396268863),
                (0.002537262856, -0.002027156482, -0.01396268863),
                (0.002564028753, -0.001234966031, -0.01396268863),
                (0.002572955206, 0, -0.01396268863),
                (0.002564028753, 0.001234966031, -0.01396268863),
                (0.002537262856, 0.002027156482, -0.01396268863),
                (0.002492696048, 0.002698677031, -0.01396268863),
                (0.00243038611, 0.003292775393, -0.01396268863),
                (0.00235039953, 0.003826096186, -0.01396268863),
                (0.002252794723, 0.004306551146, -0.01396268863),
                (0.002137596303, 0.004738225518, -0.01396268863),
                (0.002004755562, 0.005123264213, -0.01396268863),
                (0.001854088246, 0.005462746107, -0.01396268863),
                (0.001685172187, 0.005757142071, -0.01396268863),
                (0.001497168073, 0.006006576577, -0.01396268863),
                (0.001288477328, 0.006210986726, -0.01396268863),
                (0.001056004056, 0.006370223235, -0.01396268863),
                (0.0007932351451, 0.006484116188, -0.01396268863),
                (0.0004832475773, 0.006552517924, -0.01396268863),
                (5.458313071e-15, 0.006575329971, -0.01396268863),
                (-0.0004832475773, 0.006552517924, -0.01396268863),
                (-0.0007932351451, 0.006484116188, -0.01396268863),
                (-0.001056004056, 0.006370223235, -0.01396268863),
                (-0.001288477328, 0.006210986726, -0.01396268863),
                (-0.001497168073, 0.006006576577, -0.01396268863),
                (-0.001685172187, 0.005757142071, -0.01396268863),
                (-0.001854088246, 0.005462746107, -0.01396268863),
                (-0.002004755562, 0.005123264213, -0.01396268863),
                (-0.002137596303, 0.004738225518, -0.01396268863),
                (-0.002252794723, 0.004306551146, -0.01396268863),
                (-0.00235039953, 0.003826096186, -0.01396268863),
                (-0.00243038611, 0.003292775393, -0.01396268863),
                (-0.002492696048, 0.002698677031, -0.01396268863),
                (-0.002537262856, 0.002027156482, -0.01396268863),
                (-0.002564028753, 0.001234966031, -0.01396268863),
                (-0.004406326148, -3.93486448e-14, -0.01385084074),
                (-0.00439103911, -0.002114946697, -0.01385084074),
                (-0.004345201052, -0.003471616059, -0.01385084074),
                (-0.004268877962, -0.004621631632, -0.01385084074),
                (-0.004162168794, -0.005639057486, -0.01385084074),
                (-0.004025187413, -0.006552398437, -0.01385084074),
                (-0.003858033857, -0.007375203765, -0.01385084074),
                (-0.003660750277, -0.008114469675, -0.01385084074),
                (-0.003433253261, -0.008773869445, -0.01385084074),
                (-0.003175227264, -0.009355250707, -0.01385084074),
                (-0.002885949299, -0.009859419856, -0.01385084074),
                (-0.002563981997, -0.01028659005, -0.01385084074),
                (-0.002206587712, -0.01063665358, -0.01385084074),
                (-0.001808464552, -0.01090935479, -0.01385084074),
                (-0.001358458458, -0.01110440269, -0.01385084074),
                (-0.0008275878378, -0.01122154439, -0.01385084074),
                (9.347658892e-15, -0.01126061127, -0.01385084074),
                (0.0008275878378, -0.01122154439, -0.01385084074),
                (0.001358458458, -0.01110440269, -0.01385084074),
                (0.001808464552, -0.01090935479, -0.01385084074),
                (0.002206587712, -0.01063665358, -0.01385084074),
                (0.002563981997, -0.01028659005, -0.01385084074),
                (0.002885949299, -0.009859419856, -0.01385084074),
                (0.003175227264, -0.009355250707, -0.01385084074),
                (0.003433253261, -0.008773869445, -0.01385084074),
                (0.003660750277, -0.008114469675, -0.01385084074),
                (0.003858033857, -0.007375203765, -0.01385084074),
                (0.004025187413, -0.006552398437, -0.01385084074),
                (0.004162168794, -0.005639057486, -0.01385084074),
                (0.004268877962, -0.004621631632, -0.01385084074),
                (0.004345201052, -0.003471616059, -0.01385084074),
                (0.00439103911, -0.002114946697, -0.01385084074),
                (0.004406326148, 0, -0.01385084074),
                (0.00439103911, 0.002114946697, -0.01385084074),
                (0.004345201052, 0.003471616059, -0.01385084074),
                (0.004268877962, 0.004621631632, -0.01385084074),
                (0.004162168794, 0.005639057486, -0.01385084074),
                (0.004025187413, 0.006552398437, -0.01385084074),
                (0.003858033857, 0.007375203765, -0.01385084074),
                (0.003660750277, 0.008114469675, -0.01385084074),
                (0.003433253261, 0.008773869445, -0.01385084074),
                (0.003175227264, 0.009355250707, -0.01385084074),
                (0.002885949299, 0.009859419856, -0.01385084074),
                (0.002563981997, 0.01028659005, -0.01385084074),
                (0.002206587712, 0.01063665358, -0.01385084074),
                (0.001808464552, 0.01090935479, -0.01385084074),
                (0.001358458458, 0.01110440269, -0.01385084074),
                (0.0008275878378, 0.01122154439, -0.01385084074),
                (9.347658892e-15, 0.01126061127, -0.01385084074),
                (-0.0008275878378, 0.01122154439, -0.01385084074),
                (-0.001358458458, 0.01110440269, -0.01385084074),
                (-0.001808464552, 0.01090935479, -0.01385084074),
                (-0.002206587712, 0.01063665358, -0.01385084074),
                (-0.002563981997, 0.01028659005, -0.01385084074),
                (-0.002885949299, 0.009859419856, -0.01385084074),
                (-0.003175227264, 0.009355250707, -0.01385084074),
                (-0.003433253261, 0.008773869445, -0.01385084074),
                (-0.003660750277, 0.008114469675, -0.01385084074),
                (-0.003858033857, 0.007375203765, -0.01385084074),
                (-0.004025187413, 0.006552398437, -0.01385084074),
                (-0.004162168794, 0.005639057486, -0.01385084074),
                (-0.004268877962, 0.004621631632, -0.01385084074),
                (-0.004345201052, 0.003471616059, -0.01385084074),
                (-0.00439103911, 0.002114946697, -0.01385084074),
                (-0.00601856072, -5.374595525e-14, -0.01366471193),
                (-0.005997680293, -0.002888786414, -0.01366471193),
                (-0.005935070508, -0.00474184873, -0.01366471193),
                (-0.005830821496, -0.006312644517, -0.01366471193),
                (-0.005685068415, -0.007702337217, -0.01366471193),
                (-0.005497966795, -0.008949861296, -0.01366471193),
                (-0.005269653277, -0.01007372359, -0.01366471193),
                (-0.005000185433, -0.01108348016, -0.01366471193),
                (-0.004689449334, -0.0119841483, -0.01366471193),
                (-0.004337013976, -0.01277825166, -0.01366471193),
                (-0.003941891841, -0.01346689171, -0.01366471193),
                (-0.003502119637, -0.01405035959, -0.01366471193),
                (-0.003013958041, -0.01452850817, -0.01366471193),
                (-0.002470165246, -0.01490098827, -0.01366471193),
                (-0.001855506025, -0.01516740241, -0.01366471193),
                (-0.001130394684, -0.01532740519, -0.01366471193),
                (1.276788207e-14, -0.01538076628, -0.01366471193),
                (0.001130394684, -0.01532740519, -0.01366471193),
                (0.001855506025, -0.01516740241, -0.01366471193),
                (0.002470165246, -0.01490098827, -0.01366471193),
                (0.003013958041, -0.01452850817, -0.01366471193),
                (0.003502119637, -0.01405035959, -0.01366471193),
                (0.003941891841, -0.01346689171, -0.01366471193),
                (0.004337013976, -0.01277825166, -0.01366471193),
                (0.004689449334, -0.0119841483, -0.01366471193),
                (0.005000185433, -0.01108348016, -0.01366471193),
                (0.005269653277, -0.01007372359, -0.01366471193),
                (0.005497966795, -0.008949861296, -0.01366471193),
                (0.005685068415, -0.007702337217, -0.01366471193),
                (0.005830821496, -0.006312644517, -0.01366471193),
                (0.005935070508, -0.00474184873, -0.01366471193),
                (0.005997680293, -0.002888786414, -0.01366471193),
                (0.00601856072, 0, -0.01366471193),
                (0.005997680293, 0.002888786414, -0.01366471193),
                (0.005935070508, 0.00474184873, -0.01366471193),
                (0.005830821496, 0.006312644517, -0.01366471193),
                (0.005685068415, 0.007702337217, -0.01366471193),
                (0.005497966795, 0.008949861296, -0.01366471193),
                (0.005269653277, 0.01007372359, -0.01366471193),
                (0.005000185433, 0.01108348016, -0.01366471193),
                (0.004689449334, 0.0119841483, -0.01366471193),
                (0.004337013976, 0.01277825166, -0.01366471193),
                (0.003941891841, 0.01346689171, -0.01366471193),
                (0.003502119637, 0.01405035959, -0.01366471193),
                (0.003013958041, 0.01452850817, -0.01366471193),
                (0.002470165246, 0.01490098827, -0.01366471193),
                (0.001855506025, 0.01516740241, -0.01366471193),
                (0.001130394684, 0.01532740519, -0.01366471193),
                (1.276788207e-14, 0.01538076628, -0.01366471193),
                (-0.001130394684, 0.01532740519, -0.01366471193),
                (-0.001855506025, 0.01516740241, -0.01366471193),
                (-0.002470165246, 0.01490098827, -0.01366471193),
                (-0.003013958041, 0.01452850817, -0.01366471193),
                (-0.003502119637, 0.01405035959, -0.01366471193),
                (-0.003941891841, 0.01346689171, -0.01366471193),
                (-0.004337013976, 0.01277825166, -0.01366471193),
                (-0.004689449334, 0.0119841483, -0.01366471193),
                (-0.005000185433, 0.01108348016, -0.01366471193),
                (-0.005269653277, 0.01007372359, -0.01366471193),
                (-0.005497966795, 0.008949861296, -0.01366471193),
                (-0.005685068415, 0.007702337217, -0.01366471193),
                (-0.005830821496, 0.006312644517, -0.01366471193),
                (-0.005935070508, 0.00474184873, -0.01366471193),
                (-0.005997680293, 0.002888786414, -0.01366471193),
                (-0.007485626199, -6.684690069e-14, -0.01340471771),
                (-0.007459656025, -0.003592947927, -0.01340471771),
                (-0.007381784675, -0.0058977069, -0.01340471771),
                (-0.00725212425, -0.00785139494, -0.01340471771),
                (-0.007070842857, -0.009579834772, -0.01340471771),
                (-0.006838133932, -0.01113145141, -0.01340471771),
                (-0.006554167427, -0.01252926285, -0.01340471771),
                (-0.006219014947, -0.01378515451, -0.01340471771),
                (-0.005832534791, -0.01490536669, -0.01340471771),
                (-0.005394190897, -0.0158930382, -0.01340471771),
                (-0.004902755029, -0.01674953898, -0.01340471771),
                (-0.004355785333, -0.01747523116, -0.01340471771),
                (-0.003748630998, -0.01806993174, -0.01340471771),
                (-0.003072284977, -0.01853320642, -0.01340471771),
                (-0.002307798352, -0.01886456084, -0.01340471771),
                (-0.001405936145, -0.0190635654, -0.01340471771),
                (1.588014095e-14, -0.01912993362, -0.01340471771),
                (0.001405936145, -0.0190635654, -0.01340471771),
                (0.002307798352, -0.01886456084, -0.01340471771),
                (0.003072284977, -0.01853320642, -0.01340471771),
                (0.003748630998, -0.01806993174, -0.01340471771),
                (0.004355785333, -0.01747523116, -0.01340471771),
                (0.004902755029, -0.01674953898, -0.01340471771),
                (0.005394190897, -0.0158930382, -0.01340471771),
                (0.005832534791, -0.01490536669, -0.01340471771),
                (0.006219014947, -0.01378515451, -0.01340471771),
                (0.006554167427, -0.01252926285, -0.01340471771),
                (0.006838133932, -0.01113145141, -0.01340471771),
                (0.007070842857, -0.009579834772, -0.01340471771),
                (0.00725212425, -0.00785139494, -0.01340471771),
                (0.007381784675, -0.0058977069, -0.01340471771),
                (0.007459656025, -0.003592947927, -0.01340471771),
                (0.007485626199, 0, -0.01340471771),
                (0.007459656025, 0.003592947927, -0.01340471771),
                (0.007381784675, 0.0058977069, -0.01340471771),
                (0.00725212425, 0.00785139494, -0.01340471771),
                (0.007070842857, 0.009579834772, -0.01340471771),
                (0.006838133932, 0.01113145141, -0.01340471771),
                (0.006554167427, 0.01252926285, -0.01340471771),
                (0.006219014947, 0.01378515451, -0.01340471771),
                (0.005832534791, 0.01490536669, -0.01340471771),
                (0.005394190897, 0.0158930382, -0.01340471771),
                (0.004902755029, 0.01674953898, -0.01340471771),
                (0.004355785333, 0.01747523116, -0.01340471771),
                (0.003748630998, 0.01806993174, -0.01340471771),
                (0.003072284977, 0.01853320642, -0.01340471771),
                (0.002307798352, 0.01886456084, -0.01340471771),
                (0.001405936145, 0.0190635654, -0.01340471771),
                (1.588014095e-14, 0.01912993362, -0.01340471771),
                (-0.001405936145, 0.0190635654, -0.01340471771),
                (-0.002307798352, 0.01886456084, -0.01340471771),
                (-0.003072284977, 0.01853320642, -0.01340471771),
                (-0.003748630998, 0.01806993174, -0.01340471771),
                (-0.004355785333, 0.01747523116, -0.01340471771),
                (-0.004902755029, 0.01674953898, -0.01340471771),
                (-0.005394190897, 0.0158930382, -0.01340471771),
                (-0.005832534791, 0.01490536669, -0.01340471771),
                (-0.006219014947, 0.01378515451, -0.01340471771),
                (-0.006554167427, 0.01252926285, -0.01340471771),
                (-0.006838133932, 0.01113145141, -0.01340471771),
                (-0.007070842857, 0.009579834772, -0.01340471771),
                (-0.00725212425, 0.00785139494, -0.01340471771),
                (-0.007381784675, 0.0058977069, -0.01340471771),
                (-0.007459656025, 0.003592947927, -0.01340471771),
                (-0.008837146923, -7.891602747e-14, -0.01307141695),
                (-0.008806487866, -0.004241650315, -0.01307141695),
                (-0.008714556939, -0.006962530722, -0.01307141695),
                (-0.008561486481, -0.009268954767, -0.01307141695),
                (-0.008347474952, -0.01130946231, -0.01307141695),
                (-0.008072750714, -0.01314122145, -0.01307141695),
                (-0.007737514401, -0.01479140605, -0.01307141695),
                (-0.007341850547, -0.01627404743, -0.01307141695),
                (-0.006885591868, -0.01759651255, -0.01307141695),
                (-0.006368105516, -0.01876250695, -0.01307141695),
                (-0.005787941499, -0.01977364791, -0.01307141695),
                (-0.005142217088, -0.02063036294, -0.01307141695),
                (-0.004425441774, -0.02133243599, -0.01307141695),
                (-0.0036269823, -0.02187935434, -0.01307141695),
                (-0.002724468543, -0.0222705344, -0.01307141695),
                (-0.00165977621, -0.02250546899, -0.01307141695),
                (1.874728112e-14, -0.02258381992, -0.01307141695),
                (0.00165977621, -0.02250546899, -0.01307141695),
                (0.002724468543, -0.0222705344, -0.01307141695),
                (0.0036269823, -0.02187935434, -0.01307141695),
                (0.004425441774, -0.02133243599, -0.01307141695),
                (0.005142217088, -0.02063036294, -0.01307141695),
                (0.005787941499, -0.01977364791, -0.01307141695),
                (0.006368105516, -0.01876250695, -0.01307141695),
                (0.006885591868, -0.01759651255, -0.01307141695),
                (0.007341850547, -0.01627404743, -0.01307141695),
                (0.007737514401, -0.01479140605, -0.01307141695),
                (0.008072750714, -0.01314122145, -0.01307141695),
                (0.008347474952, -0.01130946231, -0.01307141695),
                (0.008561486481, -0.009268954767, -0.01307141695),
                (0.008714556939, -0.006962530722, -0.01307141695),
                (0.008806487866, -0.004241650315, -0.01307141695),
                (0.008837146923, 0, -0.01307141695),
                (0.008806487866, 0.004241650315, -0.01307141695),
                (0.008714556939, 0.006962530722, -0.01307141695),
                (0.008561486481, 0.009268954767, -0.01307141695),
                (0.008347474952, 0.01130946231, -0.01307141695),
                (0.008072750714, 0.01314122145, -0.01307141695),
                (0.007737514401, 0.01479140605, -0.01307141695),
                (0.007341850547, 0.01627404743, -0.01307141695),
                (0.006885591868, 0.01759651255, -0.01307141695),
                (0.006368105516, 0.01876250695, -0.01307141695),
                (0.005787941499, 0.01977364791, -0.01307141695),
                (0.005142217088, 0.02063036294, -0.01307141695),
                (0.004425441774, 0.02133243599, -0.01307141695),
                (0.0036269823, 0.02187935434, -0.01307141695),
                (0.002724468543, 0.0222705344, -0.01307141695),
                (0.00165977621, 0.02250546899, -0.01307141695),
                (1.874728112e-14, 0.02258381992, -0.01307141695),
                (-0.00165977621, 0.02250546899, -0.01307141695),
                (-0.002724468543, 0.0222705344, -0.01307141695),
                (-0.0036269823, 0.02187935434, -0.01307141695),
                (-0.004425441774, 0.02133243599, -0.01307141695),
                (-0.005142217088, 0.02063036294, -0.01307141695),
                (-0.005787941499, 0.01977364791, -0.01307141695),
                (-0.006368105516, 0.01876250695, -0.01307141695),
                (-0.006885591868, 0.01759651255, -0.01307141695),
                (-0.007341850547, 0.01627404743, -0.01307141695),
                (-0.007737514401, 0.01479140605, -0.01307141695),
                (-0.008072750714, 0.01314122145, -0.01307141695),
                (-0.008347474952, 0.01130946231, -0.01307141695),
                (-0.008561486481, 0.009268954767, -0.01307141695),
                (-0.008714556939, 0.006962530722, -0.01307141695),
                (-0.008806487866, 0.004241650315, -0.01307141695),
                (-0.01008715021, -9.00786e-14, -0.01266548671),
                (-0.01005215447, -0.004841626401, -0.01266548671),
                (-0.009947220024, -0.007947371909, -0.01266548671),
                (-0.009772497943, -0.01058003673, -0.01266548671),
                (-0.009528214753, -0.01290917149, -0.01266548671),
                (-0.009214631118, -0.01500003064, -0.01266548671),
                (-0.008831976051, -0.01688363178, -0.01266548671),
                (-0.008380346045, -0.01857599091, -0.01266548671),
                (-0.007859550151, -0.02008551705, -0.01266548671),
                (-0.007268866007, -0.02141643989, -0.01266548671),
                (-0.006606638522, -0.02257060546, -0.01266548671),
                (-0.005869577208, -0.02354850175, -0.01266548671),
                (-0.005051414931, -0.02434988215, -0.01266548671),
                (-0.004140014371, -0.02497416141, -0.01266548671),
                (-0.003109841182, -0.02542067339, -0.01266548671),
                (-0.001894549461, -0.02568883919, -0.01266548671),
                (2.139906039e-14, -0.02577827275, -0.01266548671),
                (0.001894549461, -0.02568883919, -0.01266548671),
                (0.003109841182, -0.02542067339, -0.01266548671),
                (0.004140014371, -0.02497416141, -0.01266548671),
                (0.005051414931, -0.02434988215, -0.01266548671),
                (0.005869577208, -0.02354850175, -0.01266548671),
                (0.006606638522, -0.02257060546, -0.01266548671),
                (0.007268866007, -0.02141643989, -0.01266548671),
                (0.007859550151, -0.02008551705, -0.01266548671),
                (0.008380346045, -0.01857599091, -0.01266548671),
                (0.008831976051, -0.01688363178, -0.01266548671),
                (0.009214631118, -0.01500003064, -0.01266548671),
                (0.009528214753, -0.01290917149, -0.01266548671),
                (0.009772497943, -0.01058003673, -0.01266548671),
                (0.009947220024, -0.007947371909, -0.01266548671),
                (0.01005215447, -0.004841626401, -0.01266548671),
                (0.01008715021, 0, -0.01266548671),
                (0.01005215447, 0.004841626401, -0.01266548671),
                (0.009947220024, 0.007947371909, -0.01266548671),
                (0.009772497943, 0.01058003673, -0.01266548671),
                (0.009528214753, 0.01290917149, -0.01266548671),
                (0.009214631118, 0.01500003064, -0.01266548671),
                (0.008831976051, 0.01688363178, -0.01266548671),
                (0.008380346045, 0.01857599091, -0.01266548671),
                (0.007859550151, 0.02008551705, -0.01266548671),
                (0.007268866007, 0.02141643989, -0.01266548671),
                (0.006606638522, 0.02257060546, -0.01266548671),
                (0.005869577208, 0.02354850175, -0.01266548671),
                (0.005051414931, 0.02434988215, -0.01266548671),
                (0.004140014371, 0.02497416141, -0.01266548671),
                (0.003109841182, 0.02542067339, -0.01266548671),
                (0.001894549461, 0.02568883919, -0.01266548671),
                (2.139906039e-14, 0.02577827275, -0.01266548671),
                (-0.001894549461, 0.02568883919, -0.01266548671),
                (-0.003109841182, 0.02542067339, -0.01266548671),
                (-0.004140014371, 0.02497416141, -0.01266548671),
                (-0.005051414931, 0.02434988215, -0.01266548671),
                (-0.005869577208, 0.02354850175, -0.01266548671),
                (-0.006606638522, 0.02257060546, -0.01266548671),
                (-0.007268866007, 0.02141643989, -0.01266548671),
                (-0.007859550151, 0.02008551705, -0.01266548671),
                (-0.008380346045, 0.01857599091, -0.01266548671),
                (-0.008831976051, 0.01688363178, -0.01266548671),
                (-0.009214631118, 0.01500003064, -0.01266548671),
                (-0.009528214753, 0.01290917149, -0.01266548671),
                (-0.009772497943, 0.01058003673, -0.01266548671),
                (-0.009947220024, 0.007947371909, -0.01266548671),
                (-0.01005215447, 0.004841626401, -0.01266548671),
                (-0.01124269718, -1.003976744e-13, -0.01218768618),
                (-0.01120369245, -0.005396265383, -0.01218768618),
                (-0.01108673711, -0.008857793718, -0.01218768618),
                (-0.0108919995, -0.01179204697, -0.01218768618),
                (-0.01061973213, -0.01438799888, -0.01218768618),
                (-0.0102702255, -0.0167183792, -0.01218768618),
                (-0.00984373487, -0.01881775878, -0.01218768618),
                (-0.009340367786, -0.02070398837, -0.01218768618),
                (-0.008759911422, -0.0223864403, -0.01218768618),
                (-0.008101560666, -0.02386982879, -0.01218768618),
                (-0.007363470826, -0.02515621134, -0.01218768618),
                (-0.006541974469, -0.02624613183, -0.01218768618),
                (-0.005630086518, -0.02713931544, -0.01218768618),
                (-0.00461427925, -0.02783510985, -0.01218768618),
                (-0.003466093194, -0.02833277261, -0.01218768618),
                (-0.002111582106, -0.02863165849, -0.01218768618),
                (2.385045835e-14, -0.02873133724, -0.01218768618),
                (0.002111582106, -0.02863165849, -0.01218768618),
                (0.003466093194, -0.02833277261, -0.01218768618),
                (0.00461427925, -0.02783510985, -0.01218768618),
                (0.005630086518, -0.02713931544, -0.01218768618),
                (0.006541974469, -0.02624613183, -0.01218768618),
                (0.007363470826, -0.02515621134, -0.01218768618),
                (0.008101560666, -0.02386982879, -0.01218768618),
                (0.008759911422, -0.0223864403, -0.01218768618),
                (0.009340367786, -0.02070398837, -0.01218768618),
                (0.00984373487, -0.01881775878, -0.01218768618),
                (0.0102702255, -0.0167183792, -0.01218768618),
                (0.01061973213, -0.01438799888, -0.01218768618),
                (0.0108919995, -0.01179204697, -0.01218768618),
                (0.01108673711, -0.008857793718, -0.01218768618),
                (0.01120369245, -0.005396265383, -0.01218768618),
                (0.01124269718, 0, -0.01218768618),
                (0.01120369245, 0.005396265383, -0.01218768618),
                (0.01108673711, 0.008857793718, -0.01218768618),
                (0.0108919995, 0.01179204697, -0.01218768618),
                (0.01061973213, 0.01438799888, -0.01218768618),
                (0.0102702255, 0.0167183792, -0.01218768618),
                (0.00984373487, 0.01881775878, -0.01218768618),
                (0.009340367786, 0.02070398837, -0.01218768618),
                (0.008759911422, 0.0223864403, -0.01218768618),
                (0.008101560666, 0.02386982879, -0.01218768618),
                (0.007363470826, 0.02515621134, -0.01218768618),
                (0.006541974469, 0.02624613183, -0.01218768618),
                (0.005630086518, 0.02713931544, -0.01218768618),
                (0.00461427925, 0.02783510985, -0.01218768618),
                (0.003466093194, 0.02833277261, -0.01218768618),
                (0.002111582106, 0.02863165849, -0.01218768618),
                (2.385045835e-14, 0.02873133724, -0.01218768618),
                (-0.002111582106, 0.02863165849, -0.01218768618),
                (-0.003466093194, 0.02833277261, -0.01218768618),
                (-0.00461427925, 0.02783510985, -0.01218768618),
                (-0.005630086518, 0.02713931544, -0.01218768618),
                (-0.006541974469, 0.02624613183, -0.01218768618),
                (-0.007363470826, 0.02515621134, -0.01218768618),
                (-0.008101560666, 0.02386982879, -0.01218768618),
                (-0.008759911422, 0.0223864403, -0.01218768618),
                (-0.009340367786, 0.02070398837, -0.01218768618),
                (-0.00984373487, 0.01881775878, -0.01218768618),
                (-0.0102702255, 0.0167183792, -0.01218768618),
                (-0.01061973213, 0.01438799888, -0.01218768618),
                (-0.0108919995, 0.01179204697, -0.01218768618),
                (-0.01108673711, 0.008857793718, -0.01218768618),
                (-0.01120369245, 0.005396265383, -0.01218768618),
                (-0.01230725417, -1.099042052e-13, -0.01163880573),
                (-0.01226455614, -0.005907231032, -0.01163880573),
                (-0.01213652644, -0.009696527174, -0.01163880573),
                (-0.01192334937, -0.01290862121, -0.01163880573),
                (-0.01162530134, -0.01575038058, -0.01163880573),
                (-0.01124270036, -0.0183014217, -0.01163880573),
                (-0.01077582587, -0.02059958892, -0.01163880573),
                (-0.01022479558, -0.02266442324, -0.01163880573),
                (-0.009589376525, -0.02450618445, -0.01163880573),
                (-0.008868687356, -0.02613003315, -0.01163880573),
                (-0.008060708709, -0.02753822166, -0.01163880573),
                (-0.007161425884, -0.02873134537, -0.01163880573),
                (-0.006163192399, -0.02970910342, -0.01163880573),
                (-0.005051199605, -0.03047078173, -0.01163880573),
                (-0.003794293242, -0.03101556756, -0.01163880573),
                (-0.002311525186, -0.03134275458, -0.01163880573),
                (2.610882854e-14, -0.03145187178, -0.01163880573),
                (0.002311525186, -0.03134275458, -0.01163880573),
                (0.003794293242, -0.03101556756, -0.01163880573),
                (0.005051199605, -0.03047078173, -0.01163880573),
                (0.006163192399, -0.02970910342, -0.01163880573),
                (0.007161425884, -0.02873134537, -0.01163880573),
                (0.008060708709, -0.02753822166, -0.01163880573),
                (0.008868687356, -0.02613003315, -0.01163880573),
                (0.009589376525, -0.02450618445, -0.01163880573),
                (0.01022479558, -0.02266442324, -0.01163880573),
                (0.01077582587, -0.02059958892, -0.01163880573),
                (0.01124270036, -0.0183014217, -0.01163880573),
                (0.01162530134, -0.01575038058, -0.01163880573),
                (0.01192334937, -0.01290862121, -0.01163880573),
                (0.01213652644, -0.009696527174, -0.01163880573),
                (0.01226455614, -0.005907231032, -0.01163880573),
                (0.01230725417, 0, -0.01163880573),
                (0.01226455614, 0.005907231032, -0.01163880573),
                (0.01213652644, 0.009696527174, -0.01163880573),
                (0.01192334937, 0.01290862121, -0.01163880573),
                (0.01162530134, 0.01575038058, -0.01163880573),
                (0.01124270036, 0.0183014217, -0.01163880573),
                (0.01077582587, 0.02059958892, -0.01163880573),
                (0.01022479558, 0.02266442324, -0.01163880573),
                (0.009589376525, 0.02450618445, -0.01163880573),
                (0.008868687356, 0.02613003315, -0.01163880573),
                (0.008060708709, 0.02753822166, -0.01163880573),
                (0.007161425884, 0.02873134537, -0.01163880573),
                (0.006163192399, 0.02970910342, -0.01163880573),
                (0.005051199605, 0.03047078173, -0.01163880573),
                (0.003794293242, 0.03101556756, -0.01163880573),
                (0.002311525186, 0.03134275458, -0.01163880573),
                (2.610882854e-14, 0.03145187178, -0.01163880573),
                (-0.002311525186, 0.03134275458, -0.01163880573),
                (-0.003794293242, 0.03101556756, -0.01163880573),
                (-0.005051199605, 0.03047078173, -0.01163880573),
                (-0.006163192399, 0.02970910342, -0.01163880573),
                (-0.007161425884, 0.02873134537, -0.01163880573),
                (-0.008060708709, 0.02753822166, -0.01163880573),
                (-0.008868687356, 0.02613003315, -0.01163880573),
                (-0.009589376525, 0.02450618445, -0.01163880573),
                (-0.01022479558, 0.02266442324, -0.01163880573),
                (-0.01077582587, 0.02059958892, -0.01163880573),
                (-0.01124270036, 0.0183014217, -0.01163880573),
                (-0.01162530134, 0.01575038058, -0.01163880573),
                (-0.01192334937, 0.01290862121, -0.01163880573),
                (-0.01213652644, 0.009696527174, -0.01163880573),
                (-0.01226455614, 0.005907231032, -0.01163880573),
                (-0.01328227681, -1.18611191e-13, -0.01101959504),
                (-0.01323619609, -0.006375222016, -0.01101959504),
                (-0.01309802344, -0.01046471912, -0.01101959504),
                (-0.01286795777, -0.0139312862, -0.01101959504),
                (-0.01254629735, -0.01699817943, -0.01101959504),
                (-0.01213338542, -0.01975132273, -0.01101959504),
                (-0.01162952353, -0.0222315586, -0.01101959504),
                (-0.01103483875, -0.02445997613, -0.01101959504),
                (-0.01034907963, -0.02644764794, -0.01101959504),
                (-0.009571295008, -0.02820014347, -0.01101959504),
                (-0.008699305537, -0.02971989348, -0.01101959504),
                (-0.007728778461, -0.03100754052, -0.01101959504),
                (-0.006651461516, -0.03206275989, -0.01101959504),
                (-0.005451372861, -0.03288478096, -0.01101959504),
                (-0.00409489009, -0.03347272658, -0.01101959504),
                (-0.002494652093, -0.03382583446, -0.01101959504),
                (2.817725897e-14, -0.0339435963, -0.01101959504),
                (0.002494652093, -0.03382583446, -0.01101959504),
                (0.00409489009, -0.03347272658, -0.01101959504),
                (0.005451372861, -0.03288478096, -0.01101959504),
                (0.006651461516, -0.03206275989, -0.01101959504),
                (0.007728778461, -0.03100754052, -0.01101959504),
                (0.008699305537, -0.02971989348, -0.01101959504),
                (0.009571295008, -0.02820014347, -0.01101959504),
                (0.01034907963, -0.02644764794, -0.01101959504),
                (0.01103483875, -0.02445997613, -0.01101959504),
                (0.01162952353, -0.0222315586, -0.01101959504),
                (0.01213338542, -0.01975132273, -0.01101959504),
                (0.01254629735, -0.01699817943, -0.01101959504),
                (0.01286795777, -0.0139312862, -0.01101959504),
                (0.01309802344, -0.01046471912, -0.01101959504),
                (0.01323619609, -0.006375222016, -0.01101959504),
                (0.01328227681, 0, -0.01101959504),
                (0.01323619609, 0.006375222016, -0.01101959504),
                (0.01309802344, 0.01046471912, -0.01101959504),
                (0.01286795777, 0.0139312862, -0.01101959504),
                (0.01254629735, 0.01699817943, -0.01101959504),
                (0.01213338542, 0.01975132273, -0.01101959504),
                (0.01162952353, 0.0222315586, -0.01101959504),
                (0.01103483875, 0.02445997613, -0.01101959504),
                (0.01034907963, 0.02644764794, -0.01101959504),
                (0.009571295008, 0.02820014347, -0.01101959504),
                (0.008699305537, 0.02971989348, -0.01101959504),
                (0.007728778461, 0.03100754052, -0.01101959504),
                (0.006651461516, 0.03206275989, -0.01101959504),
                (0.005451372861, 0.03288478096, -0.01101959504),
                (0.00409489009, 0.03347272658, -0.01101959504),
                (0.002494652093, 0.03382583446, -0.01101959504),
                (2.817725897e-14, 0.0339435963, -0.01101959504),
                (-0.002494652093, 0.03382583446, -0.01101959504),
                (-0.00409489009, 0.03347272658, -0.01101959504),
                (-0.005451372861, 0.03288478096, -0.01101959504),
                (-0.006651461516, 0.03206275989, -0.01101959504),
                (-0.007728778461, 0.03100754052, -0.01101959504),
                (-0.008699305537, 0.02971989348, -0.01101959504),
                (-0.009571295008, 0.02820014347, -0.01101959504),
                (-0.01034907963, 0.02644764794, -0.01101959504),
                (-0.01103483875, 0.02445997613, -0.01101959504),
                (-0.01162952353, 0.0222315586, -0.01101959504),
                (-0.01213338542, 0.01975132273, -0.01101959504),
                (-0.01254629735, 0.01699817943, -0.01101959504),
                (-0.01286795777, 0.0139312862, -0.01101959504),
                (-0.01309802344, 0.01046471912, -0.01101959504),
                (-0.01323619609, 0.006375222016, -0.01101959504),
                (-0.01416805076, -1.26521183e-13, -0.01033065974),
                (-0.01411889699, -0.006800375448, -0.01033065974),
                (-0.01397150983, -0.01116259462, -0.01033065974),
                (-0.01372610143, -0.01486034155, -0.01033065974),
                (-0.01338298999, -0.01813176102, -0.01033065974),
                (-0.01294254162, -0.02106850708, -0.01033065974),
                (-0.01240507799, -0.02371414593, -0.01033065974),
                (-0.01177073462, -0.0260911731, -0.01033065974),
                (-0.01103924332, -0.02821139959, -0.01033065974),
                (-0.01020958947, -0.03008076625, -0.01033065974),
                (-0.009279448409, -0.03170186598, -0.01033065974),
                (-0.008244198423, -0.03307538415, -0.01033065974),
                (-0.007095036922, -0.03420097443, -0.01033065974),
                (-0.00581491626, -0.03507781478, -0.01033065974),
                (-0.004367971808, -0.03570496956, -0.01033065974),
                (-0.00266101648, -0.03608162565, -0.01033065974),
                (3.005635562e-14, -0.03620724084, -0.01033065974),
                (0.00266101648, -0.03608162565, -0.01033065974),
                (0.004367971808, -0.03570496956, -0.01033065974),
                (0.00581491626, -0.03507781478, -0.01033065974),
                (0.007095036922, -0.03420097443, -0.01033065974),
                (0.008244198423, -0.03307538415, -0.01033065974),
                (0.009279448409, -0.03170186598, -0.01033065974),
                (0.01020958947, -0.03008076625, -0.01033065974),
                (0.01103924332, -0.02821139959, -0.01033065974),
                (0.01177073462, -0.0260911731, -0.01033065974),
                (0.01240507799, -0.02371414593, -0.01033065974),
                (0.01294254162, -0.02106850708, -0.01033065974),
                (0.01338298999, -0.01813176102, -0.01033065974),
                (0.01372610143, -0.01486034155, -0.01033065974),
                (0.01397150983, -0.01116259462, -0.01033065974),
                (0.01411889699, -0.006800375448, -0.01033065974),
                (0.01416805076, 0, -0.01033065974),
                (0.01411889699, 0.006800375448, -0.01033065974),
                (0.01397150983, 0.01116259462, -0.01033065974),
                (0.01372610143, 0.01486034155, -0.01033065974),
                (0.01338298999, 0.01813176102, -0.01033065974),
                (0.01294254162, 0.02106850708, -0.01033065974),
                (0.01240507799, 0.02371414593, -0.01033065974),
                (0.01177073462, 0.0260911731, -0.01033065974),
                (0.01103924332, 0.02821139959, -0.01033065974),
                (0.01020958947, 0.03008076625, -0.01033065974),
                (0.009279448409, 0.03170186598, -0.01033065974),
                (0.008244198423, 0.03307538415, -0.01033065974),
                (0.007095036922, 0.03420097443, -0.01033065974),
                (0.00581491626, 0.03507781478, -0.01033065974),
                (0.004367971808, 0.03570496956, -0.01033065974),
                (0.00266101648, 0.03608162565, -0.01033065974),
                (3.005635562e-14, 0.03620724084, -0.01033065974),
                (-0.00266101648, 0.03608162565, -0.01033065974),
                (-0.004367971808, 0.03570496956, -0.01033065974),
                (-0.00581491626, 0.03507781478, -0.01033065974),
                (-0.007095036922, 0.03420097443, -0.01033065974),
                (-0.008244198423, 0.03307538415, -0.01033065974),
                (-0.009279448409, 0.03170186598, -0.01033065974),
                (-0.01020958947, 0.03008076625, -0.01033065974),
                (-0.01103924332, 0.02821139959, -0.01033065974),
                (-0.01177073462, 0.0260911731, -0.01033065974),
                (-0.01240507799, 0.02371414593, -0.01033065974),
                (-0.01294254162, 0.02106850708, -0.01033065974),
                (-0.01338298999, 0.01813176102, -0.01033065974),
                (-0.01372610143, 0.01486034155, -0.01033065974),
                (-0.01397150983, 0.01116259462, -0.01033065974),
                (-0.01411889699, 0.006800375448, -0.01033065974),
                (-0.0149641788, -1.336306339e-13, -0.009572308802),
                (-0.01491226299, -0.00718250067, -0.009572308802),
                (-0.01475659387, -0.01178984071, -0.009572308802),
                (-0.01449739555, -0.01569537064, -0.009572308802),
                (-0.01413500406, -0.019150617, -0.009572308802),
                (-0.01366980612, -0.02225238406, -0.009572308802),
                (-0.01310214144, -0.02504668608, -0.009572308802),
                (-0.01243215319, -0.02755728263, -0.009572308802),
                (-0.01165955808, -0.02979664843, -0.009572308802),
                (-0.01078328451, -0.03177105814, -0.009572308802),
                (-0.00980087716, -0.03348325035, -0.009572308802),
                (-0.008707454632, -0.03493394896, -0.009572308802),
                (-0.007493719697, -0.03612278816, -0.009572308802),
                (-0.006141666773, -0.03704889973, -0.009572308802),
                (-0.004613415931, -0.03771129546, -0.009572308802),
                (-0.00281054374, -0.03810911653, -0.009572308802),
                (3.174527583e-14, -0.03824179026, -0.009572308802),
                (0.00281054374, -0.03810911653, -0.009572308802),
                (0.004613415931, -0.03771129546, -0.009572308802),
                (0.006141666773, -0.03704889973, -0.009572308802),
                (0.007493719697, -0.03612278816, -0.009572308802),
                (0.008707454632, -0.03493394896, -0.009572308802),
                (0.00980087716, -0.03348325035, -0.009572308802),
                (0.01078328451, -0.03177105814, -0.009572308802),
                (0.01165955808, -0.02979664843, -0.009572308802),
                (0.01243215319, -0.02755728263, -0.009572308802),
                (0.01310214144, -0.02504668608, -0.009572308802),
                (0.01366980612, -0.02225238406, -0.009572308802),
                (0.01413500406, -0.019150617, -0.009572308802),
                (0.01449739555, -0.01569537064, -0.009572308802),
                (0.01475659387, -0.01178984071, -0.009572308802),
                (0.01491226299, -0.00718250067, -0.009572308802),
                (0.0149641788, 0, -0.009572308802),
                (0.01491226299, 0.00718250067, -0.009572308802),
                (0.01475659387, 0.01178984071, -0.009572308802),
                (0.01449739555, 0.01569537064, -0.009572308802),
                (0.01413500406, 0.019150617, -0.009572308802),
                (0.01366980612, 0.02225238406, -0.009572308802),
                (0.01310214144, 0.02504668608, -0.009572308802),
                (0.01243215319, 0.02755728263, -0.009572308802),
                (0.01165955808, 0.02979664843, -0.009572308802),
                (0.01078328451, 0.03177105814, -0.009572308802),
                (0.00980087716, 0.03348325035, -0.009572308802),
                (0.008707454632, 0.03493394896, -0.009572308802),
                (0.007493719697, 0.03612278816, -0.009572308802),
                (0.006141666773, 0.03704889973, -0.009572308802),
                (0.004613415931, 0.03771129546, -0.009572308802),
                (0.00281054374, 0.03810911653, -0.009572308802),
                (3.174527583e-14, 0.03824179026, -0.009572308802),
                (-0.00281054374, 0.03810911653, -0.009572308802),
                (-0.004613415931, 0.03771129546, -0.009572308802),
                (-0.006141666773, 0.03704889973, -0.009572308802),
                (-0.007493719697, 0.03612278816, -0.009572308802),
                (-0.008707454632, 0.03493394896, -0.009572308802),
                (-0.00980087716, 0.03348325035, -0.009572308802),
                (-0.01078328451, 0.03177105814, -0.009572308802),
                (-0.01165955808, 0.02979664843, -0.009572308802),
                (-0.01243215319, 0.02755728263, -0.009572308802),
                (-0.01310214144, 0.02504668608, -0.009572308802),
                (-0.01366980612, 0.02225238406, -0.009572308802),
                (-0.01413500406, 0.019150617, -0.009572308802),
                (-0.01449739555, 0.01569537064, -0.009572308802),
                (-0.01475659387, 0.01178984071, -0.009572308802),
                (-0.01491226299, 0.00718250067, -0.009572308802),
                (-0.01566988223, -1.399325899e-13, -0.008744320028),
                (-0.0156155181, -0.007521223929, -0.008744320028),
                (-0.01545250771, -0.0123458439, -0.008744320028),
                (-0.01518108571, -0.01643555673, -0.008744320028),
                (-0.01480160402, -0.02005375084, -0.008744320028),
                (-0.01431446756, -0.02330179573, -0.008744320028),
                (-0.0137200321, -0.02622787568, -0.008744320028),
                (-0.01301844752, -0.02885687076, -0.008744320028),
                (-0.0122094172, -0.03120184396, -0.008744320028),
                (-0.01129181899, -0.03326936588, -0.008744320028),
                (-0.01026308179, -0.03506230425, -0.008744320028),
                (-0.009118093982, -0.0365814171, -0.008744320028),
                (-0.007847119894, -0.03782632139, -0.008744320028),
                (-0.006431304809, -0.03879610793, -0.008744320028),
                (-0.004830982396, -0.03948974192, -0.008744320028),
                (-0.002943087624, -0.03990632404, -0.008744320028),
                (3.324236769e-14, -0.04004525459, -0.008744320028),
                (0.002943087624, -0.03990632404, -0.008744320028),
                (0.004830982396, -0.03948974192, -0.008744320028),
                (0.006431304809, -0.03879610793, -0.008744320028),
                (0.007847119894, -0.03782632139, -0.008744320028),
                (0.009118093982, -0.0365814171, -0.008744320028),
                (0.01026308179, -0.03506230425, -0.008744320028),
                (0.01129181899, -0.03326936588, -0.008744320028),
                (0.0122094172, -0.03120184396, -0.008744320028),
                (0.01301844752, -0.02885687076, -0.008744320028),
                (0.0137200321, -0.02622787568, -0.008744320028),
                (0.01431446756, -0.02330179573, -0.008744320028),
                (0.01480160402, -0.02005375084, -0.008744320028),
                (0.01518108571, -0.01643555673, -0.008744320028),
                (0.01545250771, -0.0123458439, -0.008744320028),
                (0.0156155181, -0.007521223929, -0.008744320028),
                (0.01566988223, 0, -0.008744320028),
                (0.0156155181, 0.007521223929, -0.008744320028),
                (0.01545250771, 0.0123458439, -0.008744320028),
                (0.01518108571, 0.01643555673, -0.008744320028),
                (0.01480160402, 0.02005375084, -0.008744320028),
                (0.01431446756, 0.02330179573, -0.008744320028),
                (0.0137200321, 0.02622787568, -0.008744320028),
                (0.01301844752, 0.02885687076, -0.008744320028),
                (0.0122094172, 0.03120184396, -0.008744320028),
                (0.01129181899, 0.03326936588, -0.008744320028),
                (0.01026308179, 0.03506230425, -0.008744320028),
                (0.009118093982, 0.0365814171, -0.008744320028),
                (0.007847119894, 0.03782632139, -0.008744320028),
                (0.006431304809, 0.03879610793, -0.008744320028),
                (0.004830982396, 0.03948974192, -0.008744320028),
                (0.002943087624, 0.03990632404, -0.008744320028),
                (3.324236769e-14, 0.04004525459, -0.008744320028),
                (-0.002943087624, 0.03990632404, -0.008744320028),
                (-0.004830982396, 0.03948974192, -0.008744320028),
                (-0.006431304809, 0.03879610793, -0.008744320028),
                (-0.007847119894, 0.03782632139, -0.008744320028),
                (-0.009118093982, 0.0365814171, -0.008744320028),
                (-0.01026308179, 0.03506230425, -0.008744320028),
                (-0.01129181899, 0.03326936588, -0.008744320028),
                (-0.0122094172, 0.03120184396, -0.008744320028),
                (-0.01301844752, 0.02885687076, -0.008744320028),
                (-0.0137200321, 0.02622787568, -0.008744320028),
                (-0.01431446756, 0.02330179573, -0.008744320028),
                (-0.01480160402, 0.02005375084, -0.008744320028),
                (-0.01518108571, 0.01643555673, -0.008744320028),
                (-0.01545250771, 0.0123458439, -0.008744320028),
                (-0.0156155181, 0.007521223929, -0.008744320028),
                (-0.0162841972, -1.454184439e-13, -0.007845561272),
                (-0.01622770181, -0.007816082587, -0.007845561272),
                (-0.01605830082, -0.01282984478, -0.007845561272),
                (-0.01577623813, -0.01707988886, -0.007845561272),
                (-0.01538187941, -0.02083992901, -0.007845561272),
                (-0.01487564547, -0.02421530879, -0.007845561272),
                (-0.01425790602, -0.02725610145, -0.007845561272),
                (-0.01352881684, -0.02998816246, -0.007845561272),
                (-0.01268806967, -0.03242506693, -0.007845561272),
                (-0.01173449835, -0.03457364305, -0.007845561272),
                (-0.010665431, -0.03643687095, -0.007845561272),
                (-0.009475555612, -0.03801553842, -0.007845561272),
                (-0.008154754831, -0.03930924737, -0.007845561272),
                (-0.006683434771, -0.04031705299, -0.007845561272),
                (-0.005020374043, -0.04103787988, -0.007845561272),
                (-0.003058467099, -0.0414707935, -0.007845561272),
                (3.454558643e-14, -0.04161517063, -0.007845561272),
                (0.003058467099, -0.0414707935, -0.007845561272),
                (0.005020374043, -0.04103787988, -0.007845561272),
                (0.006683434771, -0.04031705299, -0.007845561272),
                (0.008154754831, -0.03930924737, -0.007845561272),
                (0.009475555612, -0.03801553842, -0.007845561272),
                (0.010665431, -0.03643687095, -0.007845561272),
                (0.01173449835, -0.03457364305, -0.007845561272),
                (0.01268806967, -0.03242506693, -0.007845561272),
                (0.01352881684, -0.02998816246, -0.007845561272),
                (0.01425790602, -0.02725610145, -0.007845561272),
                (0.01487564547, -0.02421530879, -0.007845561272),
                (0.01538187941, -0.02083992901, -0.007845561272),
                (0.01577623813, -0.01707988886, -0.007845561272),
                (0.01605830082, -0.01282984478, -0.007845561272),
                (0.01622770181, -0.007816082587, -0.007845561272),
                (0.0162841972, 0, -0.007845561272),
                (0.01622770181, 0.007816082587, -0.007845561272),
                (0.01605830082, 0.01282984478, -0.007845561272),
                (0.01577623813, 0.01707988886, -0.007845561272),
                (0.01538187941, 0.02083992901, -0.007845561272),
                (0.01487564547, 0.02421530879, -0.007845561272),
                (0.01425790602, 0.02725610145, -0.007845561272),
                (0.01352881684, 0.02998816246, -0.007845561272),
                (0.01268806967, 0.03242506693, -0.007845561272),
                (0.01173449835, 0.03457364305, -0.007845561272),
                (0.010665431, 0.03643687095, -0.007845561272),
                (0.009475555612, 0.03801553842, -0.007845561272),
                (0.008154754831, 0.03930924737, -0.007845561272),
                (0.006683434771, 0.04031705299, -0.007845561272),
                (0.005020374043, 0.04103787988, -0.007845561272),
                (0.003058467099, 0.0414707935, -0.007845561272),
                (3.454558643e-14, 0.04161517063, -0.007845561272),
                (-0.003058467099, 0.0414707935, -0.007845561272),
                (-0.005020374043, 0.04103787988, -0.007845561272),
                (-0.006683434771, 0.04031705299, -0.007845561272),
                (-0.008154754831, 0.03930924737, -0.007845561272),
                (-0.009475555612, 0.03801553842, -0.007845561272),
                (-0.010665431, 0.03643687095, -0.007845561272),
                (-0.01173449835, 0.03457364305, -0.007845561272),
                (-0.01268806967, 0.03242506693, -0.007845561272),
                (-0.01352881684, 0.02998816246, -0.007845561272),
                (-0.01425790602, 0.02725610145, -0.007845561272),
                (-0.01487564547, 0.02421530879, -0.007845561272),
                (-0.01538187941, 0.02083992901, -0.007845561272),
                (-0.01577623813, 0.01707988886, -0.007845561272),
                (-0.01605830082, 0.01282984478, -0.007845561272),
                (-0.01622770181, 0.007816082587, -0.007845561272),
                (-0.0168061075, -1.500791209e-13, -0.006873336496),
                (-0.01674780142, -0.008066588887, -0.006873336496),
                (-0.01657297112, -0.0132410427, -0.006873336496),
                (-0.01628186828, -0.01762730116, -0.006873336496),
                (-0.01587487032, -0.02150785101, -0.006873336496),
                (-0.01535241153, -0.02499141208, -0.006873336496),
                (-0.01471487347, -0.02812966247, -0.006873336496),
                (-0.0139624169, -0.03094928634, -0.006873336496),
                (-0.01309472369, -0.03346429387, -0.006873336496),
                (-0.01211059031, -0.03568173208, -0.006873336496),
                (-0.01100725923, -0.03760467664, -0.006873336496),
                (-0.009779248203, -0.03923394058, -0.006873336496),
                (-0.008416115613, -0.04056911304, -0.006873336496),
                (-0.006897639585, -0.04160921894, -0.006873336496),
                (-0.005181277579, -0.04235314841, -0.006873336496),
                (-0.003156491304, -0.04279993696, -0.006873336496),
                (3.565277624e-14, -0.04294894139, -0.006873336496),
                (0.003156491304, -0.04279993696, -0.006873336496),
                (0.005181277579, -0.04235314841, -0.006873336496),
                (0.006897639585, -0.04160921894, -0.006873336496),
                (0.008416115613, -0.04056911304, -0.006873336496),
                (0.009779248203, -0.03923394058, -0.006873336496),
                (0.01100725923, -0.03760467664, -0.006873336496),
                (0.01211059031, -0.03568173208, -0.006873336496),
                (0.01309472369, -0.03346429387, -0.006873336496),
                (0.0139624169, -0.03094928634, -0.006873336496),
                (0.01471487347, -0.02812966247, -0.006873336496),
                (0.01535241153, -0.02499141208, -0.006873336496),
                (0.01587487032, -0.02150785101, -0.006873336496),
                (0.01628186828, -0.01762730116, -0.006873336496),
                (0.01657297112, -0.0132410427, -0.006873336496),
                (0.01674780142, -0.008066588887, -0.006873336496),
                (0.0168061075, 0, -0.006873336496),
                (0.01674780142, 0.008066588887, -0.006873336496),
                (0.01657297112, 0.0132410427, -0.006873336496),
                (0.01628186828, 0.01762730116, -0.006873336496),
                (0.01587487032, 0.02150785101, -0.006873336496),
                (0.01535241153, 0.02499141208, -0.006873336496),
                (0.01471487347, 0.02812966247, -0.006873336496),
                (0.0139624169, 0.03094928634, -0.006873336496),
                (0.01309472369, 0.03346429387, -0.006873336496),
                (0.01211059031, 0.03568173208, -0.006873336496),
                (0.01100725923, 0.03760467664, -0.006873336496),
                (0.009779248203, 0.03923394058, -0.006873336496),
                (0.008416115613, 0.04056911304, -0.006873336496),
                (0.006897639585, 0.04160921894, -0.006873336496),
                (0.005181277579, 0.04235314841, -0.006873336496),
                (0.003156491304, 0.04279993696, -0.006873336496),
                (3.565277624e-14, 0.04294894139, -0.006873336496),
                (-0.003156491304, 0.04279993696, -0.006873336496),
                (-0.005181277579, 0.04235314841, -0.006873336496),
                (-0.006897639585, 0.04160921894, -0.006873336496),
                (-0.008416115613, 0.04056911304, -0.006873336496),
                (-0.009779248203, 0.03923394058, -0.006873336496),
                (-0.01100725923, 0.03760467664, -0.006873336496),
                (-0.01211059031, 0.03568173208, -0.006873336496),
                (-0.01309472369, 0.03346429387, -0.006873336496),
                (-0.0139624169, 0.03094928634, -0.006873336496),
                (-0.01471487347, 0.02812966247, -0.006873336496),
                (-0.01535241153, 0.02499141208, -0.006873336496),
                (-0.01587487032, 0.02150785101, -0.006873336496),
                (-0.01628186828, 0.01762730116, -0.006873336496),
                (-0.01657297112, 0.0132410427, -0.006873336496),
                (-0.01674780142, 0.008066588887, -0.006873336496),
                (-0.01723463705, -1.539059046e-13, -0.00582215371),
                (-0.01717484426, -0.008272274333, -0.00582215371),
                (-0.01699555605, -0.01357866866, -0.00582215371),
                (-0.01669703055, -0.01807676987, -0.00582215371),
                (-0.01627965477, -0.02205626769, -0.00582215371),
                (-0.0157438741, -0.02562865414, -0.00582215371),
                (-0.01509007981, -0.02884692503, -0.00582215371),
                (-0.01431843677, -0.03173844491, -0.00582215371),
                (-0.01342861873, -0.03431758121, -0.00582215371),
                (-0.01241939149, -0.03659156064, -0.00582215371),
                (-0.01128792719, -0.03856353729, -0.00582215371),
                (-0.01002860379, -0.04023434492, -0.00582215371),
                (-0.008630713446, -0.0416035622, -0.00582215371),
                (-0.007073518645, -0.04267018917, -0.00582215371),
                (-0.005313392083, -0.0434330877, -0.00582215371),
                (-0.003236976913, -0.04389126865, -0.00582215371),
                (3.656186648e-14, -0.04404407246, -0.00582215371),
                (0.003236976913, -0.04389126865, -0.00582215371),
                (0.005313392083, -0.0434330877, -0.00582215371),
                (0.007073518645, -0.04267018917, -0.00582215371),
                (0.008630713446, -0.0416035622, -0.00582215371),
                (0.01002860379, -0.04023434492, -0.00582215371),
                (0.01128792719, -0.03856353729, -0.00582215371),
                (0.01241939149, -0.03659156064, -0.00582215371),
                (0.01342861873, -0.03431758121, -0.00582215371),
                (0.01431843677, -0.03173844491, -0.00582215371),
                (0.01509007981, -0.02884692503, -0.00582215371),
                (0.0157438741, -0.02562865414, -0.00582215371),
                (0.01627965477, -0.02205626769, -0.00582215371),
                (0.01669703055, -0.01807676987, -0.00582215371),
                (0.01699555605, -0.01357866866, -0.00582215371),
                (0.01717484426, -0.008272274333, -0.00582215371),
                (0.01723463705, 0, -0.00582215371),
                (0.01717484426, 0.008272274333, -0.00582215371),
                (0.01699555605, 0.01357866866, -0.00582215371),
                (0.01669703055, 0.01807676987, -0.00582215371),
                (0.01627965477, 0.02205626769, -0.00582215371),
                (0.0157438741, 0.02562865414, -0.00582215371),
                (0.01509007981, 0.02884692503, -0.00582215371),
                (0.01431843677, 0.03173844491, -0.00582215371),
                (0.01342861873, 0.03431758121, -0.00582215371),
                (0.01241939149, 0.03659156064, -0.00582215371),
                (0.01128792719, 0.03856353729, -0.00582215371),
                (0.01002860379, 0.04023434492, -0.00582215371),
                (0.008630713446, 0.0416035622, -0.00582215371),
                (0.007073518645, 0.04267018917, -0.00582215371),
                (0.005313392083, 0.0434330877, -0.00582215371),
                (0.003236976913, 0.04389126865, -0.00582215371),
                (3.656186648e-14, 0.04404407246, -0.00582215371),
                (-0.003236976913, 0.04389126865, -0.00582215371),
                (-0.005313392083, 0.0434330877, -0.00582215371),
                (-0.007073518645, 0.04267018917, -0.00582215371),
                (-0.008630713446, 0.0416035622, -0.00582215371),
                (-0.01002860379, 0.04023434492, -0.00582215371),
                (-0.01128792719, 0.03856353729, -0.00582215371),
                (-0.01241939149, 0.03659156064, -0.00582215371),
                (-0.01342861873, 0.03431758121, -0.00582215371),
                (-0.01431843677, 0.03173844491, -0.00582215371),
                (-0.01509007981, 0.02884692503, -0.00582215371),
                (-0.0157438741, 0.02562865414, -0.00582215371),
                (-0.01627965477, 0.02205626769, -0.00582215371),
                (-0.01669703055, 0.01807676987, -0.00582215371),
                (-0.01699555605, 0.01357866866, -0.00582215371),
                (-0.01717484426, 0.008272274333, -0.00582215371),
                (-0.01756891534, -1.568910212e-13, -0.004681102782),
                (-0.01750796282, -0.008432721094, -0.004681102782),
                (-0.01732519719, -0.01384203678, -0.004681102782),
                (-0.01702088157, -0.01842738193, -0.004681102782),
                (-0.01659541049, -0.022484065, -0.004681102782),
                (-0.01604923796, -0.02612574047, -0.004681102782),
                (-0.01538276285, -0.02940643206, -0.004681102782),
                (-0.01459615324, -0.03235403507, -0.004681102782),
                (-0.01368907653, -0.03498319559, -0.004681102782),
                (-0.01266027459, -0.0373012805, -0.004681102782),
                (-0.01150686472, -0.03931150507, -0.004681102782),
                (-0.01022311584, -0.04101471922, -0.004681102782),
                (-0.008798112393, -0.04241049346, -0.004681102782),
                (-0.00721071467, -0.04349780844, -0.004681102782),
                (-0.005416449177, -0.04427550393, -0.004681102782),
                (-0.003299760428, -0.04474257164, -0.004681102782),
                (3.72710104e-14, -0.0448983392, -0.004681102782),
                (0.003299760428, -0.04474257164, -0.004681102782),
                (0.005416449177, -0.04427550393, -0.004681102782),
                (0.00721071467, -0.04349780844, -0.004681102782),
                (0.008798112393, -0.04241049346, -0.004681102782),
                (0.01022311584, -0.04101471922, -0.004681102782),
                (0.01150686472, -0.03931150507, -0.004681102782),
                (0.01266027459, -0.0373012805, -0.004681102782),
                (0.01368907653, -0.03498319559, -0.004681102782),
                (0.01459615324, -0.03235403507, -0.004681102782),
                (0.01538276285, -0.02940643206, -0.004681102782),
                (0.01604923796, -0.02612574047, -0.004681102782),
                (0.01659541049, -0.022484065, -0.004681102782),
                (0.01702088157, -0.01842738193, -0.004681102782),
                (0.01732519719, -0.01384203678, -0.004681102782),
                (0.01750796282, -0.008432721094, -0.004681102782),
                (0.01756891534, 0, -0.004681102782),
                (0.01750796282, 0.008432721094, -0.004681102782),
                (0.01732519719, 0.01384203678, -0.004681102782),
                (0.01702088157, 0.01842738193, -0.004681102782),
                (0.01659541049, 0.022484065, -0.004681102782),
                (0.01604923796, 0.02612574047, -0.004681102782),
                (0.01538276285, 0.02940643206, -0.004681102782),
                (0.01459615324, 0.03235403507, -0.004681102782),
                (0.01368907653, 0.03498319559, -0.004681102782),
                (0.01266027459, 0.0373012805, -0.004681102782),
                (0.01150686472, 0.03931150507, -0.004681102782),
                (0.01022311584, 0.04101471922, -0.004681102782),
                (0.008798112393, 0.04241049346, -0.004681102782),
                (0.00721071467, 0.04349780844, -0.004681102782),
                (0.005416449177, 0.04427550393, -0.004681102782),
                (0.003299760428, 0.04474257164, -0.004681102782),
                (3.72710104e-14, 0.0448983392, -0.004681102782),
                (-0.003299760428, 0.04474257164, -0.004681102782),
                (-0.005416449177, 0.04427550393, -0.004681102782),
                (-0.00721071467, 0.04349780844, -0.004681102782),
                (-0.008798112393, 0.04241049346, -0.004681102782),
                (-0.01022311584, 0.04101471922, -0.004681102782),
                (-0.01150686472, 0.03931150507, -0.004681102782),
                (-0.01266027459, 0.0373012805, -0.004681102782),
                (-0.01368907653, 0.03498319559, -0.004681102782),
                (-0.01459615324, 0.03235403507, -0.004681102782),
                (-0.01538276285, 0.02940643206, -0.004681102782),
                (-0.01604923796, 0.02612574047, -0.004681102782),
                (-0.01659541049, 0.022484065, -0.004681102782),
                (-0.01702088157, 0.01842738193, -0.004681102782),
                (-0.01732519719, 0.01384203678, -0.004681102782),
                (-0.01750796282, 0.008432721094, -0.004681102782),
                (-0.01780822381, -1.590280542e-13, -0.00342714256),
                (-0.01774644105, -0.008547584282, -0.00342714256),
                (-0.01756118595, -0.01403058096, -0.00342714256),
                (-0.0172527252, -0.0186783837, -0.00342714256),
                (-0.01682145873, -0.02279032337, -0.00342714256),
                (-0.01626784671, -0.02648160258, -0.00342714256),
                (-0.01559229346, -0.02980698089, -0.00342714256),
                (-0.01479496934, -0.03279473358, -0.00342714256),
                (-0.01387553722, -0.03545970624, -0.00342714256),
                (-0.01283272184, -0.03780936608, -0.00342714256),
                (-0.01166360122, -0.03984697218, -0.00342714256),
                (-0.01036236623, -0.04157338604, -0.00342714256),
                (-0.008917952624, -0.0429881723, -0.00342714256),
                (-0.007308932751, -0.04409029774, -0.00342714256),
                (-0.005490227334, -0.04487858632, -0.00342714256),
                (-0.003344706893, -0.04535201602, -0.00342714256),
                (3.777868367e-14, -0.0455099053, -0.00342714256),
                (0.003344706893, -0.04535201602, -0.00342714256),
                (0.005490227334, -0.04487858632, -0.00342714256),
                (0.007308932751, -0.04409029774, -0.00342714256),
                (0.008917952624, -0.0429881723, -0.00342714256),
                (0.01036236623, -0.04157338604, -0.00342714256),
                (0.01166360122, -0.03984697218, -0.00342714256),
                (0.01283272184, -0.03780936608, -0.00342714256),
                (0.01387553722, -0.03545970624, -0.00342714256),
                (0.01479496934, -0.03279473358, -0.00342714256),
                (0.01559229346, -0.02980698089, -0.00342714256),
                (0.01626784671, -0.02648160258, -0.00342714256),
                (0.01682145873, -0.02279032337, -0.00342714256),
                (0.0172527252, -0.0186783837, -0.00342714256),
                (0.01756118595, -0.01403058096, -0.00342714256),
                (0.01774644105, -0.008547584282, -0.00342714256),
                (0.01780822381, 0, -0.00342714256),
                (0.01774644105, 0.008547584282, -0.00342714256),
                (0.01756118595, 0.01403058096, -0.00342714256),
                (0.0172527252, 0.0186783837, -0.00342714256),
                (0.01682145873, 0.02279032337, -0.00342714256),
                (0.01626784671, 0.02648160258, -0.00342714256),
                (0.01559229346, 0.02980698089, -0.00342714256),
                (0.01479496934, 0.03279473358, -0.00342714256),
                (0.01387553722, 0.03545970624, -0.00342714256),
                (0.01283272184, 0.03780936608, -0.00342714256),
                (0.01166360122, 0.03984697218, -0.00342714256),
                (0.01036236623, 0.04157338604, -0.00342714256),
                (0.008917952624, 0.0429881723, -0.00342714256),
                (0.007308932751, 0.04409029774, -0.00342714256),
                (0.005490227334, 0.04487858632, -0.00342714256),
                (0.003344706893, 0.04535201602, -0.00342714256),
                (3.777868367e-14, 0.0455099053, -0.00342714256),
                (-0.003344706893, 0.04535201602, -0.00342714256),
                (-0.005490227334, 0.04487858632, -0.00342714256),
                (-0.007308932751, 0.04409029774, -0.00342714256),
                (-0.008917952624, 0.0429881723, -0.00342714256),
                (-0.01036236623, 0.04157338604, -0.00342714256),
                (-0.01166360122, 0.03984697218, -0.00342714256),
                (-0.01283272184, 0.03780936608, -0.00342714256),
                (-0.01387553722, 0.03545970624, -0.00342714256),
                (-0.01479496934, 0.03279473358, -0.00342714256),
                (-0.01559229346, 0.02980698089, -0.00342714256),
                (-0.01626784671, 0.02648160258, -0.00342714256),
                (-0.01682145873, 0.02279032337, -0.00342714256),
                (-0.0172527252, 0.0186783837, -0.00342714256),
                (-0.01756118595, 0.01403058096, -0.00342714256),
                (-0.01774644105, 0.008547584282, -0.00342714256),
                (-0.01795202824, -1.603122327e-13, -0.002001187383),
                (-0.01788974657, -0.008616607474, -0.002001187383),
                (-0.01770299551, -0.01414388028, -0.002001187383),
                (-0.01739204388, -0.01882921481, -0.002001187383),
                (-0.01695729486, -0.0229743591, -0.002001187383),
                (-0.01639921233, -0.026695446, -0.002001187383),
                (-0.01571820388, -0.03004767732, -0.002001187383),
                (-0.01491444122, -0.03305955661, -0.002001187383),
                (-0.01398758454, -0.03574604937, -0.002001187383),
                (-0.01293634824, -0.03811468312, -0.002001187383),
                (-0.01175778678, -0.04016874324, -0.002001187383),
                (-0.01044604409, -0.04190909818, -0.002001187383),
                (-0.008989966603, -0.04333530908, -0.002001187383),
                (-0.007367953621, -0.04444633437, -0.002001187383),
                (-0.00553456185, -0.04524098851, -0.002001187383),
                (-0.003371715968, -0.04571824124, -0.002001187383),
                (3.808375294e-14, -0.0458774055, -0.002001187383),
                (0.003371715968, -0.04571824124, -0.002001187383),
                (0.00553456185, -0.04524098851, -0.002001187383),
                (0.007367953621, -0.04444633437, -0.002001187383),
                (0.008989966603, -0.04333530908, -0.002001187383),
                (0.01044604409, -0.04190909818, -0.002001187383),
                (0.01175778678, -0.04016874324, -0.002001187383),
                (0.01293634824, -0.03811468312, -0.002001187383),
                (0.01398758454, -0.03574604937, -0.002001187383),
                (0.01491444122, -0.03305955661, -0.002001187383),
                (0.01571820388, -0.03004767732, -0.002001187383),
                (0.01639921233, -0.026695446, -0.002001187383),
                (0.01695729486, -0.0229743591, -0.002001187383),
                (0.01739204388, -0.01882921481, -0.002001187383),
                (0.01770299551, -0.01414388028, -0.002001187383),
                (0.01788974657, -0.008616607474, -0.002001187383),
                (0.01795202824, 0, -0.002001187383),
                (0.01788974657, 0.008616607474, -0.002001187383),
                (0.01770299551, 0.01414388028, -0.002001187383),
                (0.01739204388, 0.01882921481, -0.002001187383),
                (0.01695729486, 0.0229743591, -0.002001187383),
                (0.01639921233, 0.026695446, -0.002001187383),
                (0.01571820388, 0.03004767732, -0.002001187383),
                (0.01491444122, 0.03305955661, -0.002001187383),
                (0.01398758454, 0.03574604937, -0.002001187383),
                (0.01293634824, 0.03811468312, -0.002001187383),
                (0.01175778678, 0.04016874324, -0.002001187383),
                (0.01044604409, 0.04190909818, -0.002001187383),
                (0.008989966603, 0.04333530908, -0.002001187383),
                (0.007367953621, 0.04444633437, -0.002001187383),
                (0.00553456185, 0.04524098851, -0.002001187383),
                (0.003371715968, 0.04571824124, -0.002001187383),
                (3.808375294e-14, 0.0458774055, -0.002001187383),
                (-0.003371715968, 0.04571824124, -0.002001187383),
                (-0.00553456185, 0.04524098851, -0.002001187383),
                (-0.007367953621, 0.04444633437, -0.002001187383),
                (-0.008989966603, 0.04333530908, -0.002001187383),
                (-0.01044604409, 0.04190909818, -0.002001187383),
                (-0.01175778678, 0.04016874324, -0.002001187383),
                (-0.01293634824, 0.03811468312, -0.002001187383),
                (-0.01398758454, 0.03574604937, -0.002001187383),
                (-0.01491444122, 0.03305955661, -0.002001187383),
                (-0.01571820388, 0.03004767732, -0.002001187383),
                (-0.01639921233, 0.026695446, -0.002001187383),
                (-0.01695729486, 0.0229743591, -0.002001187383),
                (-0.01739204388, 0.01882921481, -0.002001187383),
                (-0.01770299551, 0.01414388028, -0.002001187383),
                (-0.01788974657, 0.008616607474, -0.002001187383),
                (-0.018, -1.607406221e-13, 0),
                (-0.0179375519, -0.008639632941, 0),
                (-0.01775030179, -0.01418167584, 0),
                (-0.01743851924, -0.01887953061, 0),
                (-0.01700260847, -0.02303575163, 0),
                (-0.01644303462, -0.0267667821, 0),
                (-0.01576020637, -0.03012797131, 0),
                (-0.01495429588, -0.03314789901, 0),
                (-0.01402496243, -0.03584157066, 0),
                (-0.012970917, -0.03821653392, 0),
                (-0.01178920616, -0.04027608294, 0),
                (-0.01047395821, -0.04202108849, 0),
                (-0.009013989767, -0.04345111054, 0),
                (-0.007387642411, -0.04456510473, 0),
                (-0.005549351414, -0.04536188236, 0),
                (-0.003380725933, -0.04584041041, 0),
                (3.818552109e-14, -0.046, 0),
                (0.003380725933, -0.04584041041, 0),
                (0.005549351414, -0.04536188236, 0),
                (0.007387642411, -0.04456510473, 0),
                (0.009013989767, -0.04345111054, 0),
                (0.01047395821, -0.04202108849, 0),
                (0.01178920616, -0.04027608294, 0),
                (0.012970917, -0.03821653392, 0),
                (0.01402496243, -0.03584157066, 0),
                (0.01495429588, -0.03314789901, 0),
                (0.01576020637, -0.03012797131, 0),
                (0.01644303462, -0.0267667821, 0),
                (0.01700260847, -0.02303575163, 0),
                (0.01743851924, -0.01887953061, 0),
                (0.01775030179, -0.01418167584, 0),
                (0.0179375519, -0.008639632941, 0),
                (0.018, 0, 0),
                (0.0179375519, 0.008639632941, 0),
                (0.01775030179, 0.01418167584, 0),
                (0.01743851924, 0.01887953061, 0),
                (0.01700260847, 0.02303575163, 0),
                (0.01644303462, 0.0267667821, 0),
                (0.01576020637, 0.03012797131, 0),
                (0.01495429588, 0.03314789901, 0),
                (0.01402496243, 0.03584157066, 0),
                (0.012970917, 0.03821653392, 0),
                (0.01178920616, 0.04027608294, 0),
                (0.01047395821, 0.04202108849, 0),
                (0.009013989767, 0.04345111054, 0),
                (0.007387642411, 0.04456510473, 0),
                (0.005549351414, 0.04536188236, 0),
                (0.003380725933, 0.04584041041, 0),
                (3.818552109e-14, 0.046, 0),
                (-0.003380725933, 0.04584041041, 0),
                (-0.005549351414, 0.04536188236, 0),
                (-0.007387642411, 0.04456510473, 0),
                (-0.009013989767, 0.04345111054, 0),
                (-0.01047395821, 0.04202108849, 0),
                (-0.01178920616, 0.04027608294, 0),
                (-0.012970917, 0.03821653392, 0),
                (-0.01402496243, 0.03584157066, 0),
                (-0.01495429588, 0.03314789901, 0),
                (-0.01576020637, 0.03012797131, 0),
                (-0.01644303462, 0.0267667821, 0),
                (-0.01700260847, 0.02303575163, 0),
                (-0.01743851924, 0.01887953061, 0),
                (-0.01775030179, 0.01418167584, 0),
                (-0.0179375519, 0.008639632941, 0),
                (-0.01795202824, -1.603122327e-13, 0.002001187383),
                (-0.01788974657, -0.008616607474, 0.002001187383),
                (-0.01770299551, -0.01414388028, 0.002001187383),
                (-0.01739204388, -0.01882921481, 0.002001187383),
                (-0.01695729486, -0.0229743591, 0.002001187383),
                (-0.01639921233, -0.026695446, 0.002001187383),
                (-0.01571820388, -0.03004767732, 0.002001187383),
                (-0.01491444122, -0.03305955661, 0.002001187383),
                (-0.01398758454, -0.03574604937, 0.002001187383),
                (-0.01293634824, -0.03811468312, 0.002001187383),
                (-0.01175778678, -0.04016874324, 0.002001187383),
                (-0.01044604409, -0.04190909818, 0.002001187383),
                (-0.008989966603, -0.04333530908, 0.002001187383),
                (-0.007367953621, -0.04444633437, 0.002001187383),
                (-0.00553456185, -0.04524098851, 0.002001187383),
                (-0.003371715968, -0.04571824124, 0.002001187383),
                (3.808375294e-14, -0.0458774055, 0.002001187383),
                (0.003371715968, -0.04571824124, 0.002001187383),
                (0.00553456185, -0.04524098851, 0.002001187383),
                (0.007367953621, -0.04444633437, 0.002001187383),
                (0.008989966603, -0.04333530908, 0.002001187383),
                (0.01044604409, -0.04190909818, 0.002001187383),
                (0.01175778678, -0.04016874324, 0.002001187383),
                (0.01293634824, -0.03811468312, 0.002001187383),
                (0.01398758454, -0.03574604937, 0.002001187383),
                (0.01491444122, -0.03305955661, 0.002001187383),
                (0.01571820388, -0.03004767732, 0.002001187383),
                (0.01639921233, -0.026695446, 0.002001187383),
                (0.01695729486, -0.0229743591, 0.002001187383),
                (0.01739204388, -0.01882921481, 0.002001187383),
                (0.01770299551, -0.01414388028, 0.002001187383),
                (0.01788974657, -0.008616607474, 0.002001187383),
                (0.01795202824, 0, 0.002001187383),
                (0.01788974657, 0.008616607474, 0.002001187383),
                (0.01770299551, 0.01414388028, 0.002001187383),
                (0.01739204388, 0.01882921481, 0.002001187383),
                (0.01695729486, 0.0229743591, 0.002001187383),
                (0.01639921233, 0.026695446, 0.002001187383),
                (0.01571820388, 0.03004767732, 0.002001187383),
                (0.01491444122, 0.03305955661, 0.002001187383),
                (0.01398758454, 0.03574604937, 0.002001187383),
                (0.01293634824, 0.03811468312, 0.002001187383),
                (0.01175778678, 0.04016874324, 0.002001187383),
                (0.01044604409, 0.04190909818, 0.002001187383),
                (0.008989966603, 0.04333530908, 0.002001187383),
                (0.007367953621, 0.04444633437, 0.002001187383),
                (0.00553456185, 0.04524098851, 0.002001187383),
                (0.003371715968, 0.04571824124, 0.002001187383),
                (3.808375294e-14, 0.0458774055, 0.002001187383),
                (-0.003371715968, 0.04571824124, 0.002001187383),
                (-0.00553456185, 0.04524098851, 0.002001187383),
                (-0.007367953621, 0.04444633437, 0.002001187383),
                (-0.008989966603, 0.04333530908, 0.002001187383),
                (-0.01044604409, 0.04190909818, 0.002001187383),
                (-0.01175778678, 0.04016874324, 0.002001187383),
                (-0.01293634824, 0.03811468312, 0.002001187383),
                (-0.01398758454, 0.03574604937, 0.002001187383),
                (-0.01491444122, 0.03305955661, 0.002001187383),
                (-0.01571820388, 0.03004767732, 0.002001187383),
                (-0.01639921233, 0.026695446, 0.002001187383),
                (-0.01695729486, 0.0229743591, 0.002001187383),
                (-0.01739204388, 0.01882921481, 0.002001187383),
                (-0.01770299551, 0.01414388028, 0.002001187383),
                (-0.01788974657, 0.008616607474, 0.002001187383),
                (-0.01780822381, -1.590280542e-13, 0.00342714256),
                (-0.01774644105, -0.008547584282, 0.00342714256),
                (-0.01756118595, -0.01403058096, 0.00342714256),
                (-0.0172527252, -0.0186783837, 0.00342714256),
                (-0.01682145873, -0.02279032337, 0.00342714256),
                (-0.01626784671, -0.02648160258, 0.00342714256),
                (-0.01559229346, -0.02980698089, 0.00342714256),
                (-0.01479496934, -0.03279473358, 0.00342714256),
                (-0.01387553722, -0.03545970624, 0.00342714256),
                (-0.01283272184, -0.03780936608, 0.00342714256),
                (-0.01166360122, -0.03984697218, 0.00342714256),
                (-0.01036236623, -0.04157338604, 0.00342714256),
                (-0.008917952624, -0.0429881723, 0.00342714256),
                (-0.007308932751, -0.04409029774, 0.00342714256),
                (-0.005490227334, -0.04487858632, 0.00342714256),
                (-0.003344706893, -0.04535201602, 0.00342714256),
                (3.777868367e-14, -0.0455099053, 0.00342714256),
                (0.003344706893, -0.04535201602, 0.00342714256),
                (0.005490227334, -0.04487858632, 0.00342714256),
                (0.007308932751, -0.04409029774, 0.00342714256),
                (0.008917952624, -0.0429881723, 0.00342714256),
                (0.01036236623, -0.04157338604, 0.00342714256),
                (0.01166360122, -0.03984697218, 0.00342714256),
                (0.01283272184, -0.03780936608, 0.00342714256),
                (0.01387553722, -0.03545970624, 0.00342714256),
                (0.01479496934, -0.03279473358, 0.00342714256),
                (0.01559229346, -0.02980698089, 0.00342714256),
                (0.01626784671, -0.02648160258, 0.00342714256),
                (0.01682145873, -0.02279032337, 0.00342714256),
                (0.0172527252, -0.0186783837, 0.00342714256),
                (0.01756118595, -0.01403058096, 0.00342714256),
                (0.01774644105, -0.008547584282, 0.00342714256),
                (0.01780822381, 0, 0.00342714256),
                (0.01774644105, 0.008547584282, 0.00342714256),
                (0.01756118595, 0.01403058096, 0.00342714256),
                (0.0172527252, 0.0186783837, 0.00342714256),
                (0.01682145873, 0.02279032337, 0.00342714256),
                (0.01626784671, 0.02648160258, 0.00342714256),
                (0.01559229346, 0.02980698089, 0.00342714256),
                (0.01479496934, 0.03279473358, 0.00342714256),
                (0.01387553722, 0.03545970624, 0.00342714256),
                (0.01283272184, 0.03780936608, 0.00342714256),
                (0.01166360122, 0.03984697218, 0.00342714256),
                (0.01036236623, 0.04157338604, 0.00342714256),
                (0.008917952624, 0.0429881723, 0.00342714256),
                (0.007308932751, 0.04409029774, 0.00342714256),
                (0.005490227334, 0.04487858632, 0.00342714256),
                (0.003344706893, 0.04535201602, 0.00342714256),
                (3.777868367e-14, 0.0455099053, 0.00342714256),
                (-0.003344706893, 0.04535201602, 0.00342714256),
                (-0.005490227334, 0.04487858632, 0.00342714256),
                (-0.007308932751, 0.04409029774, 0.00342714256),
                (-0.008917952624, 0.0429881723, 0.00342714256),
                (-0.01036236623, 0.04157338604, 0.00342714256),
                (-0.01166360122, 0.03984697218, 0.00342714256),
                (-0.01283272184, 0.03780936608, 0.00342714256),
                (-0.01387553722, 0.03545970624, 0.00342714256),
                (-0.01479496934, 0.03279473358, 0.00342714256),
                (-0.01559229346, 0.02980698089, 0.00342714256),
                (-0.01626784671, 0.02648160258, 0.00342714256),
                (-0.01682145873, 0.02279032337, 0.00342714256),
                (-0.0172527252, 0.0186783837, 0.00342714256),
                (-0.01756118595, 0.01403058096, 0.00342714256),
                (-0.01774644105, 0.008547584282, 0.00342714256),
                (-0.01756891534, -1.568910212e-13, 0.004681102782),
                (-0.01750796282, -0.008432721094, 0.004681102782),
                (-0.01732519719, -0.01384203678, 0.004681102782),
                (-0.01702088157, -0.01842738193, 0.004681102782),
                (-0.01659541049, -0.022484065, 0.004681102782),
                (-0.01604923796, -0.02612574047, 0.004681102782),
                (-0.01538276285, -0.02940643206, 0.004681102782),
                (-0.01459615324, -0.03235403507, 0.004681102782),
                (-0.01368907653, -0.03498319559, 0.004681102782),
                (-0.01266027459, -0.0373012805, 0.004681102782),
                (-0.01150686472, -0.03931150507, 0.004681102782),
                (-0.01022311584, -0.04101471922, 0.004681102782),
                (-0.008798112393, -0.04241049346, 0.004681102782),
                (-0.00721071467, -0.04349780844, 0.004681102782),
                (-0.005416449177, -0.04427550393, 0.004681102782),
                (-0.003299760428, -0.04474257164, 0.004681102782),
                (3.72710104e-14, -0.0448983392, 0.004681102782),
                (0.003299760428, -0.04474257164, 0.004681102782),
                (0.005416449177, -0.04427550393, 0.004681102782),
                (0.00721071467, -0.04349780844, 0.004681102782),
                (0.008798112393, -0.04241049346, 0.004681102782),
                (0.01022311584, -0.04101471922, 0.004681102782),
                (0.01150686472, -0.03931150507, 0.004681102782),
                (0.01266027459, -0.0373012805, 0.004681102782),
                (0.01368907653, -0.03498319559, 0.004681102782),
                (0.01459615324, -0.03235403507, 0.004681102782),
                (0.01538276285, -0.02940643206, 0.004681102782),
                (0.01604923796, -0.02612574047, 0.004681102782),
                (0.01659541049, -0.022484065, 0.004681102782),
                (0.01702088157, -0.01842738193, 0.004681102782),
                (0.01732519719, -0.01384203678, 0.004681102782),
                (0.01750796282, -0.008432721094, 0.004681102782),
                (0.01756891534, 0, 0.004681102782),
                (0.01750796282, 0.008432721094, 0.004681102782),
                (0.01732519719, 0.01384203678, 0.004681102782),
                (0.01702088157, 0.01842738193, 0.004681102782),
                (0.01659541049, 0.022484065, 0.004681102782),
                (0.01604923796, 0.02612574047, 0.004681102782),
                (0.01538276285, 0.02940643206, 0.004681102782),
                (0.01459615324, 0.03235403507, 0.004681102782),
                (0.01368907653, 0.03498319559, 0.004681102782),
                (0.01266027459, 0.0373012805, 0.004681102782),
                (0.01150686472, 0.03931150507, 0.004681102782),
                (0.01022311584, 0.04101471922, 0.004681102782),
                (0.008798112393, 0.04241049346, 0.004681102782),
                (0.00721071467, 0.04349780844, 0.004681102782),
                (0.005416449177, 0.04427550393, 0.004681102782),
                (0.003299760428, 0.04474257164, 0.004681102782),
                (3.72710104e-14, 0.0448983392, 0.004681102782),
                (-0.003299760428, 0.04474257164, 0.004681102782),
                (-0.005416449177, 0.04427550393, 0.004681102782),
                (-0.00721071467, 0.04349780844, 0.004681102782),
                (-0.008798112393, 0.04241049346, 0.004681102782),
                (-0.01022311584, 0.04101471922, 0.004681102782),
                (-0.01150686472, 0.03931150507, 0.004681102782),
                (-0.01266027459, 0.0373012805, 0.004681102782),
                (-0.01368907653, 0.03498319559, 0.004681102782),
                (-0.01459615324, 0.03235403507, 0.004681102782),
                (-0.01538276285, 0.02940643206, 0.004681102782),
                (-0.01604923796, 0.02612574047, 0.004681102782),
                (-0.01659541049, 0.022484065, 0.004681102782),
                (-0.01702088157, 0.01842738193, 0.004681102782),
                (-0.01732519719, 0.01384203678, 0.004681102782),
                (-0.01750796282, 0.008432721094, 0.004681102782),
                (-0.01723463705, -1.539059046e-13, 0.00582215371),
                (-0.01717484426, -0.008272274333, 0.00582215371),
                (-0.01699555605, -0.01357866866, 0.00582215371),
                (-0.01669703055, -0.01807676987, 0.00582215371),
                (-0.01627965477, -0.02205626769, 0.00582215371),
                (-0.0157438741, -0.02562865414, 0.00582215371),
                (-0.01509007981, -0.02884692503, 0.00582215371),
                (-0.01431843677, -0.03173844491, 0.00582215371),
                (-0.01342861873, -0.03431758121, 0.00582215371),
                (-0.01241939149, -0.03659156064, 0.00582215371),
                (-0.01128792719, -0.03856353729, 0.00582215371),
                (-0.01002860379, -0.04023434492, 0.00582215371),
                (-0.008630713446, -0.0416035622, 0.00582215371),
                (-0.007073518645, -0.04267018917, 0.00582215371),
                (-0.005313392083, -0.0434330877, 0.00582215371),
                (-0.003236976913, -0.04389126865, 0.00582215371),
                (3.656186648e-14, -0.04404407246, 0.00582215371),
                (0.003236976913, -0.04389126865, 0.00582215371),
                (0.005313392083, -0.0434330877, 0.00582215371),
                (0.007073518645, -0.04267018917, 0.00582215371),
                (0.008630713446, -0.0416035622, 0.00582215371),
                (0.01002860379, -0.04023434492, 0.00582215371),
                (0.01128792719, -0.03856353729, 0.00582215371),
                (0.01241939149, -0.03659156064, 0.00582215371),
                (0.01342861873, -0.03431758121, 0.00582215371),
                (0.01431843677, -0.03173844491, 0.00582215371),
                (0.01509007981, -0.02884692503, 0.00582215371),
                (0.0157438741, -0.02562865414, 0.00582215371),
                (0.01627965477, -0.02205626769, 0.00582215371),
                (0.01669703055, -0.01807676987, 0.00582215371),
                (0.01699555605, -0.01357866866, 0.00582215371),
                (0.01717484426, -0.008272274333, 0.00582215371),
                (0.01723463705, 0, 0.00582215371),
                (0.01717484426, 0.008272274333, 0.00582215371),
                (0.01699555605, 0.01357866866, 0.00582215371),
                (0.01669703055, 0.01807676987, 0.00582215371),
                (0.01627965477, 0.02205626769, 0.00582215371),
                (0.0157438741, 0.02562865414, 0.00582215371),
                (0.01509007981, 0.02884692503, 0.00582215371),
                (0.01431843677, 0.03173844491, 0.00582215371),
                (0.01342861873, 0.03431758121, 0.00582215371),
                (0.01241939149, 0.03659156064, 0.00582215371),
                (0.01128792719, 0.03856353729, 0.00582215371),
                (0.01002860379, 0.04023434492, 0.00582215371),
                (0.008630713446, 0.0416035622, 0.00582215371),
                (0.007073518645, 0.04267018917, 0.00582215371),
                (0.005313392083, 0.0434330877, 0.00582215371),
                (0.003236976913, 0.04389126865, 0.00582215371),
                (3.656186648e-14, 0.04404407246, 0.00582215371),
                (-0.003236976913, 0.04389126865, 0.00582215371),
                (-0.005313392083, 0.0434330877, 0.00582215371),
                (-0.007073518645, 0.04267018917, 0.00582215371),
                (-0.008630713446, 0.0416035622, 0.00582215371),
                (-0.01002860379, 0.04023434492, 0.00582215371),
                (-0.01128792719, 0.03856353729, 0.00582215371),
                (-0.01241939149, 0.03659156064, 0.00582215371),
                (-0.01342861873, 0.03431758121, 0.00582215371),
                (-0.01431843677, 0.03173844491, 0.00582215371),
                (-0.01509007981, 0.02884692503, 0.00582215371),
                (-0.0157438741, 0.02562865414, 0.00582215371),
                (-0.01627965477, 0.02205626769, 0.00582215371),
                (-0.01669703055, 0.01807676987, 0.00582215371),
                (-0.01699555605, 0.01357866866, 0.00582215371),
                (-0.01717484426, 0.008272274333, 0.00582215371),
                (-0.0168061075, -1.500791209e-13, 0.006873336496),
                (-0.01674780142, -0.008066588887, 0.006873336496),
                (-0.01657297112, -0.0132410427, 0.006873336496),
                (-0.01628186828, -0.01762730116, 0.006873336496),
                (-0.01587487032, -0.02150785101, 0.006873336496),
                (-0.01535241153, -0.02499141208, 0.006873336496),
                (-0.01471487347, -0.02812966247, 0.006873336496),
                (-0.0139624169, -0.03094928634, 0.006873336496),
                (-0.01309472369, -0.03346429387, 0.006873336496),
                (-0.01211059031, -0.03568173208, 0.006873336496),
                (-0.01100725923, -0.03760467664, 0.006873336496),
                (-0.009779248203, -0.03923394058, 0.006873336496),
                (-0.008416115613, -0.04056911304, 0.006873336496),
                (-0.006897639585, -0.04160921894, 0.006873336496),
                (-0.005181277579, -0.04235314841, 0.006873336496),
                (-0.003156491304, -0.04279993696, 0.006873336496),
                (3.565277624e-14, -0.04294894139, 0.006873336496),
                (0.003156491304, -0.04279993696, 0.006873336496),
                (0.005181277579, -0.04235314841, 0.006873336496),
                (0.006897639585, -0.04160921894, 0.006873336496),
                (0.008416115613, -0.04056911304, 0.006873336496),
                (0.009779248203, -0.03923394058, 0.006873336496),
                (0.01100725923, -0.03760467664, 0.006873336496),
                (0.01211059031, -0.03568173208, 0.006873336496),
                (0.01309472369, -0.03346429387, 0.006873336496),
                (0.0139624169, -0.03094928634, 0.006873336496),
                (0.01471487347, -0.02812966247, 0.006873336496),
                (0.01535241153, -0.02499141208, 0.006873336496),
                (0.01587487032, -0.02150785101, 0.006873336496),
                (0.01628186828, -0.01762730116, 0.006873336496),
                (0.01657297112, -0.0132410427, 0.006873336496),
                (0.01674780142, -0.008066588887, 0.006873336496),
                (0.0168061075, 0, 0.006873336496),
                (0.01674780142, 0.008066588887, 0.006873336496),
                (0.01657297112, 0.0132410427, 0.006873336496),
                (0.01628186828, 0.01762730116, 0.006873336496),
                (0.01587487032, 0.02150785101, 0.006873336496),
                (0.01535241153, 0.02499141208, 0.006873336496),
                (0.01471487347, 0.02812966247, 0.006873336496),
                (0.0139624169, 0.03094928634, 0.006873336496),
                (0.01309472369, 0.03346429387, 0.006873336496),
                (0.01211059031, 0.03568173208, 0.006873336496),
                (0.01100725923, 0.03760467664, 0.006873336496),
                (0.009779248203, 0.03923394058, 0.006873336496),
                (0.008416115613, 0.04056911304, 0.006873336496),
                (0.006897639585, 0.04160921894, 0.006873336496),
                (0.005181277579, 0.04235314841, 0.006873336496),
                (0.003156491304, 0.04279993696, 0.006873336496),
                (3.565277624e-14, 0.04294894139, 0.006873336496),
                (-0.003156491304, 0.04279993696, 0.006873336496),
                (-0.005181277579, 0.04235314841, 0.006873336496),
                (-0.006897639585, 0.04160921894, 0.006873336496),
                (-0.008416115613, 0.04056911304, 0.006873336496),
                (-0.009779248203, 0.03923394058, 0.006873336496),
                (-0.01100725923, 0.03760467664, 0.006873336496),
                (-0.01211059031, 0.03568173208, 0.006873336496),
                (-0.01309472369, 0.03346429387, 0.006873336496),
                (-0.0139624169, 0.03094928634, 0.006873336496),
                (-0.01471487347, 0.02812966247, 0.006873336496),
                (-0.01535241153, 0.02499141208, 0.006873336496),
                (-0.01587487032, 0.02150785101, 0.006873336496),
                (-0.01628186828, 0.01762730116, 0.006873336496),
                (-0.01657297112, 0.0132410427, 0.006873336496),
                (-0.01674780142, 0.008066588887, 0.006873336496),
                (-0.0162841972, -1.454184439e-13, 0.007845561272),
                (-0.01622770181, -0.007816082587, 0.007845561272),
                (-0.01605830082, -0.01282984478, 0.007845561272),
                (-0.01577623813, -0.01707988886, 0.007845561272),
                (-0.01538187941, -0.02083992901, 0.007845561272),
                (-0.01487564547, -0.02421530879, 0.007845561272),
                (-0.01425790602, -0.02725610145, 0.007845561272),
                (-0.01352881684, -0.02998816246, 0.007845561272),
                (-0.01268806967, -0.03242506693, 0.007845561272),
                (-0.01173449835, -0.03457364305, 0.007845561272),
                (-0.010665431, -0.03643687095, 0.007845561272),
                (-0.009475555612, -0.03801553842, 0.007845561272),
                (-0.008154754831, -0.03930924737, 0.007845561272),
                (-0.006683434771, -0.04031705299, 0.007845561272),
                (-0.005020374043, -0.04103787988, 0.007845561272),
                (-0.003058467099, -0.0414707935, 0.007845561272),
                (3.454558643e-14, -0.04161517063, 0.007845561272),
                (0.003058467099, -0.0414707935, 0.007845561272),
                (0.005020374043, -0.04103787988, 0.007845561272),
                (0.006683434771, -0.04031705299, 0.007845561272),
                (0.008154754831, -0.03930924737, 0.007845561272),
                (0.009475555612, -0.03801553842, 0.007845561272),
                (0.010665431, -0.03643687095, 0.007845561272),
                (0.01173449835, -0.03457364305, 0.007845561272),
                (0.01268806967, -0.03242506693, 0.007845561272),
                (0.01352881684, -0.02998816246, 0.007845561272),
                (0.01425790602, -0.02725610145, 0.007845561272),
                (0.01487564547, -0.02421530879, 0.007845561272),
                (0.01538187941, -0.02083992901, 0.007845561272),
                (0.01577623813, -0.01707988886, 0.007845561272),
                (0.01605830082, -0.01282984478, 0.007845561272),
                (0.01622770181, -0.007816082587, 0.007845561272),
                (0.0162841972, 0, 0.007845561272),
                (0.01622770181, 0.007816082587, 0.007845561272),
                (0.01605830082, 0.01282984478, 0.007845561272),
                (0.01577623813, 0.01707988886, 0.007845561272),
                (0.01538187941, 0.02083992901, 0.007845561272),
                (0.01487564547, 0.02421530879, 0.007845561272),
                (0.01425790602, 0.02725610145, 0.007845561272),
                (0.01352881684, 0.02998816246, 0.007845561272),
                (0.01268806967, 0.03242506693, 0.007845561272),
                (0.01173449835, 0.03457364305, 0.007845561272),
                (0.010665431, 0.03643687095, 0.007845561272),
                (0.009475555612, 0.03801553842, 0.007845561272),
                (0.008154754831, 0.03930924737, 0.007845561272),
                (0.006683434771, 0.04031705299, 0.007845561272),
                (0.005020374043, 0.04103787988, 0.007845561272),
                (0.003058467099, 0.0414707935, 0.007845561272),
                (3.454558643e-14, 0.04161517063, 0.007845561272),
                (-0.003058467099, 0.0414707935, 0.007845561272),
                (-0.005020374043, 0.04103787988, 0.007845561272),
                (-0.006683434771, 0.04031705299, 0.007845561272),
                (-0.008154754831, 0.03930924737, 0.007845561272),
                (-0.009475555612, 0.03801553842, 0.007845561272),
                (-0.010665431, 0.03643687095, 0.007845561272),
                (-0.01173449835, 0.03457364305, 0.007845561272),
                (-0.01268806967, 0.03242506693, 0.007845561272),
                (-0.01352881684, 0.02998816246, 0.007845561272),
                (-0.01425790602, 0.02725610145, 0.007845561272),
                (-0.01487564547, 0.02421530879, 0.007845561272),
                (-0.01538187941, 0.02083992901, 0.007845561272),
                (-0.01577623813, 0.01707988886, 0.007845561272),
                (-0.01605830082, 0.01282984478, 0.007845561272),
                (-0.01622770181, 0.007816082587, 0.007845561272),
                (-0.01566988223, -1.399325899e-13, 0.008744320028),
                (-0.0156155181, -0.007521223929, 0.008744320028),
                (-0.01545250771, -0.0123458439, 0.008744320028),
                (-0.01518108571, -0.01643555673, 0.008744320028),
                (-0.01480160402, -0.02005375084, 0.008744320028),
                (-0.01431446756, -0.02330179573, 0.008744320028),
                (-0.0137200321, -0.02622787568, 0.008744320028),
                (-0.01301844752, -0.02885687076, 0.008744320028),
                (-0.0122094172, -0.03120184396, 0.008744320028),
                (-0.01129181899, -0.03326936588, 0.008744320028),
                (-0.01026308179, -0.03506230425, 0.008744320028),
                (-0.009118093982, -0.0365814171, 0.008744320028),
                (-0.007847119894, -0.03782632139, 0.008744320028),
                (-0.006431304809, -0.03879610793, 0.008744320028),
                (-0.004830982396, -0.03948974192, 0.008744320028),
                (-0.002943087624, -0.03990632404, 0.008744320028),
                (3.324236769e-14, -0.04004525459, 0.008744320028),
                (0.002943087624, -0.03990632404, 0.008744320028),
                (0.004830982396, -0.03948974192, 0.008744320028),
                (0.006431304809, -0.03879610793, 0.008744320028),
                (0.007847119894, -0.03782632139, 0.008744320028),
                (0.009118093982, -0.0365814171, 0.008744320028),
                (0.01026308179, -0.03506230425, 0.008744320028),
                (0.01129181899, -0.03326936588, 0.008744320028),
                (0.0122094172, -0.03120184396, 0.008744320028),
                (0.01301844752, -0.02885687076, 0.008744320028),
                (0.0137200321, -0.02622787568, 0.008744320028),
                (0.01431446756, -0.02330179573, 0.008744320028),
                (0.01480160402, -0.02005375084, 0.008744320028),
                (0.01518108571, -0.01643555673, 0.008744320028),
                (0.01545250771, -0.0123458439, 0.008744320028),
                (0.0156155181, -0.007521223929, 0.008744320028),
                (0.01566988223, 0, 0.008744320028),
                (0.0156155181, 0.007521223929, 0.008744320028),
                (0.01545250771, 0.0123458439, 0.008744320028),
                (0.01518108571, 0.01643555673, 0.008744320028),
                (0.01480160402, 0.02005375084, 0.008744320028),
                (0.01431446756, 0.02330179573, 0.008744320028),
                (0.0137200321, 0.02622787568, 0.008744320028),
                (0.01301844752, 0.02885687076, 0.008744320028),
                (0.0122094172, 0.03120184396, 0.008744320028),
                (0.01129181899, 0.03326936588, 0.008744320028),
                (0.01026308179, 0.03506230425, 0.008744320028),
                (0.009118093982, 0.0365814171, 0.008744320028),
                (0.007847119894, 0.03782632139, 0.008744320028),
                (0.006431304809, 0.03879610793, 0.008744320028),
                (0.004830982396, 0.03948974192, 0.008744320028),
                (0.002943087624, 0.03990632404, 0.008744320028),
                (3.324236769e-14, 0.04004525459, 0.008744320028),
                (-0.002943087624, 0.03990632404, 0.008744320028),
                (-0.004830982396, 0.03948974192, 0.008744320028),
                (-0.006431304809, 0.03879610793, 0.008744320028),
                (-0.007847119894, 0.03782632139, 0.008744320028),
                (-0.009118093982, 0.0365814171, 0.008744320028),
                (-0.01026308179, 0.03506230425, 0.008744320028),
                (-0.01129181899, 0.03326936588, 0.008744320028),
                (-0.0122094172, 0.03120184396, 0.008744320028),
                (-0.01301844752, 0.02885687076, 0.008744320028),
                (-0.0137200321, 0.02622787568, 0.008744320028),
                (-0.01431446756, 0.02330179573, 0.008744320028),
                (-0.01480160402, 0.02005375084, 0.008744320028),
                (-0.01518108571, 0.01643555673, 0.008744320028),
                (-0.01545250771, 0.0123458439, 0.008744320028),
                (-0.0156155181, 0.007521223929, 0.008744320028),
                (-0.0149641788, -1.336306339e-13, 0.009572308802),
                (-0.01491226299, -0.00718250067, 0.009572308802),
                (-0.01475659387, -0.01178984071, 0.009572308802),
                (-0.01449739555, -0.01569537064, 0.009572308802),
                (-0.01413500406, -0.019150617, 0.009572308802),
                (-0.01366980612, -0.02225238406, 0.009572308802),
                (-0.01310214144, -0.02504668608, 0.009572308802),
                (-0.01243215319, -0.02755728263, 0.009572308802),
                (-0.01165955808, -0.02979664843, 0.009572308802),
                (-0.01078328451, -0.03177105814, 0.009572308802),
                (-0.00980087716, -0.03348325035, 0.009572308802),
                (-0.008707454632, -0.03493394896, 0.009572308802),
                (-0.007493719697, -0.03612278816, 0.009572308802),
                (-0.006141666773, -0.03704889973, 0.009572308802),
                (-0.004613415931, -0.03771129546, 0.009572308802),
                (-0.00281054374, -0.03810911653, 0.009572308802),
                (3.174527583e-14, -0.03824179026, 0.009572308802),
                (0.00281054374, -0.03810911653, 0.009572308802),
                (0.004613415931, -0.03771129546, 0.009572308802),
                (0.006141666773, -0.03704889973, 0.009572308802),
                (0.007493719697, -0.03612278816, 0.009572308802),
                (0.008707454632, -0.03493394896, 0.009572308802),
                (0.00980087716, -0.03348325035, 0.009572308802),
                (0.01078328451, -0.03177105814, 0.009572308802),
                (0.01165955808, -0.02979664843, 0.009572308802),
                (0.01243215319, -0.02755728263, 0.009572308802),
                (0.01310214144, -0.02504668608, 0.009572308802),
                (0.01366980612, -0.02225238406, 0.009572308802),
                (0.01413500406, -0.019150617, 0.009572308802),
                (0.01449739555, -0.01569537064, 0.009572308802),
                (0.01475659387, -0.01178984071, 0.009572308802),
                (0.01491226299, -0.00718250067, 0.009572308802),
                (0.0149641788, 0, 0.009572308802),
                (0.01491226299, 0.00718250067, 0.009572308802),
                (0.01475659387, 0.01178984071, 0.009572308802),
                (0.01449739555, 0.01569537064, 0.009572308802),
                (0.01413500406, 0.019150617, 0.009572308802),
                (0.01366980612, 0.02225238406, 0.009572308802),
                (0.01310214144, 0.02504668608, 0.009572308802),
                (0.01243215319, 0.02755728263, 0.009572308802),
                (0.01165955808, 0.02979664843, 0.009572308802),
                (0.01078328451, 0.03177105814, 0.009572308802),
                (0.00980087716, 0.03348325035, 0.009572308802),
                (0.008707454632, 0.03493394896, 0.009572308802),
                (0.007493719697, 0.03612278816, 0.009572308802),
                (0.006141666773, 0.03704889973, 0.009572308802),
                (0.004613415931, 0.03771129546, 0.009572308802),
                (0.00281054374, 0.03810911653, 0.009572308802),
                (3.174527583e-14, 0.03824179026, 0.009572308802),
                (-0.00281054374, 0.03810911653, 0.009572308802),
                (-0.004613415931, 0.03771129546, 0.009572308802),
                (-0.006141666773, 0.03704889973, 0.009572308802),
                (-0.007493719697, 0.03612278816, 0.009572308802),
                (-0.008707454632, 0.03493394896, 0.009572308802),
                (-0.00980087716, 0.03348325035, 0.009572308802),
                (-0.01078328451, 0.03177105814, 0.009572308802),
                (-0.01165955808, 0.02979664843, 0.009572308802),
                (-0.01243215319, 0.02755728263, 0.009572308802),
                (-0.01310214144, 0.02504668608, 0.009572308802),
                (-0.01366980612, 0.02225238406, 0.009572308802),
                (-0.01413500406, 0.019150617, 0.009572308802),
                (-0.01449739555, 0.01569537064, 0.009572308802),
                (-0.01475659387, 0.01178984071, 0.009572308802),
                (-0.01491226299, 0.00718250067, 0.009572308802),
                (-0.01416805076, -1.26521183e-13, 0.01033065974),
                (-0.01411889699, -0.006800375448, 0.01033065974),
                (-0.01397150983, -0.01116259462, 0.01033065974),
                (-0.01372610143, -0.01486034155, 0.01033065974),
                (-0.01338298999, -0.01813176102, 0.01033065974),
                (-0.01294254162, -0.02106850708, 0.01033065974),
                (-0.01240507799, -0.02371414593, 0.01033065974),
                (-0.01177073462, -0.0260911731, 0.01033065974),
                (-0.01103924332, -0.02821139959, 0.01033065974),
                (-0.01020958947, -0.03008076625, 0.01033065974),
                (-0.009279448409, -0.03170186598, 0.01033065974),
                (-0.008244198423, -0.03307538415, 0.01033065974),
                (-0.007095036922, -0.03420097443, 0.01033065974),
                (-0.00581491626, -0.03507781478, 0.01033065974),
                (-0.004367971808, -0.03570496956, 0.01033065974),
                (-0.00266101648, -0.03608162565, 0.01033065974),
                (3.005635562e-14, -0.03620724084, 0.01033065974),
                (0.00266101648, -0.03608162565, 0.01033065974),
                (0.004367971808, -0.03570496956, 0.01033065974),
                (0.00581491626, -0.03507781478, 0.01033065974),
                (0.007095036922, -0.03420097443, 0.01033065974),
                (0.008244198423, -0.03307538415, 0.01033065974),
                (0.009279448409, -0.03170186598, 0.01033065974),
                (0.01020958947, -0.03008076625, 0.01033065974),
                (0.01103924332, -0.02821139959, 0.01033065974),
                (0.01177073462, -0.0260911731, 0.01033065974),
                (0.01240507799, -0.02371414593, 0.01033065974),
                (0.01294254162, -0.02106850708, 0.01033065974),
                (0.01338298999, -0.01813176102, 0.01033065974),
                (0.01372610143, -0.01486034155, 0.01033065974),
                (0.01397150983, -0.01116259462, 0.01033065974),
                (0.01411889699, -0.006800375448, 0.01033065974),
                (0.01416805076, 0, 0.01033065974),
                (0.01411889699, 0.006800375448, 0.01033065974),
                (0.01397150983, 0.01116259462, 0.01033065974),
                (0.01372610143, 0.01486034155, 0.01033065974),
                (0.01338298999, 0.01813176102, 0.01033065974),
                (0.01294254162, 0.02106850708, 0.01033065974),
                (0.01240507799, 0.02371414593, 0.01033065974),
                (0.01177073462, 0.0260911731, 0.01033065974),
                (0.01103924332, 0.02821139959, 0.01033065974),
                (0.01020958947, 0.03008076625, 0.01033065974),
                (0.009279448409, 0.03170186598, 0.01033065974),
                (0.008244198423, 0.03307538415, 0.01033065974),
                (0.007095036922, 0.03420097443, 0.01033065974),
                (0.00581491626, 0.03507781478, 0.01033065974),
                (0.004367971808, 0.03570496956, 0.01033065974),
                (0.00266101648, 0.03608162565, 0.01033065974),
                (3.005635562e-14, 0.03620724084, 0.01033065974),
                (-0.00266101648, 0.03608162565, 0.01033065974),
                (-0.004367971808, 0.03570496956, 0.01033065974),
                (-0.00581491626, 0.03507781478, 0.01033065974),
                (-0.007095036922, 0.03420097443, 0.01033065974),
                (-0.008244198423, 0.03307538415, 0.01033065974),
                (-0.009279448409, 0.03170186598, 0.01033065974),
                (-0.01020958947, 0.03008076625, 0.01033065974),
                (-0.01103924332, 0.02821139959, 0.01033065974),
                (-0.01177073462, 0.0260911731, 0.01033065974),
                (-0.01240507799, 0.02371414593, 0.01033065974),
                (-0.01294254162, 0.02106850708, 0.01033065974),
                (-0.01338298999, 0.01813176102, 0.01033065974),
                (-0.01372610143, 0.01486034155, 0.01033065974),
                (-0.01397150983, 0.01116259462, 0.01033065974),
                (-0.01411889699, 0.006800375448, 0.01033065974),
                (-0.01328227681, -1.18611191e-13, 0.01101959504),
                (-0.01323619609, -0.006375222016, 0.01101959504),
                (-0.01309802344, -0.01046471912, 0.01101959504),
                (-0.01286795777, -0.0139312862, 0.01101959504),
                (-0.01254629735, -0.01699817943, 0.01101959504),
                (-0.01213338542, -0.01975132273, 0.01101959504),
                (-0.01162952353, -0.0222315586, 0.01101959504),
                (-0.01103483875, -0.02445997613, 0.01101959504),
                (-0.01034907963, -0.02644764794, 0.01101959504),
                (-0.009571295008, -0.02820014347, 0.01101959504),
                (-0.008699305537, -0.02971989348, 0.01101959504),
                (-0.007728778461, -0.03100754052, 0.01101959504),
                (-0.006651461516, -0.03206275989, 0.01101959504),
                (-0.005451372861, -0.03288478096, 0.01101959504),
                (-0.00409489009, -0.03347272658, 0.01101959504),
                (-0.002494652093, -0.03382583446, 0.01101959504),
                (2.817725897e-14, -0.0339435963, 0.01101959504),
                (0.002494652093, -0.03382583446, 0.01101959504),
                (0.00409489009, -0.03347272658, 0.01101959504),
                (0.005451372861, -0.03288478096, 0.01101959504),
                (0.006651461516, -0.03206275989, 0.01101959504),
                (0.007728778461, -0.03100754052, 0.01101959504),
                (0.008699305537, -0.02971989348, 0.01101959504),
                (0.009571295008, -0.02820014347, 0.01101959504),
                (0.01034907963, -0.02644764794, 0.01101959504),
                (0.01103483875, -0.02445997613, 0.01101959504),
                (0.01162952353, -0.0222315586, 0.01101959504),
                (0.01213338542, -0.01975132273, 0.01101959504),
                (0.01254629735, -0.01699817943, 0.01101959504),
                (0.01286795777, -0.0139312862, 0.01101959504),
                (0.01309802344, -0.01046471912, 0.01101959504),
                (0.01323619609, -0.006375222016, 0.01101959504),
                (0.01328227681, 0, 0.01101959504),
                (0.01323619609, 0.006375222016, 0.01101959504),
                (0.01309802344, 0.01046471912, 0.01101959504),
                (0.01286795777, 0.0139312862, 0.01101959504),
                (0.01254629735, 0.01699817943, 0.01101959504),
                (0.01213338542, 0.01975132273, 0.01101959504),
                (0.01162952353, 0.0222315586, 0.01101959504),
                (0.01103483875, 0.02445997613, 0.01101959504),
                (0.01034907963, 0.02644764794, 0.01101959504),
                (0.009571295008, 0.02820014347, 0.01101959504),
                (0.008699305537, 0.02971989348, 0.01101959504),
                (0.007728778461, 0.03100754052, 0.01101959504),
                (0.006651461516, 0.03206275989, 0.01101959504),
                (0.005451372861, 0.03288478096, 0.01101959504),
                (0.00409489009, 0.03347272658, 0.01101959504),
                (0.002494652093, 0.03382583446, 0.01101959504),
                (2.817725897e-14, 0.0339435963, 0.01101959504),
                (-0.002494652093, 0.03382583446, 0.01101959504),
                (-0.00409489009, 0.03347272658, 0.01101959504),
                (-0.005451372861, 0.03288478096, 0.01101959504),
                (-0.006651461516, 0.03206275989, 0.01101959504),
                (-0.007728778461, 0.03100754052, 0.01101959504),
                (-0.008699305537, 0.02971989348, 0.01101959504),
                (-0.009571295008, 0.02820014347, 0.01101959504),
                (-0.01034907963, 0.02644764794, 0.01101959504),
                (-0.01103483875, 0.02445997613, 0.01101959504),
                (-0.01162952353, 0.0222315586, 0.01101959504),
                (-0.01213338542, 0.01975132273, 0.01101959504),
                (-0.01254629735, 0.01699817943, 0.01101959504),
                (-0.01286795777, 0.0139312862, 0.01101959504),
                (-0.01309802344, 0.01046471912, 0.01101959504),
                (-0.01323619609, 0.006375222016, 0.01101959504),
                (-0.01230725417, -1.099042052e-13, 0.01163880573),
                (-0.01226455614, -0.005907231032, 0.01163880573),
                (-0.01213652644, -0.009696527174, 0.01163880573),
                (-0.01192334937, -0.01290862121, 0.01163880573),
                (-0.01162530134, -0.01575038058, 0.01163880573),
                (-0.01124270036, -0.0183014217, 0.01163880573),
                (-0.01077582587, -0.02059958892, 0.01163880573),
                (-0.01022479558, -0.02266442324, 0.01163880573),
                (-0.009589376525, -0.02450618445, 0.01163880573),
                (-0.008868687356, -0.02613003315, 0.01163880573),
                (-0.008060708709, -0.02753822166, 0.01163880573),
                (-0.007161425884, -0.02873134537, 0.01163880573),
                (-0.006163192399, -0.02970910342, 0.01163880573),
                (-0.005051199605, -0.03047078173, 0.01163880573),
                (-0.003794293242, -0.03101556756, 0.01163880573),
                (-0.002311525186, -0.03134275458, 0.01163880573),
                (2.610882854e-14, -0.03145187178, 0.01163880573),
                (0.002311525186, -0.03134275458, 0.01163880573),
                (0.003794293242, -0.03101556756, 0.01163880573),
                (0.005051199605, -0.03047078173, 0.01163880573),
                (0.006163192399, -0.02970910342, 0.01163880573),
                (0.007161425884, -0.02873134537, 0.01163880573),
                (0.008060708709, -0.02753822166, 0.01163880573),
                (0.008868687356, -0.02613003315, 0.01163880573),
                (0.009589376525, -0.02450618445, 0.01163880573),
                (0.01022479558, -0.02266442324, 0.01163880573),
                (0.01077582587, -0.02059958892, 0.01163880573),
                (0.01124270036, -0.0183014217, 0.01163880573),
                (0.01162530134, -0.01575038058, 0.01163880573),
                (0.01192334937, -0.01290862121, 0.01163880573),
                (0.01213652644, -0.009696527174, 0.01163880573),
                (0.01226455614, -0.005907231032, 0.01163880573),
                (0.01230725417, 0, 0.01163880573),
                (0.01226455614, 0.005907231032, 0.01163880573),
                (0.01213652644, 0.009696527174, 0.01163880573),
                (0.01192334937, 0.01290862121, 0.01163880573),
                (0.01162530134, 0.01575038058, 0.01163880573),
                (0.01124270036, 0.0183014217, 0.01163880573),
                (0.01077582587, 0.02059958892, 0.01163880573),
                (0.01022479558, 0.02266442324, 0.01163880573),
                (0.009589376525, 0.02450618445, 0.01163880573),
                (0.008868687356, 0.02613003315, 0.01163880573),
                (0.008060708709, 0.02753822166, 0.01163880573),
                (0.007161425884, 0.02873134537, 0.01163880573),
                (0.006163192399, 0.02970910342, 0.01163880573),
                (0.005051199605, 0.03047078173, 0.01163880573),
                (0.003794293242, 0.03101556756, 0.01163880573),
                (0.002311525186, 0.03134275458, 0.01163880573),
                (2.610882854e-14, 0.03145187178, 0.01163880573),
                (-0.002311525186, 0.03134275458, 0.01163880573),
                (-0.003794293242, 0.03101556756, 0.01163880573),
                (-0.005051199605, 0.03047078173, 0.01163880573),
                (-0.006163192399, 0.02970910342, 0.01163880573),
                (-0.007161425884, 0.02873134537, 0.01163880573),
                (-0.008060708709, 0.02753822166, 0.01163880573),
                (-0.008868687356, 0.02613003315, 0.01163880573),
                (-0.009589376525, 0.02450618445, 0.01163880573),
                (-0.01022479558, 0.02266442324, 0.01163880573),
                (-0.01077582587, 0.02059958892, 0.01163880573),
                (-0.01124270036, 0.0183014217, 0.01163880573),
                (-0.01162530134, 0.01575038058, 0.01163880573),
                (-0.01192334937, 0.01290862121, 0.01163880573),
                (-0.01213652644, 0.009696527174, 0.01163880573),
                (-0.01226455614, 0.005907231032, 0.01163880573),
                (-0.01124269718, -1.003976744e-13, 0.01218768618),
                (-0.01120369245, -0.005396265383, 0.01218768618),
                (-0.01108673711, -0.008857793718, 0.01218768618),
                (-0.0108919995, -0.01179204697, 0.01218768618),
                (-0.01061973213, -0.01438799888, 0.01218768618),
                (-0.0102702255, -0.0167183792, 0.01218768618),
                (-0.00984373487, -0.01881775878, 0.01218768618),
                (-0.009340367786, -0.02070398837, 0.01218768618),
                (-0.008759911422, -0.0223864403, 0.01218768618),
                (-0.008101560666, -0.02386982879, 0.01218768618),
                (-0.007363470826, -0.02515621134, 0.01218768618),
                (-0.006541974469, -0.02624613183, 0.01218768618),
                (-0.005630086518, -0.02713931544, 0.01218768618),
                (-0.00461427925, -0.02783510985, 0.01218768618),
                (-0.003466093194, -0.02833277261, 0.01218768618),
                (-0.002111582106, -0.02863165849, 0.01218768618),
                (2.385045835e-14, -0.02873133724, 0.01218768618),
                (0.002111582106, -0.02863165849, 0.01218768618),
                (0.003466093194, -0.02833277261, 0.01218768618),
                (0.00461427925, -0.02783510985, 0.01218768618),
                (0.005630086518, -0.02713931544, 0.01218768618),
                (0.006541974469, -0.02624613183, 0.01218768618),
                (0.007363470826, -0.02515621134, 0.01218768618),
                (0.008101560666, -0.02386982879, 0.01218768618),
                (0.008759911422, -0.0223864403, 0.01218768618),
                (0.009340367786, -0.02070398837, 0.01218768618),
                (0.00984373487, -0.01881775878, 0.01218768618),
                (0.0102702255, -0.0167183792, 0.01218768618),
                (0.01061973213, -0.01438799888, 0.01218768618),
                (0.0108919995, -0.01179204697, 0.01218768618),
                (0.01108673711, -0.008857793718, 0.01218768618),
                (0.01120369245, -0.005396265383, 0.01218768618),
                (0.01124269718, 0, 0.01218768618),
                (0.01120369245, 0.005396265383, 0.01218768618),
                (0.01108673711, 0.008857793718, 0.01218768618),
                (0.0108919995, 0.01179204697, 0.01218768618),
                (0.01061973213, 0.01438799888, 0.01218768618),
                (0.0102702255, 0.0167183792, 0.01218768618),
                (0.00984373487, 0.01881775878, 0.01218768618),
                (0.009340367786, 0.02070398837, 0.01218768618),
                (0.008759911422, 0.0223864403, 0.01218768618),
                (0.008101560666, 0.02386982879, 0.01218768618),
                (0.007363470826, 0.02515621134, 0.01218768618),
                (0.006541974469, 0.02624613183, 0.01218768618),
                (0.005630086518, 0.02713931544, 0.01218768618),
                (0.00461427925, 0.02783510985, 0.01218768618),
                (0.003466093194, 0.02833277261, 0.01218768618),
                (0.002111582106, 0.02863165849, 0.01218768618),
                (2.385045835e-14, 0.02873133724, 0.01218768618),
                (-0.002111582106, 0.02863165849, 0.01218768618),
                (-0.003466093194, 0.02833277261, 0.01218768618),
                (-0.00461427925, 0.02783510985, 0.01218768618),
                (-0.005630086518, 0.02713931544, 0.01218768618),
                (-0.006541974469, 0.02624613183, 0.01218768618),
                (-0.007363470826, 0.02515621134, 0.01218768618),
                (-0.008101560666, 0.02386982879, 0.01218768618),
                (-0.008759911422, 0.0223864403, 0.01218768618),
                (-0.009340367786, 0.02070398837, 0.01218768618),
                (-0.00984373487, 0.01881775878, 0.01218768618),
                (-0.0102702255, 0.0167183792, 0.01218768618),
                (-0.01061973213, 0.01438799888, 0.01218768618),
                (-0.0108919995, 0.01179204697, 0.01218768618),
                (-0.01108673711, 0.008857793718, 0.01218768618),
                (-0.01120369245, 0.005396265383, 0.01218768618),
                (-0.01008715021, -9.00786e-14, 0.01266548671),
                (-0.01005215447, -0.004841626401, 0.01266548671),
                (-0.009947220024, -0.007947371909, 0.01266548671),
                (-0.009772497943, -0.01058003673, 0.01266548671),
                (-0.009528214753, -0.01290917149, 0.01266548671),
                (-0.009214631118, -0.01500003064, 0.01266548671),
                (-0.008831976051, -0.01688363178, 0.01266548671),
                (-0.008380346045, -0.01857599091, 0.01266548671),
                (-0.007859550151, -0.02008551705, 0.01266548671),
                (-0.007268866007, -0.02141643989, 0.01266548671),
                (-0.006606638522, -0.02257060546, 0.01266548671),
                (-0.005869577208, -0.02354850175, 0.01266548671),
                (-0.005051414931, -0.02434988215, 0.01266548671),
                (-0.004140014371, -0.02497416141, 0.01266548671),
                (-0.003109841182, -0.02542067339, 0.01266548671),
                (-0.001894549461, -0.02568883919, 0.01266548671),
                (2.139906039e-14, -0.02577827275, 0.01266548671),
                (0.001894549461, -0.02568883919, 0.01266548671),
                (0.003109841182, -0.02542067339, 0.01266548671),
                (0.004140014371, -0.02497416141, 0.01266548671),
                (0.005051414931, -0.02434988215, 0.01266548671),
                (0.005869577208, -0.02354850175, 0.01266548671),
                (0.006606638522, -0.02257060546, 0.01266548671),
                (0.007268866007, -0.02141643989, 0.01266548671),
                (0.007859550151, -0.02008551705, 0.01266548671),
                (0.008380346045, -0.01857599091, 0.01266548671),
                (0.008831976051, -0.01688363178, 0.01266548671),
                (0.009214631118, -0.01500003064, 0.01266548671),
                (0.009528214753, -0.01290917149, 0.01266548671),
                (0.009772497943, -0.01058003673, 0.01266548671),
                (0.009947220024, -0.007947371909, 0.01266548671),
                (0.01005215447, -0.004841626401, 0.01266548671),
                (0.01008715021, 0, 0.01266548671),
                (0.01005215447, 0.004841626401, 0.01266548671),
                (0.009947220024, 0.007947371909, 0.01266548671),
                (0.009772497943, 0.01058003673, 0.01266548671),
                (0.009528214753, 0.01290917149, 0.01266548671),
                (0.009214631118, 0.01500003064, 0.01266548671),
                (0.008831976051, 0.01688363178, 0.01266548671),
                (0.008380346045, 0.01857599091, 0.01266548671),
                (0.007859550151, 0.02008551705, 0.01266548671),
                (0.007268866007, 0.02141643989, 0.01266548671),
                (0.006606638522, 0.02257060546, 0.01266548671),
                (0.005869577208, 0.02354850175, 0.01266548671),
                (0.005051414931, 0.02434988215, 0.01266548671),
                (0.004140014371, 0.02497416141, 0.01266548671),
                (0.003109841182, 0.02542067339, 0.01266548671),
                (0.001894549461, 0.02568883919, 0.01266548671),
                (2.139906039e-14, 0.02577827275, 0.01266548671),
                (-0.001894549461, 0.02568883919, 0.01266548671),
                (-0.003109841182, 0.02542067339, 0.01266548671),
                (-0.004140014371, 0.02497416141, 0.01266548671),
                (-0.005051414931, 0.02434988215, 0.01266548671),
                (-0.005869577208, 0.02354850175, 0.01266548671),
                (-0.006606638522, 0.02257060546, 0.01266548671),
                (-0.007268866007, 0.02141643989, 0.01266548671),
                (-0.007859550151, 0.02008551705, 0.01266548671),
                (-0.008380346045, 0.01857599091, 0.01266548671),
                (-0.008831976051, 0.01688363178, 0.01266548671),
                (-0.009214631118, 0.01500003064, 0.01266548671),
                (-0.009528214753, 0.01290917149, 0.01266548671),
                (-0.009772497943, 0.01058003673, 0.01266548671),
                (-0.009947220024, 0.007947371909, 0.01266548671),
                (-0.01005215447, 0.004841626401, 0.01266548671),
                (-0.008837146923, -7.891602747e-14, 0.01307141695),
                (-0.008806487866, -0.004241650315, 0.01307141695),
                (-0.008714556939, -0.006962530722, 0.01307141695),
                (-0.008561486481, -0.009268954767, 0.01307141695),
                (-0.008347474952, -0.01130946231, 0.01307141695),
                (-0.008072750714, -0.01314122145, 0.01307141695),
                (-0.007737514401, -0.01479140605, 0.01307141695),
                (-0.007341850547, -0.01627404743, 0.01307141695),
                (-0.006885591868, -0.01759651255, 0.01307141695),
                (-0.006368105516, -0.01876250695, 0.01307141695),
                (-0.005787941499, -0.01977364791, 0.01307141695),
                (-0.005142217088, -0.02063036294, 0.01307141695),
                (-0.004425441774, -0.02133243599, 0.01307141695),
                (-0.0036269823, -0.02187935434, 0.01307141695),
                (-0.002724468543, -0.0222705344, 0.01307141695),
                (-0.00165977621, -0.02250546899, 0.01307141695),
                (1.874728112e-14, -0.02258381992, 0.01307141695),
                (0.00165977621, -0.02250546899, 0.01307141695),
                (0.002724468543, -0.0222705344, 0.01307141695),
                (0.0036269823, -0.02187935434, 0.01307141695),
                (0.004425441774, -0.02133243599, 0.01307141695),
                (0.005142217088, -0.02063036294, 0.01307141695),
                (0.005787941499, -0.01977364791, 0.01307141695),
                (0.006368105516, -0.01876250695, 0.01307141695),
                (0.006885591868, -0.01759651255, 0.01307141695),
                (0.007341850547, -0.01627404743, 0.01307141695),
                (0.007737514401, -0.01479140605, 0.01307141695),
                (0.008072750714, -0.01314122145, 0.01307141695),
                (0.008347474952, -0.01130946231, 0.01307141695),
                (0.008561486481, -0.009268954767, 0.01307141695),
                (0.008714556939, -0.006962530722, 0.01307141695),
                (0.008806487866, -0.004241650315, 0.01307141695),
                (0.008837146923, 0, 0.01307141695),
                (0.008806487866, 0.004241650315, 0.01307141695),
                (0.008714556939, 0.006962530722, 0.01307141695),
                (0.008561486481, 0.009268954767, 0.01307141695),
                (0.008347474952, 0.01130946231, 0.01307141695),
                (0.008072750714, 0.01314122145, 0.01307141695),
                (0.007737514401, 0.01479140605, 0.01307141695),
                (0.007341850547, 0.01627404743, 0.01307141695),
                (0.006885591868, 0.01759651255, 0.01307141695),
                (0.006368105516, 0.01876250695, 0.01307141695),
                (0.005787941499, 0.01977364791, 0.01307141695),
                (0.005142217088, 0.02063036294, 0.01307141695),
                (0.004425441774, 0.02133243599, 0.01307141695),
                (0.0036269823, 0.02187935434, 0.01307141695),
                (0.002724468543, 0.0222705344, 0.01307141695),
                (0.00165977621, 0.02250546899, 0.01307141695),
                (1.874728112e-14, 0.02258381992, 0.01307141695),
                (-0.00165977621, 0.02250546899, 0.01307141695),
                (-0.002724468543, 0.0222705344, 0.01307141695),
                (-0.0036269823, 0.02187935434, 0.01307141695),
                (-0.004425441774, 0.02133243599, 0.01307141695),
                (-0.005142217088, 0.02063036294, 0.01307141695),
                (-0.005787941499, 0.01977364791, 0.01307141695),
                (-0.006368105516, 0.01876250695, 0.01307141695),
                (-0.006885591868, 0.01759651255, 0.01307141695),
                (-0.007341850547, 0.01627404743, 0.01307141695),
                (-0.007737514401, 0.01479140605, 0.01307141695),
                (-0.008072750714, 0.01314122145, 0.01307141695),
                (-0.008347474952, 0.01130946231, 0.01307141695),
                (-0.008561486481, 0.009268954767, 0.01307141695),
                (-0.008714556939, 0.006962530722, 0.01307141695),
                (-0.008806487866, 0.004241650315, 0.01307141695),
                (-0.007485626199, -6.684690069e-14, 0.01340471771),
                (-0.007459656025, -0.003592947927, 0.01340471771),
                (-0.007381784675, -0.0058977069, 0.01340471771),
                (-0.00725212425, -0.00785139494, 0.01340471771),
                (-0.007070842857, -0.009579834772, 0.01340471771),
                (-0.006838133932, -0.01113145141, 0.01340471771),
                (-0.006554167427, -0.01252926285, 0.01340471771),
                (-0.006219014947, -0.01378515451, 0.01340471771),
                (-0.005832534791, -0.01490536669, 0.01340471771),
                (-0.005394190897, -0.0158930382, 0.01340471771),
                (-0.004902755029, -0.01674953898, 0.01340471771),
                (-0.004355785333, -0.01747523116, 0.01340471771),
                (-0.003748630998, -0.01806993174, 0.01340471771),
                (-0.003072284977, -0.01853320642, 0.01340471771),
                (-0.002307798352, -0.01886456084, 0.01340471771),
                (-0.001405936145, -0.0190635654, 0.01340471771),
                (1.588014095e-14, -0.01912993362, 0.01340471771),
                (0.001405936145, -0.0190635654, 0.01340471771),
                (0.002307798352, -0.01886456084, 0.01340471771),
                (0.003072284977, -0.01853320642, 0.01340471771),
                (0.003748630998, -0.01806993174, 0.01340471771),
                (0.004355785333, -0.01747523116, 0.01340471771),
                (0.004902755029, -0.01674953898, 0.01340471771),
                (0.005394190897, -0.0158930382, 0.01340471771),
                (0.005832534791, -0.01490536669, 0.01340471771),
                (0.006219014947, -0.01378515451, 0.01340471771),
                (0.006554167427, -0.01252926285, 0.01340471771),
                (0.006838133932, -0.01113145141, 0.01340471771),
                (0.007070842857, -0.009579834772, 0.01340471771),
                (0.00725212425, -0.00785139494, 0.01340471771),
                (0.007381784675, -0.0058977069, 0.01340471771),
                (0.007459656025, -0.003592947927, 0.01340471771),
                (0.007485626199, 0, 0.01340471771),
                (0.007459656025, 0.003592947927, 0.01340471771),
                (0.007381784675, 0.0058977069, 0.01340471771),
                (0.00725212425, 0.00785139494, 0.01340471771),
                (0.007070842857, 0.009579834772, 0.01340471771),
                (0.006838133932, 0.01113145141, 0.01340471771),
                (0.006554167427, 0.01252926285, 0.01340471771),
                (0.006219014947, 0.01378515451, 0.01340471771),
                (0.005832534791, 0.01490536669, 0.01340471771),
                (0.005394190897, 0.0158930382, 0.01340471771),
                (0.004902755029, 0.01674953898, 0.01340471771),
                (0.004355785333, 0.01747523116, 0.01340471771),
                (0.003748630998, 0.01806993174, 0.01340471771),
                (0.003072284977, 0.01853320642, 0.01340471771),
                (0.002307798352, 0.01886456084, 0.01340471771),
                (0.001405936145, 0.0190635654, 0.01340471771),
                (1.588014095e-14, 0.01912993362, 0.01340471771),
                (-0.001405936145, 0.0190635654, 0.01340471771),
                (-0.002307798352, 0.01886456084, 0.01340471771),
                (-0.003072284977, 0.01853320642, 0.01340471771),
                (-0.003748630998, 0.01806993174, 0.01340471771),
                (-0.004355785333, 0.01747523116, 0.01340471771),
                (-0.004902755029, 0.01674953898, 0.01340471771),
                (-0.005394190897, 0.0158930382, 0.01340471771),
                (-0.005832534791, 0.01490536669, 0.01340471771),
                (-0.006219014947, 0.01378515451, 0.01340471771),
                (-0.006554167427, 0.01252926285, 0.01340471771),
                (-0.006838133932, 0.01113145141, 0.01340471771),
                (-0.007070842857, 0.009579834772, 0.01340471771),
                (-0.00725212425, 0.00785139494, 0.01340471771),
                (-0.007381784675, 0.0058977069, 0.01340471771),
                (-0.007459656025, 0.003592947927, 0.01340471771),
                (-0.00601856072, -5.374595525e-14, 0.01366471193),
                (-0.005997680293, -0.002888786414, 0.01366471193),
                (-0.005935070508, -0.00474184873, 0.01366471193),
                (-0.005830821496, -0.006312644517, 0.01366471193),
                (-0.005685068415, -0.007702337217, 0.01366471193),
                (-0.005497966795, -0.008949861296, 0.01366471193),
                (-0.005269653277, -0.01007372359, 0.01366471193),
                (-0.005000185433, -0.01108348016, 0.01366471193),
                (-0.004689449334, -0.0119841483, 0.01366471193),
                (-0.004337013976, -0.01277825166, 0.01366471193),
                (-0.003941891841, -0.01346689171, 0.01366471193),
                (-0.003502119637, -0.01405035959, 0.01366471193),
                (-0.003013958041, -0.01452850817, 0.01366471193),
                (-0.002470165246, -0.01490098827, 0.01366471193),
                (-0.001855506025, -0.01516740241, 0.01366471193),
                (-0.001130394684, -0.01532740519, 0.01366471193),
                (1.276788207e-14, -0.01538076628, 0.01366471193),
                (0.001130394684, -0.01532740519, 0.01366471193),
                (0.001855506025, -0.01516740241, 0.01366471193),
                (0.002470165246, -0.01490098827, 0.01366471193),
                (0.003013958041, -0.01452850817, 0.01366471193),
                (0.003502119637, -0.01405035959, 0.01366471193),
                (0.003941891841, -0.01346689171, 0.01366471193),
                (0.004337013976, -0.01277825166, 0.01366471193),
                (0.004689449334, -0.0119841483, 0.01366471193),
                (0.005000185433, -0.01108348016, 0.01366471193),
                (0.005269653277, -0.01007372359, 0.01366471193),
                (0.005497966795, -0.008949861296, 0.01366471193),
                (0.005685068415, -0.007702337217, 0.01366471193),
                (0.005830821496, -0.006312644517, 0.01366471193),
                (0.005935070508, -0.00474184873, 0.01366471193),
                (0.005997680293, -0.002888786414, 0.01366471193),
                (0.00601856072, 0, 0.01366471193),
                (0.005997680293, 0.002888786414, 0.01366471193),
                (0.005935070508, 0.00474184873, 0.01366471193),
                (0.005830821496, 0.006312644517, 0.01366471193),
                (0.005685068415, 0.007702337217, 0.01366471193),
                (0.005497966795, 0.008949861296, 0.01366471193),
                (0.005269653277, 0.01007372359, 0.01366471193),
                (0.005000185433, 0.01108348016, 0.01366471193),
                (0.004689449334, 0.0119841483, 0.01366471193),
                (0.004337013976, 0.01277825166, 0.01366471193),
                (0.003941891841, 0.01346689171, 0.01366471193),
                (0.003502119637, 0.01405035959, 0.01366471193),
                (0.003013958041, 0.01452850817, 0.01366471193),
                (0.002470165246, 0.01490098827, 0.01366471193),
                (0.001855506025, 0.01516740241, 0.01366471193),
                (0.001130394684, 0.01532740519, 0.01366471193),
                (1.276788207e-14, 0.01538076628, 0.01366471193),
                (-0.001130394684, 0.01532740519, 0.01366471193),
                (-0.001855506025, 0.01516740241, 0.01366471193),
                (-0.002470165246, 0.01490098827, 0.01366471193),
                (-0.003013958041, 0.01452850817, 0.01366471193),
                (-0.003502119637, 0.01405035959, 0.01366471193),
                (-0.003941891841, 0.01346689171, 0.01366471193),
                (-0.004337013976, 0.01277825166, 0.01366471193),
                (-0.004689449334, 0.0119841483, 0.01366471193),
                (-0.005000185433, 0.01108348016, 0.01366471193),
                (-0.005269653277, 0.01007372359, 0.01366471193),
                (-0.005497966795, 0.008949861296, 0.01366471193),
                (-0.005685068415, 0.007702337217, 0.01366471193),
                (-0.005830821496, 0.006312644517, 0.01366471193),
                (-0.005935070508, 0.00474184873, 0.01366471193),
                (-0.005997680293, 0.002888786414, 0.01366471193),
                (-0.004406326148, -3.93486448e-14, 0.01385084074),
                (-0.00439103911, -0.002114946697, 0.01385084074),
                (-0.004345201052, -0.003471616059, 0.01385084074),
                (-0.004268877962, -0.004621631632, 0.01385084074),
                (-0.004162168794, -0.005639057486, 0.01385084074),
                (-0.004025187413, -0.006552398437, 0.01385084074),
                (-0.003858033857, -0.007375203765, 0.01385084074),
                (-0.003660750277, -0.008114469675, 0.01385084074),
                (-0.003433253261, -0.008773869445, 0.01385084074),
                (-0.003175227264, -0.009355250707, 0.01385084074),
                (-0.002885949299, -0.009859419856, 0.01385084074),
                (-0.002563981997, -0.01028659005, 0.01385084074),
                (-0.002206587712, -0.01063665358, 0.01385084074),
                (-0.001808464552, -0.01090935479, 0.01385084074),
                (-0.001358458458, -0.01110440269, 0.01385084074),
                (-0.0008275878378, -0.01122154439, 0.01385084074),
                (9.347658892e-15, -0.01126061127, 0.01385084074),
                (0.0008275878378, -0.01122154439, 0.01385084074),
                (0.001358458458, -0.01110440269, 0.01385084074),
                (0.001808464552, -0.01090935479, 0.01385084074),
                (0.002206587712, -0.01063665358, 0.01385084074),
                (0.002563981997, -0.01028659005, 0.01385084074),
                (0.002885949299, -0.009859419856, 0.01385084074),
                (0.003175227264, -0.009355250707, 0.01385084074),
                (0.003433253261, -0.008773869445, 0.01385084074),
                (0.003660750277, -0.008114469675, 0.01385084074),
                (0.003858033857, -0.007375203765, 0.01385084074),
                (0.004025187413, -0.006552398437, 0.01385084074),
                (0.004162168794, -0.005639057486, 0.01385084074),
                (0.004268877962, -0.004621631632, 0.01385084074),
                (0.004345201052, -0.003471616059, 0.01385084074),
                (0.00439103911, -0.002114946697, 0.01385084074),
                (0.004406326148, 0, 0.01385084074),
                (0.00439103911, 0.002114946697, 0.01385084074),
                (0.004345201052, 0.003471616059, 0.01385084074),
                (0.004268877962, 0.004621631632, 0.01385084074),
                (0.004162168794, 0.005639057486, 0.01385084074),
                (0.004025187413, 0.006552398437, 0.01385084074),
                (0.003858033857, 0.007375203765, 0.01385084074),
                (0.003660750277, 0.008114469675, 0.01385084074),
                (0.003433253261, 0.008773869445, 0.01385084074),
                (0.003175227264, 0.009355250707, 0.01385084074),
                (0.002885949299, 0.009859419856, 0.01385084074),
                (0.002563981997, 0.01028659005, 0.01385084074),
                (0.002206587712, 0.01063665358, 0.01385084074),
                (0.001808464552, 0.01090935479, 0.01385084074),
                (0.001358458458, 0.01110440269, 0.01385084074),
                (0.0008275878378, 0.01122154439, 0.01385084074),
                (9.347658892e-15, 0.01126061127, 0.01385084074),
                (-0.0008275878378, 0.01122154439, 0.01385084074),
                (-0.001358458458, 0.01110440269, 0.01385084074),
                (-0.001808464552, 0.01090935479, 0.01385084074),
                (-0.002206587712, 0.01063665358, 0.01385084074),
                (-0.002563981997, 0.01028659005, 0.01385084074),
                (-0.002885949299, 0.009859419856, 0.01385084074),
                (-0.003175227264, 0.009355250707, 0.01385084074),
                (-0.003433253261, 0.008773869445, 0.01385084074),
                (-0.003660750277, 0.008114469675, 0.01385084074),
                (-0.003858033857, 0.007375203765, 0.01385084074),
                (-0.004025187413, 0.006552398437, 0.01385084074),
                (-0.004162168794, 0.005639057486, 0.01385084074),
                (-0.004268877962, 0.004621631632, 0.01385084074),
                (-0.004345201052, 0.003471616059, 0.01385084074),
                (-0.00439103911, 0.002114946697, 0.01385084074),
                (-0.002572955206, -2.297657892e-14, 0.01396268863),
                (-0.002564028753, -0.001234966031, 0.01396268863),
                (-0.002537262856, -0.002027156482, 0.01396268863),
                (-0.002492696048, -0.002698677031, 0.01396268863),
                (-0.00243038611, -0.003292775393, 0.01396268863),
                (-0.00235039953, -0.003826096186, 0.01396268863),
                (-0.002252794723, -0.004306551146, 0.01396268863),
                (-0.002137596303, -0.004738225518, 0.01396268863),
                (-0.002004755562, -0.005123264213, 0.01396268863),
                (-0.001854088246, -0.005462746107, 0.01396268863),
                (-0.001685172187, -0.005757142071, 0.01396268863),
                (-0.001497168073, -0.006006576577, 0.01396268863),
                (-0.001288477328, -0.006210986726, 0.01396268863),
                (-0.001056004056, -0.006370223235, 0.01396268863),
                (-0.0007932351451, -0.006484116188, 0.01396268863),
                (-0.0004832475773, -0.006552517924, 0.01396268863),
                (5.458313071e-15, -0.006575329971, 0.01396268863),
                (0.0004832475773, -0.006552517924, 0.01396268863),
                (0.0007932351451, -0.006484116188, 0.01396268863),
                (0.001056004056, -0.006370223235, 0.01396268863),
                (0.001288477328, -0.006210986726, 0.01396268863),
                (0.001497168073, -0.006006576577, 0.01396268863),
                (0.001685172187, -0.005757142071, 0.01396268863),
                (0.001854088246, -0.005462746107, 0.01396268863),
                (0.002004755562, -0.005123264213, 0.01396268863),
                (0.002137596303, -0.004738225518, 0.01396268863),
                (0.002252794723, -0.004306551146, 0.01396268863),
                (0.00235039953, -0.003826096186, 0.01396268863),
                (0.00243038611, -0.003292775393, 0.01396268863),
                (0.002492696048, -0.002698677031, 0.01396268863),
                (0.002537262856, -0.002027156482, 0.01396268863),
                (0.002564028753, -0.001234966031, 0.01396268863),
                (0.002572955206, 0, 0.01396268863),
                (0.002564028753, 0.001234966031, 0.01396268863),
                (0.002537262856, 0.002027156482, 0.01396268863),
                (0.002492696048, 0.002698677031, 0.01396268863),
                (0.00243038611, 0.003292775393, 0.01396268863),
                (0.00235039953, 0.003826096186, 0.01396268863),
                (0.002252794723, 0.004306551146, 0.01396268863),
                (0.002137596303, 0.004738225518, 0.01396268863),
                (0.002004755562, 0.005123264213, 0.01396268863),
                (0.001854088246, 0.005462746107, 0.01396268863),
                (0.001685172187, 0.005757142071, 0.01396268863),
                (0.001497168073, 0.006006576577, 0.01396268863),
                (0.001288477328, 0.006210986726, 0.01396268863),
                (0.001056004056, 0.006370223235, 0.01396268863),
                (0.0007932351451, 0.006484116188, 0.01396268863),
                (0.0004832475773, 0.006552517924, 0.01396268863),
                (5.458313071e-15, 0.006575329971, 0.01396268863),
                (-0.0004832475773, 0.006552517924, 0.01396268863),
                (-0.0007932351451, 0.006484116188, 0.01396268863),
                (-0.001056004056, 0.006370223235, 0.01396268863),
                (-0.001288477328, 0.006210986726, 0.01396268863),
                (-0.001497168073, 0.006006576577, 0.01396268863),
                (-0.001685172187, 0.005757142071, 0.01396268863),
                (-0.001854088246, 0.005462746107, 0.01396268863),
                (-0.002004755562, 0.005123264213, 0.01396268863),
                (-0.002137596303, 0.004738225518, 0.01396268863),
                (-0.002252794723, 0.004306551146, 0.01396268863),
                (-0.00235039953, 0.003826096186, 0.01396268863),
                (-0.00243038611, 0.003292775393, 0.01396268863),
                (-0.002492696048, 0.002698677031, 0.01396268863),
                (-0.002537262856, 0.002027156482, 0.01396268863),
                (-0.002564028753, 0.001234966031, 0.01396268863),
                (-4.06553377e-15, 0, 0.014)
            ]
            normal3f[] normals = [
                (-2.261256551e-14, 2.078678036e-17, -1),
                (-0.03781348227, -4.132452112e-15, -0.9992848145),
                (-0.03770432676, -0.0006867425169, -0.9992887031),
                (-0.03711997528, -0.001705128314, -0.9993093615),
                (-0.03609927059, -0.002879230641, -0.9993440612),
                (-0.03464786554, -0.004152028419, -0.9993909576),
                (-0.03278869872, -0.005477954834, -0.9994472939),
                (-0.03055266571, -0.006821054544, -0.9995098838),
                (-0.02797776533, -0.00815092008, -0.9995753134),
                (-0.02510819942, -0.009441032249, -0.9996401579),
                (-0.02199341979, -0.01066774123, -0.9997011998),
                (-0.01868739329, -0.01180884005, -0.9997556365),
                (-0.01524922781, -0.01284065366, -0.9998012696),
                (-0.01174816209, -0.01373312443, -0.9998366777),
                (-0.008277492632, -0.0144457179, -0.9998613926),
                (-0.004978504017, -0.01493211637, -0.9998761155),
                (-0.002051889515, -0.01516441999, -0.9998829082),
                (7.974101602e-15, -0.0150435852, -0.9998868389),
                (0.002051889515, -0.01516441999, -0.9998829082),
                (0.004978504017, -0.01493211637, -0.9998761155),
                (0.008277492632, -0.0144457179, -0.9998613926),
                (0.01174816209, -0.01373312443, -0.9998366777),
                (0.01524922781, -0.01284065366, -0.9998012696),
                (0.01868739329, -0.01180884005, -0.9997556365),
                (0.02199341979, -0.01066774123, -0.9997011998),
                (0.02510819942, -0.009441032249, -0.9996401579),
                (0.02797776533, -0.00815092008, -0.9995753134),
                (0.03055266571, -0.006821054544, -0.9995098838),
                (0.03278869872, -0.005477954834, -0.9994472939),
                (0.03464786554, -0.004152028419, -0.9993909576),
                (0.03609927059, -0.002879230641, -0.9993440612),
                (0.03711997528, -0.001705128314, -0.9993093615),
                (0.03770432676, -0.0006867425169, -0.9992887031),
                (0.03781348227, -1.24274411e-18, -0.9992848145),
                (0.03770432676, 0.0006867425169, -0.9992887031),
                (0.03711997528, 0.001705128314, -0.9993093615),
                (0.03609927059, 0.002879230641, -0.9993440612),
                (0.03464786554, 0.004152028419, -0.9993909576),
                (0.03278869872, 0.005477954834, -0.9994472939),
                (0.03055266571, 0.006821054544, -0.9995098838),
                (0.02797776533, 0.00815092008, -0.9995753134),
                (0.02510819942, 0.009441032249, -0.9996401579),
                (0.02199341979, 0.01066774123, -0.9997011998),
                (0.01868739329, 0.01180884005, -0.9997556365),
                (0.01524922781, 0.01284065366, -0.9998012696),
                (0.01174816209, 0.01373312443, -0.9998366777),
                (0.008277492632, 0.0144457179, -0.9998613926),
                (0.004978504017, 0.01493211637, -0.9998761155),
                (0.002051889515, 0.01516441999, -0.9998829082),
                (7.961077332e-15, 0.0150435852, -0.9998868389),
                (-0.002051889515, 0.01516441999, -0.9998829082),
                (-0.004978504017, 0.01493211637, -0.9998761155),
                (-0.008277492632, 0.0144457179, -0.9998613926),
                (-0.01174816209, 0.01373312443, -0.9998366777),
                (-0.01524922781, 0.01284065366, -0.9998012696),
                (-0.01868739329, 0.01180884005, -0.9997556365),
                (-0.02199341979, 0.01066774123, -0.9997011998),
                (-0.02510819942, 0.009441032249, -0.9996401579),
                (-0.02797776533, 0.00815092008, -0.9995753134),
                (-0.03055266571, 0.006821054544, -0.9995098838),
                (-0.03278869872, 0.005477954834, -0.9994472939),
                (-0.03464786554, 0.004152028419, -0.9993909576),
                (-0.03609927059, 0.002879230641, -0.9993440612),
                (-0.03711997528, 0.001705128314, -0.9993093615),
                (-0.03770432676, 0.0006867425169, -0.9992887031),
                (-0.0879450262, -1.072390633e-14, -0.9961253296),
                (-0.08754384626, -0.0016922004, -0.99615923),
                (-0.08606066118, -0.004123867136, -0.996281364),
                (-0.08355989237, -0.006895227927, -0.996478901),
                (-0.08006403134, -0.009875202906, -0.9967408044),
                (-0.07562995211, -0.01295985912, -0.99705173),
                (-0.07033250629, -0.01606616483, -0.9973942134),
                (-0.06426344505, -0.01912272878, -0.9977497336),
                (-0.05753030667, -0.02206620944, -0.9980998679),
                (-0.05025526323, -0.02483954863, -0.9984274662),
                (-0.04257435686, -0.02739020699, -0.9987177783),
                (-0.03463873122, -0.02966689204, -0.9989594756),
                (-0.026621984, -0.03161404719, -0.9991455459),
                (-0.01874052665, -0.03316733877, -0.9992740967),
                (-0.01129281012, -0.03425944434, -0.9993491697),
                (-0.004682594294, -0.0348508443, -0.9993815547),
                (1.84403284e-14, -0.03481830541, -0.999393659),
                (0.004682594294, -0.0348508443, -0.9993815547),
                (0.01129281012, -0.03425944434, -0.9993491697),
                (0.01874052665, -0.03316733877, -0.9992740967),
                (0.026621984, -0.03161404719, -0.9991455459),
                (0.03463873122, -0.02966689204, -0.9989594756),
                (0.04257435686, -0.02739020699, -0.9987177783),
                (0.05025526323, -0.02483954863, -0.9984274662),
                (0.05753030667, -0.02206620944, -0.9980998679),
                (0.06426344505, -0.01912272878, -0.9977497336),
                (0.07033250629, -0.01606616483, -0.9973942134),
                (0.07562995211, -0.01295985912, -0.99705173),
                (0.08006403134, -0.009875202906, -0.9967408044),
                (0.08355989237, -0.006895227927, -0.996478901),
                (0.08606066118, -0.004123867136, -0.996281364),
                (0.08754384626, -0.0016922004, -0.99615923),
                (0.0879450262, -1.104774331e-18, -0.9961253296),
                (0.08754384626, 0.0016922004, -0.99615923),
                (0.08606066118, 0.004123867136, -0.996281364),
                (0.08355989237, 0.006895227927, -0.996478901),
                (0.08006403134, 0.009875202906, -0.9967408044),
                (0.07562995211, 0.01295985912, -0.99705173),
                (0.07033250629, 0.01606616483, -0.9973942134),
                (0.06426344505, 0.01912272878, -0.9977497336),
                (0.05753030667, 0.02206620944, -0.9980998679),
                (0.05025526323, 0.02483954863, -0.9984274662),
                (0.04257435686, 0.02739020699, -0.9987177783),
                (0.03463873122, 0.02966689204, -0.9989594756),
                (0.026621984, 0.03161404719, -0.9991455459),
                (0.01874052665, 0.03316733877, -0.9992740967),
                (0.01129281012, 0.03425944434, -0.9993491697),
                (0.004682594294, 0.0348508443, -0.9993815547),
                (1.840105191e-14, 0.03481830541, -0.999393659),
                (-0.004682594294, 0.0348508443, -0.9993815547),
                (-0.01129281012, 0.03425944434, -0.9993491697),
                (-0.01874052665, 0.03316733877, -0.9992740967),
                (-0.026621984, 0.03161404719, -0.9991455459),
                (-0.03463873122, 0.02966689204, -0.9989594756),
                (-0.04257435686, 0.02739020699, -0.9987177783),
                (-0.05025526323, 0.02483954863, -0.9984274662),
                (-0.05753030667, 0.02206620944, -0.9980998679),
                (-0.06426344505, 0.01912272878, -0.9977497336),
                (-0.07033250629, 0.01606616483, -0.9973942134),
                (-0.07562995211, 0.01295985912, -0.99705173),
                (-0.08006403134, 0.009875202906, -0.9967408044),
                (-0.08355989237, 0.006895227927, -0.996478901),
                (-0.08606066118, 0.004123867136, -0.996281364),
                (-0.08754384626, 0.0016922004, -0.99615923),
                (-0.1447959945, -1.825141999e-14, -0.9894615303),
                (-0.1440655658, -0.002837909276, -0.9895640752),
                (-0.141583296, -0.006877149524, -0.9899024574),
                (-0.1374379818, -0.01146642499, -0.9904440026),
                (-0.1316667865, -0.01639241553, -0.9911584869),
                (-0.1243590275, -0.02148626521, -0.9920046233),
                (-0.1156330406, -0.02661205193, -0.9929354453),
                (-0.1056356901, -0.03165155369, -0.9939010414),
                (-0.09454177699, -0.03649849726, -0.9948516031),
                (-0.08255325415, -0.04105609317, -0.9957406075),
                (-0.06989878019, -0.04523516266, -0.9965279427),
                (-0.0568356695, -0.0489508605, -0.9971827916),
                (-0.0436595524, -0.05211699824, -0.997686154),
                (-0.03073119764, -0.05464153083, -0.9980330138),
                (-0.01853203865, -0.05643370286, -0.9982343416),
                (-0.007700122999, -0.05744175288, -0.998319164),
                (3.046076975e-14, -0.05751978496, -0.9983443666),
                (0.007700122999, -0.05744175288, -0.998319164),
                (0.01853203865, -0.05643370286, -0.9982343416),
                (0.03073119764, -0.05464153083, -0.9980330138),
                (0.0436595524, -0.05211699824, -0.997686154),
                (0.0568356695, -0.0489508605, -0.9971827916),
                (0.06989878019, -0.04523516266, -0.9965279427),
                (0.08255325415, -0.04105609317, -0.9957406075),
                (0.09454177699, -0.03649849726, -0.9948516031),
                (0.1056356901, -0.03165155369, -0.9939010414),
                (0.1156330406, -0.02661205193, -0.9929354453),
                (0.1243590275, -0.02148626521, -0.9920046233),
                (0.1316667865, -0.01639241553, -0.9911584869),
                (0.1374379818, -0.01146642499, -0.9904440026),
                (0.141583296, -0.006877149524, -0.9899024574),
                (0.1440655658, -0.002837909276, -0.9895640752),
                (0.1447959945, 0, -0.9894615303),
                (0.1440655658, 0.002837909276, -0.9895640752),
                (0.141583296, 0.006877149524, -0.9899024574),
                (0.1374379818, 0.01146642499, -0.9904440026),
                (0.1316667865, 0.01639241553, -0.9911584869),
                (0.1243590275, 0.02148626521, -0.9920046233),
                (0.1156330406, 0.02661205193, -0.9929354453),
                (0.1056356901, 0.03165155369, -0.9939010414),
                (0.09454177699, 0.03649849726, -0.9948516031),
                (0.08255325415, 0.04105609317, -0.9957406075),
                (0.06989878019, 0.04523516266, -0.9965279427),
                (0.0568356695, 0.0489508605, -0.9971827916),
                (0.0436595524, 0.05211699824, -0.997686154),
                (0.03073119764, 0.05464153083, -0.9980330138),
                (0.01853203865, 0.05643370286, -0.9982343416),
                (0.007700122999, 0.05744175288, -0.998319164),
                (3.045787053e-14, 0.05751978496, -0.9983443666),
                (-0.007700122999, 0.05744175288, -0.998319164),
                (-0.01853203865, 0.05643370286, -0.9982343416),
                (-0.03073119764, 0.05464153083, -0.9980330138),
                (-0.0436595524, 0.05211699824, -0.997686154),
                (-0.0568356695, 0.0489508605, -0.9971827916),
                (-0.06989878019, 0.04523516266, -0.9965279427),
                (-0.08255325415, 0.04105609317, -0.9957406075),
                (-0.09454177699, 0.03649849726, -0.9948516031),
                (-0.1056356901, 0.03165155369, -0.9939010414),
                (-0.1156330406, 0.02661205193, -0.9929354453),
                (-0.1243590275, 0.02148626521, -0.9920046233),
                (-0.1316667865, 0.01639241553, -0.9911584869),
                (-0.1374379818, 0.01146642499, -0.9904440026),
                (-0.141583296, 0.006877149524, -0.9899024574),
                (-0.1440655658, 0.002837909276, -0.9895640752),
                (-0.2072300341, -2.657831959e-14, -0.9782922431),
                (-0.2061515492, -0.004100880951, -0.9785114826),
                (-0.2026209399, -0.009911398122, -0.9792070868),
                (-0.1967458762, -0.01650797951, -0.9803155343),
                (-0.1885702751, -0.02359033423, -0.9817763225),
                (-0.1782069283, -0.03092071697, -0.983507092),
                (-0.1658090709, -0.03830611059, -0.9854136156),
                (-0.1515721089, -0.04557622531, -0.9873949076),
                (-0.135735077, -0.05257537872, -0.9893491893),
                (-0.118581465, -0.05915949816, -0.9911804023),
                (-0.1004398786, -0.06519458515, -0.9928048634),
                (-0.08168695528, -0.07055407036, -0.9941576155),
                (-0.06275910062, -0.07511369846, -0.9951980846),
                (-0.04418538669, -0.07874774291, -0.9959148782),
                (-0.02665972028, -0.08133819355, -0.9963299441),
                (-0.01108930131, -0.08282033619, -0.9965027944),
                (4.409695764e-14, -0.08302712321, -0.9965472878),
                (0.01108930131, -0.08282033619, -0.9965027944),
                (0.02665972028, -0.08133819355, -0.9963299441),
                (0.04418538669, -0.07874774291, -0.9959148782),
                (0.06275910062, -0.07511369846, -0.9951980846),
                (0.08168695528, -0.07055407036, -0.9941576155),
                (0.1004398786, -0.06519458515, -0.9928048634),
                (0.118581465, -0.05915949816, -0.9911804023),
                (0.135735077, -0.05257537872, -0.9893491893),
                (0.1515721089, -0.04557622531, -0.9873949076),
                (0.1658090709, -0.03830611059, -0.9854136156),
                (0.1782069283, -0.03092071697, -0.983507092),
                (0.1885702751, -0.02359033423, -0.9817763225),
                (0.1967458762, -0.01650797951, -0.9803155343),
                (0.2026209399, -0.009911398122, -0.9792070868),
                (0.2061515492, -0.004100880951, -0.9785114826),
                (0.2072300341, 0, -0.9782922431),
                (0.2061515492, 0.004100880951, -0.9785114826),
                (0.2026209399, 0.009911398122, -0.9792070868),
                (0.1967458762, 0.01650797951, -0.9803155343),
                (0.1885702751, 0.02359033423, -0.9817763225),
                (0.1782069283, 0.03092071697, -0.983507092),
                (0.1658090709, 0.03830611059, -0.9854136156),
                (0.1515721089, 0.04557622531, -0.9873949076),
                (0.135735077, 0.05257537872, -0.9893491893),
                (0.118581465, 0.05915949816, -0.9911804023),
                (0.1004398786, 0.06519458515, -0.9928048634),
                (0.08168695528, 0.07055407036, -0.9941576155),
                (0.06275910062, 0.07511369846, -0.9951980846),
                (0.04418538669, 0.07874774291, -0.9959148782),
                (0.02665972028, 0.08133819355, -0.9963299441),
                (0.01108930131, 0.08282033619, -0.9965027944),
                (4.399361737e-14, 0.08302712321, -0.9965472878),
                (-0.01108930131, 0.08282033619, -0.9965027944),
                (-0.02665972028, 0.08133819355, -0.9963299441),
                (-0.04418538669, 0.07874774291, -0.9959148782),
                (-0.06275910062, 0.07511369846, -0.9951980846),
                (-0.08168695528, 0.07055407036, -0.9941576155),
                (-0.1004398786, 0.06519458515, -0.9928048634),
                (-0.118581465, 0.05915949816, -0.9911804023),
                (-0.135735077, 0.05257537872, -0.9893491893),
                (-0.1515721089, 0.04557622531, -0.9873949076),
                (-0.1658090709, 0.03830611059, -0.9854136156),
                (-0.1782069283, 0.03092071697, -0.983507092),
                (-0.1885702751, 0.02359033423, -0.9817763225),
                (-0.1967458762, 0.01650797951, -0.9803155343),
                (-0.2026209399, 0.009911398122, -0.9792070868),
                (-0.2061515492, 0.004100880951, -0.9785114826),
                (-0.2744840845, -3.560265835e-14, -0.9615916427),
                (-0.2730580749, -0.005466286498, -0.9619820203),
                (-0.2684842309, -0.01319281979, -0.963193733),
                (-0.2608782478, -0.02196898391, -0.965121704),
                (-0.2502759181, -0.03140642145, -0.9676650255),
                (-0.2367953448, -0.04119735167, -0.9706857076),
                (-0.2206058302, -0.05108917396, -0.9740241085),
                (-0.2019344474, -0.06085472295, -0.9775066146),
                (-0.1810722105, -0.07028147563, -0.9809553348),
                (-0.1583788708, -0.07916825646, -0.9841994312),
                (-0.1342863705, -0.08732475316, -0.9870874116),
                (-0.1093034464, -0.09457058476, -0.9894994498),
                (-0.08402915508, -0.100732027, -0.9913587443),
                (-0.05919090292, -0.1056402897, -0.9926412072),
                (-0.03573264384, -0.1091441121, -0.9933834813),
                (-0.01487421195, -0.1111650199, -0.9936906441),
                (5.922934358e-14, -0.1115172441, -0.9937624989),
                (0.01487421195, -0.1111650199, -0.9936906441),
                (0.03573264384, -0.1091441121, -0.9933834813),
                (0.05919090292, -0.1056402897, -0.9926412072),
                (0.08402915508, -0.100732027, -0.9913587443),
                (0.1093034464, -0.09457058476, -0.9894994498),
                (0.1342863705, -0.08732475316, -0.9870874116),
                (0.1583788708, -0.07916825646, -0.9841994312),
                (0.1810722105, -0.07028147563, -0.9809553348),
                (0.2019344474, -0.06085472295, -0.9775066146),
                (0.2206058302, -0.05108917396, -0.9740241085),
                (0.2367953448, -0.04119735167, -0.9706857076),
                (0.2502759181, -0.03140642145, -0.9676650255),
                (0.2608782478, -0.02196898391, -0.965121704),
                (0.2684842309, -0.01319281979, -0.963193733),
                (0.2730580749, -0.005466286498, -0.9619820203),
                (0.2744840845, 0, -0.9615916427),
                (0.2730580749, 0.005466286498, -0.9619820203),
                (0.2684842309, 0.01319281979, -0.963193733),
                (0.2608782478, 0.02196898391, -0.965121704),
                (0.2502759181, 0.03140642145, -0.9676650255),
                (0.2367953448, 0.04119735167, -0.9706857076),
                (0.2206058302, 0.05108917396, -0.9740241085),
                (0.2019344474, 0.06085472295, -0.9775066146),
                (0.1810722105, 0.07028147563, -0.9809553348),
                (0.1583788708, 0.07916825646, -0.9841994312),
                (0.1342863705, 0.08732475316, -0.9870874116),
                (0.1093034464, 0.09457058476, -0.9894994498),
                (0.08402915508, 0.100732027, -0.9913587443),
                (0.05919090292, 0.1056402897, -0.9926412072),
                (0.03573264384, 0.1091441121, -0.9933834813),
                (0.01487421195, 0.1111650199, -0.9936906441),
                (5.912510109e-14, 0.1115172441, -0.9937624989),
                (-0.01487421195, 0.1111650199, -0.9936906441),
                (-0.03573264384, 0.1091441121, -0.9933834813),
                (-0.05919090292, 0.1056402897, -0.9926412072),
                (-0.08402915508, 0.100732027, -0.9913587443),
                (-0.1093034464, 0.09457058476, -0.9894994498),
                (-0.1342863705, 0.08732475316, -0.9870874116),
                (-0.1583788708, 0.07916825646, -0.9841994312),
                (-0.1810722105, 0.07028147563, -0.9809553348),
                (-0.2019344474, 0.06085472295, -0.9775066146),
                (-0.2206058302, 0.05108917396, -0.9740241085),
                (-0.2367953448, 0.04119735167, -0.9706857076),
                (-0.2502759181, 0.03140642145, -0.9676650255),
                (-0.2608782478, 0.02196898391, -0.965121704),
                (-0.2684842309, 0.01319281979, -0.963193733),
                (-0.2730580749, 0.005466286498, -0.9619820203),
                (-0.3459082254, -4.522778834e-14, -0.9382683516),
                (-0.3441567656, -0.006922365328, -0.938886682),
                (-0.3386069252, -0.01669510609, -0.9407797955),
                (-0.3293655398, -0.02781203139, -0.9437927909),
                (-0.3164378558, -0.03979996252, -0.947777952),
                (-0.2999186227, -0.05228357024, -0.9525309696),
                (-0.279961932, -0.06495063001, -0.9578114284),
                (-0.2567962667, -0.07751314114, -0.9633521632),
                (-0.2307395074, -0.08969321785, -0.9688727504),
                (-0.2022118237, -0.1012196223, -0.9740970005),
                (-0.1717453389, -0.111829284, -0.9787735948),
                (-0.1399923995, -0.1212697913, -0.9826982069),
                (-0.1077409898, -0.129300185, -0.9857349244),
                (-0.07595631921, -0.1356937642, -0.9878349255),
                (-0.04588293865, -0.1402566373, -0.9890514808),
                (-0.01911093003, -0.142895648, -0.9895532356),
                (7.618599725e-14, -0.143411241, -0.9896631831),
                (0.01911093003, -0.142895648, -0.9895532356),
                (0.04588293865, -0.1402566373, -0.9890514808),
                (0.07595631921, -0.1356937642, -0.9878349255),
                (0.1077409898, -0.129300185, -0.9857349244),
                (0.1399923995, -0.1212697913, -0.9826982069),
                (0.1717453389, -0.111829284, -0.9787735948),
                (0.2022118237, -0.1012196223, -0.9740970005),
                (0.2307395074, -0.08969321785, -0.9688727504),
                (0.2567962667, -0.07751314114, -0.9633521632),
                (0.279961932, -0.06495063001, -0.9578114284),
                (0.2999186227, -0.05228357024, -0.9525309696),
                (0.3164378558, -0.03979996252, -0.947777952),
                (0.3293655398, -0.02781203139, -0.9437927909),
                (0.3386069252, -0.01669510609, -0.9407797955),
                (0.3441567656, -0.006922365328, -0.938886682),
                (0.3459082254, -1.174353009e-18, -0.9382683516),
                (0.3441567656, 0.006922365328, -0.938886682),
                (0.3386069252, 0.01669510609, -0.9407797955),
                (0.3293655398, 0.02781203139, -0.9437927909),
                (0.3164378558, 0.03979996252, -0.947777952),
                (0.2999186227, 0.05228357024, -0.9525309696),
                (0.279961932, 0.06495063001, -0.9578114284),
                (0.2567962667, 0.07751314114, -0.9633521632),
                (0.2307395074, 0.08969321785, -0.9688727504),
                (0.2022118237, 0.1012196223, -0.9740970005),
                (0.1717453389, 0.111829284, -0.9787735948),
                (0.1399923995, 0.1212697913, -0.9826982069),
                (0.1077409898, 0.129300185, -0.9857349244),
                (0.07595631921, 0.1356937642, -0.9878349255),
                (0.04588293865, 0.1402566373, -0.9890514808),
                (0.01911093003, 0.142895648, -0.9895532356),
                (7.604943796e-14, 0.143411241, -0.9896631831),
                (-0.01911093003, 0.142895648, -0.9895532356),
                (-0.04588293865, 0.1402566373, -0.9890514808),
                (-0.07595631921, 0.1356937642, -0.9878349255),
                (-0.1077409898, 0.129300185, -0.9857349244),
                (-0.1399923995, 0.1212697913, -0.9826982069),
                (-0.1717453389, 0.111829284, -0.9787735948),
                (-0.2022118237, 0.1012196223, -0.9740970005),
                (-0.2307395074, 0.08969321785, -0.9688727504),
                (-0.2567962667, 0.07751314114, -0.9633521632),
                (-0.279961932, 0.06495063001, -0.9578114284),
                (-0.2999186227, 0.05228357024, -0.9525309696),
                (-0.3164378558, 0.03979996252, -0.947777952),
                (-0.3293655398, 0.02781203139, -0.9437927909),
                (-0.3386069252, 0.01669510609, -0.9407797955),
                (-0.3441567656, 0.006922365328, -0.938886682),
                (-0.4207177172, -5.539052132e-14, -0.9071916018),
                (-0.4186878063, -0.008455061414, -0.9080908725),
                (-0.4123018342, -0.02038677342, -0.9108191791),
                (-0.4016351446, -0.03399229839, -0.9151686917),
                (-0.3866331831, -0.04872236675, -0.9209456622),
                (-0.3673281178, -0.06414165464, -0.9278770943),
                (-0.3438136171, -0.07988227401, -0.9356340198),
                (-0.3162725941, -0.09559362537, -0.9438397666),
                (-0.2850067515, -0.1109235368, -0.9520856687),
                (-0.2504642523, -0.1255141855, -0.9599551279),
                (-0.2132621183, -0.139006551, -0.9670555556),
                (-0.1742029801, -0.1510487799, -0.9730557989),
                (-0.1342940852, -0.1613047865, -0.9777248409),
                (-0.09479056999, -0.1694660942, -0.9809668653),
                (-0.05730716189, -0.1752810831, -0.9828491395),
                (-0.02388317198, -0.1786405896, -0.9836244882),
                (9.531444412e-14, -0.179340769, -0.9837870138),
                (0.02388317198, -0.1786405896, -0.9836244882),
                (0.05730716189, -0.1752810831, -0.9828491395),
                (0.09479056999, -0.1694660942, -0.9809668653),
                (0.1342940852, -0.1613047865, -0.9777248409),
                (0.1742029801, -0.1510487799, -0.9730557989),
                (0.2132621183, -0.139006551, -0.9670555556),
                (0.2504642523, -0.1255141855, -0.9599551279),
                (0.2850067515, -0.1109235368, -0.9520856687),
                (0.3162725941, -0.09559362537, -0.9438397666),
                (0.3438136171, -0.07988227401, -0.9356340198),
                (0.3673281178, -0.06414165464, -0.9278770943),
                (0.3866331831, -0.04872236675, -0.9209456622),
                (0.4016351446, -0.03399229839, -0.9151686917),
                (0.4123018342, -0.02038677342, -0.9108191791),
                (0.4186878063, -0.008455061414, -0.9080908725),
                (0.4207177172, 1.271242463e-17, -0.9071916018),
                (0.4186878063, 0.008455061414, -0.9080908725),
                (0.4123018342, 0.02038677342, -0.9108191791),
                (0.4016351446, 0.03399229839, -0.9151686917),
                (0.3866331831, 0.04872236675, -0.9209456622),
                (0.3673281178, 0.06414165464, -0.9278770943),
                (0.3438136171, 0.07988227401, -0.9356340198),
                (0.3162725941, 0.09559362537, -0.9438397666),
                (0.2850067515, 0.1109235368, -0.9520856687),
                (0.2504642523, 0.1255141855, -0.9599551279),
                (0.2132621183, 0.139006551, -0.9670555556),
                (0.1742029801, 0.1510487799, -0.9730557989),
                (0.1342940852, 0.1613047865, -0.9777248409),
                (0.09479056999, 0.1694660942, -0.9809668653),
                (0.05730716189, 0.1752810831, -0.9828491395),
                (0.02388317198, 0.1786405896, -0.9836244882),
                (9.512167042e-14, 0.179340769, -0.9837870138),
                (-0.02388317198, 0.1786405896, -0.9836244882),
                (-0.05730716189, 0.1752810831, -0.9828491395),
                (-0.09479056999, 0.1694660942, -0.9809668653),
                (-0.1342940852, 0.1613047865, -0.9777248409),
                (-0.1742029801, 0.1510487799, -0.9730557989),
                (-0.2132621183, 0.139006551, -0.9670555556),
                (-0.2504642523, 0.1255141855, -0.9599551279),
                (-0.2850067515, 0.1109235368, -0.9520856687),
                (-0.3162725941, 0.09559362537, -0.9438397666),
                (-0.3438136171, 0.07988227401, -0.9356340198),
                (-0.3673281178, 0.06414165464, -0.9278770943),
                (-0.3866331831, 0.04872236675, -0.9209456622),
                (-0.4016351446, 0.03399229839, -0.9151686917),
                (-0.4123018342, 0.02038677342, -0.9108191791),
                (-0.4186878063, 0.008455061414, -0.9080908725),
                (-0.4978405128, -6.592638937e-14, -0.8672685996),
                (-0.4956064906, -0.0100446016, -0.8684890975),
                (-0.4886043562, -0.02422295931, -0.8721691529),
                (-0.4768514733, -0.04044352296, -0.8780529562),
                (-0.4602003519, -0.05809639895, -0.8859122104),
                (-0.4385733355, -0.07670079565, -0.8954163374),
                (-0.411945301, -0.09584361173, -0.9061539997),
                (-0.3803876899, -0.1151147683, -0.9176348923),
                (-0.3441193054, -0.1340806266, -0.9293031202),
                (-0.3035585565, -0.1522773531, -0.9405656864),
                (-0.2593701179, -0.1692184085, -0.9508376687),
                (-0.2125006661, -0.1844117581, -0.9596018812),
                (-0.1642075908, -0.1973822239, -0.9664761377),
                (-0.1161032308, -0.2077004956, -0.9712777893),
                (-0.07026891328, -0.2150320141, -0.9740757223),
                (-0.02930385206, -0.219248991, -0.9752287753),
                (1.170814486e-13, -0.2201605279, -0.9754636549),
                (0.02930385206, -0.219248991, -0.9752287753),
                (0.07026891328, -0.2150320141, -0.9740757223),
                (0.1161032308, -0.2077004956, -0.9712777893),
                (0.1642075908, -0.1973822239, -0.9664761377),
                (0.2125006661, -0.1844117581, -0.9596018812),
                (0.2593701179, -0.1692184085, -0.9508376687),
                (0.3035585565, -0.1522773531, -0.9405656864),
                (0.3441193054, -0.1340806266, -0.9293031202),
                (0.3803876899, -0.1151147683, -0.9176348923),
                (0.411945301, -0.09584361173, -0.9061539997),
                (0.4385733355, -0.07670079565, -0.8954163374),
                (0.4602003519, -0.05809639895, -0.8859122104),
                (0.4768514733, -0.04044352296, -0.8780529562),
                (0.4886043562, -0.02422295931, -0.8721691529),
                (0.4956064906, -0.0100446016, -0.8684890975),
                (0.4978405128, 3.731377336e-18, -0.8672685996),
                (0.4956064906, 0.0100446016, -0.8684890975),
                (0.4886043562, 0.02422295931, -0.8721691529),
                (0.4768514733, 0.04044352296, -0.8780529562),
                (0.4602003519, 0.05809639895, -0.8859122104),
                (0.4385733355, 0.07670079565, -0.8954163374),
                (0.411945301, 0.09584361173, -0.9061539997),
                (0.3803876899, 0.1151147683, -0.9176348923),
                (0.3441193054, 0.1340806266, -0.9293031202),
                (0.3035585565, 0.1522773531, -0.9405656864),
                (0.2593701179, 0.1692184085, -0.9508376687),
                (0.2125006661, 0.1844117581, -0.9596018812),
                (0.1642075908, 0.1973822239, -0.9664761377),
                (0.1161032308, 0.2077004956, -0.9712777893),
                (0.07026891328, 0.2150320141, -0.9740757223),
                (0.02930385206, 0.219248991, -0.9752287753),
                (1.167580024e-13, 0.2201605279, -0.9754636549),
                (-0.02930385206, 0.219248991, -0.9752287753),
                (-0.07026891328, 0.2150320141, -0.9740757223),
                (-0.1161032308, 0.2077004956, -0.9712777893),
                (-0.1642075908, 0.1973822239, -0.9664761377),
                (-0.2125006661, 0.1844117581, -0.9596018812),
                (-0.2593701179, 0.1692184085, -0.9508376687),
                (-0.3035585565, 0.1522773531, -0.9405656864),
                (-0.3441193054, 0.1340806266, -0.9293031202),
                (-0.3803876899, 0.1151147683, -0.9176348923),
                (-0.411945301, 0.09584361173, -0.9061539997),
                (-0.4385733355, 0.07670079565, -0.8954163374),
                (-0.4602003519, 0.05809639895, -0.8859122104),
                (-0.4768514733, 0.04044352296, -0.8780529562),
                (-0.4886043562, 0.02422295931, -0.8721691529),
                (-0.4956064906, 0.0100446016, -0.8684890975),
                (-0.5758191496, -7.66535935e-14, -0.8175770954),
                (-0.5734819339, -0.01166300855, -0.8191351816),
                (-0.5661618794, -0.02813926439, -0.8238136367),
                (-0.5537919717, -0.04706674176, -0.831323748),
                (-0.5361006558, -0.0677980255, -0.8414270703),
                (-0.5128517571, -0.08983039256, -0.8537643562),
                (-0.4838350396, -0.1127258667, -0.867868961),
                (-0.4489271629, -0.1360273929, -0.8831539791),
                (-0.4081694085, -0.1592190642, -0.8989143583),
                (-0.3618567284, -0.181711821, -0.9143525153),
                (-0.3106269549, -0.2028513531, -0.9286346017),
                (-0.2555361346, -0.2219464269, -0.9409787816),
                (-0.1981131357, -0.238313608, -0.9507669587),
                (-0.1404095176, -0.2513377847, -0.9576609449),
                (-0.08510596634, -0.2605577776, -0.9616998591),
                (-0.03551890474, -0.2658209239, -0.9633678653),
                (1.41669106e-13, -0.2669793165, -0.9637022593),
                (0.03551890474, -0.2658209239, -0.9633678653),
                (0.08510596634, -0.2605577776, -0.9616998591),
                (0.1404095176, -0.2513377847, -0.9576609449),
                (0.1981131357, -0.238313608, -0.9507669587),
                (0.2555361346, -0.2219464269, -0.9409787816),
                (0.3106269549, -0.2028513531, -0.9286346017),
                (0.3618567284, -0.181711821, -0.9143525153),
                (0.4081694085, -0.1592190642, -0.8989143583),
                (0.4489271629, -0.1360273929, -0.8831539791),
                (0.4838350396, -0.1127258667, -0.867868961),
                (0.5128517571, -0.08983039256, -0.8537643562),
                (0.5361006558, -0.0677980255, -0.8414270703),
                (0.5537919717, -0.04706674176, -0.831323748),
                (0.5661618794, -0.02813926439, -0.8238136367),
                (0.5734819339, -0.01166300855, -0.8191351816),
                (0.5758191496, -2.073302672e-17, -0.8175770954),
                (0.5734819339, 0.01166300855, -0.8191351816),
                (0.5661618794, 0.02813926439, -0.8238136367),
                (0.5537919717, 0.04706674176, -0.831323748),
                (0.5361006558, 0.0677980255, -0.8414270703),
                (0.5128517571, 0.08983039256, -0.8537643562),
                (0.4838350396, 0.1127258667, -0.867868961),
                (0.4489271629, 0.1360273929, -0.8831539791),
                (0.4081694085, 0.1592190642, -0.8989143583),
                (0.3618567284, 0.181711821, -0.9143525153),
                (0.3106269549, 0.2028513531, -0.9286346017),
                (0.2555361346, 0.2219464269, -0.9409787816),
                (0.1981131357, 0.238313608, -0.9507669587),
                (0.1404095176, 0.2513377847, -0.9576609449),
                (0.08510596634, 0.2605577776, -0.9616998591),
                (0.03551890474, 0.2658209239, -0.9633678653),
                (1.416597131e-13, 0.2669793165, -0.9637022593),
                (-0.03551890474, 0.2658209239, -0.9633678653),
                (-0.08510596634, 0.2605577776, -0.9616998591),
                (-0.1404095176, 0.2513377847, -0.9576609449),
                (-0.1981131357, 0.238313608, -0.9507669587),
                (-0.2555361346, 0.2219464269, -0.9409787816),
                (-0.3106269549, 0.2028513531, -0.9286346017),
                (-0.3618567284, 0.181711821, -0.9143525153),
                (-0.4081694085, 0.1592190642, -0.8989143583),
                (-0.4489271629, 0.1360273929, -0.8831539791),
                (-0.4838350396, 0.1127258667, -0.867868961),
                (-0.5128517571, 0.08983039256, -0.8537643562),
                (-0.5361006558, 0.0677980255, -0.8414270703),
                (-0.5537919717, 0.04706674176, -0.831323748),
                (-0.5661618794, 0.02813926439, -0.8238136367),
                (-0.5734819339, 0.01166300855, -0.8191351816),
                (-0.6527784245, -8.737108786e-14, -0.7575488951),
                (-0.6504592886, -0.01327274777, -0.7594251431),
                (-0.6431800565, -0.03204804808, -0.7650440102),
                (-0.6307688142, -0.05372233002, -0.7741089163),
                (-0.6128093274, -0.07764126487, -0.7864073768),
                (-0.588867908, -0.1033141359, -0.8015988874),
                (-0.5584866337, -0.1303120523, -0.8192139214),
                (-0.521255627, -0.1581592612, -0.838616849),
                (-0.4769180743, -0.1862714508, -0.8589831762),
                (-0.4255070503, -0.2139231851, -0.8793068981),
                (-0.367501844, -0.2402471699, -0.8984562827),
                (-0.3039785951, -0.2642716328, -0.9152909471),
                (-0.2367270182, -0.2849976542, -0.9288361836),
                (-0.1683261759, -0.3015152859, -0.938485392),
                (-0.102234505, -0.3131586808, -0.9441820516),
                (-0.04271051968, -0.3197346409, -0.9465440143),
                (1.704365061e-13, -0.3211890539, -0.9470150958),
                (0.04271051968, -0.3197346409, -0.9465440143),
                (0.102234505, -0.3131586808, -0.9441820516),
                (0.1683261759, -0.3015152859, -0.938485392),
                (0.2367270182, -0.2849976542, -0.9288361836),
                (0.3039785951, -0.2642716328, -0.9152909471),
                (0.367501844, -0.2402471699, -0.8984562827),
                (0.4255070503, -0.2139231851, -0.8793068981),
                (0.4769180743, -0.1862714508, -0.8589831762),
                (0.521255627, -0.1581592612, -0.838616849),
                (0.5584866337, -0.1303120523, -0.8192139214),
                (0.588867908, -0.1033141359, -0.8015988874),
                (0.6128093274, -0.07764126487, -0.7864073768),
                (0.6307688142, -0.05372233002, -0.7741089163),
                (0.6431800565, -0.03204804808, -0.7650440102),
                (0.6504592886, -0.01327274777, -0.7594251431),
                (0.6527784245, -1.175041212e-17, -0.7575488951),
                (0.6504592886, 0.01327274777, -0.7594251431),
                (0.6431800565, 0.03204804808, -0.7650440102),
                (0.6307688142, 0.05372233002, -0.7741089163),
                (0.6128093274, 0.07764126487, -0.7864073768),
                (0.588867908, 0.1033141359, -0.8015988874),
                (0.5584866337, 0.1303120523, -0.8192139214),
                (0.521255627, 0.1581592612, -0.838616849),
                (0.4769180743, 0.1862714508, -0.8589831762),
                (0.4255070503, 0.2139231851, -0.8793068981),
                (0.367501844, 0.2402471699, -0.8984562827),
                (0.3039785951, 0.2642716328, -0.9152909471),
                (0.2367270182, 0.2849976542, -0.9288361836),
                (0.1683261759, 0.3015152859, -0.938485392),
                (0.102234505, 0.3131586808, -0.9441820516),
                (0.04271051968, 0.3197346409, -0.9465440143),
                (1.704798904e-13, 0.3211890539, -0.9470150958),
                (-0.04271051968, 0.3197346409, -0.9465440143),
                (-0.102234505, 0.3131586808, -0.9441820516),
                (-0.1683261759, 0.3015152859, -0.938485392),
                (-0.2367270182, 0.2849976542, -0.9288361836),
                (-0.3039785951, 0.2642716328, -0.9152909471),
                (-0.367501844, 0.2402471699, -0.8984562827),
                (-0.4255070503, 0.2139231851, -0.8793068981),
                (-0.4769180743, 0.1862714508, -0.8589831762),
                (-0.521255627, 0.1581592612, -0.838616849),
                (-0.5584866337, 0.1303120523, -0.8192139214),
                (-0.588867908, 0.1033141359, -0.8015988874),
                (-0.6128093274, 0.07764126487, -0.7864073768),
                (-0.6307688142, 0.05372233002, -0.7741089163),
                (-0.6431800565, 0.03204804808, -0.7650440102),
                (-0.6504592886, 0.01327274777, -0.7594251431),
                (-0.7264869646, -9.773425463e-14, -0.6871802459),
                (-0.7243143962, -0.0148272044, -0.6893103869),
                (-0.7174571607, -0.03583879573, -0.6956801012),
                (-0.7056300301, -0.06022812203, -0.7060161711),
                (-0.6882709479, -0.08737010596, -0.7201732895),
                (-0.6647333574, -0.1168298056, -0.7378891246),
                (-0.6342710804, -0.1482374465, -0.7587660087),
                (-0.5961072428, -0.1811496651, -0.7822026297),
                (-0.5495555124, -0.2149544253, -0.807330994),
                (-0.4942059153, -0.2488020889, -0.8329814127),
                (-0.4301722921, -0.2815748879, -0.8577105465),
                (-0.3583702855, -0.3119187778, -0.8799303464),
                (-0.2807658591, -0.3383592961, -0.8981556207),
                (-0.2005336034, -0.3595097891, -0.9113391166),
                (-0.1221365339, -0.3743577985, -0.9192055841),
                (-0.05109430737, -0.3826309639, -0.9224873534),
                (2.042149563e-13, -0.3844522232, -0.9231448901),
                (0.05109430737, -0.3826309639, -0.9224873534),
                (0.1221365339, -0.3743577985, -0.9192055841),
                (0.2005336034, -0.3595097891, -0.9113391166),
                (0.2807658591, -0.3383592961, -0.8981556207),
                (0.3583702855, -0.3119187778, -0.8799303464),
                (0.4301722921, -0.2815748879, -0.8577105465),
                (0.4942059153, -0.2488020889, -0.8329814127),
                (0.5495555124, -0.2149544253, -0.807330994),
                (0.5961072428, -0.1811496651, -0.7822026297),
                (0.6342710804, -0.1482374465, -0.7587660087),
                (0.6647333574, -0.1168298056, -0.7378891246),
                (0.6882709479, -0.08737010596, -0.7201732895),
                (0.7056300301, -0.06022812203, -0.7060161711),
                (0.7174571607, -0.03583879573, -0.6956801012),
                (0.7243143962, -0.0148272044, -0.6893103869),
                (0.7264869646, 3.594685855e-18, -0.6871802459),
                (0.7243143962, 0.0148272044, -0.6893103869),
                (0.7174571607, 0.03583879573, -0.6956801012),
                (0.7056300301, 0.06022812203, -0.7060161711),
                (0.6882709479, 0.08737010596, -0.7201732895),
                (0.6647333574, 0.1168298056, -0.7378891246),
                (0.6342710804, 0.1482374465, -0.7587660087),
                (0.5961072428, 0.1811496651, -0.7822026297),
                (0.5495555124, 0.2149544253, -0.807330994),
                (0.4942059153, 0.2488020889, -0.8329814127),
                (0.4301722921, 0.2815748879, -0.8577105465),
                (0.3583702855, 0.3119187778, -0.8799303464),
                (0.2807658591, 0.3383592961, -0.8981556207),
                (0.2005336034, 0.3595097891, -0.9113391166),
                (0.1221365339, 0.3743577985, -0.9192055841),
                (0.05109430737, 0.3826309639, -0.9224873534),
                (2.040966401e-13, 0.3844522232, -0.9231448901),
                (-0.05109430737, 0.3826309639, -0.9224873534),
                (-0.1221365339, 0.3743577985, -0.9192055841),
                (-0.2005336034, 0.3595097891, -0.9113391166),
                (-0.2807658591, 0.3383592961, -0.8981556207),
                (-0.3583702855, 0.3119187778, -0.8799303464),
                (-0.4301722921, 0.2815748879, -0.8577105465),
                (-0.4942059153, 0.2488020889, -0.8329814127),
                (-0.5495555124, 0.2149544253, -0.807330994),
                (-0.5961072428, 0.1811496651, -0.7822026297),
                (-0.6342710804, 0.1482374465, -0.7587660087),
                (-0.6647333574, 0.1168298056, -0.7378891246),
                (-0.6882709479, 0.08737010596, -0.7201732895),
                (-0.7056300301, 0.06022812203, -0.7060161711),
                (-0.7174571607, 0.03583879573, -0.6956801012),
                (-0.7243143962, 0.0148272044, -0.6893103869),
                (-0.7945339382, -1.073805989e-13, -0.607219747),
                (-0.7926243829, -0.01627373519, -0.6094930297),
                (-0.7865364497, -0.03938443191, -0.6162866863),
                (-0.7758793731, -0.06636725959, -0.6273807339),
                (-0.7599688329, -0.09666381706, -0.6427312654),
                (-0.7379650764, -0.1299444416, -0.6622099275),
                (-0.7088351406, -0.1659628773, -0.6855720727),
                (-0.6713952455, -0.2043859706, -0.7123586171),
                (-0.6244210682, -0.2446544424, -0.7417833467),
                (-0.5668618461, -0.285853005, -0.7726290875),
                (-0.4981851064, -0.3266113605, -0.803203971),
                (-0.4188385103, -0.3650894831, -0.8314348871),
                (-0.3307419336, -0.3991167627, -0.8551699147),
                (-0.237654316, -0.4265362955, -0.872689644),
                (-0.1452997506, -0.4457321368, -0.8832954459),
                (-0.06089775781, -0.4562615264, -0.8877594734),
                (2.439650034e-13, -0.4585548439, -0.88866611),
                (0.06089775781, -0.4562615264, -0.8877594734),
                (0.1452997506, -0.4457321368, -0.8832954459),
                (0.237654316, -0.4265362955, -0.872689644),
                (0.3307419336, -0.3991167627, -0.8551699147),
                (0.4188385103, -0.3650894831, -0.8314348871),
                (0.4981851064, -0.3266113605, -0.803203971),
                (0.5668618461, -0.285853005, -0.7726290875),
                (0.6244210682, -0.2446544424, -0.7417833467),
                (0.6713952455, -0.2043859706, -0.7123586171),
                (0.7088351406, -0.1659628773, -0.6855720727),
                (0.7379650764, -0.1299444416, -0.6622099275),
                (0.7599688329, -0.09666381706, -0.6427312654),
                (0.7758793731, -0.06636725959, -0.6273807339),
                (0.7865364497, -0.03938443191, -0.6162866863),
                (0.7926243829, -0.01627373519, -0.6094930297),
                (0.7945339382, -1.437998456e-17, -0.607219747),
                (0.7926243829, 0.01627373519, -0.6094930297),
                (0.7865364497, 0.03938443191, -0.6162866863),
                (0.7758793731, 0.06636725959, -0.6273807339),
                (0.7599688329, 0.09666381706, -0.6427312654),
                (0.7379650764, 0.1299444416, -0.6622099275),
                (0.7088351406, 0.1659628773, -0.6855720727),
                (0.6713952455, 0.2043859706, -0.7123586171),
                (0.6244210682, 0.2446544424, -0.7417833467),
                (0.5668618461, 0.285853005, -0.7726290875),
                (0.4981851064, 0.3266113605, -0.803203971),
                (0.4188385103, 0.3650894831, -0.8314348871),
                (0.3307419336, 0.3991167627, -0.8551699147),
                (0.237654316, 0.4265362955, -0.872689644),
                (0.1452997506, 0.4457321368, -0.8832954459),
                (0.06089775781, 0.4562615264, -0.8877594734),
                (2.435108233e-13, 0.4585548439, -0.88866611),
                (-0.06089775781, 0.4562615264, -0.8877594734),
                (-0.1452997506, 0.4457321368, -0.8832954459),
                (-0.237654316, 0.4265362955, -0.872689644),
                (-0.3307419336, 0.3991167627, -0.8551699147),
                (-0.4188385103, 0.3650894831, -0.8314348871),
                (-0.4981851064, 0.3266113605, -0.803203971),
                (-0.5668618461, 0.285853005, -0.7726290875),
                (-0.6244210682, 0.2446544424, -0.7417833467),
                (-0.6713952455, 0.2043859706, -0.7123586171),
                (-0.7088351406, 0.1659628773, -0.6855720727),
                (-0.7379650764, 0.1299444416, -0.6622099275),
                (-0.7599688329, 0.09666381706, -0.6427312654),
                (-0.7758793731, 0.06636725959, -0.6273807339),
                (-0.7865364497, 0.03938443191, -0.6162866863),
                (-0.7926243829, 0.01627373519, -0.6094930297),
                (-0.854611216, -1.159568897e-13, -0.5192683983),
                (-0.85304784, -0.01755951299, -0.5215371954),
                (-0.8479798082, -0.04255446006, -0.528317483),
                (-0.8389339772, -0.07190830359, -0.5394617482),
                (-0.8251490577, -0.1051616302, -0.5550405968),
                (-0.8056478833, -0.1421368503, -0.5750900833),
                (-0.7791652428, -0.1827809838, -0.5995770478),
                (-0.7441387739, -0.2269700325, -0.6282850384),
                (-0.6987680653, -0.2743225139, -0.6606590265),
                (-0.641206662, -0.3239854401, -0.6956201918),
                (-0.5699678261, -0.3744124233, -0.7314041389),
                (-0.4845964842, -0.4232203629, -0.7655395299),
                (-0.386541377, -0.4672830007, -0.7951304051),
                (-0.2799566831, -0.5032349279, -0.8175444104),
                (-0.1720474712, -0.5284111417, -0.8313731611),
                (-0.07229289519, -0.5419975465, -0.8372648308),
                (2.900082482e-13, -0.5449206577, -0.8384876128),
                (0.07229289519, -0.5419975465, -0.8372648308),
                (0.1720474712, -0.5284111417, -0.8313731611),
                (0.2799566831, -0.5032349279, -0.8175444104),
                (0.386541377, -0.4672830007, -0.7951304051),
                (0.4845964842, -0.4232203629, -0.7655395299),
                (0.5699678261, -0.3744124233, -0.7314041389),
                (0.641206662, -0.3239854401, -0.6956201918),
                (0.6987680653, -0.2743225139, -0.6606590265),
                (0.7441387739, -0.2269700325, -0.6282850384),
                (0.7791652428, -0.1827809838, -0.5995770478),
                (0.8056478833, -0.1421368503, -0.5750900833),
                (0.8251490577, -0.1051616302, -0.5550405968),
                (0.8389339772, -0.07190830359, -0.5394617482),
                (0.8479798082, -0.04255446006, -0.528317483),
                (0.85304784, -0.01755951299, -0.5215371954),
                (0.854611216, 5.779855034e-17, -0.5192683983),
                (0.85304784, 0.01755951299, -0.5215371954),
                (0.8479798082, 0.04255446006, -0.528317483),
                (0.8389339772, 0.07190830359, -0.5394617482),
                (0.8251490577, 0.1051616302, -0.5550405968),
                (0.8056478833, 0.1421368503, -0.5750900833),
                (0.7791652428, 0.1827809838, -0.5995770478),
                (0.7441387739, 0.2269700325, -0.6282850384),
                (0.6987680653, 0.2743225139, -0.6606590265),
                (0.641206662, 0.3239854401, -0.6956201918),
                (0.5699678261, 0.3744124233, -0.7314041389),
                (0.4845964842, 0.4232203629, -0.7655395299),
                (0.386541377, 0.4672830007, -0.7951304051),
                (0.2799566831, 0.5032349279, -0.8175444104),
                (0.1720474712, 0.5284111417, -0.8313731611),
                (0.07229289519, 0.5419975465, -0.8372648308),
                (2.89476701e-13, 0.5449206577, -0.8384876128),
                (-0.07229289519, 0.5419975465, -0.8372648308),
                (-0.1720474712, 0.5284111417, -0.8313731611),
                (-0.2799566831, 0.5032349279, -0.8175444104),
                (-0.386541377, 0.4672830007, -0.7951304051),
                (-0.4845964842, 0.4232203629, -0.7655395299),
                (-0.5699678261, 0.3744124233, -0.7314041389),
                (-0.641206662, 0.3239854401, -0.6956201918),
                (-0.6987680653, 0.2743225139, -0.6606590265),
                (-0.7441387739, 0.2269700325, -0.6282850384),
                (-0.7791652428, 0.1827809838, -0.5995770478),
                (-0.8056478833, 0.1421368503, -0.5750900833),
                (-0.8251490577, 0.1051616302, -0.5550405968),
                (-0.8389339772, 0.07190830359, -0.5394617482),
                (-0.8479798082, 0.04255446006, -0.528317483),
                (-0.85304784, 0.01755951299, -0.5215371954),
                (-0.9048458578, -1.230153631e-13, -0.4257393259),
                (-0.9036621414, -0.01863928969, -0.4278402869),
                (-0.899718289, -0.04523346295, -0.4341208752),
                (-0.8924906922, -0.07663655412, -0.444507821),
                (-0.8811956175, -0.1125083035, -0.4591689943),
                (-0.8647959785, -0.1528557295, -0.4782917953),
                (-0.8418918629, -0.197877107, -0.5020585043),
                (-0.8106445347, -0.2477565783, -0.5305394578),
                (-0.7687460811, -0.3024423593, -0.5635229206),
                (-0.71351942, -0.3613419907, -0.6002682759),
                (-0.6422945411, -0.4229257684, -0.639211637),
                (-0.5532381026, -0.4843350217, -0.6777515685),
                (-0.4467008739, -0.5412720909, -0.7123783074),
                (-0.3267624488, -0.5886029059, -0.7394409518),
                (-0.2021585938, -0.6219170148, -0.7565389148),
                (-0.08523593209, -0.6396353045, -0.7639381606),
                (3.424570356e-13, -0.643415635, -0.7655170283),
                (0.08523593209, -0.6396353045, -0.7639381606),
                (0.2021585938, -0.6219170148, -0.7565389148),
                (0.3267624488, -0.5886029059, -0.7394409518),
                (0.4467008739, -0.5412720909, -0.7123783074),
                (0.5532381026, -0.4843350217, -0.6777515685),
                (0.6422945411, -0.4229257684, -0.639211637),
                (0.71351942, -0.3613419907, -0.6002682759),
                (0.7687460811, -0.3024423593, -0.5635229206),
                (0.8106445347, -0.2477565783, -0.5305394578),
                (0.8418918629, -0.197877107, -0.5020585043),
                (0.8647959785, -0.1528557295, -0.4782917953),
                (0.8811956175, -0.1125083035, -0.4591689943),
                (0.8924906922, -0.07663655412, -0.444507821),
                (0.899718289, -0.04523346295, -0.4341208752),
                (0.9036621414, -0.01863928969, -0.4278402869),
                (0.9048458578, 5.945643457e-17, -0.4257393259),
                (0.9036621414, 0.01863928969, -0.4278402869),
                (0.899718289, 0.04523346295, -0.4341208752),
                (0.8924906922, 0.07663655412, -0.444507821),
                (0.8811956175, 0.1125083035, -0.4591689943),
                (0.8647959785, 0.1528557295, -0.4782917953),
                (0.8418918629, 0.197877107, -0.5020585043),
                (0.8106445347, 0.2477565783, -0.5305394578),
                (0.7687460811, 0.3024423593, -0.5635229206),
                (0.71351942, 0.3613419907, -0.6002682759),
                (0.6422945411, 0.4229257684, -0.639211637),
                (0.5532381026, 0.4843350217, -0.6777515685),
                (0.4467008739, 0.5412720909, -0.7123783074),
                (0.3267624488, 0.5886029059, -0.7394409518),
                (0.2021585938, 0.6219170148, -0.7565389148),
                (0.08523593209, 0.6396353045, -0.7639381606),
                (3.418261085e-13, 0.643415635, -0.7655170283),
                (-0.08523593209, 0.6396353045, -0.7639381606),
                (-0.2021585938, 0.6219170148, -0.7565389148),
                (-0.3267624488, 0.5886029059, -0.7394409518),
                (-0.4467008739, 0.5412720909, -0.7123783074),
                (-0.5532381026, 0.4843350217, -0.6777515685),
                (-0.6422945411, 0.4229257684, -0.639211637),
                (-0.71351942, 0.3613419907, -0.6002682759),
                (-0.7687460811, 0.3024423593, -0.5635229206),
                (-0.8106445347, 0.2477565783, -0.5305394578),
                (-0.8418918629, 0.197877107, -0.5020585043),
                (-0.8647959785, 0.1528557295, -0.4782917953),
                (-0.8811956175, 0.1125083035, -0.4591689943),
                (-0.8924906922, 0.07663655412, -0.444507821),
                (-0.899718289, 0.04523346295, -0.4341208752),
                (-0.9036621414, 0.01863928969, -0.4278402869),
                (-0.9440936809, -1.285340391e-13, -0.3296772992),
                (-0.9432683537, -0.01948303072, -0.3314592348),
                (-0.9403898375, -0.04734062132, -0.3367874983),
                (-0.9349146559, -0.08039036342, -0.3456471839),
                (-0.9260827764, -0.1184137884, -0.3582580998),
                (-0.9128701765, -0.1616100104, -0.3749003139),
                (-0.8938495098, -0.2104541127, -0.3959067066),
                (-0.8670496825, -0.2655026054, -0.4215841725),
                (-0.8298196904, -0.3271632233, -0.4520658212),
                (-0.7787794583, -0.395322017, -0.487055498),
                (-0.7100500685, -0.4687560141, -0.5254490456),
                (-0.620094358, -0.5443795279, -0.5649193896),
                (-0.5075011991, -0.6166937928, -0.6017734613),
                (-0.3755422238, -0.6782718407, -0.6315974575),
                (-0.2342111248, -0.7220778464, -0.650959855),
                (-0.09917133634, -0.7451395268, -0.659493845),
                (3.992684796e-13, -0.7500610285, -0.6613686215),
                (0.09917133634, -0.7451395268, -0.659493845),
                (0.2342111248, -0.7220778464, -0.650959855),
                (0.3755422238, -0.6782718407, -0.6315974575),
                (0.5075011991, -0.6166937928, -0.6017734613),
                (0.620094358, -0.5443795279, -0.5649193896),
                (0.7100500685, -0.4687560141, -0.5254490456),
                (0.7787794583, -0.395322017, -0.487055498),
                (0.8298196904, -0.3271632233, -0.4520658212),
                (0.8670496825, -0.2655026054, -0.4215841725),
                (0.8938495098, -0.2104541127, -0.3959067066),
                (0.9128701765, -0.1616100104, -0.3749003139),
                (0.9260827764, -0.1184137884, -0.3582580998),
                (0.9349146559, -0.08039036342, -0.3456471839),
                (0.9403898375, -0.04734062132, -0.3367874983),
                (0.9432683537, -0.01948303072, -0.3314592348),
                (0.9440936809, -6.60877509e-17, -0.3296772992),
                (0.9432683537, 0.01948303072, -0.3314592348),
                (0.9403898375, 0.04734062132, -0.3367874983),
                (0.9349146559, 0.08039036342, -0.3456471839),
                (0.9260827764, 0.1184137884, -0.3582580998),
                (0.9128701765, 0.1616100104, -0.3749003139),
                (0.8938495098, 0.2104541127, -0.3959067066),
                (0.8670496825, 0.2655026054, -0.4215841725),
                (0.8298196904, 0.3271632233, -0.4520658212),
                (0.7787794583, 0.395322017, -0.487055498),
                (0.7100500685, 0.4687560141, -0.5254490456),
                (0.620094358, 0.5443795279, -0.5649193896),
                (0.5075011991, 0.6166937928, -0.6017734613),
                (0.3755422238, 0.6782718407, -0.6315974575),
                (0.2342111248, 0.7220778464, -0.650959855),
                (0.09917133634, 0.7451395268, -0.659493845),
                (3.988486062e-13, 0.7500610285, -0.6613686215),
                (-0.09917133634, 0.7451395268, -0.659493845),
                (-0.2342111248, 0.7220778464, -0.650959855),
                (-0.3755422238, 0.6782718407, -0.6315974575),
                (-0.5075011991, 0.6166937928, -0.6017734613),
                (-0.620094358, 0.5443795279, -0.5649193896),
                (-0.7100500685, 0.4687560141, -0.5254490456),
                (-0.7787794583, 0.395322017, -0.487055498),
                (-0.8298196904, 0.3271632233, -0.4520658212),
                (-0.8670496825, 0.2655026054, -0.4215841725),
                (-0.8938495098, 0.2104541127, -0.3959067066),
                (-0.9128701765, 0.1616100104, -0.3749003139),
                (-0.9260827764, 0.1184137884, -0.3582580998),
                (-0.9349146559, 0.08039036342, -0.3456471839),
                (-0.9403898375, 0.04734062132, -0.3367874983),
                (-0.9432683537, 0.01948303072, -0.3314592348),
                (-0.9721108818, -1.325351944e-13, -0.234521712),
                (-0.9715766506, -0.02008097683, -0.2358719278),
                (-0.9695658724, -0.04884430885, -0.2399088424),
                (-0.9655359141, -0.0830921866, -0.2466497257),
                (-0.9587742496, -0.1227117356, -0.2563079558),
                (-0.9483135806, -0.1680717283, -0.2691714082),
                (-0.9327754142, -0.2199029657, -0.2856093701),
                (-0.9101828807, -0.2791304652, -0.3060282784),
                (-0.8777326439, -0.3466640562, -0.3307709751),
                (-0.831585242, -0.4230017409, -0.3599104228),
                (-0.7668727253, -0.5074912773, -0.3928852589),
                (-0.6783778804, -0.5971810924, -0.4279932176),
                (-0.562563184, -0.6856248906, -0.4619969409),
                (-0.4211857401, -0.7629175188, -0.490468584),
                (-0.2649073347, -0.8187010521, -0.5094631402),
                (-0.1126908648, -0.8479313108, -0.5179896342),
                (4.552532805e-13, -0.8542259507, -0.519901938),
                (0.1126908648, -0.8479313108, -0.5179896342),
                (0.2649073347, -0.8187010521, -0.5094631402),
                (0.4211857401, -0.7629175188, -0.490468584),
                (0.562563184, -0.6856248906, -0.4619969409),
                (0.6783778804, -0.5971810924, -0.4279932176),
                (0.7668727253, -0.5074912773, -0.3928852589),
                (0.831585242, -0.4230017409, -0.3599104228),
                (0.8777326439, -0.3466640562, -0.3307709751),
                (0.9101828807, -0.2791304652, -0.3060282784),
                (0.9327754142, -0.2199029657, -0.2856093701),
                (0.9483135806, -0.1680717283, -0.2691714082),
                (0.9587742496, -0.1227117356, -0.2563079558),
                (0.9655359141, -0.0830921866, -0.2466497257),
                (0.9695658724, -0.04884430885, -0.2399088424),
                (0.9715766506, -0.02008097683, -0.2358719278),
                (0.9721108818, 6.082500351e-18, -0.234521712),
                (0.9715766506, 0.02008097683, -0.2358719278),
                (0.9695658724, 0.04884430885, -0.2399088424),
                (0.9655359141, 0.0830921866, -0.2466497257),
                (0.9587742496, 0.1227117356, -0.2563079558),
                (0.9483135806, 0.1680717283, -0.2691714082),
                (0.9327754142, 0.2199029657, -0.2856093701),
                (0.9101828807, 0.2791304652, -0.3060282784),
                (0.8777326439, 0.3466640562, -0.3307709751),
                (0.831585242, 0.4230017409, -0.3599104228),
                (0.7668727253, 0.5074912773, -0.3928852589),
                (0.6783778804, 0.5971810924, -0.4279932176),
                (0.562563184, 0.6856248906, -0.4619969409),
                (0.4211857401, 0.7629175188, -0.490468584),
                (0.2649073347, 0.8187010521, -0.5094631402),
                (0.1126908648, 0.8479313108, -0.5179896342),
                (4.546044672e-13, 0.8542259507, -0.519901938),
                (-0.1126908648, 0.8479313108, -0.5179896342),
                (-0.2649073347, 0.8187010521, -0.5094631402),
                (-0.4211857401, 0.7629175188, -0.490468584),
                (-0.562563184, 0.6856248906, -0.4619969409),
                (-0.6783778804, 0.5971810924, -0.4279932176),
                (-0.7668727253, 0.5074912773, -0.3928852589),
                (-0.831585242, 0.4230017409, -0.3599104228),
                (-0.8777326439, 0.3466640562, -0.3307709751),
                (-0.9101828807, 0.2791304652, -0.3060282784),
                (-0.9327754142, 0.2199029657, -0.2856093701),
                (-0.9483135806, 0.1680717283, -0.2691714082),
                (-0.9587742496, 0.1227117356, -0.2563079558),
                (-0.9655359141, 0.0830921866, -0.2466497257),
                (-0.9695658724, 0.04884430885, -0.2399088424),
                (-0.9715766506, 0.02008097683, -0.2358719278),
                (-0.9895762801, -1.348582061e-13, -0.1440096725),
                (-0.9892392044, -0.02044460559, -0.1448717176),
                (-0.9878170778, -0.04976718957, -0.1474471015),
                (-0.9847760973, -0.08476447082, -0.1517597533),
                (-0.9794497857, -0.1253983909, -0.1579663285),
                (-0.970932803, -0.1721598111, -0.1662843693),
                (-0.9579182227, -0.2259697454, -0.1770038215),
                (-0.9384849544, -0.288040972, -0.1904688655),
                (-0.9098101717, -0.3597029388, -0.2070247503),
                (-0.8678366023, -0.4420188161, -0.2268898365),
                (-0.8070697283, -0.5349677528, -0.2498958924),
                (-0.7210164602, -0.6359829101, -0.2750654509),
                (-0.6042377088, -0.7381026409, -0.3001687572),
                (-0.4567766333, -0.829343895, -0.3217822417),
                (-0.2893620108, -0.8961133612, -0.3365270726),
                (-0.1235904671, -0.9310813851, -0.3432387664),
                (5.003033237e-13, -0.9386989349, -0.3447380303),
                (0.1235904671, -0.9310813851, -0.3432387664),
                (0.2893620108, -0.8961133612, -0.3365270726),
                (0.4567766333, -0.829343895, -0.3217822417),
                (0.6042377088, -0.7381026409, -0.3001687572),
                (0.7210164602, -0.6359829101, -0.2750654509),
                (0.8070697283, -0.5349677528, -0.2498958924),
                (0.8678366023, -0.4420188161, -0.2268898365),
                (0.9098101717, -0.3597029388, -0.2070247503),
                (0.9384849544, -0.288040972, -0.1904688655),
                (0.9579182227, -0.2259697454, -0.1770038215),
                (0.970932803, -0.1721598111, -0.1662843693),
                (0.9794497857, -0.1253983909, -0.1579663285),
                (0.9847760973, -0.08476447082, -0.1517597533),
                (0.9878170778, -0.04976718957, -0.1474471015),
                (0.9892392044, -0.02044460559, -0.1448717176),
                (0.9895762801, 1.658520922e-17, -0.1440096725),
                (0.9892392044, 0.02044460559, -0.1448717176),
                (0.9878170778, 0.04976718957, -0.1474471015),
                (0.9847760973, 0.08476447082, -0.1517597533),
                (0.9794497857, 0.1253983909, -0.1579663285),
                (0.970932803, 0.1721598111, -0.1662843693),
                (0.9579182227, 0.2259697454, -0.1770038215),
                (0.9384849544, 0.288040972, -0.1904688655),
                (0.9098101717, 0.3597029388, -0.2070247503),
                (0.8678366023, 0.4420188161, -0.2268898365),
                (0.8070697283, 0.5349677528, -0.2498958924),
                (0.7210164602, 0.6359829101, -0.2750654509),
                (0.6042377088, 0.7381026409, -0.3001687572),
                (0.4567766333, 0.829343895, -0.3217822417),
                (0.2893620108, 0.8961133612, -0.3365270726),
                (0.1235904671, 0.9310813851, -0.3432387664),
                (5.000347951e-13, 0.9386989349, -0.3447380303),
                (-0.1235904671, 0.9310813851, -0.3432387664),
                (-0.2893620108, 0.8961133612, -0.3365270726),
                (-0.4567766333, 0.829343895, -0.3217822417),
                (-0.6042377088, 0.7381026409, -0.3001687572),
                (-0.7210164602, 0.6359829101, -0.2750654509),
                (-0.8070697283, 0.5349677528, -0.2498958924),
                (-0.8678366023, 0.4420188161, -0.2268898365),
                (-0.9098101717, 0.3597029388, -0.2070247503),
                (-0.9384849544, 0.288040972, -0.1904688655),
                (-0.9579182227, 0.2259697454, -0.1770038215),
                (-0.970932803, 0.1721598111, -0.1662843693),
                (-0.9794497857, 0.1253983909, -0.1579663285),
                (-0.9847760973, 0.08476447082, -0.1517597533),
                (-0.9878170778, 0.04976718957, -0.1474471015),
                (-0.9892392044, 0.02044460559, -0.1448717176),
                (-0.9980645517, -1.358664261e-13, -0.06218641919),
                (-0.9978280795, -0.02060637927, -0.06256597251),
                (-0.9967064806, -0.05018715972, -0.06369804245),
                (-0.994173352, -0.08553610929, -0.06559664812),
                (-0.9895903338, -0.1266539486, -0.06833555852),
                (-0.9820916903, -0.1740955023, -0.07201852449),
                (-0.9704205424, -0.2288838819, -0.07678632387),
                (-0.9527063877, -0.2923914314, -0.08281177224),
                (-0.9261500083, -0.3661907153, -0.09028024273),
                (-0.8866258548, -0.451693318, -0.09933649916),
                (-0.8283520615, -0.5493088357, -0.1099666554),
                (-0.7441496974, -0.6568173197, -0.1217876691),
                (-0.6274247613, -0.7670968399, -0.1337931503),
                (-0.4770210626, -0.8669629932, -0.1443124192),
                (-0.3034848364, -0.9407009629, -0.151587112),
                (-0.1299268122, -0.9793464679, -0.1549177821),
                (5.268905825e-13, -0.9878156329, -0.1556286458),
                (0.1299268122, -0.9793464679, -0.1549177821),
                (0.3034848364, -0.9407009629, -0.151587112),
                (0.4770210626, -0.8669629932, -0.1443124192),
                (0.6274247613, -0.7670968399, -0.1337931503),
                (0.7441496974, -0.6568173197, -0.1217876691),
                (0.8283520615, -0.5493088357, -0.1099666554),
                (0.8866258548, -0.451693318, -0.09933649916),
                (0.9261500083, -0.3661907153, -0.09028024273),
                (0.9527063877, -0.2923914314, -0.08281177224),
                (0.9704205424, -0.2288838819, -0.07678632387),
                (0.9820916903, -0.1740955023, -0.07201852449),
                (0.9895903338, -0.1266539486, -0.06833555852),
                (0.994173352, -0.08553610929, -0.06559664812),
                (0.9967064806, -0.05018715972, -0.06369804245),
                (0.9978280795, -0.02060637927, -0.06256597251),
                (0.9980645517, -7.157409611e-17, -0.06218641919),
                (0.9978280795, 0.02060637927, -0.06256597251),
                (0.9967064806, 0.05018715972, -0.06369804245),
                (0.994173352, 0.08553610929, -0.06559664812),
                (0.9895903338, 0.1266539486, -0.06833555852),
                (0.9820916903, 0.1740955023, -0.07201852449),
                (0.9704205424, 0.2288838819, -0.07678632387),
                (0.9527063877, 0.2923914314, -0.08281177224),
                (0.9261500083, 0.3661907153, -0.09028024273),
                (0.8866258548, 0.451693318, -0.09933649916),
                (0.8283520615, 0.5493088357, -0.1099666554),
                (0.7441496974, 0.6568173197, -0.1217876691),
                (0.6274247613, 0.7670968399, -0.1337931503),
                (0.4770210626, 0.8669629932, -0.1443124192),
                (0.3034848364, 0.9407009629, -0.151587112),
                (0.1299268122, 0.9793464679, -0.1549177821),
                (5.263582044e-13, 0.9878156329, -0.1556286458),
                (-0.1299268122, 0.9793464679, -0.1549177821),
                (-0.3034848364, 0.9407009629, -0.151587112),
                (-0.4770210626, 0.8669629932, -0.1443124192),
                (-0.6274247613, 0.7670968399, -0.1337931503),
                (-0.7441496974, 0.6568173197, -0.1217876691),
                (-0.8283520615, 0.5493088357, -0.1099666554),
                (-0.8866258548, 0.451693318, -0.09933649916),
                (-0.9261500083, 0.3661907153, -0.09028024273),
                (-0.9527063877, 0.2923914314, -0.08281177224),
                (-0.9704205424, 0.2288838819, -0.07678632387),
                (-0.9820916903, 0.1740955023, -0.07201852449),
                (-0.9895903338, 0.1266539486, -0.06833555852),
                (-0.994173352, 0.08553610929, -0.06559664812),
                (-0.9967064806, 0.05018715972, -0.06369804245),
                (-0.9978280795, 0.02060637927, -0.06256597251),
                (-1, -1.356310723e-13, 1.104827195e-18),
                (-0.9997879477, -0.02059270976, -2.210005749e-17),
                (-0.9987400026, -0.05018373399, -1.353770227e-16),
                (-0.9963329881, -0.08556037004, 1.21577949e-17),
                (-0.9919370792, -0.1267313339, 9.617201062e-17),
                (-0.9846988557, -0.1742646366, -4.03564315e-17),
                (-0.9733778648, -0.2292063096, -4.092110733e-17),
                (-0.9561224918, -0.2929672007, 1.637518891e-16),
                (-0.93014874, -0.3671829536, -2.546308026e-17),
                (-0.8913258074, -0.4533633256, -1.440459329e-16),
                (-0.8338087796, -0.5520533661, 1.553165614e-16),
                (-0.7502363574, -0.6611697271, -6.000576944e-17),
                (-0.6336688747, -0.7736043933, 1.335973748e-16),
                (-0.4825500893, -0.8758683756, -2.966052779e-16),
                (-0.3073293723, -0.9516032035, -3.123330659e-16),
                (-0.1315998465, -0.9913029206, 3.186288632e-16),
                (5.328717088e-13, -1, 2.929592045e-16),
                (0.1315998465, -0.9913029206, -4.122121656e-16),
                (0.3073293723, -0.9516032035, -8.031421694e-17),
                (0.4825500893, -0.8758683756, 3.111010245e-16),
                (0.6336688747, -0.7736043933, -2.059626195e-16),
                (0.7502363574, -0.6611697271, -3.444775653e-17),
                (0.8338087796, -0.5520533661, -1.564259654e-16),
                (0.8913258074, -0.4533633256, 5.540228188e-18),
                (0.93014874, -0.3671829536, 9.244205224e-17),
                (0.9561224918, -0.2929672007, -1.825612277e-17),
                (0.9733778648, -0.2292063096, -5.972269719e-17),
                (0.9846988557, -0.1742646366, 4.588470979e-17),
                (0.9919370792, -0.1267313339, 2.542478442e-17),
                (0.9963329881, -0.08556037004, 1.547355715e-17),
                (0.9987400026, -0.05018373399, 2.486516744e-17),
                (0.9997879477, -0.02059270976, 2.210005749e-17),
                (1, 0, 5.524135976e-18),
                (0.9997879477, 0.02059270976, -1.878504887e-17),
                (0.9987400026, 0.05018373399, -2.431260817e-17),
                (0.9963329881, 0.08556037004, -1.049991378e-17),
                (0.9919370792, 0.1267313339, -3.095191147e-17),
                (0.9846988557, 0.1742646366, -4.146208716e-17),
                (0.9733778648, 0.2292063096, 6.414660068e-17),
                (0.9561224918, 0.2929672007, 1.880933862e-17),
                (0.93014874, 0.3671829536, 6.753251721e-17),
                (0.8913258074, 0.4533633256, -6.869882953e-17),
                (0.8338087796, 0.5520533661, -2.884450425e-17),
                (0.7502363574, 0.6611697271, 3.355878217e-16),
                (0.6336688747, 0.7736043933, 1.135577686e-16),
                (0.4825500893, 0.8758683756, -6.913356101e-16),
                (0.3073293723, 0.9516032035, -3.480282734e-16),
                (0.1315998465, 0.9913029206, 3.141725154e-16),
                (5.325354716e-13, 1, -4.438775826e-18),
                (-0.1315998465, 0.9913029206, -3.197429501e-16),
                (-0.3073293723, 0.9516032035, 3.145640163e-16),
                (-0.4825500893, 0.8758683756, 3.490129774e-16),
                (-0.6336688747, 0.7736043933, -1.614301612e-16),
                (-0.7502363574, 0.6611697271, -2.778044882e-17),
                (-0.8338087796, 0.5520533661, 1.664106015e-17),
                (-0.8913258074, 0.4533633256, 2.005562604e-16),
                (-0.93014874, 0.3671829536, -1.992762803e-17),
                (-0.9561224918, 0.2929672007, -1.383039604e-16),
                (-0.9733778648, 0.2292063096, -5.916970925e-17),
                (-0.9846988557, 0.1742646366, 1.498163416e-16),
                (-0.9919370792, 0.1267313339, -5.914025941e-17),
                (-0.9963329881, 0.08556037004, -1.398146414e-16),
                (-0.9987400026, 0.05018373399, 1.292988707e-16),
                (-0.9997879477, 0.02059270976, 2.983507762e-17),
                (-0.9980645517, -1.359172741e-13, 0.06218641919),
                (-0.9978280795, -0.02060637927, 0.06256597251),
                (-0.9967064806, -0.05018715972, 0.06369804245),
                (-0.994173352, -0.08553610929, 0.06559664812),
                (-0.9895903338, -0.1266539486, 0.06833555852),
                (-0.9820916903, -0.1740955023, 0.07201852449),
                (-0.9704205424, -0.2288838819, 0.07678632387),
                (-0.9527063877, -0.2923914314, 0.08281177224),
                (-0.9261500083, -0.3661907153, 0.09028024273),
                (-0.8866258548, -0.451693318, 0.09933649916),
                (-0.8283520615, -0.5493088357, 0.1099666554),
                (-0.7441496974, -0.6568173197, 0.1217876691),
                (-0.6274247613, -0.7670968399, 0.1337931503),
                (-0.4770210626, -0.8669629932, 0.1443124192),
                (-0.3034848364, -0.9407009629, 0.151587112),
                (-0.1299268122, -0.9793464679, 0.1549177821),
                (5.270275752e-13, -0.9878156329, 0.1556286458),
                (0.1299268122, -0.9793464679, 0.1549177821),
                (0.3034848364, -0.9407009629, 0.151587112),
                (0.4770210626, -0.8669629932, 0.1443124192),
                (0.6274247613, -0.7670968399, 0.1337931503),
                (0.7441496974, -0.6568173197, 0.1217876691),
                (0.8283520615, -0.5493088357, 0.1099666554),
                (0.8866258548, -0.451693318, 0.09933649916),
                (0.9261500083, -0.3661907153, 0.09028024273),
                (0.9527063877, -0.2923914314, 0.08281177224),
                (0.9704205424, -0.2288838819, 0.07678632387),
                (0.9820916903, -0.1740955023, 0.07201852449),
                (0.9895903338, -0.1266539486, 0.06833555852),
                (0.994173352, -0.08553610929, 0.06559664812),
                (0.9967064806, -0.05018715972, 0.06369804245),
                (0.9978280795, -0.02060637927, 0.06256597251),
                (0.9980645517, 7.046870467e-17, 0.06218641919),
                (0.9978280795, 0.02060637927, 0.06256597251),
                (0.9967064806, 0.05018715972, 0.06369804245),
                (0.994173352, 0.08553610929, 0.06559664812),
                (0.9895903338, 0.1266539486, 0.06833555852),
                (0.9820916903, 0.1740955023, 0.07201852449),
                (0.9704205424, 0.2288838819, 0.07678632387),
                (0.9527063877, 0.2923914314, 0.08281177224),
                (0.9261500083, 0.3661907153, 0.09028024273),
                (0.8866258548, 0.451693318, 0.09933649916),
                (0.8283520615, 0.5493088357, 0.1099666554),
                (0.7441496974, 0.6568173197, 0.1217876691),
                (0.6274247613, 0.7670968399, 0.1337931503),
                (0.4770210626, 0.8669629932, 0.1443124192),
                (0.3034848364, 0.9407009629, 0.151587112),
                (0.1299268122, 0.9793464679, 0.1549177821),
                (5.262145291e-13, 0.9878156329, 0.1556286458),
                (-0.1299268122, 0.9793464679, 0.1549177821),
                (-0.3034848364, 0.9407009629, 0.151587112),
                (-0.4770210626, 0.8669629932, 0.1443124192),
                (-0.6274247613, 0.7670968399, 0.1337931503),
                (-0.7441496974, 0.6568173197, 0.1217876691),
                (-0.8283520615, 0.5493088357, 0.1099666554),
                (-0.8866258548, 0.451693318, 0.09933649916),
                (-0.9261500083, 0.3661907153, 0.09028024273),
                (-0.9527063877, 0.2923914314, 0.08281177224),
                (-0.9704205424, 0.2288838819, 0.07678632387),
                (-0.9820916903, 0.1740955023, 0.07201852449),
                (-0.9895903338, 0.1266539486, 0.06833555852),
                (-0.994173352, 0.08553610929, 0.06559664812),
                (-0.9967064806, 0.05018715972, 0.06369804245),
                (-0.9978280795, 0.02060637927, 0.06256597251),
                (-0.9895762801, -1.348316697e-13, 0.1440096725),
                (-0.9892392044, -0.02044460559, 0.1448717176),
                (-0.9878170778, -0.04976718957, 0.1474471015),
                (-0.9847760973, -0.08476447082, 0.1517597533),
                (-0.9794497857, -0.1253983909, 0.1579663285),
                (-0.970932803, -0.1721598111, 0.1662843693),
                (-0.9579182227, -0.2259697454, 0.1770038215),
                (-0.9384849544, -0.288040972, 0.1904688655),
                (-0.9098101717, -0.3597029388, 0.2070247503),
                (-0.8678366023, -0.4420188161, 0.2268898365),
                (-0.8070697283, -0.5349677528, 0.2498958924),
                (-0.7210164602, -0.6359829101, 0.2750654509),
                (-0.6042377088, -0.7381026409, 0.3001687572),
                (-0.4567766333, -0.829343895, 0.3217822417),
                (-0.2893620108, -0.8961133612, 0.3365270726),
                (-0.1235904671, -0.9310813851, 0.3432387664),
                (5.003868907e-13, -0.9386989349, 0.3447380303),
                (0.1235904671, -0.9310813851, 0.3432387664),
                (0.2893620108, -0.8961133612, 0.3365270726),
                (0.4567766333, -0.829343895, 0.3217822417),
                (0.6042377088, -0.7381026409, 0.3001687572),
                (0.7210164602, -0.6359829101, 0.2750654509),
                (0.8070697283, -0.5349677528, 0.2498958924),
                (0.8678366023, -0.4420188161, 0.2268898365),
                (0.9098101717, -0.3597029388, 0.2070247503),
                (0.9384849544, -0.288040972, 0.1904688655),
                (0.9579182227, -0.2259697454, 0.1770038215),
                (0.970932803, -0.1721598111, 0.1662843693),
                (0.9794497857, -0.1253983909, 0.1579663285),
                (0.9847760973, -0.08476447082, 0.1517597533),
                (0.9878170778, -0.04976718957, 0.1474471015),
                (0.9892392044, -0.02044460559, 0.1448717176),
                (0.9895762801, -1.630878907e-17, 0.1440096725),
                (0.9892392044, 0.02044460559, 0.1448717176),
                (0.9878170778, 0.04976718957, 0.1474471015),
                (0.9847760973, 0.08476447082, 0.1517597533),
                (0.9794497857, 0.1253983909, 0.1579663285),
                (0.970932803, 0.1721598111, 0.1662843693),
                (0.9579182227, 0.2259697454, 0.1770038215),
                (0.9384849544, 0.288040972, 0.1904688655),
                (0.9098101717, 0.3597029388, 0.2070247503),
                (0.8678366023, 0.4420188161, 0.2268898365),
                (0.8070697283, 0.5349677528, 0.2498958924),
                (0.7210164602, 0.6359829101, 0.2750654509),
                (0.6042377088, 0.7381026409, 0.3001687572),
                (0.4567766333, 0.829343895, 0.3217822417),
                (0.2893620108, 0.8961133612, 0.3365270726),
                (0.1235904671, 0.9310813851, 0.3432387664),
                (4.999300578e-13, 0.9386989349, 0.3447380303),
                (-0.1235904671, 0.9310813851, 0.3432387664),
                (-0.2893620108, 0.8961133612, 0.3365270726),
                (-0.4567766333, 0.829343895, 0.3217822417),
                (-0.6042377088, 0.7381026409, 0.3001687572),
                (-0.7210164602, 0.6359829101, 0.2750654509),
                (-0.8070697283, 0.5349677528, 0.2498958924),
                (-0.8678366023, 0.4420188161, 0.2268898365),
                (-0.9098101717, 0.3597029388, 0.2070247503),
                (-0.9384849544, 0.288040972, 0.1904688655),
                (-0.9579182227, 0.2259697454, 0.1770038215),
                (-0.970932803, 0.1721598111, 0.1662843693),
                (-0.9794497857, 0.1253983909, 0.1579663285),
                (-0.9847760973, 0.08476447082, 0.1517597533),
                (-0.9878170778, 0.04976718957, 0.1474471015),
                (-0.9892392044, 0.02044460559, 0.1448717176),
                (-0.9721108818, -1.325282824e-13, 0.234521712),
                (-0.9715766506, -0.02008097683, 0.2358719278),
                (-0.9695658724, -0.04884430885, 0.2399088424),
                (-0.9655359141, -0.0830921866, 0.2466497257),
                (-0.9587742496, -0.1227117356, 0.2563079558),
                (-0.9483135806, -0.1680717283, 0.2691714082),
                (-0.9327754142, -0.2199029657, 0.2856093701),
                (-0.9101828807, -0.2791304652, 0.3060282784),
                (-0.8777326439, -0.3466640562, 0.3307709751),
                (-0.831585242, -0.4230017409, 0.3599104228),
                (-0.7668727253, -0.5074912773, 0.3928852589),
                (-0.6783778804, -0.5971810924, 0.4279932176),
                (-0.562563184, -0.6856248906, 0.4619969409),
                (-0.4211857401, -0.7629175188, 0.490468584),
                (-0.2649073347, -0.8187010521, 0.5094631402),
                (-0.1126908648, -0.8479313108, 0.5179896342),
                (4.552143295e-13, -0.8542259507, 0.519901938),
                (0.1126908648, -0.8479313108, 0.5179896342),
                (0.2649073347, -0.8187010521, 0.5094631402),
                (0.4211857401, -0.7629175188, 0.490468584),
                (0.562563184, -0.6856248906, 0.4619969409),
                (0.6783778804, -0.5971810924, 0.4279932176),
                (0.7668727253, -0.5074912773, 0.3928852589),
                (0.831585242, -0.4230017409, 0.3599104228),
                (0.8777326439, -0.3466640562, 0.3307709751),
                (0.9101828807, -0.2791304652, 0.3060282784),
                (0.9327754142, -0.2199029657, 0.2856093701),
                (0.9483135806, -0.1680717283, 0.2691714082),
                (0.9587742496, -0.1227117356, 0.2563079558),
                (0.9655359141, -0.0830921866, 0.2466497257),
                (0.9695658724, -0.04884430885, 0.2399088424),
                (0.9715766506, -0.02008097683, 0.2358719278),
                (0.9721108818, -4.14715933e-18, 0.234521712),
                (0.9715766506, 0.02008097683, 0.2358719278),
                (0.9695658724, 0.04884430885, 0.2399088424),
                (0.9655359141, 0.0830921866, 0.2466497257),
                (0.9587742496, 0.1227117356, 0.2563079558),
                (0.9483135806, 0.1680717283, 0.2691714082),
                (0.9327754142, 0.2199029657, 0.2856093701),
                (0.9101828807, 0.2791304652, 0.3060282784),
                (0.8777326439, 0.3466640562, 0.3307709751),
                (0.831585242, 0.4230017409, 0.3599104228),
                (0.7668727253, 0.5074912773, 0.3928852589),
                (0.6783778804, 0.5971810924, 0.4279932176),
                (0.562563184, 0.6856248906, 0.4619969409),
                (0.4211857401, 0.7629175188, 0.490468584),
                (0.2649073347, 0.8187010521, 0.5094631402),
                (0.1126908648, 0.8479313108, 0.5179896342),
                (4.547302235e-13, 0.8542259507, 0.519901938),
                (-0.1126908648, 0.8479313108, 0.5179896342),
                (-0.2649073347, 0.8187010521, 0.5094631402),
                (-0.4211857401, 0.7629175188, 0.490468584),
                (-0.562563184, 0.6856248906, 0.4619969409),
                (-0.6783778804, 0.5971810924, 0.4279932176),
                (-0.7668727253, 0.5074912773, 0.3928852589),
                (-0.831585242, 0.4230017409, 0.3599104228),
                (-0.8777326439, 0.3466640562, 0.3307709751),
                (-0.9101828807, 0.2791304652, 0.3060282784),
                (-0.9327754142, 0.2199029657, 0.2856093701),
                (-0.9483135806, 0.1680717283, 0.2691714082),
                (-0.9587742496, 0.1227117356, 0.2563079558),
                (-0.9655359141, 0.0830921866, 0.2466497257),
                (-0.9695658724, 0.04884430885, 0.2399088424),
                (-0.9715766506, 0.02008097683, 0.2358719278),
                (-0.9440936809, -1.285802176e-13, 0.3296772992),
                (-0.9432683537, -0.01948303072, 0.3314592348),
                (-0.9403898375, -0.04734062132, 0.3367874983),
                (-0.9349146559, -0.08039036342, 0.3456471839),
                (-0.9260827764, -0.1184137884, 0.3582580998),
                (-0.9128701765, -0.1616100104, 0.3749003139),
                (-0.8938495098, -0.2104541127, 0.3959067066),
                (-0.8670496825, -0.2655026054, 0.4215841725),
                (-0.8298196904, -0.3271632233, 0.4520658212),
                (-0.7787794583, -0.395322017, 0.487055498),
                (-0.7100500685, -0.4687560141, 0.5254490456),
                (-0.620094358, -0.5443795279, 0.5649193896),
                (-0.5075011991, -0.6166937928, 0.6017734613),
                (-0.3755422238, -0.6782718407, 0.6315974575),
                (-0.2342111248, -0.7220778464, 0.650959855),
                (-0.09917133634, -0.7451395268, 0.659493845),
                (3.991140817e-13, -0.7500610285, 0.6613686215),
                (0.09917133634, -0.7451395268, 0.659493845),
                (0.2342111248, -0.7220778464, 0.650959855),
                (0.3755422238, -0.6782718407, 0.6315974575),
                (0.5075011991, -0.6166937928, 0.6017734613),
                (0.620094358, -0.5443795279, 0.5649193896),
                (0.7100500685, -0.4687560141, 0.5254490456),
                (0.7787794583, -0.395322017, 0.487055498),
                (0.8298196904, -0.3271632233, 0.4520658212),
                (0.8670496825, -0.2655026054, 0.4215841725),
                (0.8938495098, -0.2104541127, 0.3959067066),
                (0.9128701765, -0.1616100104, 0.3749003139),
                (0.9260827764, -0.1184137884, 0.3582580998),
                (0.9349146559, -0.08039036342, 0.3456471839),
                (0.9403898375, -0.04734062132, 0.3367874983),
                (0.9432683537, -0.01948303072, 0.3314592348),
                (0.9440936809, 6.719382205e-17, 0.3296772992),
                (0.9432683537, 0.01948303072, 0.3314592348),
                (0.9403898375, 0.04734062132, 0.3367874983),
                (0.9349146559, 0.08039036342, 0.3456471839),
                (0.9260827764, 0.1184137884, 0.3582580998),
                (0.9128701765, 0.1616100104, 0.3749003139),
                (0.8938495098, 0.2104541127, 0.3959067066),
                (0.8670496825, 0.2655026054, 0.4215841725),
                (0.8298196904, 0.3271632233, 0.4520658212),
                (0.7787794583, 0.395322017, 0.487055498),
                (0.7100500685, 0.4687560141, 0.5254490456),
                (0.620094358, 0.5443795279, 0.5649193896),
                (0.5075011991, 0.6166937928, 0.6017734613),
                (0.3755422238, 0.6782718407, 0.6315974575),
                (0.2342111248, 0.7220778464, 0.650959855),
                (0.09917133634, 0.7451395268, 0.659493845),
                (3.989308037e-13, 0.7500610285, 0.6613686215),
                (-0.09917133634, 0.7451395268, 0.659493845),
                (-0.2342111248, 0.7220778464, 0.650959855),
                (-0.3755422238, 0.6782718407, 0.6315974575),
                (-0.5075011991, 0.6166937928, 0.6017734613),
                (-0.620094358, 0.5443795279, 0.5649193896),
                (-0.7100500685, 0.4687560141, 0.5254490456),
                (-0.7787794583, 0.395322017, 0.487055498),
                (-0.8298196904, 0.3271632233, 0.4520658212),
                (-0.8670496825, 0.2655026054, 0.4215841725),
                (-0.8938495098, 0.2104541127, 0.3959067066),
                (-0.9128701765, 0.1616100104, 0.3749003139),
                (-0.9260827764, 0.1184137884, 0.3582580998),
                (-0.9349146559, 0.08039036342, 0.3456471839),
                (-0.9403898375, 0.04734062132, 0.3367874983),
                (-0.9432683537, 0.01948303072, 0.3314592348),
                (-0.9048458578, -1.229813485e-13, 0.4257393259),
                (-0.9036621414, -0.01863928969, 0.4278402869),
                (-0.899718289, -0.04523346295, 0.4341208752),
                (-0.8924906922, -0.07663655412, 0.444507821),
                (-0.8811956175, -0.1125083035, 0.4591689943),
                (-0.8647959785, -0.1528557295, 0.4782917953),
                (-0.8418918629, -0.197877107, 0.5020585043),
                (-0.8106445347, -0.2477565783, 0.5305394578),
                (-0.7687460811, -0.3024423593, 0.5635229206),
                (-0.71351942, -0.3613419907, 0.6002682759),
                (-0.6422945411, -0.4229257684, 0.639211637),
                (-0.5532381026, -0.4843350217, 0.6777515685),
                (-0.4467008739, -0.5412720909, 0.7123783074),
                (-0.3267624488, -0.5886029059, 0.7394409518),
                (-0.2021585938, -0.6219170148, 0.7565389148),
                (-0.08523593209, -0.6396353045, 0.7639381606),
                (3.425368717e-13, -0.643415635, 0.7655170283),
                (0.08523593209, -0.6396353045, 0.7639381606),
                (0.2021585938, -0.6219170148, 0.7565389148),
                (0.3267624488, -0.5886029059, 0.7394409518),
                (0.4467008739, -0.5412720909, 0.7123783074),
                (0.5532381026, -0.4843350217, 0.6777515685),
                (0.6422945411, -0.4229257684, 0.639211637),
                (0.71351942, -0.3613419907, 0.6002682759),
                (0.7687460811, -0.3024423593, 0.5635229206),
                (0.8106445347, -0.2477565783, 0.5305394578),
                (0.8418918629, -0.197877107, 0.5020585043),
                (0.8647959785, -0.1528557295, 0.4782917953),
                (0.8811956175, -0.1125083035, 0.4591689943),
                (0.8924906922, -0.07663655412, 0.444507821),
                (0.899718289, -0.04523346295, 0.4341208752),
                (0.9036621414, -0.01863928969, 0.4278402869),
                (0.9048458578, -6.194530857e-17, 0.4257393259),
                (0.9036621414, 0.01863928969, 0.4278402869),
                (0.899718289, 0.04523346295, 0.4341208752),
                (0.8924906922, 0.07663655412, 0.444507821),
                (0.8811956175, 0.1125083035, 0.4591689943),
                (0.8647959785, 0.1528557295, 0.4782917953),
                (0.8418918629, 0.197877107, 0.5020585043),
                (0.8106445347, 0.2477565783, 0.5305394578),
                (0.7687460811, 0.3024423593, 0.5635229206),
                (0.71351942, 0.3613419907, 0.6002682759),
                (0.6422945411, 0.4229257684, 0.639211637),
                (0.5532381026, 0.4843350217, 0.6777515685),
                (0.4467008739, 0.5412720909, 0.7123783074),
                (0.3267624488, 0.5886029059, 0.7394409518),
                (0.2021585938, 0.6219170148, 0.7565389148),
                (0.08523593209, 0.6396353045, 0.7639381606),
                (3.42044549e-13, 0.643415635, 0.7655170283),
                (-0.08523593209, 0.6396353045, 0.7639381606),
                (-0.2021585938, 0.6219170148, 0.7565389148),
                (-0.3267624488, 0.5886029059, 0.7394409518),
                (-0.4467008739, 0.5412720909, 0.7123783074),
                (-0.5532381026, 0.4843350217, 0.6777515685),
                (-0.6422945411, 0.4229257684, 0.639211637),
                (-0.71351942, 0.3613419907, 0.6002682759),
                (-0.7687460811, 0.3024423593, 0.5635229206),
                (-0.8106445347, 0.2477565783, 0.5305394578),
                (-0.8418918629, 0.197877107, 0.5020585043),
                (-0.8647959785, 0.1528557295, 0.4782917953),
                (-0.8811956175, 0.1125083035, 0.4591689943),
                (-0.8924906922, 0.07663655412, 0.444507821),
                (-0.899718289, 0.04523346295, 0.4341208752),
                (-0.9036621414, 0.01863928969, 0.4278402869),
                (-0.854611216, -1.158927306e-13, 0.5192683983),
                (-0.85304784, -0.01755951299, 0.5215371954),
                (-0.8479798082, -0.04255446006, 0.528317483),
                (-0.8389339772, -0.07190830359, 0.5394617482),
                (-0.8251490577, -0.1051616302, 0.5550405968),
                (-0.8056478833, -0.1421368503, 0.5750900833),
                (-0.7791652428, -0.1827809838, 0.5995770478),
                (-0.7441387739, -0.2269700325, 0.6282850384),
                (-0.6987680653, -0.2743225139, 0.6606590265),
                (-0.641206662, -0.3239854401, 0.6956201918),
                (-0.5699678261, -0.3744124233, 0.7314041389),
                (-0.4845964842, -0.4232203629, 0.7655395299),
                (-0.386541377, -0.4672830007, 0.7951304051),
                (-0.2799566831, -0.5032349279, 0.8175444104),
                (-0.1720474712, -0.5284111417, 0.8313731611),
                (-0.07229289519, -0.5419975465, 0.8372648308),
                (2.901068059e-13, -0.5449206577, 0.8384876128),
                (0.07229289519, -0.5419975465, 0.8372648308),
                (0.1720474712, -0.5284111417, 0.8313731611),
                (0.2799566831, -0.5032349279, 0.8175444104),
                (0.386541377, -0.4672830007, 0.7951304051),
                (0.4845964842, -0.4232203629, 0.7655395299),
                (0.5699678261, -0.3744124233, 0.7314041389),
                (0.641206662, -0.3239854401, 0.6956201918),
                (0.6987680653, -0.2743225139, 0.6606590265),
                (0.7441387739, -0.2269700325, 0.6282850384),
                (0.7791652428, -0.1827809838, 0.5995770478),
                (0.8056478833, -0.1421368503, 0.5750900833),
                (0.8251490577, -0.1051616302, 0.5550405968),
                (0.8389339772, -0.07190830359, 0.5394617482),
                (0.8479798082, -0.04255446006, 0.528317483),
                (0.85304784, -0.01755951299, 0.5215371954),
                (0.854611216, -5.503306946e-17, 0.5192683983),
                (0.85304784, 0.01755951299, 0.5215371954),
                (0.8479798082, 0.04255446006, 0.528317483),
                (0.8389339772, 0.07190830359, 0.5394617482),
                (0.8251490577, 0.1051616302, 0.5550405968),
                (0.8056478833, 0.1421368503, 0.5750900833),
                (0.7791652428, 0.1827809838, 0.5995770478),
                (0.7441387739, 0.2269700325, 0.6282850384),
                (0.6987680653, 0.2743225139, 0.6606590265),
                (0.641206662, 0.3239854401, 0.6956201918),
                (0.5699678261, 0.3744124233, 0.7314041389),
                (0.4845964842, 0.4232203629, 0.7655395299),
                (0.386541377, 0.4672830007, 0.7951304051),
                (0.2799566831, 0.5032349279, 0.8175444104),
                (0.1720474712, 0.5284111417, 0.8313731611),
                (0.07229289519, 0.5419975465, 0.8372648308),
                (2.893908783e-13, 0.5449206577, 0.8384876128),
                (-0.07229289519, 0.5419975465, 0.8372648308),
                (-0.1720474712, 0.5284111417, 0.8313731611),
                (-0.2799566831, 0.5032349279, 0.8175444104),
                (-0.386541377, 0.4672830007, 0.7951304051),
                (-0.4845964842, 0.4232203629, 0.7655395299),
                (-0.5699678261, 0.3744124233, 0.7314041389),
                (-0.641206662, 0.3239854401, 0.6956201918),
                (-0.6987680653, 0.2743225139, 0.6606590265),
                (-0.7441387739, 0.2269700325, 0.6282850384),
                (-0.7791652428, 0.1827809838, 0.5995770478),
                (-0.8056478833, 0.1421368503, 0.5750900833),
                (-0.8251490577, 0.1051616302, 0.5550405968),
                (-0.8389339772, 0.07190830359, 0.5394617482),
                (-0.8479798082, 0.04255446006, 0.528317483),
                (-0.85304784, 0.01755951299, 0.5215371954),
                (-0.7945339382, -1.073692609e-13, 0.607219747),
                (-0.7926243829, -0.01627373519, 0.6094930297),
                (-0.7865364497, -0.03938443191, 0.6162866863),
                (-0.7758793731, -0.06636725959, 0.6273807339),
                (-0.7599688329, -0.09666381706, 0.6427312654),
                (-0.7379650764, -0.1299444416, 0.6622099275),
                (-0.7088351406, -0.1659628773, 0.6855720727),
                (-0.6713952455, -0.2043859706, 0.7123586171),
                (-0.6244210682, -0.2446544424, 0.7417833467),
                (-0.5668618461, -0.285853005, 0.7726290875),
                (-0.4981851064, -0.3266113605, 0.803203971),
                (-0.4188385103, -0.3650894831, 0.8314348871),
                (-0.3307419336, -0.3991167627, 0.8551699147),
                (-0.237654316, -0.4265362955, 0.872689644),
                (-0.1452997506, -0.4457321368, 0.8832954459),
                (-0.06089775781, -0.4562615264, 0.8877594734),
                (2.439141087e-13, -0.4585548439, 0.88866611),
                (0.06089775781, -0.4562615264, 0.8877594734),
                (0.1452997506, -0.4457321368, 0.8832954459),
                (0.237654316, -0.4265362955, 0.872689644),
                (0.3307419336, -0.3991167627, 0.8551699147),
                (0.4188385103, -0.3650894831, 0.8314348871),
                (0.4981851064, -0.3266113605, 0.803203971),
                (0.5668618461, -0.285853005, 0.7726290875),
                (0.6244210682, -0.2446544424, 0.7417833467),
                (0.6713952455, -0.2043859706, 0.7123586171),
                (0.7088351406, -0.1659628773, 0.6855720727),
                (0.7379650764, -0.1299444416, 0.6622099275),
                (0.7599688329, -0.09666381706, 0.6427312654),
                (0.7758793731, -0.06636725959, 0.6273807339),
                (0.7865364497, -0.03938443191, 0.6162866863),
                (0.7926243829, -0.01627373519, 0.6094930297),
                (0.7945339382, 1.396517731e-17, 0.607219747),
                (0.7926243829, 0.01627373519, 0.6094930297),
                (0.7865364497, 0.03938443191, 0.6162866863),
                (0.7758793731, 0.06636725959, 0.6273807339),
                (0.7599688329, 0.09666381706, 0.6427312654),
                (0.7379650764, 0.1299444416, 0.6622099275),
                (0.7088351406, 0.1659628773, 0.6855720727),
                (0.6713952455, 0.2043859706, 0.7123586171),
                (0.6244210682, 0.2446544424, 0.7417833467),
                (0.5668618461, 0.285853005, 0.7726290875),
                (0.4981851064, 0.3266113605, 0.803203971),
                (0.4188385103, 0.3650894831, 0.8314348871),
                (0.3307419336, 0.3991167627, 0.8551699147),
                (0.237654316, 0.4265362955, 0.872689644),
                (0.1452997506, 0.4457321368, 0.8832954459),
                (0.06089775781, 0.4562615264, 0.8877594734),
                (2.434267363e-13, 0.4585548439, 0.88866611),
                (-0.06089775781, 0.4562615264, 0.8877594734),
                (-0.1452997506, 0.4457321368, 0.8832954459),
                (-0.237654316, 0.4265362955, 0.872689644),
                (-0.3307419336, 0.3991167627, 0.8551699147),
                (-0.4188385103, 0.3650894831, 0.8314348871),
                (-0.4981851064, 0.3266113605, 0.803203971),
                (-0.5668618461, 0.285853005, 0.7726290875),
                (-0.6244210682, 0.2446544424, 0.7417833467),
                (-0.6713952455, 0.2043859706, 0.7123586171),
                (-0.7088351406, 0.1659628773, 0.6855720727),
                (-0.7379650764, 0.1299444416, 0.6622099275),
                (-0.7599688329, 0.09666381706, 0.6427312654),
                (-0.7758793731, 0.06636725959, 0.6273807339),
                (-0.7865364497, 0.03938443191, 0.6162866863),
                (-0.7926243829, 0.01627373519, 0.6094930297),
                (-0.7264869646, -9.772844783e-14, 0.6871802459),
                (-0.7243143962, -0.0148272044, 0.6893103869),
                (-0.7174571607, -0.03583879573, 0.6956801012),
                (-0.7056300301, -0.06022812203, 0.7060161711),
                (-0.6882709479, -0.08737010596, 0.7201732895),
                (-0.6647333574, -0.1168298056, 0.7378891246),
                (-0.6342710804, -0.1482374465, 0.7587660087),
                (-0.5961072428, -0.1811496651, 0.7822026297),
                (-0.5495555124, -0.2149544253, 0.807330994),
                (-0.4942059153, -0.2488020889, 0.8329814127),
                (-0.4301722921, -0.2815748879, 0.8577105465),
                (-0.3583702855, -0.3119187778, 0.8799303464),
                (-0.2807658591, -0.3383592961, 0.8981556207),
                (-0.2005336034, -0.3595097891, 0.9113391166),
                (-0.1221365339, -0.3743577985, 0.9192055841),
                (-0.05109430737, -0.3826309639, 0.9224873534),
                (2.040949814e-13, -0.3844522232, 0.9231448901),
                (0.05109430737, -0.3826309639, 0.9224873534),
                (0.1221365339, -0.3743577985, 0.9192055841),
                (0.2005336034, -0.3595097891, 0.9113391166),
                (0.2807658591, -0.3383592961, 0.8981556207),
                (0.3583702855, -0.3119187778, 0.8799303464),
                (0.4301722921, -0.2815748879, 0.8577105465),
                (0.4942059153, -0.2488020889, 0.8329814127),
                (0.5495555124, -0.2149544253, 0.807330994),
                (0.5961072428, -0.1811496651, 0.7822026297),
                (0.6342710804, -0.1482374465, 0.7587660087),
                (0.6647333574, -0.1168298056, 0.7378891246),
                (0.6882709479, -0.08737010596, 0.7201732895),
                (0.7056300301, -0.06022812203, 0.7060161711),
                (0.7174571607, -0.03583879573, 0.6956801012),
                (0.7243143962, -0.0148272044, 0.6893103869),
                (0.7264869646, -6.498085969e-18, 0.6871802459),
                (0.7243143962, 0.0148272044, 0.6893103869),
                (0.7174571607, 0.03583879573, 0.6956801012),
                (0.7056300301, 0.06022812203, 0.7060161711),
                (0.6882709479, 0.08737010596, 0.7201732895),
                (0.6647333574, 0.1168298056, 0.7378891246),
                (0.6342710804, 0.1482374465, 0.7587660087),
                (0.5961072428, 0.1811496651, 0.7822026297),
                (0.5495555124, 0.2149544253, 0.807330994),
                (0.4942059153, 0.2488020889, 0.8329814127),
                (0.4301722921, 0.2815748879, 0.8577105465),
                (0.3583702855, 0.3119187778, 0.8799303464),
                (0.2807658591, 0.3383592961, 0.8981556207),
                (0.2005336034, 0.3595097891, 0.9113391166),
                (0.1221365339, 0.3743577985, 0.9192055841),
                (0.05109430737, 0.3826309639, 0.9224873534),
                (2.040482631e-13, 0.3844522232, 0.9231448901),
                (-0.05109430737, 0.3826309639, 0.9224873534),
                (-0.1221365339, 0.3743577985, 0.9192055841),
                (-0.2005336034, 0.3595097891, 0.9113391166),
                (-0.2807658591, 0.3383592961, 0.8981556207),
                (-0.3583702855, 0.3119187778, 0.8799303464),
                (-0.4301722921, 0.2815748879, 0.8577105465),
                (-0.4942059153, 0.2488020889, 0.8329814127),
                (-0.5495555124, 0.2149544253, 0.807330994),
                (-0.5961072428, 0.1811496651, 0.7822026297),
                (-0.6342710804, 0.1482374465, 0.7587660087),
                (-0.6647333574, 0.1168298056, 0.7378891246),
                (-0.6882709479, 0.08737010596, 0.7201732895),
                (-0.7056300301, 0.06022812203, 0.7060161711),
                (-0.7174571607, 0.03583879573, 0.6956801012),
                (-0.7243143962, 0.0148272044, 0.6893103869),
                (-0.6527784245, -8.739901237e-14, 0.7575488951),
                (-0.6504592886, -0.01327274777, 0.7594251431),
                (-0.6431800565, -0.03204804808, 0.7650440102),
                (-0.6307688142, -0.05372233002, 0.7741089163),
                (-0.6128093274, -0.07764126487, 0.7864073768),
                (-0.588867908, -0.1033141359, 0.8015988874),
                (-0.5584866337, -0.1303120523, 0.8192139214),
                (-0.521255627, -0.1581592612, 0.838616849),
                (-0.4769180743, -0.1862714508, 0.8589831762),
                (-0.4255070503, -0.2139231851, 0.8793068981),
                (-0.367501844, -0.2402471699, 0.8984562827),
                (-0.3039785951, -0.2642716328, 0.9152909471),
                (-0.2367270182, -0.2849976542, 0.9288361836),
                (-0.1683261759, -0.3015152859, 0.938485392),
                (-0.102234505, -0.3131586808, 0.9441820516),
                (-0.04271051968, -0.3197346409, 0.9465440143),
                (1.704804431e-13, -0.3211890539, 0.9470150958),
                (0.04271051968, -0.3197346409, 0.9465440143),
                (0.102234505, -0.3131586808, 0.9441820516),
                (0.1683261759, -0.3015152859, 0.938485392),
                (0.2367270182, -0.2849976542, 0.9288361836),
                (0.3039785951, -0.2642716328, 0.9152909471),
                (0.367501844, -0.2402471699, 0.8984562827),
                (0.4255070503, -0.2139231851, 0.8793068981),
                (0.4769180743, -0.1862714508, 0.8589831762),
                (0.521255627, -0.1581592612, 0.838616849),
                (0.5584866337, -0.1303120523, 0.8192139214),
                (0.588867908, -0.1033141359, 0.8015988874),
                (0.6128093274, -0.07764126487, 0.7864073768),
                (0.6307688142, -0.05372233002, 0.7741089163),
                (0.6431800565, -0.03204804808, 0.7650440102),
                (0.6504592886, -0.01327274777, 0.7594251431),
                (0.6527784245, 1.244161283e-17, 0.7575488951),
                (0.6504592886, 0.01327274777, 0.7594251431),
                (0.6431800565, 0.03204804808, 0.7650440102),
                (0.6307688142, 0.05372233002, 0.7741089163),
                (0.6128093274, 0.07764126487, 0.7864073768),
                (0.588867908, 0.1033141359, 0.8015988874),
                (0.5584866337, 0.1303120523, 0.8192139214),
                (0.521255627, 0.1581592612, 0.838616849),
                (0.4769180743, 0.1862714508, 0.8589831762),
                (0.4255070503, 0.2139231851, 0.8793068981),
                (0.367501844, 0.2402471699, 0.8984562827),
                (0.3039785951, 0.2642716328, 0.9152909471),
                (0.2367270182, 0.2849976542, 0.9288361836),
                (0.1683261759, 0.3015152859, 0.938485392),
                (0.102234505, 0.3131586808, 0.9441820516),
                (0.04271051968, 0.3197346409, 0.9465440143),
                (1.704315321e-13, 0.3211890539, 0.9470150958),
                (-0.04271051968, 0.3197346409, 0.9465440143),
                (-0.102234505, 0.3131586808, 0.9441820516),
                (-0.1683261759, 0.3015152859, 0.938485392),
                (-0.2367270182, 0.2849976542, 0.9288361836),
                (-0.3039785951, 0.2642716328, 0.9152909471),
                (-0.367501844, 0.2402471699, 0.8984562827),
                (-0.4255070503, 0.2139231851, 0.8793068981),
                (-0.4769180743, 0.1862714508, 0.8589831762),
                (-0.521255627, 0.1581592612, 0.838616849),
                (-0.5584866337, 0.1303120523, 0.8192139214),
                (-0.588867908, 0.1033141359, 0.8015988874),
                (-0.6128093274, 0.07764126487, 0.7864073768),
                (-0.6307688142, 0.05372233002, 0.7741089163),
                (-0.6431800565, 0.03204804808, 0.7650440102),
                (-0.6504592886, 0.01327274777, 0.7594251431),
                (-0.5758191496, -7.670238523e-14, 0.8175770954),
                (-0.5734819339, -0.01166300855, 0.8191351816),
                (-0.5661618794, -0.02813926439, 0.8238136367),
                (-0.5537919717, -0.04706674176, 0.831323748),
                (-0.5361006558, -0.0677980255, 0.8414270703),
                (-0.5128517571, -0.08983039256, 0.8537643562),
                (-0.4838350396, -0.1127258667, 0.867868961),
                (-0.4489271629, -0.1360273929, 0.8831539791),
                (-0.4081694085, -0.1592190642, 0.8989143583),
                (-0.3618567284, -0.181711821, 0.9143525153),
                (-0.3106269549, -0.2028513531, 0.9286346017),
                (-0.2555361346, -0.2219464269, 0.9409787816),
                (-0.1981131357, -0.238313608, 0.9507669587),
                (-0.1404095176, -0.2513377847, 0.9576609449),
                (-0.08510596634, -0.2605577776, 0.9616998591),
                (-0.03551890474, -0.2658209239, 0.9633678653),
                (1.41738724e-13, -0.2669793165, 0.9637022593),
                (0.03551890474, -0.2658209239, 0.9633678653),
                (0.08510596634, -0.2605577776, 0.9616998591),
                (0.1404095176, -0.2513377847, 0.9576609449),
                (0.1981131357, -0.238313608, 0.9507669587),
                (0.2555361346, -0.2219464269, 0.9409787816),
                (0.3106269549, -0.2028513531, 0.9286346017),
                (0.3618567284, -0.181711821, 0.9143525153),
                (0.4081694085, -0.1592190642, 0.8989143583),
                (0.4489271629, -0.1360273929, 0.8831539791),
                (0.4838350396, -0.1127258667, 0.867868961),
                (0.5128517571, -0.08983039256, 0.8537643562),
                (0.5361006558, -0.0677980255, 0.8414270703),
                (0.5537919717, -0.04706674176, 0.831323748),
                (0.5661618794, -0.02813926439, 0.8238136367),
                (0.5734819339, -0.01166300855, 0.8191351816),
                (0.5758191496, 2.156234779e-17, 0.8175770954),
                (0.5734819339, 0.01166300855, 0.8191351816),
                (0.5661618794, 0.02813926439, 0.8238136367),
                (0.5537919717, 0.04706674176, 0.831323748),
                (0.5361006558, 0.0677980255, 0.8414270703),
                (0.5128517571, 0.08983039256, 0.8537643562),
                (0.4838350396, 0.1127258667, 0.867868961),
                (0.4489271629, 0.1360273929, 0.8831539791),
                (0.4081694085, 0.1592190642, 0.8989143583),
                (0.3618567284, 0.181711821, 0.9143525153),
                (0.3106269549, 0.2028513531, 0.9286346017),
                (0.2555361346, 0.2219464269, 0.9409787816),
                (0.1981131357, 0.238313608, 0.9507669587),
                (0.1404095176, 0.2513377847, 0.9576609449),
                (0.08510596634, 0.2605577776, 0.9616998591),
                (0.03551890474, 0.2658209239, 0.9633678653),
                (1.416674484e-13, 0.2669793165, 0.9637022593),
                (-0.03551890474, 0.2658209239, 0.9633678653),
                (-0.08510596634, 0.2605577776, 0.9616998591),
                (-0.1404095176, 0.2513377847, 0.9576609449),
                (-0.1981131357, 0.238313608, 0.9507669587),
                (-0.2555361346, 0.2219464269, 0.9409787816),
                (-0.3106269549, 0.2028513531, 0.9286346017),
                (-0.3618567284, 0.181711821, 0.9143525153),
                (-0.4081694085, 0.1592190642, 0.8989143583),
                (-0.4489271629, 0.1360273929, 0.8831539791),
                (-0.4838350396, 0.1127258667, 0.867868961),
                (-0.5128517571, 0.08983039256, 0.8537643562),
                (-0.5361006558, 0.0677980255, 0.8414270703),
                (-0.5537919717, 0.04706674176, 0.831323748),
                (-0.5661618794, 0.02813926439, 0.8238136367),
                (-0.5734819339, 0.01166300855, 0.8191351816),
                (-0.4978405128, -6.592403998e-14, 0.8672685996),
                (-0.4956064906, -0.0100446016, 0.8684890975),
                (-0.4886043562, -0.02422295931, 0.8721691529),
                (-0.4768514733, -0.04044352296, 0.8780529562),
                (-0.4602003519, -0.05809639895, 0.8859122104),
                (-0.4385733355, -0.07670079565, 0.8954163374),
                (-0.411945301, -0.09584361173, 0.9061539997),
                (-0.3803876899, -0.1151147683, 0.9176348923),
                (-0.3441193054, -0.1340806266, 0.9293031202),
                (-0.3035585565, -0.1522773531, 0.9405656864),
                (-0.2593701179, -0.1692184085, 0.9508376687),
                (-0.2125006661, -0.1844117581, 0.9596018812),
                (-0.1642075908, -0.1973822239, 0.9664761377),
                (-0.1161032308, -0.2077004956, 0.9712777893),
                (-0.07026891328, -0.2150320141, 0.9740757223),
                (-0.02930385206, -0.219248991, 0.9752287753),
                (1.170643234e-13, -0.2201605279, 0.9754636549),
                (0.02930385206, -0.219248991, 0.9752287753),
                (0.07026891328, -0.2150320141, 0.9740757223),
                (0.1161032308, -0.2077004956, 0.9712777893),
                (0.1642075908, -0.1973822239, 0.9664761377),
                (0.2125006661, -0.1844117581, 0.9596018812),
                (0.2593701179, -0.1692184085, 0.9508376687),
                (0.3035585565, -0.1522773531, 0.9405656864),
                (0.3441193054, -0.1340806266, 0.9293031202),
                (0.3803876899, -0.1151147683, 0.9176348923),
                (0.411945301, -0.09584361173, 0.9061539997),
                (0.4385733355, -0.07670079565, 0.8954163374),
                (0.4602003519, -0.05809639895, 0.8859122104),
                (0.4768514733, -0.04044352296, 0.8780529562),
                (0.4886043562, -0.02422295931, 0.8721691529),
                (0.4956064906, -0.0100446016, 0.8684890975),
                (0.4978405128, -5.113368942e-18, 0.8672685996),
                (0.4956064906, 0.0100446016, 0.8684890975),
                (0.4886043562, 0.02422295931, 0.8721691529),
                (0.4768514733, 0.04044352296, 0.8780529562),
                (0.4602003519, 0.05809639895, 0.8859122104),
                (0.4385733355, 0.07670079565, 0.8954163374),
                (0.411945301, 0.09584361173, 0.9061539997),
                (0.3803876899, 0.1151147683, 0.9176348923),
                (0.3441193054, 0.1340806266, 0.9293031202),
                (0.3035585565, 0.1522773531, 0.9405656864),
                (0.2593701179, 0.1692184085, 0.9508376687),
                (0.2125006661, 0.1844117581, 0.9596018812),
                (0.1642075908, 0.1973822239, 0.9664761377),
                (0.1161032308, 0.2077004956, 0.9712777893),
                (0.07026891328, 0.2150320141, 0.9740757223),
                (0.02930385206, 0.219248991, 0.9752287753),
                (1.168459765e-13, 0.2201605279, 0.9754636549),
                (-0.02930385206, 0.219248991, 0.9752287753),
                (-0.07026891328, 0.2150320141, 0.9740757223),
                (-0.1161032308, 0.2077004956, 0.9712777893),
                (-0.1642075908, 0.1973822239, 0.9664761377),
                (-0.2125006661, 0.1844117581, 0.9596018812),
                (-0.2593701179, 0.1692184085, 0.9508376687),
                (-0.3035585565, 0.1522773531, 0.9405656864),
                (-0.3441193054, 0.1340806266, 0.9293031202),
                (-0.3803876899, 0.1151147683, 0.9176348923),
                (-0.411945301, 0.09584361173, 0.9061539997),
                (-0.4385733355, 0.07670079565, 0.8954163374),
                (-0.4602003519, 0.05809639895, 0.8859122104),
                (-0.4768514733, 0.04044352296, 0.8780529562),
                (-0.4886043562, 0.02422295931, 0.8721691529),
                (-0.4956064906, 0.0100446016, 0.8684890975),
                (-0.4207177172, -5.537159087e-14, 0.9071916018),
                (-0.4186878063, -0.008455061414, 0.9080908725),
                (-0.4123018342, -0.02038677342, 0.9108191791),
                (-0.4016351446, -0.03399229839, 0.9151686917),
                (-0.3866331831, -0.04872236675, 0.9209456622),
                (-0.3673281178, -0.06414165464, 0.9278770943),
                (-0.3438136171, -0.07988227401, 0.9356340198),
                (-0.3162725941, -0.09559362537, 0.9438397666),
                (-0.2850067515, -0.1109235368, 0.9520856687),
                (-0.2504642523, -0.1255141855, 0.9599551279),
                (-0.2132621183, -0.139006551, 0.9670555556),
                (-0.1742029801, -0.1510487799, 0.9730557989),
                (-0.1342940852, -0.1613047865, 0.9777248409),
                (-0.09479056999, -0.1694660942, 0.9809668653),
                (-0.05730716189, -0.1752810831, 0.9828491395),
                (-0.02388317198, -0.1786405896, 0.9836244882),
                (9.527260284e-14, -0.179340769, 0.9837870138),
                (0.02388317198, -0.1786405896, 0.9836244882),
                (0.05730716189, -0.1752810831, 0.9828491395),
                (0.09479056999, -0.1694660942, 0.9809668653),
                (0.1342940852, -0.1613047865, 0.9777248409),
                (0.1742029801, -0.1510487799, 0.9730557989),
                (0.2132621183, -0.139006551, 0.9670555556),
                (0.2504642523, -0.1255141855, 0.9599551279),
                (0.2850067515, -0.1109235368, 0.9520856687),
                (0.3162725941, -0.09559362537, 0.9438397666),
                (0.3438136171, -0.07988227401, 0.9356340198),
                (0.3673281178, -0.06414165464, 0.9278770943),
                (0.3866331831, -0.04872236675, 0.9209456622),
                (0.4016351446, -0.03399229839, 0.9151686917),
                (0.4123018342, -0.02038677342, 0.9108191791),
                (0.4186878063, -0.008455061414, 0.9080908725),
                (0.4207177172, -1.195244272e-17, 0.9071916018),
                (0.4186878063, 0.008455061414, 0.9080908725),
                (0.4123018342, 0.02038677342, 0.9108191791),
                (0.4016351446, 0.03399229839, 0.9151686917),
                (0.3866331831, 0.04872236675, 0.9209456622),
                (0.3673281178, 0.06414165464, 0.9278770943),
                (0.3438136171, 0.07988227401, 0.9356340198),
                (0.3162725941, 0.09559362537, 0.9438397666),
                (0.2850067515, 0.1109235368, 0.9520856687),
                (0.2504642523, 0.1255141855, 0.9599551279),
                (0.2132621183, 0.139006551, 0.9670555556),
                (0.1742029801, 0.1510487799, 0.9730557989),
                (0.1342940852, 0.1613047865, 0.9777248409),
                (0.09479056999, 0.1694660942, 0.9809668653),
                (0.05730716189, 0.1752810831, 0.9828491395),
                (0.02388317198, 0.1786405896, 0.9836244882),
                (9.51357556e-14, 0.179340769, 0.9837870138),
                (-0.02388317198, 0.1786405896, 0.9836244882),
                (-0.05730716189, 0.1752810831, 0.9828491395),
                (-0.09479056999, 0.1694660942, 0.9809668653),
                (-0.1342940852, 0.1613047865, 0.9777248409),
                (-0.1742029801, 0.1510487799, 0.9730557989),
                (-0.2132621183, 0.139006551, 0.9670555556),
                (-0.2504642523, 0.1255141855, 0.9599551279),
                (-0.2850067515, 0.1109235368, 0.9520856687),
                (-0.3162725941, 0.09559362537, 0.9438397666),
                (-0.3438136171, 0.07988227401, 0.9356340198),
                (-0.3673281178, 0.06414165464, 0.9278770943),
                (-0.3866331831, 0.04872236675, 0.9209456622),
                (-0.4016351446, 0.03399229839, 0.9151686917),
                (-0.4123018342, 0.02038677342, 0.9108191791),
                (-0.4186878063, 0.008455061414, 0.9080908725),
                (-0.3459082254, -4.523642329e-14, 0.9382683516),
                (-0.3441567656, -0.006922365328, 0.938886682),
                (-0.3386069252, -0.01669510609, 0.9407797955),
                (-0.3293655398, -0.02781203139, 0.9437927909),
                (-0.3164378558, -0.03979996252, 0.947777952),
                (-0.2999186227, -0.05228357024, 0.9525309696),
                (-0.279961932, -0.06495063001, 0.9578114284),
                (-0.2567962667, -0.07751314114, 0.9633521632),
                (-0.2307395074, -0.08969321785, 0.9688727504),
                (-0.2022118237, -0.1012196223, 0.9740970005),
                (-0.1717453389, -0.111829284, 0.9787735948),
                (-0.1399923995, -0.1212697913, 0.9826982069),
                (-0.1077409898, -0.129300185, 0.9857349244),
                (-0.07595631921, -0.1356937642, 0.9878349255),
                (-0.04588293865, -0.1402566373, 0.9890514808),
                (-0.01911093003, -0.142895648, 0.9895532356),
                (7.618461646e-14, -0.143411241, 0.9896631831),
                (0.01911093003, -0.142895648, 0.9895532356),
                (0.04588293865, -0.1402566373, 0.9890514808),
                (0.07595631921, -0.1356937642, 0.9878349255),
                (0.1077409898, -0.129300185, 0.9857349244),
                (0.1399923995, -0.1212697913, 0.9826982069),
                (0.1717453389, -0.111829284, 0.9787735948),
                (0.2022118237, -0.1012196223, 0.9740970005),
                (0.2307395074, -0.08969321785, 0.9688727504),
                (0.2567962667, -0.07751314114, 0.9633521632),
                (0.279961932, -0.06495063001, 0.9578114284),
                (0.2999186227, -0.05228357024, 0.9525309696),
                (0.3164378558, -0.03979996252, 0.947777952),
                (0.3293655398, -0.02781203139, 0.9437927909),
                (0.3386069252, -0.01669510609, 0.9407797955),
                (0.3441567656, -0.006922365328, 0.938886682),
                (0.3459082254, 1.65791013e-18, 0.9382683516),
                (0.3441567656, 0.006922365328, 0.938886682),
                (0.3386069252, 0.01669510609, 0.9407797955),
                (0.3293655398, 0.02781203139, 0.9437927909),
                (0.3164378558, 0.03979996252, 0.947777952),
                (0.2999186227, 0.05228357024, 0.9525309696),
                (0.279961932, 0.06495063001, 0.9578114284),
                (0.2567962667, 0.07751314114, 0.9633521632),
                (0.2307395074, 0.08969321785, 0.9688727504),
                (0.2022118237, 0.1012196223, 0.9740970005),
                (0.1717453389, 0.111829284, 0.9787735948),
                (0.1399923995, 0.1212697913, 0.9826982069),
                (0.1077409898, 0.129300185, 0.9857349244),
                (0.07595631921, 0.1356937642, 0.9878349255),
                (0.04588293865, 0.1402566373, 0.9890514808),
                (0.01911093003, 0.142895648, 0.9895532356),
                (7.605696322e-14, 0.143411241, 0.9896631831),
                (-0.01911093003, 0.142895648, 0.9895532356),
                (-0.04588293865, 0.1402566373, 0.9890514808),
                (-0.07595631921, 0.1356937642, 0.9878349255),
                (-0.1077409898, 0.129300185, 0.9857349244),
                (-0.1399923995, 0.1212697913, 0.9826982069),
                (-0.1717453389, 0.111829284, 0.9787735948),
                (-0.2022118237, 0.1012196223, 0.9740970005),
                (-0.2307395074, 0.08969321785, 0.9688727504),
                (-0.2567962667, 0.07751314114, 0.9633521632),
                (-0.279961932, 0.06495063001, 0.9578114284),
                (-0.2999186227, 0.05228357024, 0.9525309696),
                (-0.3164378558, 0.03979996252, 0.947777952),
                (-0.3293655398, 0.02781203139, 0.9437927909),
                (-0.3386069252, 0.01669510609, 0.9407797955),
                (-0.3441567656, 0.006922365328, 0.938886682),
                (-0.2744840845, -3.559830689e-14, 0.9615916427),
                (-0.2730580749, -0.005466286498, 0.9619820203),
                (-0.2684842309, -0.01319281979, 0.963193733),
                (-0.2608782478, -0.02196898391, 0.965121704),
                (-0.2502759181, -0.03140642145, 0.9676650255),
                (-0.2367953448, -0.04119735167, 0.9706857076),
                (-0.2206058302, -0.05108917396, 0.9740241085),
                (-0.2019344474, -0.06085472295, 0.9775066146),
                (-0.1810722105, -0.07028147563, 0.9809553348),
                (-0.1583788708, -0.07916825646, 0.9841994312),
                (-0.1342863705, -0.08732475316, 0.9870874116),
                (-0.1093034464, -0.09457058476, 0.9894994498),
                (-0.08402915508, -0.100732027, 0.9913587443),
                (-0.05919090292, -0.1056402897, 0.9926412072),
                (-0.03573264384, -0.1091441121, 0.9933834813),
                (-0.01487421195, -0.1111650199, 0.9936906441),
                (5.92444622e-14, -0.1115172441, 0.9937624989),
                (0.01487421195, -0.1111650199, 0.9936906441),
                (0.03573264384, -0.1091441121, 0.9933834813),
                (0.05919090292, -0.1056402897, 0.9926412072),
                (0.08402915508, -0.100732027, 0.9913587443),
                (0.1093034464, -0.09457058476, 0.9894994498),
                (0.1342863705, -0.08732475316, 0.9870874116),
                (0.1583788708, -0.07916825646, 0.9841994312),
                (0.1810722105, -0.07028147563, 0.9809553348),
                (0.2019344474, -0.06085472295, 0.9775066146),
                (0.2206058302, -0.05108917396, 0.9740241085),
                (0.2367953448, -0.04119735167, 0.9706857076),
                (0.2502759181, -0.03140642145, 0.9676650255),
                (0.2608782478, -0.02196898391, 0.965121704),
                (0.2684842309, -0.01319281979, 0.963193733),
                (0.2730580749, -0.005466286498, 0.9619820203),
                (0.2744840845, 0, 0.9615916427),
                (0.2730580749, 0.005466286498, 0.9619820203),
                (0.2684842309, 0.01319281979, 0.963193733),
                (0.2608782478, 0.02196898391, 0.965121704),
                (0.2502759181, 0.03140642145, 0.9676650255),
                (0.2367953448, 0.04119735167, 0.9706857076),
                (0.2206058302, 0.05108917396, 0.9740241085),
                (0.2019344474, 0.06085472295, 0.9775066146),
                (0.1810722105, 0.07028147563, 0.9809553348),
                (0.1583788708, 0.07916825646, 0.9841994312),
                (0.1342863705, 0.08732475316, 0.9870874116),
                (0.1093034464, 0.09457058476, 0.9894994498),
                (0.08402915508, 0.100732027, 0.9913587443),
                (0.05919090292, 0.1056402897, 0.9926412072),
                (0.03573264384, 0.1091441121, 0.9933834813),
                (0.01487421195, 0.1111650199, 0.9936906441),
                (5.911636819e-14, 0.1115172441, 0.9937624989),
                (-0.01487421195, 0.1111650199, 0.9936906441),
                (-0.03573264384, 0.1091441121, 0.9933834813),
                (-0.05919090292, 0.1056402897, 0.9926412072),
                (-0.08402915508, 0.100732027, 0.9913587443),
                (-0.1093034464, 0.09457058476, 0.9894994498),
                (-0.1342863705, 0.08732475316, 0.9870874116),
                (-0.1583788708, 0.07916825646, 0.9841994312),
                (-0.1810722105, 0.07028147563, 0.9809553348),
                (-0.2019344474, 0.06085472295, 0.9775066146),
                (-0.2206058302, 0.05108917396, 0.9740241085),
                (-0.2367953448, 0.04119735167, 0.9706857076),
                (-0.2502759181, 0.03140642145, 0.9676650255),
                (-0.2608782478, 0.02196898391, 0.965121704),
                (-0.2684842309, 0.01319281979, 0.963193733),
                (-0.2730580749, 0.005466286498, 0.9619820203),
                (-0.2072300341, -2.657189675e-14, 0.9782922431),
                (-0.2061515492, -0.004100880951, 0.9785114826),
                (-0.2026209399, -0.009911398122, 0.9792070868),
                (-0.1967458762, -0.01650797951, 0.9803155343),
                (-0.1885702751, -0.02359033423, 0.9817763225),
                (-0.1782069283, -0.03092071697, 0.983507092),
                (-0.1658090709, -0.03830611059, 0.9854136156),
                (-0.1515721089, -0.04557622531, 0.9873949076),
                (-0.135735077, -0.05257537872, 0.9893491893),
                (-0.118581465, -0.05915949816, 0.9911804023),
                (-0.1004398786, -0.06519458515, 0.9928048634),
                (-0.08168695528, -0.07055407036, 0.9941576155),
                (-0.06275910062, -0.07511369846, 0.9951980846),
                (-0.04418538669, -0.07874774291, 0.9959148782),
                (-0.02665972028, -0.08133819355, 0.9963299441),
                (-0.01108930131, -0.08282033619, 0.9965027944),
                (4.4093903e-14, -0.08302712321, 0.9965472878),
                (0.01108930131, -0.08282033619, 0.9965027944),
                (0.02665972028, -0.08133819355, 0.9963299441),
                (0.04418538669, -0.07874774291, 0.9959148782),
                (0.06275910062, -0.07511369846, 0.9951980846),
                (0.08168695528, -0.07055407036, 0.9941576155),
                (0.1004398786, -0.06519458515, 0.9928048634),
                (0.118581465, -0.05915949816, 0.9911804023),
                (0.135735077, -0.05257537872, 0.9893491893),
                (0.1515721089, -0.04557622531, 0.9873949076),
                (0.1658090709, -0.03830611059, 0.9854136156),
                (0.1782069283, -0.03092071697, 0.983507092),
                (0.1885702751, -0.02359033423, 0.9817763225),
                (0.1967458762, -0.01650797951, 0.9803155343),
                (0.2026209399, -0.009911398122, 0.9792070868),
                (0.2061515492, -0.004100880951, 0.9785114826),
                (0.2072300341, 0, 0.9782922431),
                (0.2061515492, 0.004100880951, 0.9785114826),
                (0.2026209399, 0.009911398122, 0.9792070868),
                (0.1967458762, 0.01650797951, 0.9803155343),
                (0.1885702751, 0.02359033423, 0.9817763225),
                (0.1782069283, 0.03092071697, 0.983507092),
                (0.1658090709, 0.03830611059, 0.9854136156),
                (0.1515721089, 0.04557622531, 0.9873949076),
                (0.135735077, 0.05257537872, 0.9893491893),
                (0.118581465, 0.05915949816, 0.9911804023),
                (0.1004398786, 0.06519458515, 0.9928048634),
                (0.08168695528, 0.07055407036, 0.9941576155),
                (0.06275910062, 0.07511369846, 0.9951980846),
                (0.04418538669, 0.07874774291, 0.9959148782),
                (0.02665972028, 0.08133819355, 0.9963299441),
                (0.01108930131, 0.08282033619, 0.9965027944),
                (4.399624057e-14, 0.08302712321, 0.9965472878),
                (-0.01108930131, 0.08282033619, 0.9965027944),
                (-0.02665972028, 0.08133819355, 0.9963299441),
                (-0.04418538669, 0.07874774291, 0.9959148782),
                (-0.06275910062, 0.07511369846, 0.9951980846),
                (-0.08168695528, 0.07055407036, 0.9941576155),
                (-0.1004398786, 0.06519458515, 0.9928048634),
                (-0.118581465, 0.05915949816, 0.9911804023),
                (-0.135735077, 0.05257537872, 0.9893491893),
                (-0.1515721089, 0.04557622531, 0.9873949076),
                (-0.1658090709, 0.03830611059, 0.9854136156),
                (-0.1782069283, 0.03092071697, 0.983507092),
                (-0.1885702751, 0.02359033423, 0.9817763225),
                (-0.1967458762, 0.01650797951, 0.9803155343),
                (-0.2026209399, 0.009911398122, 0.9792070868),
                (-0.2061515492, 0.004100880951, 0.9785114826),
                (-0.1447959945, -1.825611576e-14, 0.9894615303),
                (-0.1440655658, -0.002837909276, 0.9895640752),
                (-0.141583296, -0.006877149524, 0.9899024574),
                (-0.1374379818, -0.01146642499, 0.9904440026),
                (-0.1316667865, -0.01639241553, 0.9911584869),
                (-0.1243590275, -0.02148626521, 0.9920046233),
                (-0.1156330406, -0.02661205193, 0.9929354453),
                (-0.1056356901, -0.03165155369, 0.9939010414),
                (-0.09454177699, -0.03649849726, 0.9948516031),
                (-0.08255325415, -0.04105609317, 0.9957406075),
                (-0.06989878019, -0.04523516266, 0.9965279427),
                (-0.0568356695, -0.0489508605, 0.9971827916),
                (-0.0436595524, -0.05211699824, 0.997686154),
                (-0.03073119764, -0.05464153083, 0.9980330138),
                (-0.01853203865, -0.05643370286, 0.9982343416),
                (-0.007700122999, -0.05744175288, 0.998319164),
                (3.050308462e-14, -0.05751978496, 0.9983443666),
                (0.007700122999, -0.05744175288, 0.998319164),
                (0.01853203865, -0.05643370286, 0.9982343416),
                (0.03073119764, -0.05464153083, 0.9980330138),
                (0.0436595524, -0.05211699824, 0.997686154),
                (0.0568356695, -0.0489508605, 0.9971827916),
                (0.06989878019, -0.04523516266, 0.9965279427),
                (0.08255325415, -0.04105609317, 0.9957406075),
                (0.09454177699, -0.03649849726, 0.9948516031),
                (0.1056356901, -0.03165155369, 0.9939010414),
                (0.1156330406, -0.02661205193, 0.9929354453),
                (0.1243590275, -0.02148626521, 0.9920046233),
                (0.1316667865, -0.01639241553, 0.9911584869),
                (0.1374379818, -0.01146642499, 0.9904440026),
                (0.141583296, -0.006877149524, 0.9899024574),
                (0.1440655658, -0.002837909276, 0.9895640752),
                (0.1447959945, 0, 0.9894615303),
                (0.1440655658, 0.002837909276, 0.9895640752),
                (0.141583296, 0.006877149524, 0.9899024574),
                (0.1374379818, 0.01146642499, 0.9904440026),
                (0.1316667865, 0.01639241553, 0.9911584869),
                (0.1243590275, 0.02148626521, 0.9920046233),
                (0.1156330406, 0.02661205193, 0.9929354453),
                (0.1056356901, 0.03165155369, 0.9939010414),
                (0.09454177699, 0.03649849726, 0.9948516031),
                (0.08255325415, 0.04105609317, 0.9957406075),
                (0.06989878019, 0.04523516266, 0.9965279427),
                (0.0568356695, 0.0489508605, 0.9971827916),
                (0.0436595524, 0.05211699824, 0.997686154),
                (0.03073119764, 0.05464153083, 0.9980330138),
                (0.01853203865, 0.05643370286, 0.9982343416),
                (0.007700122999, 0.05744175288, 0.998319164),
                (3.045078641e-14, 0.05751978496, 0.9983443666),
                (-0.007700122999, 0.05744175288, 0.998319164),
                (-0.01853203865, 0.05643370286, 0.9982343416),
                (-0.03073119764, 0.05464153083, 0.9980330138),
                (-0.0436595524, 0.05211699824, 0.997686154),
                (-0.0568356695, 0.0489508605, 0.9971827916),
                (-0.06989878019, 0.04523516266, 0.9965279427),
                (-0.08255325415, 0.04105609317, 0.9957406075),
                (-0.09454177699, 0.03649849726, 0.9948516031),
                (-0.1056356901, 0.03165155369, 0.9939010414),
                (-0.1156330406, 0.02661205193, 0.9929354453),
                (-0.1243590275, 0.02148626521, 0.9920046233),
                (-0.1316667865, 0.01639241553, 0.9911584869),
                (-0.1374379818, 0.01146642499, 0.9904440026),
                (-0.141583296, 0.006877149524, 0.9899024574),
                (-0.1440655658, 0.002837909276, 0.9895640752),
                (-0.0879450262, -1.072620219e-14, 0.9961253296),
                (-0.08754384626, -0.0016922004, 0.99615923),
                (-0.08606066118, -0.004123867136, 0.996281364),
                (-0.08355989237, -0.006895227927, 0.996478901),
                (-0.08006403134, -0.009875202906, 0.9967408044),
                (-0.07562995211, -0.01295985912, 0.99705173),
                (-0.07033250629, -0.01606616483, 0.9973942134),
                (-0.06426344505, -0.01912272878, 0.9977497336),
                (-0.05753030667, -0.02206620944, 0.9980998679),
                (-0.05025526323, -0.02483954863, 0.9984274662),
                (-0.04257435686, -0.02739020699, 0.9987177783),
                (-0.03463873122, -0.02966689204, 0.9989594756),
                (-0.026621984, -0.03161404719, 0.9991455459),
                (-0.01874052665, -0.03316733877, 0.9992740967),
                (-0.01129281012, -0.03425944434, 0.9993491697),
                (-0.004682594294, -0.0348508443, 0.9993815547),
                (1.843779596e-14, -0.03481830541, 0.999393659),
                (0.004682594294, -0.0348508443, 0.9993815547),
                (0.01129281012, -0.03425944434, 0.9993491697),
                (0.01874052665, -0.03316733877, 0.9992740967),
                (0.026621984, -0.03161404719, 0.9991455459),
                (0.03463873122, -0.02966689204, 0.9989594756),
                (0.04257435686, -0.02739020699, 0.9987177783),
                (0.05025526323, -0.02483954863, 0.9984274662),
                (0.05753030667, -0.02206620944, 0.9980998679),
                (0.06426344505, -0.01912272878, 0.9977497336),
                (0.07033250629, -0.01606616483, 0.9973942134),
                (0.07562995211, -0.01295985912, 0.99705173),
                (0.08006403134, -0.009875202906, 0.9967408044),
                (0.08355989237, -0.006895227927, 0.996478901),
                (0.08606066118, -0.004123867136, 0.996281364),
                (0.08754384626, -0.0016922004, 0.99615923),
                (0.0879450262, 1.337812666e-18, 0.9961253296),
                (0.08754384626, 0.0016922004, 0.99615923),
                (0.08606066118, 0.004123867136, 0.996281364),
                (0.08355989237, 0.006895227927, 0.996478901),
                (0.08006403134, 0.009875202906, 0.9967408044),
                (0.07562995211, 0.01295985912, 0.99705173),
                (0.07033250629, 0.01606616483, 0.9973942134),
                (0.06426344505, 0.01912272878, 0.9977497336),
                (0.05753030667, 0.02206620944, 0.9980998679),
                (0.05025526323, 0.02483954863, 0.9984274662),
                (0.04257435686, 0.02739020699, 0.9987177783),
                (0.03463873122, 0.02966689204, 0.9989594756),
                (0.026621984, 0.03161404719, 0.9991455459),
                (0.01874052665, 0.03316733877, 0.9992740967),
                (0.01129281012, 0.03425944434, 0.9993491697),
                (0.004682594294, 0.0348508443, 0.9993815547),
                (1.840795248e-14, 0.03481830541, 0.999393659),
                (-0.004682594294, 0.0348508443, 0.9993815547),
                (-0.01129281012, 0.03425944434, 0.9993491697),
                (-0.01874052665, 0.03316733877, 0.9992740967),
                (-0.026621984, 0.03161404719, 0.9991455459),
                (-0.03463873122, 0.02966689204, 0.9989594756),
                (-0.04257435686, 0.02739020699, 0.9987177783),
                (-0.05025526323, 0.02483954863, 0.9984274662),
                (-0.05753030667, 0.02206620944, 0.9980998679),
                (-0.06426344505, 0.01912272878, 0.9977497336),
                (-0.07033250629, 0.01606616483, 0.9973942134),
                (-0.07562995211, 0.01295985912, 0.99705173),
                (-0.08006403134, 0.009875202906, 0.9967408044),
                (-0.08355989237, 0.006895227927, 0.996478901),
                (-0.08606066118, 0.004123867136, 0.996281364),
                (-0.08754384626, 0.0016922004, 0.99615923),
                (-0.03781348227, -4.13156752e-15, 0.9992848145),
                (-0.03770432676, -0.0006867425169, 0.9992887031),
                (-0.03711997528, -0.001705128314, 0.9993093615),
                (-0.03609927059, -0.002879230641, 0.9993440612),
                (-0.03464786554, -0.004152028419, 0.9993909576),
                (-0.03278869872, -0.005477954834, 0.9994472939),
                (-0.03055266571, -0.006821054544, 0.9995098838),
                (-0.02797776533, -0.00815092008, 0.9995753134),
                (-0.02510819942, -0.009441032249, 0.9996401579),
                (-0.02199341979, -0.01066774123, 0.9997011998),
                (-0.01868739329, -0.01180884005, 0.9997556365),
                (-0.01524922781, -0.01284065366, 0.9998012696),
                (-0.01174816209, -0.01373312443, 0.9998366777),
                (-0.008277492632, -0.0144457179, 0.9998613926),
                (-0.004978504017, -0.01493211637, 0.9998761155),
                (-0.002051889515, -0.01516441999, 0.9998829082),
                (7.974744403e-15, -0.0150435852, 0.9998868389),
                (0.002051889515, -0.01516441999, 0.9998829082),
                (0.004978504017, -0.01493211637, 0.9998761155),
                (0.008277492632, -0.0144457179, 0.9998613926),
                (0.01174816209, -0.01373312443, 0.9998366777),
                (0.01524922781, -0.01284065366, 0.9998012696),
                (0.01868739329, -0.01180884005, 0.9997556365),
                (0.02199341979, -0.01066774123, 0.9997011998),
                (0.02510819942, -0.009441032249, 0.9996401579),
                (0.02797776533, -0.00815092008, 0.9995753134),
                (0.03055266571, -0.006821054544, 0.9995098838),
                (0.03278869872, -0.005477954834, 0.9994472939),
                (0.03464786554, -0.004152028419, 0.9993909576),
                (0.03609927059, -0.002879230641, 0.9993440612),
                (0.03711997528, -0.001705128314, 0.9993093615),
                (0.03770432676, -0.0006867425169, 0.9992887031),
                (0.03781348227, 1.380826789e-18, 0.9992848145),
                (0.03770432676, 0.0006867425169, 0.9992887031),
                (0.03711997528, 0.001705128314, 0.9993093615),
                (0.03609927059, 0.002879230641, 0.9993440612),
                (0.03464786554, 0.004152028419, 0.9993909576),
                (0.03278869872, 0.005477954834, 0.9994472939),
                (0.03055266571, 0.006821054544, 0.9995098838),
                (0.02797776533, 0.00815092008, 0.9995753134),
                (0.02510819942, 0.009441032249, 0.9996401579),
                (0.02199341979, 0.01066774123, 0.9997011998),
                (0.01868739329, 0.01180884005, 0.9997556365),
                (0.01524922781, 0.01284065366, 0.9998012696),
                (0.01174816209, 0.01373312443, 0.9998366777),
                (0.008277492632, 0.0144457179, 0.9998613926),
                (0.004978504017, 0.01493211637, 0.9998761155),
                (0.002051889515, 0.01516441999, 0.9998829082),
                (7.960214512e-15, 0.0150435852, 0.9998868389),
                (-0.002051889515, 0.01516441999, 0.9998829082),
                (-0.004978504017, 0.01493211637, 0.9998761155),
                (-0.008277492632, 0.0144457179, 0.9998613926),
                (-0.01174816209, 0.01373312443, 0.9998366777),
                (-0.01524922781, 0.01284065366, 0.9998012696),
                (-0.01868739329, 0.01180884005, 0.9997556365),
                (-0.02199341979, 0.01066774123, 0.9997011998),
                (-0.02510819942, 0.009441032249, 0.9996401579),
                (-0.02797776533, 0.00815092008, 0.9995753134),
                (-0.03055266571, 0.006821054544, 0.9995098838),
                (-0.03278869872, 0.005477954834, 0.9994472939),
                (-0.03464786554, 0.004152028419, 0.9993909576),
                (-0.03609927059, 0.002879230641, 0.9993440612),
                (-0.03711997528, 0.001705128314, 0.9993093615),
                (-0.03770432676, 0.0006867425169, 0.9992887031),
                (-2.252393047e-14, 1.970063009e-17, 1)
            ] (
                interpolation = "vertex"
            )
            uniform token subdivisionScheme = "none"
        }
        def TetMesh "SimulationTetMesh"
        {
            custom string drAnmar:role = "volume_deformable_simulation_mesh"
            uniform token purpose = "guide"
            token visibility = "invisible"
            float3[] extent = [(-0.017, -0.043, -0.013), (0.017, 0.043, 0.013)]
            point3f[] points = [
            (-0.0085, -0.03071428571, 0),
            (-0.0085, -0.01842857143, -0.0065),
            (-0.0085, -0.01842857143, 0),
            (-0.0085, -0.01842857143, 0.0065),
            (-0.0085, -0.006142857143, -0.0065),
            (-0.0085, -0.006142857143, 0),
            (-0.0085, -0.006142857143, 0.0065),
            (-0.0085, 0.006142857143, -0.0065),
            (-0.0085, 0.006142857143, 0),
            (-0.0085, 0.006142857143, 0.0065),
            (-0.0085, 0.01842857143, -0.0065),
            (-0.0085, 0.01842857143, 0),
            (-0.0085, 0.01842857143, 0.0065),
            (-0.0085, 0.03071428571, 0),
            (0, -0.043, 0),
            (0, -0.03071428571, -0.0065),
            (0, -0.03071428571, 0),
            (0, -0.03071428571, 0.0065),
            (0, -0.01842857143, -0.0065),
            (0, -0.01842857143, 0),
            (0, -0.01842857143, 0.0065),
            (0, -0.006142857143, -0.0065),
            (0, -0.006142857143, 0),
            (0, -0.006142857143, 0.0065),
            (0, 0.006142857143, -0.0065),
            (0, 0.006142857143, 0),
            (0, 0.006142857143, 0.0065),
            (0, 0.01842857143, -0.0065),
            (0, 0.01842857143, 0),
            (0, 0.01842857143, 0.0065),
            (0, 0.03071428571, -0.0065),
            (0, 0.03071428571, 0),
            (0, 0.03071428571, 0.0065),
            (0, 0.043, 0),
            (0.0085, -0.03071428571, 0),
            (0.0085, -0.01842857143, -0.0065),
            (0.0085, -0.01842857143, 0),
            (0.0085, -0.01842857143, 0.0065),
            (0.0085, -0.006142857143, -0.0065),
            (0.0085, -0.006142857143, 0),
            (0.0085, -0.006142857143, 0.0065),
            (0.0085, 0.006142857143, -0.0065),
            (0.0085, 0.006142857143, 0),
            (0.0085, 0.006142857143, 0.0065),
            (0.0085, 0.01842857143, -0.0065),
            (0.0085, 0.01842857143, 0),
            (0.0085, 0.01842857143, 0.0065),
            (0.0085, 0.03071428571, 0),
            (-0.008937428906, 0.03657798476, 0),
            (0.008937428906, 0.03657798476, 0),
            (-0.008937428906, -0.03657798476, 0),
            (0.008937428906, -0.03657798476, 0),
            (0, -0.02260643782, 0.01105846051),
            (0, 0.02260643782, 0.01105846051),
            (0, -0.02260643782, -0.01105846051),
            (0, 0.02260643782, -0.01105846051),
            (0.01446106374, 0, -0.006834504458),
            (0.01446106374, 0, 0.006834504458),
            (-0.01446106374, 0, -0.006834504458),
            (-0.01446106374, 0, 0.006834504458),
            (-0.005253288904, -0.03478773076, 0.0065),
            (0.005253288904, -0.03478773076, 0.0065),
            (-0.005253288904, 0.03478773076, 0.0065),
            (0.005253288904, 0.03478773076, 0.0065),
            (0, 0, 0.013),
            (-0.005253288904, -0.03478773076, -0.0065),
            (0.005253288904, -0.03478773076, -0.0065),
            (-0.005253288904, 0.03478773076, -0.0065),
            (0.005253288904, 0.03478773076, -0.0065),
            (0, 0, -0.013),
            (0.0137532889, 0.0215, -0.004017220927),
            (0.0137532889, -0.0215, -0.004017220927),
            (0.0085, -0.01328773076, -0.01051722093),
            (0.0085, 0.01328773076, -0.01051722093),
            (0.0137532889, 0.0215, 0.004017220927),
            (0.0137532889, -0.0215, 0.004017220927),
            (0.0085, -0.01328773076, 0.01051722093),
            (0.0085, 0.01328773076, 0.01051722093),
            (0.017, 0, 0),
            (-0.0137532889, 0.0215, -0.004017220927),
            (-0.0137532889, -0.0215, -0.004017220927),
            (-0.0085, -0.01328773076, -0.01051722093),
            (-0.0085, 0.01328773076, -0.01051722093),
            (-0.0137532889, 0.0215, 0.004017220927),
            (-0.0137532889, -0.0215, 0.004017220927),
            (-0.0085, -0.01328773076, 0.01051722093),
            (-0.0085, 0.01328773076, 0.01051722093),
            (-0.017, 0, 0),
            (-0.004645530992, 0.04136334938, 0),
            (0.004645530992, 0.04136334938, 0),
            (-0.004645530992, -0.04136334938, 0),
            (0.004645530992, -0.04136334938, 0),
            (-0.007376105597, -0.03709474466, 0.003378594869),
            (-0.002730574606, -0.02983256054, 0.009126603782),
            (-0.002761817418, -0.0408954302, 0.003417252229),
            (0.007376105597, -0.03709474466, 0.003378594869),
            (0.002730574606, -0.02983256054, 0.009126603782),
            (0.002761817418, -0.0408954302, 0.003417252229),
            (0, -0.03657798476, 0.006834504458),
            (-0.007376105597, 0.03709474466, 0.003378594869),
            (-0.002730574606, 0.02983256054, 0.009126603782),
            (-0.002761817418, 0.0408954302, 0.003417252229),
            (0.007376105597, 0.03709474466, 0.003378594869),
            (0.002730574606, 0.02983256054, 0.009126603782),
            (0.002761817418, 0.0408954302, 0.003417252229),
            (0, 0.03657798476, 0.006834504458),
            (0, -0.01175046074, 0.01250519865),
            (0, 0.01175046074, 0.01250519865),
            (-0.007376105597, -0.03709474466, -0.003378594869),
            (-0.002730574606, -0.02983256054, -0.009126603782),
            (-0.002761817418, -0.0408954302, -0.003417252229),
            (0.007376105597, -0.03709474466, -0.003378594869),
            (0.002730574606, -0.02983256054, -0.009126603782),
            (0.002761817418, -0.0408954302, -0.003417252229),
            (0, -0.03657798476, -0.006834504458),
            (-0.007376105597, 0.03709474466, -0.003378594869),
            (-0.002730574606, 0.02983256054, -0.009126603782),
            (-0.002761817418, 0.0408954302, -0.003417252229),
            (0.007376105597, 0.03709474466, -0.003378594869),
            (0.002730574606, 0.02983256054, -0.009126603782),
            (0.002761817418, 0.0408954302, -0.003417252229),
            (0, 0.03657798476, -0.006834504458),
            (0, -0.01175046074, -0.01250519865),
            (0, 0.01175046074, -0.01250519865),
            (0.01179426812, 0.03018799713, -0.002088086463),
            (0.01466536417, 0.01117535226, -0.005640551339),
            (0.009992349289, 0.02959221129, -0.005529230254),
            (0.01179426812, -0.03018799713, -0.002088086463),
            (0.01466536417, -0.01117535226, -0.005640551339),
            (0.009992349289, -0.02959221129, -0.005529230254),
            (0.004418162521, -0.01865720828, -0.01121469025),
            (0.01193478956, -0.006906747533, -0.009019146208),
            (0.007230531871, -0.02527476585, -0.008946482483),
            (0.004468714453, -0.006985773469, -0.01236373471),
            (0.01169924632, -0.01828899238, -0.00764120828),
            (0.004418162521, 0.01865720828, -0.01121469025),
            (0.01193478956, 0.006906747533, -0.009019146208),
            (0.007230531871, 0.02527476585, -0.008946482483),
            (0.004468714453, 0.006985773469, -0.01236373471),
            (0.01169924632, 0.01828899238, -0.00764120828),
            (0.008937428906, 0, -0.01105846051),
            (0.01179426812, 0.03018799713, 0.002088086463),
            (0.01466536417, 0.01117535226, 0.005640551339),
            (0.009992349289, 0.02959221129, 0.005529230254),
            (0.01446106374, 0.02260643782, 0),
            (0.01179426812, -0.03018799713, 0.002088086463),
            (0.01466536417, -0.01117535226, 0.005640551339),
            (0.009992349289, -0.02959221129, 0.005529230254),
            (0.01446106374, -0.02260643782, 0),
            (0.004418162521, -0.01865720828, 0.01121469025),
            (0.01193478956, -0.006906747533, 0.009019146208),
            (0.007230531871, -0.02527476585, 0.008946482483),
            (0.004468714453, -0.006985773469, 0.01236373471),
            (0.01169924632, -0.01828899238, 0.00764120828),
            (0.004418162521, 0.01865720828, 0.01121469025),
            (0.01193478956, 0.006906747533, 0.009019146208),
            (0.007230531871, 0.02527476585, 0.008946482483),
            (0.004468714453, 0.006985773469, 0.01236373471),
            (0.01169924632, 0.01828899238, 0.00764120828),
            (0.008937428906, 0, 0.01105846051),
            (0.01635295208, 0, -0.003552464876),
            (0.01635295208, 0, 0.003552464876),
            (0.01616796078, 0.01130321891, -0.002111978026),
            (0.01616796078, -0.01130321891, -0.002111978026),
            (0.01616796078, 0.01130321891, 0.002111978026),
            (0.01616796078, -0.01130321891, 0.002111978026),
            (-0.01179426812, 0.03018799713, -0.002088086463),
            (-0.01466536417, 0.01117535226, -0.005640551339),
            (-0.009992349289, 0.02959221129, -0.005529230254),
            (-0.01179426812, -0.03018799713, -0.002088086463),
            (-0.01466536417, -0.01117535226, -0.005640551339),
            (-0.009992349289, -0.02959221129, -0.005529230254),
            (-0.004418162521, -0.01865720828, -0.01121469025),
            (-0.01193478956, -0.006906747533, -0.009019146208),
            (-0.007230531871, -0.02527476585, -0.008946482483),
            (-0.004468714453, -0.006985773469, -0.01236373471),
            (-0.01169924632, -0.01828899238, -0.00764120828),
            (-0.004418162521, 0.01865720828, -0.01121469025),
            (-0.01193478956, 0.006906747533, -0.009019146208),
            (-0.007230531871, 0.02527476585, -0.008946482483),
            (-0.004468714453, 0.006985773469, -0.01236373471),
            (-0.01169924632, 0.01828899238, -0.00764120828),
            (-0.008937428906, 0, -0.01105846051),
            (-0.01179426812, 0.03018799713, 0.002088086463),
            (-0.01466536417, 0.01117535226, 0.005640551339),
            (-0.009992349289, 0.02959221129, 0.005529230254),
            (-0.01446106374, 0.02260643782, 0),
            (-0.01179426812, -0.03018799713, 0.002088086463),
            (-0.01466536417, -0.01117535226, 0.005640551339),
            (-0.009992349289, -0.02959221129, 0.005529230254),
            (-0.01446106374, -0.02260643782, 0),
            (-0.004418162521, -0.01865720828, 0.01121469025),
            (-0.01193478956, -0.006906747533, 0.009019146208),
            (-0.007230531871, -0.02527476585, 0.008946482483),
            (-0.004468714453, -0.006985773469, 0.01236373471),
            (-0.01169924632, -0.01828899238, 0.00764120828),
            (-0.004418162521, 0.01865720828, 0.01121469025),
            (-0.01193478956, 0.006906747533, 0.009019146208),
            (-0.007230531871, 0.02527476585, 0.008946482483),
            (-0.004468714453, 0.006985773469, 0.01236373471),
            (-0.01169924632, 0.01828899238, 0.00764120828),
            (-0.008937428906, 0, 0.01105846051),
            (-0.01635295208, 0, -0.003552464876),
            (-0.01635295208, 0, 0.003552464876),
            (-0.01616796078, 0.01130321891, -0.002111978026),
            (-0.01616796078, -0.01130321891, -0.002111978026),
            (-0.01616796078, 0.01130321891, 0.002111978026),
            (-0.01616796078, -0.01130321891, 0.002111978026)
            ]
            int4[] tetVertexIndices = [
            (40, 146, 150, 76),
            (104, 89, 120, 33),
            (161, 150, 146, 57),
            (161, 40, 150, 57),
            (161, 150, 40, 146),
            (191, 52, 193, 20),
            (3, 191, 193, 20),
            (4, 7, 182, 58),
            (152, 40, 150, 76),
            (63, 104, 102, 105),
            (77, 154, 158, 46),
            (77, 157, 154, 107),
            (77, 158, 142, 46),
            (77, 154, 29, 107),
            (77, 29, 154, 46),
            (100, 32, 62, 105),
            (195, 3, 191, 193),
            (85, 191, 3, 20),
            (85, 195, 3, 191),
            (85, 195, 192, 188),
            (85, 3, 195, 188),
            (85, 195, 191, 193),
            (173, 4, 182, 58),
            (173, 170, 202, 58),
            (173, 202, 4, 58),
            (173, 170, 4, 202),
            (5, 4, 170, 202),
            (5, 4, 202, 58),
            (84, 3, 195, 193),
            (178, 182, 7, 58),
            (178, 173, 182, 58),
            (178, 7, 202, 58),
            (45, 142, 158, 46),
            (45, 158, 142, 164),
            (43, 77, 142, 46),
            (106, 191, 85, 20),
            (106, 85, 191, 194),
            (149, 106, 152, 76),
            (149, 106, 76, 20),
            (149, 52, 191, 20),
            (149, 191, 106, 20),
            (149, 106, 191, 52),
            (21, 182, 24, 69),
            (21, 24, 140, 69),
            (130, 72, 134, 132),
            (16, 98, 94, 97),
            (74, 142, 158, 164),
            (74, 45, 158, 46),
            (74, 158, 45, 164),
            (155, 142, 77, 158),
            (155, 77, 43, 157),
            (155, 43, 77, 142),
            (155, 161, 142, 57),
            (155, 43, 161, 57),
            (155, 43, 142, 161),
            (156, 158, 154, 46),
            (156, 158, 77, 154),
            (156, 158, 74, 143),
            (156, 74, 158, 46),
            (156, 154, 29, 46),
            (156, 74, 45, 143),
            (156, 45, 74, 46),
            (103, 63, 32, 105),
            (103, 32, 100, 105),
            (103, 32, 63, 143),
            (103, 156, 32, 143),
            (103, 63, 156, 143),
            (185, 62, 100, 32),
            (53, 156, 103, 154),
            (53, 29, 156, 154),
            (53, 100, 103, 32),
            (53, 156, 29, 32),
            (53, 103, 156, 32),
            (6, 3, 85, 188),
            (6, 85, 192, 188),
            (6, 192, 85, 194),
            (205, 5, 202, 87),
            (205, 5, 170, 202),
            (205, 80, 170, 176),
            (203, 192, 59, 188),
            (203, 6, 192, 188),
            (203, 5, 6, 188),
            (203, 6, 59, 192),
            (203, 6, 5, 59),
            (2, 205, 5, 170),
            (2, 1, 80, 176),
            (2, 80, 205, 176),
            (2, 205, 80, 190),
            (2, 170, 1, 176),
            (2, 205, 170, 176),
            (2, 3, 84, 193),
            (2, 195, 3, 188),
            (2, 195, 84, 3),
            (180, 24, 7, 182),
            (180, 24, 182, 69),
            (180, 24, 82, 7),
            (180, 7, 178, 182),
            (180, 178, 82, 182),
            (180, 82, 178, 7),
            (88, 101, 117, 33),
            (55, 27, 177, 135),
            (55, 177, 179, 116),
            (55, 27, 179, 177),
            (162, 45, 70, 139),
            (44, 70, 45, 139),
            (144, 124, 70, 126),
            (144, 74, 45, 164),
            (144, 162, 45, 70),
            (144, 45, 162, 164),
            (144, 74, 141, 143),
            (31, 32, 63, 105),
            (31, 63, 102, 105),
            (31, 62, 32, 105),
            (31, 117, 88, 101),
            (31, 104, 101, 105),
            (31, 120, 104, 89),
            (31, 104, 102, 89),
            (31, 102, 104, 105),
            (23, 106, 152, 194),
            (23, 40, 152, 76),
            (23, 152, 106, 76),
            (23, 76, 106, 20),
            (23, 85, 106, 194),
            (23, 6, 85, 194),
            (23, 106, 85, 20),
            (184, 59, 203, 197),
            (64, 157, 199, 107),
            (64, 152, 106, 194),
            (64, 23, 152, 194),
            (131, 140, 38, 56),
            (131, 136, 140, 56),
            (131, 38, 160, 56),
            (39, 160, 38, 56),
            (39, 161, 40, 146),
            (39, 40, 161, 57),
            (133, 21, 140, 69),
            (133, 21, 38, 140),
            (133, 38, 21, 72),
            (133, 131, 72, 140),
            (133, 38, 131, 140),
            (133, 131, 38, 72),
            (174, 80, 1, 176),
            (174, 171, 80, 176),
            (174, 80, 2, 1),
            (174, 171, 2, 80),
            (153, 150, 146, 76),
            (159, 152, 150, 76),
            (159, 77, 155, 157),
            (159, 155, 150, 57),
            (159, 150, 40, 57),
            (159, 152, 40, 150),
            (159, 40, 43, 57),
            (159, 43, 155, 57),
            (159, 155, 43, 157),
            (159, 64, 152, 157),
            (159, 152, 23, 40),
            (159, 64, 23, 152),
            (189, 84, 195, 193),
            (189, 2, 84, 193),
            (189, 187, 84, 190),
            (110, 94, 90, 14),
            (110, 16, 90, 94),
            (110, 90, 16, 108),
            (201, 192, 6, 194),
            (201, 59, 6, 192),
            (201, 59, 192, 197),
            (201, 85, 192, 194),
            (201, 64, 199, 194),
            (201, 6, 23, 194),
            (201, 23, 64, 194),
            (207, 5, 203, 188),
            (207, 2, 5, 188),
            (207, 2, 205, 5),
            (207, 5, 205, 87),
            (207, 203, 5, 87),
            (207, 84, 195, 188),
            (207, 195, 2, 188),
            (207, 84, 2, 195),
            (207, 2, 84, 190),
            (207, 205, 2, 190),
            (8, 203, 5, 59),
            (8, 5, 203, 87),
            (8, 202, 5, 87),
            (8, 203, 206, 87),
            (8, 203, 184, 206),
            (8, 202, 7, 58),
            (8, 5, 202, 58),
            (35, 134, 130, 72),
            (35, 130, 134, 132),
            (35, 134, 71, 132),
            (138, 24, 180, 69),
            (138, 133, 140, 69),
            (138, 140, 24, 69),
            (137, 68, 119, 126),
            (137, 139, 44, 135),
            (137, 70, 139, 126),
            (137, 70, 44, 139),
            (137, 55, 119, 135),
            (137, 45, 70, 126),
            (137, 45, 44, 70),
            (137, 27, 55, 135),
            (137, 44, 27, 135),
            (181, 179, 177, 82),
            (42, 162, 45, 164),
            (42, 160, 162, 78),
            (42, 45, 142, 164),
            (42, 162, 164, 78),
            (42, 160, 39, 56),
            (42, 39, 160, 78),
            (42, 142, 161, 164),
            (42, 142, 43, 161),
            (42, 164, 161, 78),
            (42, 161, 39, 78),
            (42, 161, 43, 57),
            (42, 39, 161, 57),
            (47, 32, 156, 143),
            (47, 31, 156, 32),
            (47, 63, 32, 143),
            (47, 63, 31, 32),
            (47, 156, 45, 143),
            (47, 102, 63, 143),
            (47, 141, 102, 143),
            (47, 144, 141, 143),
            (47, 49, 102, 141),
            (47, 124, 49, 141),
            (47, 31, 102, 49),
            (47, 31, 63, 102),
            (47, 45, 74, 143),
            (47, 74, 144, 143),
            (47, 144, 74, 45),
            (47, 144, 124, 141),
            (47, 124, 144, 126),
            (47, 45, 137, 126),
            (47, 70, 45, 126),
            (47, 144, 70, 126),
            (47, 144, 45, 70),
            (30, 119, 55, 116),
            (30, 31, 47, 68),
            (30, 119, 68, 126),
            (30, 68, 47, 126),
            (30, 137, 47, 31),
            (30, 55, 179, 116),
            (30, 179, 55, 27),
            (30, 137, 55, 119),
            (30, 55, 137, 27),
            (30, 137, 119, 126),
            (30, 47, 137, 126),
            (198, 53, 29, 32),
            (198, 100, 53, 32),
            (198, 185, 100, 32),
            (198, 100, 185, 62),
            (26, 64, 201, 23),
            (26, 159, 64, 23),
            (26, 199, 64, 157),
            (26, 159, 43, 157),
            (26, 64, 159, 157),
            (26, 201, 64, 199),
            (26, 199, 157, 107),
            (26, 157, 77, 107),
            (26, 43, 77, 157),
            (26, 77, 29, 107),
            (128, 38, 131, 72),
            (128, 131, 134, 72),
            (128, 35, 38, 72),
            (128, 134, 35, 72),
            (128, 131, 38, 160),
            (128, 38, 39, 160),
            (128, 131, 160, 56),
            (122, 133, 21, 72),
            (122, 130, 133, 72),
            (15, 174, 109, 171),
            (118, 47, 124, 49),
            (118, 124, 47, 126),
            (118, 47, 68, 126),
            (118, 120, 31, 89),
            (118, 31, 47, 49),
            (118, 47, 31, 68),
            (118, 102, 49, 89),
            (118, 31, 102, 89),
            (118, 102, 31, 49),
            (114, 15, 16, 66),
            (114, 110, 16, 108),
            (36, 35, 71, 132),
            (36, 71, 35, 134),
            (36, 35, 128, 134),
            (145, 75, 148, 147),
            (95, 16, 91, 97),
            (95, 61, 98, 97),
            (95, 98, 16, 97),
            (95, 61, 16, 98),
            (151, 147, 61, 96),
            (151, 153, 149, 76),
            (151, 149, 52, 96),
            (151, 52, 149, 20),
            (151, 75, 153, 147),
            (151, 36, 75, 147),
            (0, 16, 50, 108),
            (0, 187, 189, 190),
            (0, 2, 189, 193),
            (0, 2, 174, 171),
            (0, 84, 2, 190),
            (0, 189, 84, 190),
            (0, 189, 2, 84),
            (0, 80, 171, 190),
            (0, 2, 80, 190),
            (0, 2, 171, 80),
            (0, 15, 174, 16),
            (0, 174, 15, 171),
            (17, 16, 0, 193),
            (17, 0, 189, 193),
            (17, 60, 0, 16),
            (17, 189, 0, 60),
            (17, 60, 16, 98),
            (17, 193, 52, 20),
            (17, 98, 61, 96),
            (17, 16, 61, 98),
            (17, 52, 151, 20),
            (17, 151, 52, 96),
            (17, 61, 147, 96),
            (17, 147, 151, 96),
            (92, 0, 189, 60),
            (92, 90, 16, 94),
            (92, 0, 50, 187),
            (92, 189, 0, 187),
            (92, 98, 60, 94),
            (92, 16, 98, 94),
            (92, 16, 60, 98),
            (92, 0, 16, 50),
            (92, 0, 60, 16),
            (92, 90, 50, 108),
            (92, 50, 16, 108),
            (92, 16, 90, 108),
            (113, 91, 16, 97),
            (113, 91, 97, 14),
            (113, 114, 110, 16),
            (65, 110, 114, 108),
            (65, 109, 174, 171),
            (65, 15, 114, 109),
            (65, 15, 109, 171),
            (65, 114, 16, 108),
            (65, 114, 15, 16),
            (65, 0, 171, 108),
            (65, 0, 15, 171),
            (65, 16, 0, 108),
            (65, 15, 0, 16),
            (9, 203, 59, 197),
            (9, 203, 8, 59),
            (9, 59, 201, 197),
            (9, 184, 203, 197),
            (9, 184, 8, 203),
            (9, 6, 201, 59),
            (9, 201, 199, 197),
            (9, 201, 26, 199),
            (73, 136, 138, 140),
            (73, 139, 137, 135),
            (73, 44, 139, 135),
            (73, 27, 44, 135),
            (123, 55, 177, 135),
            (123, 177, 27, 135),
            (123, 138, 180, 69),
            (123, 27, 177, 82),
            (123, 177, 180, 82),
            (123, 180, 138, 24),
            (123, 27, 73, 135),
            (123, 73, 138, 135),
            (123, 24, 27, 82),
            (123, 180, 24, 82),
            (123, 73, 27, 24),
            (123, 138, 73, 24),
            (169, 171, 0, 108),
            (169, 0, 50, 108),
            (169, 171, 80, 190),
            (169, 50, 0, 187),
            (169, 187, 0, 190),
            (169, 0, 171, 190),
            (204, 202, 8, 87),
            (204, 8, 206, 87),
            (13, 62, 185, 32),
            (13, 31, 62, 32),
            (13, 185, 198, 32),
            (13, 198, 31, 32),
            (13, 30, 31, 179),
            (168, 30, 179, 116),
            (168, 30, 13, 179),
            (67, 30, 168, 116),
            (67, 168, 179, 116),
            (67, 13, 168, 30),
            (67, 13, 30, 31),
            (196, 53, 198, 100),
            (196, 198, 53, 29),
            (196, 154, 53, 107),
            (196, 29, 154, 107),
            (196, 29, 53, 154),
            (129, 71, 134, 132),
            (129, 36, 71, 132),
            (129, 71, 148, 127),
            (172, 174, 1, 176),
            (81, 4, 170, 1),
            (81, 4, 173, 170),
            (81, 172, 1, 176),
            (81, 1, 170, 176),
            (81, 170, 173, 176),
            (81, 174, 172, 176),
            (112, 15, 114, 66),
            (112, 114, 15, 109),
            (112, 129, 66, 132),
            (112, 15, 129, 132),
            (112, 129, 15, 66),
            (121, 119, 30, 116),
            (121, 68, 30, 119),
            (121, 30, 67, 116),
            (121, 117, 31, 120),
            (121, 31, 30, 68),
            (121, 67, 30, 31),
            (121, 118, 68, 120),
            (121, 31, 118, 120),
            (121, 118, 31, 68),
            (163, 148, 36, 71),
            (163, 128, 71, 134),
            (163, 71, 36, 134),
            (163, 36, 128, 134),
            (163, 128, 36, 39),
            (163, 160, 39, 78),
            (163, 128, 39, 160),
            (18, 130, 35, 132),
            (18, 172, 174, 1),
            (18, 172, 122, 130),
            (18, 122, 21, 72),
            (18, 35, 130, 72),
            (18, 130, 122, 72),
            (18, 122, 81, 21),
            (18, 81, 172, 1),
            (18, 172, 81, 122),
            (37, 151, 153, 149),
            (37, 149, 153, 76),
            (37, 151, 149, 20),
            (37, 75, 36, 153),
            (37, 151, 75, 153),
            (37, 151, 36, 75),
            (37, 149, 76, 20),
            (37, 153, 146, 76),
            (37, 153, 36, 146),
            (37, 146, 40, 76),
            (93, 189, 60, 193),
            (93, 17, 189, 193),
            (93, 189, 17, 60),
            (93, 52, 17, 193),
            (93, 17, 52, 96),
            (93, 98, 17, 96),
            (93, 60, 17, 98),
            (93, 191, 52, 193),
            (99, 185, 13, 62),
            (99, 31, 88, 101),
            (99, 101, 62, 105),
            (99, 31, 101, 105),
            (99, 62, 31, 105),
            (99, 13, 31, 62),
            (99, 13, 48, 31),
            (111, 113, 114, 66),
            (111, 114, 16, 66),
            (111, 114, 113, 16),
            (111, 113, 91, 16),
            (111, 51, 95, 91),
            (111, 91, 95, 16),
            (111, 95, 51, 16),
            (41, 138, 73, 136),
            (41, 73, 138, 24),
            (41, 138, 136, 140),
            (41, 24, 138, 140),
            (41, 140, 136, 56),
            (41, 38, 140, 56),
            (41, 136, 160, 56),
            (41, 160, 42, 56),
            (167, 178, 202, 58),
            (167, 8, 204, 202),
            (167, 178, 181, 82),
            (167, 178, 7, 202),
            (167, 7, 8, 202),
            (167, 178, 82, 7),
            (115, 88, 31, 117),
            (115, 168, 67, 13),
            (115, 48, 99, 88),
            (115, 99, 31, 88),
            (115, 99, 48, 31),
            (115, 121, 67, 117),
            (115, 31, 121, 117),
            (115, 67, 121, 31),
            (115, 48, 13, 31),
            (115, 13, 67, 31),
            (183, 13, 99, 185),
            (183, 99, 13, 48),
            (34, 36, 129, 132),
            (34, 15, 16, 132),
            (34, 129, 15, 132),
            (34, 16, 15, 66),
            (34, 15, 129, 66),
            (34, 129, 148, 127),
            (34, 145, 51, 127),
            (34, 148, 145, 127),
            (34, 129, 111, 66),
            (34, 111, 129, 127),
            (34, 36, 148, 71),
            (34, 148, 129, 71),
            (34, 129, 36, 71),
            (34, 145, 148, 147),
            (34, 36, 151, 147),
            (34, 51, 111, 127),
            (34, 111, 16, 66),
            (34, 111, 51, 16),
            (34, 95, 61, 16),
            (34, 51, 95, 16),
            (34, 95, 51, 145),
            (34, 148, 75, 147),
            (34, 75, 36, 147),
            (34, 36, 75, 148),
            (34, 17, 151, 16),
            (34, 151, 17, 147),
            (34, 17, 61, 147),
            (34, 61, 17, 16),
            (34, 61, 95, 147),
            (34, 95, 145, 147),
            (175, 81, 21, 4),
            (175, 81, 122, 21),
            (175, 173, 81, 4),
            (175, 4, 21, 182),
            (175, 182, 21, 69),
            (175, 133, 122, 69),
            (175, 21, 133, 69),
            (175, 122, 133, 21),
            (175, 173, 4, 182),
            (175, 81, 173, 182),
            (175, 180, 182, 69),
            (175, 81, 172, 122),
            (165, 75, 36, 148),
            (165, 36, 163, 148),
            (165, 161, 39, 146),
            (165, 153, 75, 146),
            (165, 36, 153, 146),
            (165, 36, 75, 153),
            (165, 39, 36, 146),
            (165, 163, 36, 39),
            (165, 39, 161, 78),
            (165, 163, 39, 78),
            (54, 172, 18, 130),
            (54, 122, 172, 130),
            (54, 112, 15, 109),
            (54, 112, 130, 132),
            (54, 130, 18, 132),
            (54, 172, 109, 174),
            (54, 18, 172, 174),
            (54, 15, 18, 174),
            (54, 109, 15, 174),
            (54, 18, 15, 132),
            (54, 15, 112, 132),
            (125, 42, 162, 45),
            (125, 45, 162, 139),
            (125, 44, 45, 139),
            (125, 73, 41, 44),
            (125, 73, 44, 139),
            (125, 162, 42, 160),
            (125, 41, 73, 136),
            (125, 41, 136, 160),
            (125, 42, 41, 160),
            (125, 136, 73, 139),
            (125, 160, 136, 56),
            (125, 162, 70, 139),
            (11, 8, 184, 206),
            (11, 184, 200, 206),
            (11, 204, 8, 206),
            (11, 204, 167, 8),
            (11, 167, 204, 181),
            (11, 168, 13, 179),
            (11, 198, 13, 185),
            (166, 13, 115, 48),
            (166, 168, 115, 13),
            (166, 183, 13, 48),
            (86, 29, 196, 107),
            (86, 184, 9, 197),
            (86, 200, 184, 197),
            (86, 26, 29, 107),
            (86, 196, 199, 107),
            (86, 9, 199, 197),
            (86, 196, 200, 198),
            (86, 199, 26, 107),
            (86, 9, 26, 199),
            (86, 199, 201, 197),
            (186, 204, 11, 206),
            (186, 166, 183, 13),
            (186, 13, 183, 185),
            (186, 168, 166, 13),
            (10, 167, 82, 7),
            (10, 177, 27, 82),
            (10, 167, 181, 82),
            (10, 167, 11, 181),
            (10, 181, 177, 82),
            (10, 179, 27, 177),
            (10, 181, 179, 177),
            (12, 196, 86, 29),
            (12, 9, 86, 184),
            (12, 198, 196, 29),
            (12, 86, 196, 200),
            (12, 200, 11, 184),
            (12, 86, 200, 184),
            (12, 200, 196, 198),
            (83, 11, 200, 206),
            (83, 186, 11, 206),
            (83, 200, 184, 206),
            (83, 11, 12, 200),
            (83, 200, 12, 198),
            (83, 12, 11, 198),
            (83, 186, 183, 185),
            (83, 200, 198, 185),
            (83, 198, 11, 185),
            (83, 11, 13, 185),
            (83, 13, 186, 185),
            (83, 11, 186, 13),
            (79, 11, 204, 181),
            (79, 11, 186, 204),
            (79, 204, 167, 181),
            (79, 10, 11, 181),
            (79, 10, 181, 179),
            (79, 11, 10, 179),
            (79, 166, 186, 168),
            (79, 181, 168, 179),
            (79, 168, 11, 179),
            (79, 11, 168, 13),
            (79, 168, 186, 13),
            (79, 186, 11, 13),
            (117, 104, 120, 33),
            (117, 101, 104, 33),
            (21, 4, 7, 182),
            (21, 7, 24, 182),
            (2, 170, 4, 1),
            (2, 5, 4, 170),
            (2, 3, 6, 188),
            (2, 6, 5, 188),
            (31, 101, 104, 120),
            (31, 117, 101, 120),
            (23, 85, 3, 20),
            (23, 85, 6, 3),
            (8, 5, 4, 22),
            (8, 21, 24, 22),
            (8, 24, 4, 7),
            (8, 24, 25, 22),
            (8, 24, 21, 4),
            (8, 4, 21, 22),
            (8, 7, 4, 58),
            (8, 4, 5, 58),
            (42, 142, 45, 46),
            (42, 43, 142, 46),
            (42, 43, 40, 57),
            (42, 40, 39, 57),
            (26, 40, 23, 22),
            (26, 39, 40, 22),
            (26, 39, 43, 40),
            (26, 25, 39, 22),
            (26, 39, 42, 43),
            (26, 42, 39, 25),
            (26, 43, 159, 40),
            (26, 159, 23, 40),
            (26, 29, 77, 46),
            (26, 77, 43, 46),
            (36, 39, 128, 38),
            (36, 128, 35, 38),
            (113, 16, 110, 94),
            (113, 16, 94, 97),
            (113, 97, 94, 14),
            (113, 94, 110, 14),
            (9, 8, 5, 59),
            (9, 5, 6, 59),
            (9, 5, 25, 22),
            (9, 6, 5, 22),
            (9, 23, 6, 22),
            (9, 25, 23, 22),
            (9, 5, 8, 25),
            (9, 26, 23, 25),
            (9, 23, 201, 6),
            (9, 26, 201, 23),
            (18, 21, 38, 72),
            (18, 38, 35, 72),
            (18, 4, 81, 1),
            (18, 21, 81, 4),
            (37, 76, 23, 20),
            (37, 40, 23, 76),
            (37, 39, 40, 146),
            (37, 36, 39, 146),
            (19, 151, 17, 16),
            (19, 17, 151, 20),
            (19, 151, 37, 20),
            (19, 37, 151, 36),
            (19, 23, 40, 22),
            (19, 40, 39, 22),
            (19, 40, 23, 20),
            (19, 36, 39, 40),
            (19, 37, 36, 40),
            (19, 37, 40, 20),
            (19, 39, 38, 22),
            (19, 38, 21, 22),
            (19, 39, 35, 38),
            (19, 35, 21, 38),
            (19, 36, 35, 39),
            (19, 35, 18, 21),
            (19, 16, 15, 132),
            (19, 15, 18, 132),
            (19, 35, 36, 132),
            (19, 18, 35, 132),
            (19, 193, 17, 20),
            (19, 16, 17, 193),
            (19, 3, 193, 20),
            (19, 3, 2, 193),
            (19, 0, 16, 193),
            (19, 2, 0, 193),
            (19, 6, 3, 20),
            (19, 6, 5, 3),
            (19, 5, 6, 22),
            (19, 5, 2, 3),
            (19, 23, 6, 20),
            (19, 6, 23, 22),
            (19, 21, 4, 22),
            (19, 4, 5, 22),
            (19, 5, 4, 1),
            (19, 4, 21, 1),
            (19, 2, 5, 1),
            (19, 21, 18, 1),
            (19, 0, 174, 16),
            (19, 174, 0, 2),
            (19, 174, 15, 16),
            (19, 18, 15, 174),
            (19, 174, 2, 1),
            (19, 18, 174, 1),
            (41, 27, 73, 24),
            (41, 44, 73, 27),
            (41, 25, 24, 22),
            (41, 21, 38, 22),
            (41, 24, 21, 22),
            (41, 38, 39, 22),
            (41, 39, 25, 22),
            (41, 39, 42, 25),
            (41, 21, 24, 140),
            (41, 38, 21, 140),
            (41, 39, 38, 56),
            (41, 42, 39, 56),
            (28, 31, 30, 179),
            (28, 179, 30, 27),
            (28, 31, 198, 32),
            (28, 198, 29, 32),
            (28, 42, 43, 25),
            (28, 29, 43, 46),
            (28, 43, 45, 46),
            (28, 43, 42, 45),
            (28, 26, 43, 29),
            (28, 43, 26, 25),
            (28, 41, 42, 24),
            (28, 27, 44, 24),
            (28, 42, 44, 45),
            (28, 24, 42, 25),
            (28, 42, 41, 44),
            (28, 44, 41, 24),
            (28, 156, 29, 46),
            (28, 45, 156, 46),
            (28, 29, 156, 32),
            (28, 156, 31, 32),
            (28, 47, 156, 45),
            (28, 47, 31, 156),
            (28, 44, 137, 45),
            (28, 137, 44, 27),
            (28, 137, 47, 45),
            (28, 47, 137, 31),
            (28, 30, 137, 27),
            (28, 137, 30, 31),
            (34, 16, 19, 132),
            (34, 19, 36, 132),
            (34, 151, 19, 16),
            (34, 19, 151, 36),
            (125, 41, 42, 44),
            (125, 44, 42, 45),
            (11, 198, 28, 31),
            (11, 13, 198, 31),
            (11, 31, 28, 179),
            (11, 13, 31, 179),
            (10, 24, 25, 7),
            (10, 24, 27, 25),
            (10, 25, 8, 7),
            (10, 27, 28, 25),
            (10, 28, 8, 25),
            (10, 28, 11, 8),
            (10, 82, 24, 7),
            (10, 27, 24, 82),
            (10, 8, 167, 7),
            (10, 11, 167, 8),
            (10, 179, 28, 27),
            (10, 11, 28, 179),
            (12, 26, 8, 25),
            (12, 29, 26, 25),
            (12, 26, 9, 8),
            (12, 8, 28, 25),
            (12, 28, 29, 25),
            (12, 11, 28, 8),
            (12, 86, 26, 29),
            (12, 86, 9, 26),
            (12, 8, 9, 184),
            (12, 11, 8, 184),
            (12, 28, 198, 29),
            (12, 28, 11, 198)
            ]
            int3[] surfaceFaceVertexIndices = [
            (104, 89, 33),
            (89, 120, 33),
            (161, 57, 146),
            (150, 146, 57),
            (63, 102, 104),
            (63, 104, 105),
            (77, 154, 157),
            (157, 154, 107),
            (100, 105, 62),
            (85, 192, 195),
            (195, 192, 188),
            (85, 195, 193),
            (85, 193, 191),
            (173, 170, 58),
            (170, 202, 58),
            (178, 182, 173),
            (178, 173, 58),
            (106, 194, 191),
            (85, 191, 194),
            (149, 152, 106),
            (149, 76, 152),
            (149, 106, 52),
            (106, 191, 52),
            (130, 72, 132),
            (72, 134, 132),
            (98, 94, 97),
            (74, 158, 142),
            (74, 142, 164),
            (155, 142, 158),
            (155, 158, 77),
            (155, 57, 142),
            (161, 142, 57),
            (156, 77, 158),
            (156, 154, 77),
            (156, 158, 143),
            (158, 74, 143),
            (103, 63, 105),
            (103, 105, 100),
            (103, 156, 63),
            (63, 156, 143),
            (53, 154, 103),
            (156, 103, 154),
            (53, 103, 100),
            (205, 87, 202),
            (205, 202, 170),
            (205, 170, 80),
            (80, 170, 176),
            (203, 188, 59),
            (192, 59, 188),
            (205, 80, 190),
            (180, 182, 82),
            (178, 82, 182),
            (88, 101, 33),
            (88, 33, 117),
            (55, 177, 116),
            (177, 179, 116),
            (144, 70, 124),
            (124, 70, 126),
            (144, 74, 164),
            (144, 162, 70),
            (144, 164, 162),
            (144, 141, 74),
            (74, 141, 143),
            (104, 101, 105),
            (104, 102, 89),
            (184, 203, 59),
            (184, 59, 197),
            (64, 157, 107),
            (64, 107, 199),
            (64, 106, 152),
            (64, 194, 106),
            (131, 140, 136),
            (131, 136, 56),
            (133, 140, 72),
            (131, 72, 140),
            (174, 171, 176),
            (171, 80, 176),
            (153, 146, 150),
            (153, 150, 76),
            (159, 152, 76),
            (159, 76, 150),
            (159, 155, 77),
            (159, 77, 157),
            (159, 150, 155),
            (155, 150, 57),
            (159, 157, 152),
            (64, 152, 157),
            (189, 195, 84),
            (189, 193, 195),
            (189, 84, 187),
            (187, 84, 190),
            (110, 14, 90),
            (94, 90, 14),
            (110, 90, 108),
            (201, 197, 192),
            (59, 192, 197),
            (201, 192, 85),
            (201, 85, 194),
            (201, 194, 199),
            (64, 199, 194),
            (207, 188, 203),
            (207, 87, 205),
            (207, 203, 87),
            (207, 84, 188),
            (84, 195, 188),
            (207, 190, 84),
            (207, 205, 190),
            (203, 206, 87),
            (203, 184, 206),
            (138, 140, 133),
            (138, 133, 69),
            (137, 119, 68),
            (137, 68, 126),
            (137, 126, 139),
            (70, 139, 126),
            (137, 135, 119),
            (55, 119, 135),
            (181, 179, 82),
            (179, 177, 82),
            (160, 162, 78),
            (162, 164, 78),
            (142, 161, 164),
            (164, 161, 78),
            (102, 63, 143),
            (141, 102, 143),
            (49, 102, 141),
            (124, 49, 141),
            (144, 124, 141),
            (119, 55, 116),
            (198, 100, 62),
            (198, 62, 185),
            (128, 134, 131),
            (131, 134, 72),
            (128, 131, 56),
            (128, 56, 160),
            (122, 133, 130),
            (130, 133, 72),
            (118, 49, 124),
            (118, 124, 126),
            (118, 126, 68),
            (118, 120, 89),
            (118, 89, 49),
            (102, 49, 89),
            (145, 148, 75),
            (145, 75, 147),
            (95, 97, 91),
            (95, 61, 97),
            (61, 98, 97),
            (151, 61, 147),
            (151, 96, 61),
            (151, 153, 76),
            (151, 76, 149),
            (151, 149, 96),
            (149, 52, 96),
            (151, 147, 153),
            (75, 153, 147),
            (98, 61, 96),
            (92, 60, 189),
            (92, 90, 94),
            (92, 187, 50),
            (92, 189, 187),
            (92, 94, 60),
            (98, 60, 94),
            (92, 50, 90),
            (90, 50, 108),
            (113, 91, 14),
            (91, 97, 14),
            (113, 110, 114),
            (65, 114, 110),
            (65, 110, 108),
            (65, 174, 109),
            (65, 171, 174),
            (65, 109, 114),
            (65, 108, 171),
            (73, 136, 140),
            (73, 140, 138),
            (73, 137, 139),
            (73, 135, 137),
            (123, 177, 55),
            (123, 55, 135),
            (123, 138, 69),
            (123, 69, 180),
            (123, 180, 177),
            (177, 180, 82),
            (123, 135, 138),
            (73, 138, 135),
            (169, 171, 108),
            (169, 108, 50),
            (169, 80, 171),
            (169, 190, 80),
            (169, 50, 187),
            (169, 187, 190),
            (204, 202, 87),
            (204, 87, 206),
            (67, 179, 168),
            (67, 116, 179),
            (196, 53, 100),
            (196, 100, 198),
            (196, 107, 53),
            (154, 53, 107),
            (129, 134, 71),
            (129, 132, 134),
            (129, 71, 127),
            (71, 148, 127),
            (81, 176, 173),
            (170, 173, 176),
            (81, 172, 174),
            (81, 174, 176),
            (112, 66, 114),
            (112, 114, 109),
            (112, 132, 66),
            (129, 66, 132),
            (121, 119, 116),
            (121, 68, 119),
            (121, 116, 67),
            (121, 117, 120),
            (121, 120, 68),
            (118, 68, 120),
            (163, 148, 71),
            (163, 71, 128),
            (128, 71, 134),
            (163, 160, 78),
            (163, 128, 160),
            (93, 193, 60),
            (189, 60, 193),
            (93, 96, 52),
            (93, 98, 96),
            (93, 60, 98),
            (93, 52, 191),
            (93, 191, 193),
            (99, 185, 62),
            (99, 101, 88),
            (99, 62, 101),
            (101, 62, 105),
            (111, 113, 66),
            (113, 114, 66),
            (111, 91, 113),
            (111, 51, 91),
            (51, 95, 91),
            (167, 178, 58),
            (167, 58, 202),
            (167, 202, 204),
            (167, 181, 178),
            (178, 181, 82),
            (115, 88, 117),
            (115, 67, 168),
            (115, 48, 88),
            (48, 99, 88),
            (115, 117, 67),
            (121, 67, 117),
            (183, 185, 99),
            (183, 99, 48),
            (145, 51, 127),
            (148, 145, 127),
            (129, 111, 66),
            (111, 129, 127),
            (51, 111, 127),
            (95, 51, 145),
            (61, 95, 147),
            (95, 145, 147),
            (175, 69, 122),
            (133, 122, 69),
            (175, 81, 182),
            (81, 173, 182),
            (175, 182, 180),
            (175, 180, 69),
            (175, 172, 81),
            (175, 122, 172),
            (165, 75, 148),
            (165, 148, 163),
            (165, 161, 146),
            (165, 146, 75),
            (153, 75, 146),
            (165, 78, 161),
            (165, 163, 78),
            (54, 172, 122),
            (54, 122, 130),
            (54, 112, 109),
            (54, 130, 112),
            (112, 130, 132),
            (54, 109, 172),
            (172, 109, 174),
            (125, 162, 160),
            (125, 136, 139),
            (136, 73, 139),
            (125, 160, 56),
            (125, 56, 136),
            (125, 70, 162),
            (125, 139, 70),
            (166, 48, 115),
            (166, 115, 168),
            (166, 183, 48),
            (86, 200, 197),
            (200, 184, 197),
            (86, 199, 196),
            (196, 199, 107),
            (86, 196, 198),
            (86, 198, 200),
            (86, 201, 199),
            (86, 197, 201),
            (186, 204, 206),
            (186, 183, 166),
            (83, 186, 206),
            (83, 184, 200),
            (83, 206, 184),
            (83, 183, 186),
            (83, 185, 183),
            (83, 200, 185),
            (200, 198, 185),
            (79, 204, 186),
            (79, 167, 204),
            (79, 181, 167),
            (79, 186, 166),
            (79, 166, 168),
            (79, 168, 181),
            (181, 168, 179),
            (117, 120, 104),
            (117, 33, 120),
            (117, 104, 101),
            (101, 104, 33),
            (21, 7, 4),
            (21, 24, 7),
            (2, 1, 4),
            (2, 4, 5),
            (2, 6, 3),
            (2, 5, 6),
            (101, 104, 120),
            (117, 101, 120),
            (23, 20, 3),
            (23, 3, 6),
            (8, 5, 22),
            (8, 24, 7),
            (24, 4, 7),
            (8, 25, 24),
            (8, 22, 25),
            (24, 21, 4),
            (42, 46, 45),
            (42, 43, 46),
            (42, 40, 43),
            (42, 39, 40),
            (26, 22, 23),
            (39, 43, 40),
            (26, 25, 22),
            (26, 43, 42),
            (39, 42, 43),
            (26, 42, 25),
            (26, 29, 46),
            (26, 46, 43),
            (36, 39, 38),
            (36, 38, 35),
            (97, 94, 14),
            (113, 14, 110),
            (5, 25, 22),
            (25, 23, 22),
            (9, 25, 8),
            (5, 8, 25),
            (9, 26, 25),
            (26, 23, 25),
            (18, 38, 21),
            (18, 35, 38),
            (18, 4, 1),
            (18, 21, 4),
            (37, 20, 23),
            (37, 23, 40),
            (37, 40, 39),
            (37, 39, 36),
            (40, 23, 20),
            (36, 39, 40),
            (37, 36, 40),
            (37, 40, 20),
            (39, 35, 38),
            (35, 21, 38),
            (36, 35, 39),
            (35, 18, 21),
            (6, 3, 20),
            (6, 5, 3),
            (5, 2, 3),
            (23, 6, 20),
            (5, 4, 1),
            (4, 21, 1),
            (2, 5, 1),
            (21, 18, 1),
            (41, 27, 24),
            (41, 44, 27),
            (41, 24, 25),
            (41, 25, 42),
            (42, 43, 25),
            (29, 43, 46),
            (43, 45, 46),
            (43, 42, 45),
            (28, 26, 29),
            (26, 43, 29),
            (28, 25, 26),
            (43, 26, 25),
            (41, 42, 24),
            (28, 27, 24),
            (27, 44, 24),
            (28, 24, 25),
            (24, 42, 25),
            (44, 41, 24),
            (24, 25, 7),
            (24, 27, 25),
            (25, 8, 7),
            (27, 28, 25),
            (26, 8, 25),
            (29, 26, 25),
            (26, 9, 8),
            (28, 29, 25)
            ]
        }
    }
    def Scope "Frames"
    {
        def Xform "fundus"
        {
            custom string drAnmar:role = "gallbladder_fundus"
            double3 xformOp:translate = (0, -0.038, 0)
            quatf xformOp:orient = (1, 0, 0, 0)
            uniform token[] xformOpOrder = ["xformOp:translate", "xformOp:orient"]
        }
        def Xform "cystic_pedicle"
        {
            custom string drAnmar:role = "cystic_duct_and_artery_target"
            double3 xformOp:translate = (0, 0.043, 0)
            quatf xformOp:orient = (1, 0, 0, 0)
            uniform token[] xformOpOrder = ["xformOp:translate", "xformOp:orient"]
        }
    }
}
