#usda 1.0
(
    defaultPrim = "DrAnmarSmallBowel"
    doc = "Small Bowel: modular component of the DrAnmar dynamic abdominal research patient."
    kilogramsPerUnit = 1
    metersPerUnit = 1
    upAxis = "Z"
)

def Xform "DrAnmarSmallBowel" (
    assetInfo = {
        string name = "DrAnmarSmallBowel"
        string version = "0.1.0"
    }
    kind = "component"
)
{
    custom string drAnmar:assetId = "dranmar-dynamic-abdominal-patient-v1:small_bowel"
    custom string drAnmar:category = "organ"
    custom string drAnmar:mechanics = "segmented_surface_deformable"
    custom float drAnmar:densityKgM3 = 1035
    custom float drAnmar:massKg = 0.75
    custom float drAnmar:youngsModulusPa = 28000
    custom float drAnmar:poissonsRatio = 0.47
    custom float drAnmar:damping = 0.22
    custom float drAnmar:perfusionFraction = 0.15
    custom vector3f drAnmar:respirationCoupling = (0, 0.001, 0.005)
    custom float drAnmar:pulsationFraction = 0
    custom bool drAnmar:clinicalValidation = false
    def Scope "Looks"
    {
        def Material "SmallBowel"
        {
            def Shader "PreviewSurface"
            {
                uniform token info:id = "UsdPreviewSurface"
                color3f inputs:diffuseColor = (0.83, 0.44, 0.39)
                float inputs:metallic = 0
                float inputs:roughness = 0.53
                float inputs:opacity = 1
                token outputs:surface
            }
            token outputs:surface.connect = </DrAnmarSmallBowel/Looks/SmallBowel/PreviewSurface.outputs:surface>
        }
    }
    def Xform "Geometry"
    {
        def Mesh "Visual" (
            prepend apiSchemas = ["MaterialBindingAPI"]
        )
        {
            rel material:binding = </DrAnmarSmallBowel/Looks/SmallBowel>
            custom token[] drAnmar:labels = ["small_bowel", "hollow_organ", "digestive"]
            uniform bool doubleSided = false
            float3[] extent = [(-0.08901044762, -0.1004350095, -0.04733341758), (0.08908455837, 0.04048723752, -0.01263596036)]
            int[] faceVertexCounts = [3, 3, 3, 3, 3, 3, 3, 3, 3, 3, 3, 3, 3, 3, 3, 3, 3, 3, 3, 3, 3, 3, 3, 3, 3, 3, 3, 3, 3, 3, 3, 3, 3, 3, 3, 3, 3, 3, 3, 3, 3, 3, 3, 3, 3, 3, 3, 3, 3, 3, 3, 3, 3, 3, 3, 3, 3, 3, 3, 3, 3, 3, 3, 3, 3, 3, 3, 3, 3, 3, 3, 3, 3, 3, 3, 3, 3, 3, 3, 3, 3, 3, 3, 3, 3, 3, 3, 3, 3, 3, 3, 3, 3, 3, 3, 3, 3, 3, 3, 3, 3, 3, 3, 3, 3, 3, 3, 3, 3, 3, 3, 3, 3, 3, 3, 3, 3, 3, 3, 3, 3, 3, 3, 3, 3, 3, 3, 3, 3, 3, 3, 3, 3, 3, 3, 3, 3, 3, 3, 3, 3, 3, 3, 3, 3, 3, 3, 3, 3, 3, 3, 3, 3, 3, 3, 3, 3, 3, 3, 3, 3, 3, 3, 3, 3, 3, 3, 3, 3, 3, 3, 3, 3, 3, 3, 3, 3, 3, 3, 3, 3, 3, 3, 3, 3, 3, 3, 3, 3, 3, 3, 3, 3, 3, 3, 3, 3, 3, 3, 3, 3, 3, 3, 3, 3, 3, 3, 3, 3, 3, 3, 3, 3, 3, 3, 3, 3, 3, 3, 3, 3, 3, 3, 3, 3, 3, 3, 3, 3, 3, 3, 3, 3, 3, 3, 3, 3, 3, 3, 3, 3, 3, 3, 3, 3, 3, 3, 3, 3, 3, 3, 3, 3, 3, 3, 3, 3, 3, 3, 3, 3, 3, 3, 3, 3, 3, 3, 3, 3, 3, 3, 3, 3, 3, 3, 3, 3, 3, 3, 3, 3, 3, 3, 3, 3, 3, 3, 3, 3, 3, 3, 3, 3, 3, 3, 3, 3, 3, 3, 3, 3, 3, 3, 3, 3, 3, 3, 3, 3, 3, 3, 3, 3, 3, 3, 3, 3, 3, 3, 3, 3, 3, 3, 3, 3, 3, 3, 3, 3, 3, 3, 3, 3, 3, 3, 3, 3, 3, 3, 3, 3, 3, 3, 3, 3, 3, 3, 3, 3, 3, 3, 3, 3, 3, 3, 3, 3, 3, 3, 3, 3, 3, 3, 3, 3, 3, 3, 3, 3, 3, 3, 3, 3, 3, 3, 3, 3, 3, 3, 3, 3, 3, 3, 3, 3, 3, 3, 3, 3, 3, 3, 3, 3, 3, 3, 3, 3, 3, 3, 3, 3, 3, 3, 3, 3, 3, 3, 3, 3, 3, 3, 3, 3, 3, 3, 3, 3, 3, 3, 3, 3, 3, 3, 3, 3, 3, 3, 3, 3, 3, 3, 3, 3, 3, 3, 3, 3, 3, 3, 3, 3, 3, 3, 3, 3, 3, 3, 3, 3, 3, 3, 3, 3, 3, 3, 3, 3, 3, 3, 3, 3, 3, 3, 3, 3, 3, 3, 3, 3, 3, 3, 3, 3, 3, 3, 3, 3, 3, 3, 3, 3, 3, 3, 3, 3, 3, 3, 3, 3, 3, 3, 3, 3, 3, 3, 3, 3, 3, 3, 3, 3, 3, 3, 3, 3, 3, 3, 3, 3, 3, 3, 3, 3, 3, 3, 3, 3, 3, 3, 3, 3, 3, 3, 3, 3, 3, 3, 3, 3, 3, 3, 3, 3, 3, 3, 3, 3, 3, 3, 3, 3, 3, 3, 3, 3, 3, 3, 3, 3, 3, 3, 3, 3, 3, 3, 3, 3, 3, 3, 3, 3, 3, 3, 3, 3, 3, 3, 3, 3, 3, 3, 3, 3, 3, 3, 3, 3, 3, 3, 3, 3, 3, 3, 3, 3, 3, 3, 3, 3, 3, 3, 3, 3, 3, 3, 3, 3, 3, 3, 3, 3, 3, 3, 3, 3, 3, 3, 3, 3, 3, 3, 3, 3, 3, 3, 3, 3, 3, 3, 3, 3, 3, 3, 3, 3, 3, 3, 3, 3, 3, 3, 3, 3, 3, 3, 3, 3, 3, 3, 3, 3, 3, 3, 3, 3, 3, 3, 3, 3, 3, 3, 3, 3, 3, 3, 3, 3, 3, 3, 3, 3, 3, 3, 3, 3, 3, 3, 3, 3, 3, 3, 3, 3, 3, 3, 3, 3, 3, 3, 3, 3, 3, 3, 3, 3, 3, 3, 3, 3, 3, 3, 3, 3, 3, 3, 3, 3, 3, 3, 3, 3, 3, 3, 3, 3, 3, 3, 3, 3, 3, 3, 3, 3, 3, 3, 3, 3, 3, 3, 3, 3, 3, 3, 3, 3, 3, 3, 3, 3, 3, 3, 3, 3, 3, 3, 3, 3, 3, 3, 3, 3, 3, 3, 3, 3, 3, 3, 3, 3, 3, 3, 3, 3, 3, 3, 3, 3, 3, 3, 3, 3, 3, 3, 3, 3, 3, 3, 3, 3, 3, 3, 3, 3, 3, 3, 3, 3, 3, 3, 3, 3, 3, 3, 3, 3, 3, 3, 3, 3, 3, 3, 3, 3, 3, 3, 3, 3, 3, 3, 3, 3, 3, 3, 3, 3, 3, 3, 3, 3, 3, 3, 3, 3, 3, 3, 3, 3, 3, 3, 3, 3, 3, 3, 3, 3, 3, 3, 3, 3, 3, 3, 3, 3, 3, 3, 3, 3, 3, 3, 3, 3, 3, 3, 3, 3, 3, 3, 3, 3, 3, 3, 3, 3, 3, 3, 3, 3, 3, 3, 3, 3, 3, 3, 3, 3, 3, 3, 3, 3, 3, 3, 3, 3, 3, 3, 3, 3, 3, 3, 3, 3, 3, 3, 3, 3, 3, 3, 3, 3, 3, 3, 3, 3, 3, 3, 3, 3, 3, 3, 3, 3, 3, 3, 3, 3, 3, 3, 3, 3, 3, 3, 3, 3, 3, 3, 3, 3, 3, 3, 3, 3, 3, 3, 3, 3, 3, 3, 3, 3, 3, 3, 3, 3, 3, 3, 3, 3, 3, 3, 3, 3, 3, 3, 3, 3, 3, 3, 3, 3, 3, 3, 3, 3, 3, 3, 3, 3, 3, 3, 3, 3, 3, 3, 3, 3, 3, 3, 3, 3, 3, 3, 3, 3, 3, 3, 3, 3, 3, 3, 3, 3, 3, 3, 3, 3, 3, 3, 3, 3, 3, 3, 3, 3, 3, 3, 3, 3, 3, 3, 3, 3, 3, 3, 3, 3, 3, 3, 3, 3, 3, 3, 3, 3, 3, 3, 3, 3, 3, 3, 3, 3, 3, 3, 3, 3, 3, 3, 3, 3, 3, 3, 3, 3, 3, 3, 3, 3, 3, 3, 3, 3, 3, 3, 3, 3, 3, 3, 3, 3, 3, 3, 3, 3, 3, 3, 3, 3, 3, 3, 3, 3, 3, 3, 3, 3, 3, 3, 3, 3, 3, 3, 3, 3, 3, 3, 3, 3, 3, 3, 3, 3, 3, 3, 3, 3, 3, 3, 3, 3, 3, 3, 3, 3, 3, 3, 3, 3, 3, 3, 3, 3, 3, 3, 3, 3, 3, 3, 3, 3, 3, 3, 3, 3, 3, 3, 3, 3, 3, 3, 3, 3, 3, 3, 3, 3, 3, 3, 3, 3, 3, 3, 3, 3, 3, 3, 3, 3, 3, 3, 3, 3, 3, 3, 3, 3, 3, 3, 3, 3, 3, 3, 3, 3, 3, 3, 3, 3, 3, 3, 3, 3, 3, 3, 3, 3, 3, 3, 3, 3, 3, 3, 3, 3, 3, 3, 3, 3, 3, 3, 3, 3, 3, 3, 3, 3, 3, 3, 3, 3, 3, 3, 3, 3, 3, 3, 3, 3, 3, 3, 3, 3, 3, 3, 3, 3, 3, 3, 3, 3, 3, 3, 3, 3, 3, 3, 3, 3, 3, 3, 3, 3, 3, 3, 3, 3, 3, 3, 3, 3, 3, 3, 3, 3, 3, 3, 3, 3, 3, 3, 3, 3, 3, 3, 3, 3, 3, 3, 3, 3, 3, 3, 3, 3, 3, 3, 3, 3, 3, 3, 3, 3, 3, 3, 3, 3, 3, 3, 3, 3, 3, 3, 3, 3, 3, 3, 3, 3, 3, 3, 3, 3, 3, 3, 3, 3, 3, 3, 3, 3, 3, 3, 3, 3, 3, 3, 3, 3, 3, 3, 3, 3, 3, 3, 3, 3, 3, 3, 3, 3, 3, 3, 3, 3, 3, 3, 3, 3, 3, 3, 3, 3, 3, 3, 3, 3, 3, 3, 3, 3, 3, 3, 3, 3, 3, 3, 3, 3, 3, 3, 3, 3, 3, 3, 3, 3, 3, 3, 3, 3, 3, 3, 3, 3, 3, 3, 3, 3, 3, 3, 3, 3, 3, 3, 3, 3, 3, 3, 3, 3, 3, 3, 3, 3, 3, 3, 3, 3, 3, 3, 3, 3, 3, 3, 3, 3, 3, 3, 3, 3, 3, 3, 3, 3, 3, 3, 3, 3, 3, 3, 3, 3, 3, 3, 3, 3, 3, 3, 3, 3, 3, 3, 3, 3, 3, 3, 3, 3, 3, 3, 3, 3, 3, 3, 3, 3, 3, 3, 3, 3, 3, 3, 3, 3, 3, 3, 3, 3, 3, 3, 3, 3, 3, 3, 3, 3, 3, 3, 3, 3, 3, 3, 3, 3, 3, 3, 3, 3, 3, 3, 3, 3, 3, 3, 3, 3, 3, 3, 3, 3, 3, 3, 3, 3, 3, 3, 3, 3, 3, 3, 3, 3, 3, 3, 3, 3, 3, 3, 3, 3, 3, 3, 3, 3, 3, 3, 3, 3, 3, 3, 3, 3, 3, 3, 3, 3, 3, 3, 3, 3, 3, 3, 3, 3, 3, 3, 3, 3, 3, 3, 3, 3, 3, 3, 3, 3, 3, 3, 3, 3, 3, 3, 3, 3, 3, 3, 3, 3, 3, 3, 3, 3, 3, 3, 3, 3, 3, 3, 3, 3, 3, 3, 3, 3, 3, 3, 3, 3, 3, 3, 3, 3, 3, 3, 3, 3, 3, 3, 3, 3, 3, 3, 3, 3, 3, 3, 3, 3, 3, 3, 3, 3, 3, 3, 3, 3, 3, 3, 3, 3, 3, 3, 3, 3, 3, 3, 3, 3, 3, 3, 3, 3, 3, 3, 3, 3, 3, 3, 3, 3, 3, 3, 3, 3, 3, 3, 3, 3, 3, 3, 3, 3, 3, 3, 3, 3, 3, 3, 3, 3, 3, 3, 3, 3, 3, 3, 3, 3, 3, 3, 3, 3, 3, 3, 3, 3, 3, 3, 3, 3, 3, 3, 3, 3, 3, 3, 3, 3, 3, 3, 3, 3, 3, 3, 3, 3, 3, 3, 3, 3, 3, 3, 3, 3, 3, 3, 3, 3, 3, 3, 3, 3, 3, 3, 3, 3, 3, 3, 3, 3, 3, 3, 3, 3, 3, 3, 3, 3, 3, 3, 3, 3, 3, 3, 3, 3, 3, 3, 3, 3, 3, 3, 3, 3, 3, 3, 3, 3, 3, 3, 3, 3, 3, 3, 3, 3, 3, 3, 3, 3, 3, 3, 3, 3, 3, 3, 3, 3, 3, 3, 3, 3, 3, 3, 3, 3, 3, 3, 3, 3, 3, 3, 3, 3, 3, 3, 3, 3, 3, 3, 3, 3, 3, 3, 3, 3, 3, 3, 3, 3, 3, 3, 3, 3, 3, 3, 3, 3, 3, 3, 3, 3, 3, 3, 3, 3, 3, 3, 3, 3, 3, 3, 3, 3, 3, 3, 3, 3, 3, 3, 3, 3, 3, 3, 3, 3, 3, 3, 3, 3, 3, 3, 3, 3, 3, 3, 3, 3, 3, 3, 3, 3, 3, 3, 3, 3, 3, 3, 3, 3, 3, 3, 3, 3, 3, 3, 3, 3, 3, 3, 3, 3, 3, 3, 3, 3, 3, 3, 3]
            int[] faceVertexIndices = [0, 1, 15, 0, 15, 14, 1, 2, 16, 1, 16, 15, 2, 3, 17, 2, 17, 16, 3, 4, 18, 3, 18, 17, 4, 5, 19, 4, 19, 18, 5, 6, 20, 5, 20, 19, 6, 7, 21, 6, 21, 20, 7, 8, 22, 7, 22, 21, 8, 9, 23, 8, 23, 22, 9, 10, 24, 9, 24, 23, 10, 11, 25, 10, 25, 24, 11, 12, 26, 11, 26, 25, 12, 13, 27, 12, 27, 26, 13, 0, 14, 13, 14, 27, 14, 15, 29, 14, 29, 28, 15, 16, 30, 15, 30, 29, 16, 17, 31, 16, 31, 30, 17, 18, 32, 17, 32, 31, 18, 19, 33, 18, 33, 32, 19, 20, 34, 19, 34, 33, 20, 21, 35, 20, 35, 34, 21, 22, 36, 21, 36, 35, 22, 23, 37, 22, 37, 36, 23, 24, 38, 23, 38, 37, 24, 25, 39, 24, 39, 38, 25, 26, 40, 25, 40, 39, 26, 27, 41, 26, 41, 40, 27, 14, 28, 27, 28, 41, 28, 29, 43, 28, 43, 42, 29, 30, 44, 29, 44, 43, 30, 31, 45, 30, 45, 44, 31, 32, 46, 31, 46, 45, 32, 33, 47, 32, 47, 46, 33, 34, 48, 33, 48, 47, 34, 35, 49, 34, 49, 48, 35, 36, 50, 35, 50, 49, 36, 37, 51, 36, 51, 50, 37, 38, 52, 37, 52, 51, 38, 39, 53, 38, 53, 52, 39, 40, 54, 39, 54, 53, 40, 41, 55, 40, 55, 54, 41, 28, 42, 41, 42, 55, 42, 43, 57, 42, 57, 56, 43, 44, 58, 43, 58, 57, 44, 45, 59, 44, 59, 58, 45, 46, 60, 45, 60, 59, 46, 47, 61, 46, 61, 60, 47, 48, 62, 47, 62, 61, 48, 49, 63, 48, 63, 62, 49, 50, 64, 49, 64, 63, 50, 51, 65, 50, 65, 64, 51, 52, 66, 51, 66, 65, 52, 53, 67, 52, 67, 66, 53, 54, 68, 53, 68, 67, 54, 55, 69, 54, 69, 68, 55, 42, 56, 55, 56, 69, 56, 57, 71, 56, 71, 70, 57, 58, 72, 57, 72, 71, 58, 59, 73, 58, 73, 72, 59, 60, 74, 59, 74, 73, 60, 61, 75, 60, 75, 74, 61, 62, 76, 61, 76, 75, 62, 63, 77, 62, 77, 76, 63, 64, 78, 63, 78, 77, 64, 65, 79, 64, 79, 78, 65, 66, 80, 65, 80, 79, 66, 67, 81, 66, 81, 80, 67, 68, 82, 67, 82, 81, 68, 69, 83, 68, 83, 82, 69, 56, 70, 69, 70, 83, 70, 71, 85, 70, 85, 84, 71, 72, 86, 71, 86, 85, 72, 73, 87, 72, 87, 86, 73, 74, 88, 73, 88, 87, 74, 75, 89, 74, 89, 88, 75, 76, 90, 75, 90, 89, 76, 77, 91, 76, 91, 90, 77, 78, 92, 77, 92, 91, 78, 79, 93, 78, 93, 92, 79, 80, 94, 79, 94, 93, 80, 81, 95, 80, 95, 94, 81, 82, 96, 81, 96, 95, 82, 83, 97, 82, 97, 96, 83, 70, 84, 83, 84, 97, 84, 85, 99, 84, 99, 98, 85, 86, 100, 85, 100, 99, 86, 87, 101, 86, 101, 100, 87, 88, 102, 87, 102, 101, 88, 89, 103, 88, 103, 102, 89, 90, 104, 89, 104, 103, 90, 91, 105, 90, 105, 104, 91, 92, 106, 91, 106, 105, 92, 93, 107, 92, 107, 106, 93, 94, 108, 93, 108, 107, 94, 95, 109, 94, 109, 108, 95, 96, 110, 95, 110, 109, 96, 97, 111, 96, 111, 110, 97, 84, 98, 97, 98, 111, 98, 99, 113, 98, 113, 112, 99, 100, 114, 99, 114, 113, 100, 101, 115, 100, 115, 114, 101, 102, 116, 101, 116, 115, 102, 103, 117, 102, 117, 116, 103, 104, 118, 103, 118, 117, 104, 105, 119, 104, 119, 118, 105, 106, 120, 105, 120, 119, 106, 107, 121, 106, 121, 120, 107, 108, 122, 107, 122, 121, 108, 109, 123, 108, 123, 122, 109, 110, 124, 109, 124, 123, 110, 111, 125, 110, 125, 124, 111, 98, 112, 111, 112, 125, 112, 113, 127, 112, 127, 126, 113, 114, 128, 113, 128, 127, 114, 115, 129, 114, 129, 128, 115, 116, 130, 115, 130, 129, 116, 117, 131, 116, 131, 130, 117, 118, 132, 117, 132, 131, 118, 119, 133, 118, 133, 132, 119, 120, 134, 119, 134, 133, 120, 121, 135, 120, 135, 134, 121, 122, 136, 121, 136, 135, 122, 123, 137, 122, 137, 136, 123, 124, 138, 123, 138, 137, 124, 125, 139, 124, 139, 138, 125, 112, 126, 125, 126, 139, 126, 127, 141, 126, 141, 140, 127, 128, 142, 127, 142, 141, 128, 129, 143, 128, 143, 142, 129, 130, 144, 129, 144, 143, 130, 131, 145, 130, 145, 144, 131, 132, 146, 131, 146, 145, 132, 133, 147, 132, 147, 146, 133, 134, 148, 133, 148, 147, 134, 135, 149, 134, 149, 148, 135, 136, 150, 135, 150, 149, 136, 137, 151, 136, 151, 150, 137, 138, 152, 137, 152, 151, 138, 139, 153, 138, 153, 152, 139, 126, 140, 139, 140, 153, 154, 1, 0, 155, 140, 141, 154, 2, 1, 155, 141, 142, 154, 3, 2, 155, 142, 143, 154, 4, 3, 155, 143, 144, 154, 5, 4, 155, 144, 145, 154, 6, 5, 155, 145, 146, 154, 7, 6, 155, 146, 147, 154, 8, 7, 155, 147, 148, 154, 9, 8, 155, 148, 149, 154, 10, 9, 155, 149, 150, 154, 11, 10, 155, 150, 151, 154, 12, 11, 155, 151, 152, 154, 13, 12, 155, 152, 153, 154, 0, 13, 155, 153, 140, 156, 157, 171, 156, 171, 170, 157, 158, 172, 157, 172, 171, 158, 159, 173, 158, 173, 172, 159, 160, 174, 159, 174, 173, 160, 161, 175, 160, 175, 174, 161, 162, 176, 161, 176, 175, 162, 163, 177, 162, 177, 176, 163, 164, 178, 163, 178, 177, 164, 165, 179, 164, 179, 178, 165, 166, 180, 165, 180, 179, 166, 167, 181, 166, 181, 180, 167, 168, 182, 167, 182, 181, 168, 169, 183, 168, 183, 182, 169, 156, 170, 169, 170, 183, 170, 171, 185, 170, 185, 184, 171, 172, 186, 171, 186, 185, 172, 173, 187, 172, 187, 186, 173, 174, 188, 173, 188, 187, 174, 175, 189, 174, 189, 188, 175, 176, 190, 175, 190, 189, 176, 177, 191, 176, 191, 190, 177, 178, 192, 177, 192, 191, 178, 179, 193, 178, 193, 192, 179, 180, 194, 179, 194, 193, 180, 181, 195, 180, 195, 194, 181, 182, 196, 181, 196, 195, 182, 183, 197, 182, 197, 196, 183, 170, 184, 183, 184, 197, 184, 185, 199, 184, 199, 198, 185, 186, 200, 185, 200, 199, 186, 187, 201, 186, 201, 200, 187, 188, 202, 187, 202, 201, 188, 189, 203, 188, 203, 202, 189, 190, 204, 189, 204, 203, 190, 191, 205, 190, 205, 204, 191, 192, 206, 191, 206, 205, 192, 193, 207, 192, 207, 206, 193, 194, 208, 193, 208, 207, 194, 195, 209, 194, 209, 208, 195, 196, 210, 195, 210, 209, 196, 197, 211, 196, 211, 210, 197, 184, 198, 197, 198, 211, 198, 199, 213, 198, 213, 212, 199, 200, 214, 199, 214, 213, 200, 201, 215, 200, 215, 214, 201, 202, 216, 201, 216, 215, 202, 203, 217, 202, 217, 216, 203, 204, 218, 203, 218, 217, 204, 205, 219, 204, 219, 218, 205, 206, 220, 205, 220, 219, 206, 207, 221, 206, 221, 220, 207, 208, 222, 207, 222, 221, 208, 209, 223, 208, 223, 222, 209, 210, 224, 209, 224, 223, 210, 211, 225, 210, 225, 224, 211, 198, 212, 211, 212, 225, 212, 213, 227, 212, 227, 226, 213, 214, 228, 213, 228, 227, 214, 215, 229, 214, 229, 228, 215, 216, 230, 215, 230, 229, 216, 217, 231, 216, 231, 230, 217, 218, 232, 217, 232, 231, 218, 219, 233, 218, 233, 232, 219, 220, 234, 219, 234, 233, 220, 221, 235, 220, 235, 234, 221, 222, 236, 221, 236, 235, 222, 223, 237, 222, 237, 236, 223, 224, 238, 223, 238, 237, 224, 225, 239, 224, 239, 238, 225, 212, 226, 225, 226, 239, 226, 227, 241, 226, 241, 240, 227, 228, 242, 227, 242, 241, 228, 229, 243, 228, 243, 242, 229, 230, 244, 229, 244, 243, 230, 231, 245, 230, 245, 244, 231, 232, 246, 231, 246, 245, 232, 233, 247, 232, 247, 246, 233, 234, 248, 233, 248, 247, 234, 235, 249, 234, 249, 248, 235, 236, 250, 235, 250, 249, 236, 237, 251, 236, 251, 250, 237, 238, 252, 237, 252, 251, 238, 239, 253, 238, 253, 252, 239, 226, 240, 239, 240, 253, 240, 241, 255, 240, 255, 254, 241, 242, 256, 241, 256, 255, 242, 243, 257, 242, 257, 256, 243, 244, 258, 243, 258, 257, 244, 245, 259, 244, 259, 258, 245, 246, 260, 245, 260, 259, 246, 247, 261, 246, 261, 260, 247, 248, 262, 247, 262, 261, 248, 249, 263, 248, 263, 262, 249, 250, 264, 249, 264, 263, 250, 251, 265, 250, 265, 264, 251, 252, 266, 251, 266, 265, 252, 253, 267, 252, 267, 266, 253, 240, 254, 253, 254, 267, 254, 255, 269, 254, 269, 268, 255, 256, 270, 255, 270, 269, 256, 257, 271, 256, 271, 270, 257, 258, 272, 257, 272, 271, 258, 259, 273, 258, 273, 272, 259, 260, 274, 259, 274, 273, 260, 261, 275, 260, 275, 274, 261, 262, 276, 261, 276, 275, 262, 263, 277, 262, 277, 276, 263, 264, 278, 263, 278, 277, 264, 265, 279, 264, 279, 278, 265, 266, 280, 265, 280, 279, 266, 267, 281, 266, 281, 280, 267, 254, 268, 267, 268, 281, 268, 269, 283, 268, 283, 282, 269, 270, 284, 269, 284, 283, 270, 271, 285, 270, 285, 284, 271, 272, 286, 271, 286, 285, 272, 273, 287, 272, 287, 286, 273, 274, 288, 273, 288, 287, 274, 275, 289, 274, 289, 288, 275, 276, 290, 275, 290, 289, 276, 277, 291, 276, 291, 290, 277, 278, 292, 277, 292, 291, 278, 279, 293, 278, 293, 292, 279, 280, 294, 279, 294, 293, 280, 281, 295, 280, 295, 294, 281, 268, 282, 281, 282, 295, 282, 283, 297, 282, 297, 296, 283, 284, 298, 283, 298, 297, 284, 285, 299, 284, 299, 298, 285, 286, 300, 285, 300, 299, 286, 287, 301, 286, 301, 300, 287, 288, 302, 287, 302, 301, 288, 289, 303, 288, 303, 302, 289, 290, 304, 289, 304, 303, 290, 291, 305, 290, 305, 304, 291, 292, 306, 291, 306, 305, 292, 293, 307, 292, 307, 306, 293, 294, 308, 293, 308, 307, 294, 295, 309, 294, 309, 308, 295, 282, 296, 295, 296, 309, 310, 157, 156, 311, 296, 297, 310, 158, 157, 311, 297, 298, 310, 159, 158, 311, 298, 299, 310, 160, 159, 311, 299, 300, 310, 161, 160, 311, 300, 301, 310, 162, 161, 311, 301, 302, 310, 163, 162, 311, 302, 303, 310, 164, 163, 311, 303, 304, 310, 165, 164, 311, 304, 305, 310, 166, 165, 311, 305, 306, 310, 167, 166, 311, 306, 307, 310, 168, 167, 311, 307, 308, 310, 169, 168, 311, 308, 309, 310, 156, 169, 311, 309, 296, 312, 313, 327, 312, 327, 326, 313, 314, 328, 313, 328, 327, 314, 315, 329, 314, 329, 328, 315, 316, 330, 315, 330, 329, 316, 317, 331, 316, 331, 330, 317, 318, 332, 317, 332, 331, 318, 319, 333, 318, 333, 332, 319, 320, 334, 319, 334, 333, 320, 321, 335, 320, 335, 334, 321, 322, 336, 321, 336, 335, 322, 323, 337, 322, 337, 336, 323, 324, 338, 323, 338, 337, 324, 325, 339, 324, 339, 338, 325, 312, 326, 325, 326, 339, 326, 327, 341, 326, 341, 340, 327, 328, 342, 327, 342, 341, 328, 329, 343, 328, 343, 342, 329, 330, 344, 329, 344, 343, 330, 331, 345, 330, 345, 344, 331, 332, 346, 331, 346, 345, 332, 333, 347, 332, 347, 346, 333, 334, 348, 333, 348, 347, 334, 335, 349, 334, 349, 348, 335, 336, 350, 335, 350, 349, 336, 337, 351, 336, 351, 350, 337, 338, 352, 337, 352, 351, 338, 339, 353, 338, 353, 352, 339, 326, 340, 339, 340, 353, 340, 341, 355, 340, 355, 354, 341, 342, 356, 341, 356, 355, 342, 343, 357, 342, 357, 356, 343, 344, 358, 343, 358, 357, 344, 345, 359, 344, 359, 358, 345, 346, 360, 345, 360, 359, 346, 347, 361, 346, 361, 360, 347, 348, 362, 347, 362, 361, 348, 349, 363, 348, 363, 362, 349, 350, 364, 349, 364, 363, 350, 351, 365, 350, 365, 364, 351, 352, 366, 351, 366, 365, 352, 353, 367, 352, 367, 366, 353, 340, 354, 353, 354, 367, 354, 355, 369, 354, 369, 368, 355, 356, 370, 355, 370, 369, 356, 357, 371, 356, 371, 370, 357, 358, 372, 357, 372, 371, 358, 359, 373, 358, 373, 372, 359, 360, 374, 359, 374, 373, 360, 361, 375, 360, 375, 374, 361, 362, 376, 361, 376, 375, 362, 363, 377, 362, 377, 376, 363, 364, 378, 363, 378, 377, 364, 365, 379, 364, 379, 378, 365, 366, 380, 365, 380, 379, 366, 367, 381, 366, 381, 380, 367, 354, 368, 367, 368, 381, 368, 369, 383, 368, 383, 382, 369, 370, 384, 369, 384, 383, 370, 371, 385, 370, 385, 384, 371, 372, 386, 371, 386, 385, 372, 373, 387, 372, 387, 386, 373, 374, 388, 373, 388, 387, 374, 375, 389, 374, 389, 388, 375, 376, 390, 375, 390, 389, 376, 377, 391, 376, 391, 390, 377, 378, 392, 377, 392, 391, 378, 379, 393, 378, 393, 392, 379, 380, 394, 379, 394, 393, 380, 381, 395, 380, 395, 394, 381, 368, 382, 381, 382, 395, 382, 383, 397, 382, 397, 396, 383, 384, 398, 383, 398, 397, 384, 385, 399, 384, 399, 398, 385, 386, 400, 385, 400, 399, 386, 387, 401, 386, 401, 400, 387, 388, 402, 387, 402, 401, 388, 389, 403, 388, 403, 402, 389, 390, 404, 389, 404, 403, 390, 391, 405, 390, 405, 404, 391, 392, 406, 391, 406, 405, 392, 393, 407, 392, 407, 406, 393, 394, 408, 393, 408, 407, 394, 395, 409, 394, 409, 408, 395, 382, 396, 395, 396, 409, 396, 397, 411, 396, 411, 410, 397, 398, 412, 397, 412, 411, 398, 399, 413, 398, 413, 412, 399, 400, 414, 399, 414, 413, 400, 401, 415, 400, 415, 414, 401, 402, 416, 401, 416, 415, 402, 403, 417, 402, 417, 416, 403, 404, 418, 403, 418, 417, 404, 405, 419, 404, 419, 418, 405, 406, 420, 405, 420, 419, 406, 407, 421, 406, 421, 420, 407, 408, 422, 407, 422, 421, 408, 409, 423, 408, 423, 422, 409, 396, 410, 409, 410, 423, 410, 411, 425, 410, 425, 424, 411, 412, 426, 411, 426, 425, 412, 413, 427, 412, 427, 426, 413, 414, 428, 413, 428, 427, 414, 415, 429, 414, 429, 428, 415, 416, 430, 415, 430, 429, 416, 417, 431, 416, 431, 430, 417, 418, 432, 417, 432, 431, 418, 419, 433, 418, 433, 432, 419, 420, 434, 419, 434, 433, 420, 421, 435, 420, 435, 434, 421, 422, 436, 421, 436, 435, 422, 423, 437, 422, 437, 436, 423, 410, 424, 423, 424, 437, 424, 425, 439, 424, 439, 438, 425, 426, 440, 425, 440, 439, 426, 427, 441, 426, 441, 440, 427, 428, 442, 427, 442, 441, 428, 429, 443, 428, 443, 442, 429, 430, 444, 429, 444, 443, 430, 431, 445, 430, 445, 444, 431, 432, 446, 431, 446, 445, 432, 433, 447, 432, 447, 446, 433, 434, 448, 433, 448, 447, 434, 435, 449, 434, 449, 448, 435, 436, 450, 435, 450, 449, 436, 437, 451, 436, 451, 450, 437, 424, 438, 437, 438, 451, 438, 439, 453, 438, 453, 452, 439, 440, 454, 439, 454, 453, 440, 441, 455, 440, 455, 454, 441, 442, 456, 441, 456, 455, 442, 443, 457, 442, 457, 456, 443, 444, 458, 443, 458, 457, 444, 445, 459, 444, 459, 458, 445, 446, 460, 445, 460, 459, 446, 447, 461, 446, 461, 460, 447, 448, 462, 447, 462, 461, 448, 449, 463, 448, 463, 462, 449, 450, 464, 449, 464, 463, 450, 451, 465, 450, 465, 464, 451, 438, 452, 451, 452, 465, 466, 313, 312, 467, 452, 453, 466, 314, 313, 467, 453, 454, 466, 315, 314, 467, 454, 455, 466, 316, 315, 467, 455, 456, 466, 317, 316, 467, 456, 457, 466, 318, 317, 467, 457, 458, 466, 319, 318, 467, 458, 459, 466, 320, 319, 467, 459, 460, 466, 321, 320, 467, 460, 461, 466, 322, 321, 467, 461, 462, 466, 323, 322, 467, 462, 463, 466, 324, 323, 467, 463, 464, 466, 325, 324, 467, 464, 465, 466, 312, 325, 467, 465, 452, 468, 469, 483, 468, 483, 482, 469, 470, 484, 469, 484, 483, 470, 471, 485, 470, 485, 484, 471, 472, 486, 471, 486, 485, 472, 473, 487, 472, 487, 486, 473, 474, 488, 473, 488, 487, 474, 475, 489, 474, 489, 488, 475, 476, 490, 475, 490, 489, 476, 477, 491, 476, 491, 490, 477, 478, 492, 477, 492, 491, 478, 479, 493, 478, 493, 492, 479, 480, 494, 479, 494, 493, 480, 481, 495, 480, 495, 494, 481, 468, 482, 481, 482, 495, 482, 483, 497, 482, 497, 496, 483, 484, 498, 483, 498, 497, 484, 485, 499, 484, 499, 498, 485, 486, 500, 485, 500, 499, 486, 487, 501, 486, 501, 500, 487, 488, 502, 487, 502, 501, 488, 489, 503, 488, 503, 502, 489, 490, 504, 489, 504, 503, 490, 491, 505, 490, 505, 504, 491, 492, 506, 491, 506, 505, 492, 493, 507, 492, 507, 506, 493, 494, 508, 493, 508, 507, 494, 495, 509, 494, 509, 508, 495, 482, 496, 495, 496, 509, 496, 497, 511, 496, 511, 510, 497, 498, 512, 497, 512, 511, 498, 499, 513, 498, 513, 512, 499, 500, 514, 499, 514, 513, 500, 501, 515, 500, 515, 514, 501, 502, 516, 501, 516, 515, 502, 503, 517, 502, 517, 516, 503, 504, 518, 503, 518, 517, 504, 505, 519, 504, 519, 518, 505, 506, 520, 505, 520, 519, 506, 507, 521, 506, 521, 520, 507, 508, 522, 507, 522, 521, 508, 509, 523, 508, 523, 522, 509, 496, 510, 509, 510, 523, 510, 511, 525, 510, 525, 524, 511, 512, 526, 511, 526, 525, 512, 513, 527, 512, 527, 526, 513, 514, 528, 513, 528, 527, 514, 515, 529, 514, 529, 528, 515, 516, 530, 515, 530, 529, 516, 517, 531, 516, 531, 530, 517, 518, 532, 517, 532, 531, 518, 519, 533, 518, 533, 532, 519, 520, 534, 519, 534, 533, 520, 521, 535, 520, 535, 534, 521, 522, 536, 521, 536, 535, 522, 523, 537, 522, 537, 536, 523, 510, 524, 523, 524, 537, 524, 525, 539, 524, 539, 538, 525, 526, 540, 525, 540, 539, 526, 527, 541, 526, 541, 540, 527, 528, 542, 527, 542, 541, 528, 529, 543, 528, 543, 542, 529, 530, 544, 529, 544, 543, 530, 531, 545, 530, 545, 544, 531, 532, 546, 531, 546, 545, 532, 533, 547, 532, 547, 546, 533, 534, 548, 533, 548, 547, 534, 535, 549, 534, 549, 548, 535, 536, 550, 535, 550, 549, 536, 537, 551, 536, 551, 550, 537, 524, 538, 537, 538, 551, 538, 539, 553, 538, 553, 552, 539, 540, 554, 539, 554, 553, 540, 541, 555, 540, 555, 554, 541, 542, 556, 541, 556, 555, 542, 543, 557, 542, 557, 556, 543, 544, 558, 543, 558, 557, 544, 545, 559, 544, 559, 558, 545, 546, 560, 545, 560, 559, 546, 547, 561, 546, 561, 560, 547, 548, 562, 547, 562, 561, 548, 549, 563, 548, 563, 562, 549, 550, 564, 549, 564, 563, 550, 551, 565, 550, 565, 564, 551, 538, 552, 551, 552, 565, 552, 553, 567, 552, 567, 566, 553, 554, 568, 553, 568, 567, 554, 555, 569, 554, 569, 568, 555, 556, 570, 555, 570, 569, 556, 557, 571, 556, 571, 570, 557, 558, 572, 557, 572, 571, 558, 559, 573, 558, 573, 572, 559, 560, 574, 559, 574, 573, 560, 561, 575, 560, 575, 574, 561, 562, 576, 561, 576, 575, 562, 563, 577, 562, 577, 576, 563, 564, 578, 563, 578, 577, 564, 565, 579, 564, 579, 578, 565, 552, 566, 565, 566, 579, 566, 567, 581, 566, 581, 580, 567, 568, 582, 567, 582, 581, 568, 569, 583, 568, 583, 582, 569, 570, 584, 569, 584, 583, 570, 571, 585, 570, 585, 584, 571, 572, 586, 571, 586, 585, 572, 573, 587, 572, 587, 586, 573, 574, 588, 573, 588, 587, 574, 575, 589, 574, 589, 588, 575, 576, 590, 575, 590, 589, 576, 577, 591, 576, 591, 590, 577, 578, 592, 577, 592, 591, 578, 579, 593, 578, 593, 592, 579, 566, 580, 579, 580, 593, 580, 581, 595, 580, 595, 594, 581, 582, 596, 581, 596, 595, 582, 583, 597, 582, 597, 596, 583, 584, 598, 583, 598, 597, 584, 585, 599, 584, 599, 598, 585, 586, 600, 585, 600, 599, 586, 587, 601, 586, 601, 600, 587, 588, 602, 587, 602, 601, 588, 589, 603, 588, 603, 602, 589, 590, 604, 589, 604, 603, 590, 591, 605, 590, 605, 604, 591, 592, 606, 591, 606, 605, 592, 593, 607, 592, 607, 606, 593, 580, 594, 593, 594, 607, 594, 595, 609, 594, 609, 608, 595, 596, 610, 595, 610, 609, 596, 597, 611, 596, 611, 610, 597, 598, 612, 597, 612, 611, 598, 599, 613, 598, 613, 612, 599, 600, 614, 599, 614, 613, 600, 601, 615, 600, 615, 614, 601, 602, 616, 601, 616, 615, 602, 603, 617, 602, 617, 616, 603, 604, 618, 603, 618, 617, 604, 605, 619, 604, 619, 618, 605, 606, 620, 605, 620, 619, 606, 607, 621, 606, 621, 620, 607, 594, 608, 607, 608, 621, 622, 469, 468, 623, 608, 609, 622, 470, 469, 623, 609, 610, 622, 471, 470, 623, 610, 611, 622, 472, 471, 623, 611, 612, 622, 473, 472, 623, 612, 613, 622, 474, 473, 623, 613, 614, 622, 475, 474, 623, 614, 615, 622, 476, 475, 623, 615, 616, 622, 477, 476, 623, 616, 617, 622, 478, 477, 623, 617, 618, 622, 479, 478, 623, 618, 619, 622, 480, 479, 623, 619, 620, 622, 481, 480, 623, 620, 621, 622, 468, 481, 623, 621, 608, 624, 625, 639, 624, 639, 638, 625, 626, 640, 625, 640, 639, 626, 627, 641, 626, 641, 640, 627, 628, 642, 627, 642, 641, 628, 629, 643, 628, 643, 642, 629, 630, 644, 629, 644, 643, 630, 631, 645, 630, 645, 644, 631, 632, 646, 631, 646, 645, 632, 633, 647, 632, 647, 646, 633, 634, 648, 633, 648, 647, 634, 635, 649, 634, 649, 648, 635, 636, 650, 635, 650, 649, 636, 637, 651, 636, 651, 650, 637, 624, 638, 637, 638, 651, 638, 639, 653, 638, 653, 652, 639, 640, 654, 639, 654, 653, 640, 641, 655, 640, 655, 654, 641, 642, 656, 641, 656, 655, 642, 643, 657, 642, 657, 656, 643, 644, 658, 643, 658, 657, 644, 645, 659, 644, 659, 658, 645, 646, 660, 645, 660, 659, 646, 647, 661, 646, 661, 660, 647, 648, 662, 647, 662, 661, 648, 649, 663, 648, 663, 662, 649, 650, 664, 649, 664, 663, 650, 651, 665, 650, 665, 664, 651, 638, 652, 651, 652, 665, 652, 653, 667, 652, 667, 666, 653, 654, 668, 653, 668, 667, 654, 655, 669, 654, 669, 668, 655, 656, 670, 655, 670, 669, 656, 657, 671, 656, 671, 670, 657, 658, 672, 657, 672, 671, 658, 659, 673, 658, 673, 672, 659, 660, 674, 659, 674, 673, 660, 661, 675, 660, 675, 674, 661, 662, 676, 661, 676, 675, 662, 663, 677, 662, 677, 676, 663, 664, 678, 663, 678, 677, 664, 665, 679, 664, 679, 678, 665, 652, 666, 665, 666, 679, 666, 667, 681, 666, 681, 680, 667, 668, 682, 667, 682, 681, 668, 669, 683, 668, 683, 682, 669, 670, 684, 669, 684, 683, 670, 671, 685, 670, 685, 684, 671, 672, 686, 671, 686, 685, 672, 673, 687, 672, 687, 686, 673, 674, 688, 673, 688, 687, 674, 675, 689, 674, 689, 688, 675, 676, 690, 675, 690, 689, 676, 677, 691, 676, 691, 690, 677, 678, 692, 677, 692, 691, 678, 679, 693, 678, 693, 692, 679, 666, 680, 679, 680, 693, 680, 681, 695, 680, 695, 694, 681, 682, 696, 681, 696, 695, 682, 683, 697, 682, 697, 696, 683, 684, 698, 683, 698, 697, 684, 685, 699, 684, 699, 698, 685, 686, 700, 685, 700, 699, 686, 687, 701, 686, 701, 700, 687, 688, 702, 687, 702, 701, 688, 689, 703, 688, 703, 702, 689, 690, 704, 689, 704, 703, 690, 691, 705, 690, 705, 704, 691, 692, 706, 691, 706, 705, 692, 693, 707, 692, 707, 706, 693, 680, 694, 693, 694, 707, 694, 695, 709, 694, 709, 708, 695, 696, 710, 695, 710, 709, 696, 697, 711, 696, 711, 710, 697, 698, 712, 697, 712, 711, 698, 699, 713, 698, 713, 712, 699, 700, 714, 699, 714, 713, 700, 701, 715, 700, 715, 714, 701, 702, 716, 701, 716, 715, 702, 703, 717, 702, 717, 716, 703, 704, 718, 703, 718, 717, 704, 705, 719, 704, 719, 718, 705, 706, 720, 705, 720, 719, 706, 707, 721, 706, 721, 720, 707, 694, 708, 707, 708, 721, 708, 709, 723, 708, 723, 722, 709, 710, 724, 709, 724, 723, 710, 711, 725, 710, 725, 724, 711, 712, 726, 711, 726, 725, 712, 713, 727, 712, 727, 726, 713, 714, 728, 713, 728, 727, 714, 715, 729, 714, 729, 728, 715, 716, 730, 715, 730, 729, 716, 717, 731, 716, 731, 730, 717, 718, 732, 717, 732, 731, 718, 719, 733, 718, 733, 732, 719, 720, 734, 719, 734, 733, 720, 721, 735, 720, 735, 734, 721, 708, 722, 721, 722, 735, 722, 723, 737, 722, 737, 736, 723, 724, 738, 723, 738, 737, 724, 725, 739, 724, 739, 738, 725, 726, 740, 725, 740, 739, 726, 727, 741, 726, 741, 740, 727, 728, 742, 727, 742, 741, 728, 729, 743, 728, 743, 742, 729, 730, 744, 729, 744, 743, 730, 731, 745, 730, 745, 744, 731, 732, 746, 731, 746, 745, 732, 733, 747, 732, 747, 746, 733, 734, 748, 733, 748, 747, 734, 735, 749, 734, 749, 748, 735, 722, 736, 735, 736, 749, 736, 737, 751, 736, 751, 750, 737, 738, 752, 737, 752, 751, 738, 739, 753, 738, 753, 752, 739, 740, 754, 739, 754, 753, 740, 741, 755, 740, 755, 754, 741, 742, 756, 741, 756, 755, 742, 743, 757, 742, 757, 756, 743, 744, 758, 743, 758, 757, 744, 745, 759, 744, 759, 758, 745, 746, 760, 745, 760, 759, 746, 747, 761, 746, 761, 760, 747, 748, 762, 747, 762, 761, 748, 749, 763, 748, 763, 762, 749, 736, 750, 749, 750, 763, 750, 751, 765, 750, 765, 764, 751, 752, 766, 751, 766, 765, 752, 753, 767, 752, 767, 766, 753, 754, 768, 753, 768, 767, 754, 755, 769, 754, 769, 768, 755, 756, 770, 755, 770, 769, 756, 757, 771, 756, 771, 770, 757, 758, 772, 757, 772, 771, 758, 759, 773, 758, 773, 772, 759, 760, 774, 759, 774, 773, 760, 761, 775, 760, 775, 774, 761, 762, 776, 761, 776, 775, 762, 763, 777, 762, 777, 776, 763, 750, 764, 763, 764, 777, 778, 625, 624, 779, 764, 765, 778, 626, 625, 779, 765, 766, 778, 627, 626, 779, 766, 767, 778, 628, 627, 779, 767, 768, 778, 629, 628, 779, 768, 769, 778, 630, 629, 779, 769, 770, 778, 631, 630, 779, 770, 771, 778, 632, 631, 779, 771, 772, 778, 633, 632, 779, 772, 773, 778, 634, 633, 779, 773, 774, 778, 635, 634, 779, 774, 775, 778, 636, 635, 779, 775, 776, 778, 637, 636, 779, 776, 777, 778, 624, 637, 779, 777, 764, 780, 781, 795, 780, 795, 794, 781, 782, 796, 781, 796, 795, 782, 783, 797, 782, 797, 796, 783, 784, 798, 783, 798, 797, 784, 785, 799, 784, 799, 798, 785, 786, 800, 785, 800, 799, 786, 787, 801, 786, 801, 800, 787, 788, 802, 787, 802, 801, 788, 789, 803, 788, 803, 802, 789, 790, 804, 789, 804, 803, 790, 791, 805, 790, 805, 804, 791, 792, 806, 791, 806, 805, 792, 793, 807, 792, 807, 806, 793, 780, 794, 793, 794, 807, 794, 795, 809, 794, 809, 808, 795, 796, 810, 795, 810, 809, 796, 797, 811, 796, 811, 810, 797, 798, 812, 797, 812, 811, 798, 799, 813, 798, 813, 812, 799, 800, 814, 799, 814, 813, 800, 801, 815, 800, 815, 814, 801, 802, 816, 801, 816, 815, 802, 803, 817, 802, 817, 816, 803, 804, 818, 803, 818, 817, 804, 805, 819, 804, 819, 818, 805, 806, 820, 805, 820, 819, 806, 807, 821, 806, 821, 820, 807, 794, 808, 807, 808, 821, 808, 809, 823, 808, 823, 822, 809, 810, 824, 809, 824, 823, 810, 811, 825, 810, 825, 824, 811, 812, 826, 811, 826, 825, 812, 813, 827, 812, 827, 826, 813, 814, 828, 813, 828, 827, 814, 815, 829, 814, 829, 828, 815, 816, 830, 815, 830, 829, 816, 817, 831, 816, 831, 830, 817, 818, 832, 817, 832, 831, 818, 819, 833, 818, 833, 832, 819, 820, 834, 819, 834, 833, 820, 821, 835, 820, 835, 834, 821, 808, 822, 821, 822, 835, 822, 823, 837, 822, 837, 836, 823, 824, 838, 823, 838, 837, 824, 825, 839, 824, 839, 838, 825, 826, 840, 825, 840, 839, 826, 827, 841, 826, 841, 840, 827, 828, 842, 827, 842, 841, 828, 829, 843, 828, 843, 842, 829, 830, 844, 829, 844, 843, 830, 831, 845, 830, 845, 844, 831, 832, 846, 831, 846, 845, 832, 833, 847, 832, 847, 846, 833, 834, 848, 833, 848, 847, 834, 835, 849, 834, 849, 848, 835, 822, 836, 835, 836, 849, 836, 837, 851, 836, 851, 850, 837, 838, 852, 837, 852, 851, 838, 839, 853, 838, 853, 852, 839, 840, 854, 839, 854, 853, 840, 841, 855, 840, 855, 854, 841, 842, 856, 841, 856, 855, 842, 843, 857, 842, 857, 856, 843, 844, 858, 843, 858, 857, 844, 845, 859, 844, 859, 858, 845, 846, 860, 845, 860, 859, 846, 847, 861, 846, 861, 860, 847, 848, 862, 847, 862, 861, 848, 849, 863, 848, 863, 862, 849, 836, 850, 849, 850, 863, 850, 851, 865, 850, 865, 864, 851, 852, 866, 851, 866, 865, 852, 853, 867, 852, 867, 866, 853, 854, 868, 853, 868, 867, 854, 855, 869, 854, 869, 868, 855, 856, 870, 855, 870, 869, 856, 857, 871, 856, 871, 870, 857, 858, 872, 857, 872, 871, 858, 859, 873, 858, 873, 872, 859, 860, 874, 859, 874, 873, 860, 861, 875, 860, 875, 874, 861, 862, 876, 861, 876, 875, 862, 863, 877, 862, 877, 876, 863, 850, 864, 863, 864, 877, 864, 865, 879, 864, 879, 878, 865, 866, 880, 865, 880, 879, 866, 867, 881, 866, 881, 880, 867, 868, 882, 867, 882, 881, 868, 869, 883, 868, 883, 882, 869, 870, 884, 869, 884, 883, 870, 871, 885, 870, 885, 884, 871, 872, 886, 871, 886, 885, 872, 873, 887, 872, 887, 886, 873, 874, 888, 873, 888, 887, 874, 875, 889, 874, 889, 888, 875, 876, 890, 875, 890, 889, 876, 877, 891, 876, 891, 890, 877, 864, 878, 877, 878, 891, 878, 879, 893, 878, 893, 892, 879, 880, 894, 879, 894, 893, 880, 881, 895, 880, 895, 894, 881, 882, 896, 881, 896, 895, 882, 883, 897, 882, 897, 896, 883, 884, 898, 883, 898, 897, 884, 885, 899, 884, 899, 898, 885, 886, 900, 885, 900, 899, 886, 887, 901, 886, 901, 900, 887, 888, 902, 887, 902, 901, 888, 889, 903, 888, 903, 902, 889, 890, 904, 889, 904, 903, 890, 891, 905, 890, 905, 904, 891, 878, 892, 891, 892, 905, 892, 893, 907, 892, 907, 906, 893, 894, 908, 893, 908, 907, 894, 895, 909, 894, 909, 908, 895, 896, 910, 895, 910, 909, 896, 897, 911, 896, 911, 910, 897, 898, 912, 897, 912, 911, 898, 899, 913, 898, 913, 912, 899, 900, 914, 899, 914, 913, 900, 901, 915, 900, 915, 914, 901, 902, 916, 901, 916, 915, 902, 903, 917, 902, 917, 916, 903, 904, 918, 903, 918, 917, 904, 905, 919, 904, 919, 918, 905, 892, 906, 905, 906, 919, 906, 907, 921, 906, 921, 920, 907, 908, 922, 907, 922, 921, 908, 909, 923, 908, 923, 922, 909, 910, 924, 909, 924, 923, 910, 911, 925, 910, 925, 924, 911, 912, 926, 911, 926, 925, 912, 913, 927, 912, 927, 926, 913, 914, 928, 913, 928, 927, 914, 915, 929, 914, 929, 928, 915, 916, 930, 915, 930, 929, 916, 917, 931, 916, 931, 930, 917, 918, 932, 917, 932, 931, 918, 919, 933, 918, 933, 932, 919, 906, 920, 919, 920, 933, 934, 781, 780, 935, 920, 921, 934, 782, 781, 935, 921, 922, 934, 783, 782, 935, 922, 923, 934, 784, 783, 935, 923, 924, 934, 785, 784, 935, 924, 925, 934, 786, 785, 935, 925, 926, 934, 787, 786, 935, 926, 927, 934, 788, 787, 935, 927, 928, 934, 789, 788, 935, 928, 929, 934, 790, 789, 935, 929, 930, 934, 791, 790, 935, 930, 931, 934, 792, 791, 935, 931, 932, 934, 793, 792, 935, 932, 933, 934, 780, 793, 935, 933, 920]
            point3f[] points = [
                (-0.08183820888, -0.09395840817, -0.03),
                (-0.08108294285, -0.09269417094, -0.03396312967),
                (-0.08110349803, -0.0899060088, -0.03714131291),
                (-0.08189580321, -0.08614615144, -0.03890507154),
                (-0.08330293264, -0.08215928474, -0.03890507154),
                (-0.08504618707, -0.07873505653, -0.03714131291),
                (-0.08678029358, -0.07655167721, -0.03396312967),
                (-0.08816179112, -0.07604159183, -0.03),
                (-0.08891705715, -0.07730582906, -0.02603687033),
                (-0.08889650197, -0.0800939912, -0.02285868709),
                (-0.08810419679, -0.08385384856, -0.02109492846),
                (-0.08669706736, -0.08784071526, -0.02109492846),
                (-0.08495381293, -0.09126494347, -0.02285868709),
                (-0.08321970642, -0.09344832279, -0.02603687033),
                (-0.06782947111, -0.08846995433, -0.02558170727),
                (-0.066918258, -0.08720456905, -0.02951154316),
                (-0.06622129716, -0.08431416825, -0.03251736221),
                (-0.06587663023, -0.08037123125, -0.03400382508),
                (-0.06595252273, -0.07615670509, -0.03367651959),
                (-0.06643394321, -0.07250532835, -0.03160027259),
                (-0.06722554044, -0.07014030099, -0.02818631027),
                (-0.06817052889, -0.06953004567, -0.02411080973),
                (-0.069081742, -0.07079543095, -0.02018097384),
                (-0.06977870284, -0.07368583175, -0.0171751548),
                (-0.07012336977, -0.07762876875, -0.01568869192),
                (-0.07004747727, -0.08184329491, -0.01601599742),
                (-0.06956605679, -0.08549467165, -0.01809224441),
                (-0.06877445956, -0.08785969901, -0.02150620673),
                (-0.05410216821, -0.09392855363, -0.02306902087),
                (-0.05346954275, -0.09272036992, -0.02707091998),
                (-0.05234779407, -0.08998307226, -0.03009151607),
                (-0.05095909824, -0.08625881603, -0.03153254305),
                (-0.04957850351, -0.08228523584, -0.03110858784),
                (-0.04847945359, -0.07884934799, -0.02890361997),
                (-0.0478796288, -0.0766316722, -0.02535436038),
                (-0.04789783179, -0.07607144637, -0.02116378345),
                (-0.04853045725, -0.07727963008, -0.01716188434),
                (-0.04965220593, -0.08001692774, -0.01414128825),
                (-0.05104090176, -0.08374118397, -0.01270026127),
                (-0.05242149649, -0.08771476416, -0.01312421648),
                (-0.05352054641, -0.09115065201, -0.01532918435),
                (-0.0541203712, -0.0933683278, -0.01887844394),
                (-0.03422434191, -0.1003835533, -0.0245601351),
                (-0.03481807523, -0.09881089252, -0.02843948277),
                (-0.03524977872, -0.09569118874, -0.0312601564),
                (-0.0354339482, -0.09164233749, -0.03246348699),
                (-0.03533410666, -0.08746626342, -0.03181114015),
                (-0.03497002893, -0.08399008922, -0.02943232118),
                (-0.03441382508, -0.08190231382, -0.02579818435),
                (-0.03377565809, -0.08161644675, -0.02162851503),
                (-0.03318192477, -0.08318910748, -0.01774916736),
                (-0.03275022128, -0.08630881126, -0.01492849373),
                (-0.0325660518, -0.09035766251, -0.01372516315),
                (-0.03266589334, -0.09453373658, -0.01437750998),
                (-0.03302997107, -0.09800991078, -0.01675632895),
                (-0.03358617492, -0.1000976862, -0.02039046578),
                (-0.01452672077, -0.09387685716, -0.02962970446),
                (-0.01609543867, -0.09236442853, -0.03325279749),
                (-0.01784331603, -0.0893933845, -0.035700846),
                (-0.01942416431, -0.0855521768, -0.03648898394),
                (-0.02052487712, -0.0816016037, -0.03546111095),
                (-0.02092744478, -0.07832412468, -0.03282080986),
                (-0.02055213384, -0.07636888463, -0.02909102469),
                (-0.01947327923, -0.07612314284, -0.02501048514),
                (-0.01790456133, -0.07763557147, -0.0213873921),
                (-0.01615668397, -0.0806066155, -0.0189393436),
                (-0.01457583569, -0.0844478232, -0.01815120565),
                (-0.01347512288, -0.0883983963, -0.01917907865),
                (-0.01307255522, -0.09167587532, -0.02181937974),
                (-0.01344786616, -0.09363111537, -0.02554916491),
                (-0.0004452545329, -0.08835905881, -0.03437463011),
                (-0.001510169114, -0.08672484133, -0.03812568456),
                (-0.002275976182, -0.08356062428, -0.04082316289),
                (-0.002590998253, -0.07949311966, -0.04193279644),
                (-0.002392841344, -0.07532794664, -0.04123480866),
                (-0.001720752861, -0.07189006883, -0.03886744461),
                (-0.0007078481696, -0.06986040008, -0.03529958977),
                (0.0004452545329, -0.06964094119, -0.03123790154),
                (0.001510169114, -0.07127515867, -0.02748684709),
                (0.002275976182, -0.07443937572, -0.02478936875),
                (0.002590998253, -0.07850688034, -0.02367973521),
                (0.002392841344, -0.08267205336, -0.02437772298),
                (0.001720752861, -0.08610993117, -0.02674508703),
                (0.0007078481696, -0.08813959992, -0.03031294188),
                (0.01370316636, -0.09382488808, -0.0381982645),
                (0.01367347877, -0.09225578459, -0.04212409591),
                (0.0143026495, -0.08924958398, -0.04502961159),
                (0.01546606358, -0.08540170114, -0.04633933855),
                (0.01693329258, -0.08147425647, -0.04579386928),
                (0.0184137338, -0.07824512854, -0.04350124067),
                (0.01961416771, -0.07635388575, -0.03991553593),
                (0.02029683364, -0.07617511192, -0.03574694786),
                (0.02032652123, -0.07774421541, -0.03182111645),
                (0.0196973505, -0.08075041602, -0.02891560076),
                (0.01853393642, -0.08459829886, -0.02760587381),
                (0.01706670742, -0.08852574353, -0.02815134308),
                (0.0155862662, -0.09175487146, -0.03044397169),
                (0.01438583229, -0.09364611425, -0.03402967643),
                (0.03406262473, -0.1004350095, -0.03896717394),
                (0.03428752505, -0.099019333, -0.04294466048),
                (0.0344554775, -0.09601532924, -0.04591499258),
                (0.03453321705, -0.09201797802, -0.04728985952),
                (0.03450534643, -0.08781900376, -0.04679695204),
                (0.03437738574, -0.08425006483, -0.04453389653),
                (0.03417467918, -0.08201803333, -0.04094891887),
                (0.03393737527, -0.08156499049, -0.03675206786),
                (0.03371247495, -0.082980667, -0.03277458132),
                (0.0335445225, -0.08598467076, -0.02980424923),
                (0.03346678295, -0.08998202198, -0.02842938229),
                (0.03349465357, -0.09418099624, -0.02892228976),
                (0.03362261426, -0.09774993517, -0.03118534527),
                (0.03382532082, -0.09998196667, -0.03477032293),
                (0.05424838521, -0.09391698881, -0.03548060276),
                (0.05470347838, -0.09255689477, -0.03945780702),
                (0.05442505223, -0.08970006504, -0.04256201741),
                (0.05346825249, -0.08591232979, -0.04417840698),
                (0.05202258507, -0.08194389643, -0.04398682996),
                (0.05037438214, -0.07858076187, -0.04202523053),
                (0.04885009049, -0.07648903614, -0.03868212751),
                (0.04775161479, -0.07608301119, -0.03461966345),
                (0.04729652162, -0.07744310523, -0.03064245919),
                (0.04757494777, -0.08029993496, -0.0275382488),
                (0.04853174751, -0.08408767021, -0.02592185922),
                (0.04997741493, -0.08805610357, -0.02611343624),
                (0.05162561786, -0.09141923813, -0.02807503568),
                (0.05314990951, -0.09351096386, -0.0314181387),
                (0.06841379229, -0.0883922963, -0.03123060645),
                (0.06955495656, -0.08684325148, -0.03499535393),
                (0.07038814261, -0.08374075452, -0.03774406871),
                (0.07074832772, -0.07969929298, -0.03893233412),
                (0.07056417283, -0.07551932789, -0.03832479961),
                (0.06987215206, -0.0720287526, -0.03604179484),
                (0.06880932861, -0.06991891836, -0.03253549692),
                (0.06758620771, -0.0696077037, -0.02850037114),
                (0.06644504344, -0.07115674852, -0.02473562366),
                (0.06561185739, -0.07425924548, -0.02198690888),
                (0.06525167228, -0.07830070702, -0.02079864348),
                (0.06543582717, -0.08248067211, -0.02140617799),
                (0.06612784794, -0.0859712474, -0.02368918275),
                (0.06719067139, -0.08808108164, -0.02719548067),
                (0.08255835845, -0.09388649131, -0.02705032894),
                (0.08417416036, -0.09238828033, -0.03065860656),
                (0.08595352994, -0.08942672982, -0.03309544505),
                (0.08754404122, -0.08558841118, -0.03387819866),
                (0.08863067393, -0.08163355048, -0.03285183343),
                (0.08899820715, -0.0783454564, -0.03021963359),
                (0.08857384641, -0.0763753763, -0.0265029386),
                (0.08744164155, -0.07611350869, -0.02243788548),
                (0.08582583964, -0.07761171967, -0.01882960786),
                (0.08404647006, -0.08057327018, -0.01639276937),
                (0.08245595878, -0.08441158882, -0.01561001576),
                (0.08136932607, -0.08836644952, -0.01663638099),
                (0.08100179285, -0.0916545436, -0.01926858083),
                (0.08142615359, -0.0936246237, -0.02298527582),
                (-0.085, -0.085, -0.03),
                (0.085, -0.085, -0.02474410721),
                (0.08816179112, -0.05404159183, -0.0248462585),
                (0.08726673369, -0.05472336195, -0.0289216948),
                (0.08592272185, -0.05704442175, -0.03218994096),
                (0.08439595363, -0.06054505685, -0.03400368074),
                (0.0829888242, -0.06453192356, -0.03400368074),
                (0.08198003281, -0.06821537401, -0.03218994096),
                (0.08156938296, -0.07086585569, -0.0289216948),
                (0.08183820888, -0.07195840817, -0.0248462585),
                (0.08273326631, -0.07127663805, -0.0207708222),
                (0.08407727815, -0.06895557825, -0.01750257604),
                (0.08560404637, -0.06545494315, -0.01568883626),
                (0.0870111758, -0.06146807644, -0.01568883626),
                (0.08801996719, -0.05778462599, -0.01750257604),
                (0.08843061704, -0.05513414431, -0.0207708222),
                (0.06800887728, -0.04750156645, -0.02194411955),
                (0.06779592375, -0.04836735729, -0.02607693655),
                (0.06762339001, -0.05094294888, -0.02942532114),
                (0.06752544851, -0.05471821374, -0.03132608469),
                (0.06752149774, -0.05894541435, -0.03140275767),
                (0.06761232022, -0.06278730179, -0.02964015404),
                (0.06777992743, -0.06548294313, -0.02638737909),
                (0.06799112272, -0.06649843355, -0.02228868477),
                (0.06820407625, -0.06563264271, -0.01815586777),
                (0.06837660999, -0.06305705112, -0.01480748318),
                (0.06847455149, -0.05928178626, -0.01290671963),
                (0.06847850226, -0.05505458565, -0.01283004665),
                (0.06838767978, -0.05121269821, -0.01459265028),
                (0.06822007257, -0.04851705687, -0.01784542523),
                (0.04788009631, -0.05403180951, -0.0233905686),
                (0.04878723376, -0.05484653909, -0.02743883202),
                (0.05013263671, -0.05727616159, -0.03062661256),
                (0.05164983159, -0.0608394605, -0.03232253117),
                (0.05303831936, -0.06483068074, -0.0321906904),
                (0.05402309298, -0.06845931222, -0.03025720291),
                (0.05440910596, -0.07100665996, -0.02690501961),
                (0.05411990369, -0.07196819049, -0.02279808153),
                (0.05321276624, -0.07115346091, -0.01874981811),
                (0.05186736329, -0.06872383841, -0.01556203758),
                (0.05035016841, -0.0651605395, -0.01386611896),
                (0.04896168064, -0.06116931926, -0.01399795974),
                (0.04797690702, -0.05754068778, -0.01593144723),
                (0.04759089404, -0.05499334004, -0.01928363052),
                (0.03383389793, -0.05951926845, -0.02673859719),
                (0.03498017004, -0.0601957624, -0.03075151826),
                (0.03593230745, -0.06261604358, -0.03408480383),
                (0.03650172767, -0.06630074562, -0.03607825582),
                (0.03657565005, -0.0705200681, -0.0363370466),
                (0.03613943334, -0.07443832244, -0.03480991949),
                (0.03527947563, -0.07727945033, -0.03179934075),
                (0.03416610207, -0.07848073155, -0.02790159241),
                (0.03301982996, -0.0778042376, -0.02388867134),
                (0.03206769255, -0.07538395642, -0.02055538576),
                (0.03149827233, -0.07169925438, -0.01856193378),
                (0.03142434995, -0.0674799319, -0.018303143),
                (0.03186056666, -0.06356167756, -0.0198302701),
                (0.03272052437, -0.06072054967, -0.02284084885),
                (0.01975709615, -0.05402469738, -0.03135976533),
                (0.02069290664, -0.05465119059, -0.03543491984),
                (0.02089729168, -0.05693126789, -0.03898943719),
                (0.02032977031, -0.06041333202, -0.04131930162),
                (0.01910274709, -0.06440771747, -0.0419630549),
                (0.01745924902, -0.0681232872, -0.0407931938),
                (0.01572479105, -0.07082412707, -0.03804142367),
                (0.01424290385, -0.07197530262, -0.03425276632),
                (0.01330709336, -0.07134880941, -0.0301776118),
                (0.01310270832, -0.06906873211, -0.02662309445),
                (0.01367022969, -0.06558666798, -0.02429323003),
                (0.01489725291, -0.06159228253, -0.02364947674),
                (0.01654075098, -0.0578767128, -0.02481933784),
                (0.01827520895, -0.05517587293, -0.02757110797),
                (-0.0001585370485, -0.04756140465, -0.0359059367),
                (0.0004592192157, -0.048028225, -0.04006232639),
                (0.0009860214823, -0.05027201542, -0.04360675911),
                (0.001317530101, -0.0538483657, -0.04583721647),
                (0.001388085726, -0.0580489358, -0.04631192905),
                (0.001183713948, -0.06204175131, -0.0449368742),
                (0.0007448931059, -0.06503598613, -0.04198439838),
                (0.0001585370485, -0.06643859535, -0.03803927566),
                (-0.0004592192157, -0.065971775, -0.03388288597),
                (-0.0009860214823, -0.06372798458, -0.03033845325),
                (-0.001317530101, -0.0601516343, -0.02810799589),
                (-0.001388085726, -0.0559510642, -0.02763328331),
                (-0.001183713948, -0.05195824869, -0.02900833816),
                (-0.0007448931059, -0.04896401387, -0.03196081397),
                (-0.02006800034, -0.0541014005, -0.03657420234),
                (-0.02015510417, -0.05452833452, -0.04077958693),
                (-0.01961730093, -0.05663318578, -0.04440663645),
                (-0.01856110914, -0.05999906269, -0.04673696924),
                (-0.01719572054, -0.06395931203, -0.04730903432),
                (-0.01579156709, -0.06772955786, -0.04600952718),
                (-0.01462675859, -0.07056305675, -0.04309583115),
                (-0.01393199966, -0.0718985995, -0.03914503946),
                (-0.01384489583, -0.07147166548, -0.03493965487),
                (-0.01438269907, -0.06936681422, -0.03131260535),
                (-0.01543889086, -0.06600093731, -0.02898227256),
                (-0.01680427946, -0.06204068797, -0.02841020749),
                (-0.01820843291, -0.05827044214, -0.02970971462),
                (-0.01937324141, -0.05543694325, -0.03262341065),
                (-0.03386608471, -0.05951803445, -0.03448057536),
                (-0.03482097556, -0.06020318356, -0.03854184037),
                (-0.03561326214, -0.06263065005, -0.04191152994),
                (-0.03608602236, -0.06631964442, -0.04392223571),
                (-0.03614562027, -0.07053951608, -0.04417571275),
                (-0.03578025177, -0.0744544677, -0.04262175682),
                (-0.03506228258, -0.07728909509, -0.03956814796),
                (-0.03413391529, -0.07848196555, -0.03561969084),
                (-0.03317902444, -0.07779681644, -0.03155842583),
                (-0.03238673786, -0.07536934995, -0.02818873627),
                (-0.03191397764, -0.07168035558, -0.0261780305),
                (-0.03185437973, -0.06746048392, -0.02592455346),
                (-0.03221974823, -0.0635455323, -0.02747850938),
                (-0.03293771742, -0.06071090491, -0.03053211825),
                (-0.0479178386, -0.05401854952, -0.03015502019),
                (-0.04933425822, -0.05465436111, -0.03408752809),
                (-0.05108059844, -0.05694312883, -0.03718380933),
                (-0.05281097514, -0.06043153417, -0.03883060744),
                (-0.05418266601, -0.06442865566, -0.03870175385),
                (-0.05492399084, -0.06814281438, -0.03682276959),
                (-0.05488812116, -0.07083837564, -0.03356581055),
                (-0.0540821614, -0.07198145048, -0.0295759574),
                (-0.05266574178, -0.07134563889, -0.0256434495),
                (-0.05091940156, -0.06905687117, -0.02254716826),
                (-0.04918902486, -0.06556846583, -0.02090037015),
                (-0.04781733399, -0.06157134434, -0.02102922374),
                (-0.04707600916, -0.05785718562, -0.022908208),
                (-0.04711187884, -0.05516162436, -0.02616516704),
                (-0.06790477192, -0.04750961906, -0.02432745251),
                (-0.06883166641, -0.04826402094, -0.02838292582),
                (-0.06959383916, -0.05074869062, -0.03171768647),
                (-0.07004033252, -0.05447150879, -0.03367124423),
                (-0.07008271301, -0.05869512565, -0.03385667302),
                (-0.06971258664, -0.06258300209, -0.03223724638),
                (-0.06900326148, -0.06536509649, -0.02913371164),
                (-0.06809522808, -0.06649038094, -0.02516076191),
                (-0.06716833359, -0.06573597906, -0.0211052886),
                (-0.06640616084, -0.06325130938, -0.01777052795),
                (-0.06595966748, -0.05952849121, -0.01581697019),
                (-0.06591728699, -0.05530487435, -0.0156315414),
                (-0.06628741336, -0.05141699791, -0.01725096804),
                (-0.06699673852, -0.04863490351, -0.02035450278),
                (-0.08801777668, -0.05403996079, -0.02116690353),
                (-0.08841674333, -0.05474211616, -0.02531695447),
                (-0.08813898206, -0.0570798467, -0.02882878931),
                (-0.08723950689, -0.06059013621, -0.03100684608),
                (-0.08589646992, -0.0645777288, -0.03141973394),
                (-0.08437587609, -0.06825283285, -0.02998567538),
                (-0.08297889765, -0.07088754893, -0.02698870328),
                (-0.08198222332, -0.07196003921, -0.02302240473),
                (-0.08158325667, -0.07125788384, -0.01887235379),
                (-0.08186101794, -0.0689201533, -0.01536051895),
                (-0.08276049311, -0.06540986379, -0.01318246218),
                (-0.08410353008, -0.0614222712, -0.01276957432),
                (-0.08562412391, -0.05774716715, -0.01420363288),
                (-0.08702110235, -0.05511245107, -0.01720060498),
                (0.085, -0.063, -0.0248462585),
                (-0.085, -0.063, -0.02209465413),
                (-0.08183820888, -0.04995840817, -0.02211640216),
                (-0.08236186197, -0.04914555416, -0.02623224656),
                (-0.08340803066, -0.04671937325, -0.0295328975),
                (-0.08476950839, -0.04316040033, -0.03136462058),
                (-0.08617663782, -0.03917353363, -0.03136462058),
                (-0.08735071969, -0.03554842099, -0.0295328975),
                (-0.0880592127, -0.03300306043, -0.02623224656),
                (-0.08816179112, -0.03204159183, -0.02211640216),
                (-0.08763813803, -0.03285444584, -0.01800055776),
                (-0.08659196934, -0.03528062675, -0.01469990682),
                (-0.08523049161, -0.03883959967, -0.01286818374),
                (-0.08382336218, -0.04282646637, -0.01286818374),
                (-0.08264928031, -0.04645157901, -0.01469990682),
                (-0.0819407873, -0.04899693957, -0.01800055776),
                (-0.06792336671, -0.0444864861, -0.02259361684),
                (-0.06855366261, -0.04376680752, -0.02671185787),
                (-0.06907429884, -0.04131075519, -0.03011360216),
                (-0.06938215701, -0.0376047804, -0.03212509254),
                (-0.06941626203, -0.0333828969, -0.03234792866),
                (-0.06916985898, -0.02948130051, -0.0307379751),
                (-0.06869175102, -0.02667275023, -0.02761410292),
                (-0.06807663329, -0.0255135139, -0.02359503329),
                (-0.06744633739, -0.02623319248, -0.01947679226),
                (-0.06692570116, -0.02868924481, -0.01607504797),
                (-0.06661784299, -0.0323952196, -0.0140635576),
                (-0.06658373797, -0.0366171031, -0.01384072147),
                (-0.06683014102, -0.04051869949, -0.01545067503),
                (-0.06730824898, -0.04332724977, -0.01857454722),
                (-0.05378560513, -0.04998209602, -0.0259738574),
                (-0.05471107764, -0.04931009001, -0.0300441188),
                (-0.05490152572, -0.04699216876, -0.03357485384),
                (-0.05431922877, -0.04348742499, -0.03586675715),
                (-0.05307951786, -0.0394900162, -0.03646588915),
                (-0.05142793294, -0.03579167822, -0.03525358442),
                (-0.04969159064, -0.03312491224, -0.03246995478),
                (-0.04821439487, -0.03201790398, -0.0286663322),
                (-0.04728892236, -0.03268990999, -0.0245960708),
                (-0.04709847428, -0.03500783124, -0.02106533576),
                (-0.04768077123, -0.03851257501, -0.01877343245),
                (-0.04892048214, -0.0425099838, -0.01817430044),
                (-0.05057206706, -0.04620832178, -0.01938660517),
                (-0.05230840936, -0.04887508776, -0.02217023482),
                (-0.0338459396, -0.05648323695, -0.03226360356),
                (-0.0349849196, -0.0557888582, -0.03627554599),
                (-0.03592882419, -0.0533537383, -0.03960035493),
                (-0.0364907015, -0.0496601826, -0.04157951121),
                (-0.03655926483, -0.04543974512, -0.04182101863),
                (-0.03612093437, -0.04152833525, -0.04027704371),
                (-0.03526252685, -0.03870065568, -0.0372533896),
                (-0.0341540604, -0.03751676305, -0.03334892808),
                (-0.0330150804, -0.0382111418, -0.02933698566),
                (-0.03207117581, -0.0406462617, -0.02601217671),
                (-0.0315092985, -0.0443398174, -0.02403302044),
                (-0.03144073517, -0.04856025488, -0.02379151301),
                (-0.03187906563, -0.05247166475, -0.02533548794),
                (-0.03273747315, -0.05529934432, -0.02835914204),
                (-0.01382196878, -0.04995178727, -0.0368476171),
                (-0.01465791568, -0.04930731406, -0.04094163303),
                (-0.01595774111, -0.04701747542, -0.04424953451),
                (-0.01746399869, -0.04353580197, -0.04611615109),
                (-0.01887835564, -0.03955188185, -0.04617177646),
                (-0.01992068122, -0.03585477928, -0.04440539334),
                (-0.02038453006, -0.03317675078, -0.04116685556),
                (-0.02017803122, -0.03204821273, -0.03709759525),
                (-0.01934208432, -0.03269268594, -0.03300357933),
                (-0.01804225889, -0.03498252458, -0.02969567785),
                (-0.01653600131, -0.03846419803, -0.02782906127),
                (-0.01512164436, -0.04244811815, -0.0277734359),
                (-0.01407931878, -0.04614522072, -0.02953981902),
                (-0.01361546994, -0.04882324922, -0.0327783568),
                (3.272252021e-06, -0.04449982317, -0.03791749249),
                (0.0002356378654, -0.04353389527, -0.04202700692),
                (0.0004213325096, -0.04087772476, -0.04531111944),
                (0.000523577083, -0.03705739878, -0.04711937129),
                (0.0005221207938, -0.03282957973, -0.04709361601),
                (0.0004172520781, -0.02903163904, -0.04523895475),
                (0.000229741471, -0.02641580543, -0.04192272592),
                (-3.272252021e-06, -0.02550017683, -0.03780174931),
                (-0.0002356378654, -0.02646610473, -0.03369223488),
                (-0.0004213325096, -0.02912227524, -0.03040812236),
                (-0.000523577083, -0.03294260122, -0.02859987051),
                (-0.0005221207938, -0.03717042027, -0.02862562579),
                (-0.0004172520781, -0.04096836096, -0.03048028705),
                (-0.000229741471, -0.04358419457, -0.03379651588),
                (0.01400898248, -0.04998433241, -0.03581536857),
                (0.015256868, -0.04906984489, -0.03975003674),
                (0.01685000218, -0.04655702562, -0.04275383136),
                (0.01847284527, -0.04294356927, -0.04423181406),
                (0.0198039733, -0.03894516519, -0.04389125224),
                (0.02057974002, -0.03535374635, -0.04179959835),
                (0.02064649533, -0.03288063729, -0.03837113009),
                (0.01999101752, -0.03201566759, -0.03428489764),
                (0.018743132, -0.03293015511, -0.03035022946),
                (0.01714999782, -0.03544297438, -0.02734643484),
                (0.01552715473, -0.03905643073, -0.02586845214),
                (0.0141960267, -0.04305483481, -0.02620901396),
                (0.01342025998, -0.04664625365, -0.02830066786),
                (0.01335350467, -0.04911936271, -0.03172913612),
                (0.0339584983, -0.05649892266, -0.02972857301),
                (0.03515817116, -0.05562030828, -0.03368634272),
                (0.03612845402, -0.05303433612, -0.03688734546),
                (0.03667717045, -0.04925318969, -0.03869758337),
                (0.03669564044, -0.04502577141, -0.03875851663),
                (0.03618020579, -0.04118937331, -0.03705807666),
                (0.03523295464, -0.03850384109, -0.03393305645),
                (0.0340415017, -0.03750107734, -0.03000240459),
                (0.03284182884, -0.03837969172, -0.02604463487),
                (0.03187154598, -0.04096566388, -0.02284363213),
                (0.03132282955, -0.04474681031, -0.02103339422),
                (0.03130435956, -0.04897422859, -0.02097246096),
                (0.03181979421, -0.05281062669, -0.02267290093),
                (0.03276704536, -0.05549615891, -0.02579792114),
                (0.05397910281, -0.04998200672, -0.02390834305),
                (0.0546231346, -0.04915445426, -0.02800413349),
                (0.05454956015, -0.04671181213, -0.03145423574),
                (0.05377295178, -0.04313787556, -0.03357531475),
                (0.0524471263, -0.03914050651, -0.03394726479),
                (0.05083467971, -0.03551143295, -0.03249641661),
                (0.04925497683, -0.03296943741, -0.02951012847),
                (0.04802089719, -0.03201799328, -0.02557987137),
                (0.0473768654, -0.03284554574, -0.02148408093),
                (0.04745043985, -0.03528818787, -0.01803397868),
                (0.04822704822, -0.03886212444, -0.01591289967),
                (0.0495528737, -0.04285949349, -0.01554094963),
                (0.05116532029, -0.04648856705, -0.01699179781),
                (0.05274502317, -0.04903056259, -0.01997808595),
                (0.06796588693, -0.04447156676, -0.02136099251),
                (0.06816014117, -0.04385225455, -0.02553877147),
                (0.0683226775, -0.04147964475, -0.02903440074),
                (0.06842130358, -0.03782366185, -0.0311555281),
                (0.06843648533, -0.03360841809, -0.03148203823),
                (0.0683652158, -0.02966879419, -0.02994926182),
                (0.06822161081, -0.02678508098, -0.02686078402),
                (0.06803411307, -0.02552843324, -0.02282831575),
                (0.06783985883, -0.02614774545, -0.01865053679),
                (0.0676773225, -0.02852035525, -0.01515490751),
                (0.06757869642, -0.03217633815, -0.01303378016),
                (0.06756351467, -0.03639158191, -0.01270727002),
                (0.0676347842, -0.04033120581, -0.01424004644),
                (0.06777838919, -0.04321491902, -0.01732852423),
                (0.08190876831, -0.04993076445, -0.02219587586),
                (0.08184617892, -0.04936207039, -0.02638488398),
                (0.08240824248, -0.04713716574, -0.0299357998),
                (0.0834836354, -0.04369672014, -0.0321453209),
                (0.08485936293, -0.03972215604, -0.03257582453),
                (0.08626294535, -0.03600068462, -0.03114204416),
                (0.08741638596, -0.03326938891, -0.02812795758),
                (0.08809123169, -0.03206923555, -0.02413054161),
                (0.08815382108, -0.03263792961, -0.0199415335),
                (0.08759175752, -0.03486283426, -0.01639061767),
                (0.0865163646, -0.03830327986, -0.01418109657),
                (0.08514063707, -0.04227784396, -0.01375059294),
                (0.08373705465, -0.04599931538, -0.01518437331),
                (0.08258361404, -0.04873061109, -0.01819845989),
                (-0.085, -0.041, -0.02211640216),
                (0.085, -0.041, -0.02316320874),
                (0.08816179112, -0.01004159183, -0.02309432507),
                (0.0887357363, -0.01124183347, -0.02710744434),
                (0.0885697731, -0.01397867513, -0.03032571612),
                (0.08769677255, -0.01771005177, -0.03211172222),
                (0.08628964312, -0.02169691847, -0.03211172222),
                (0.08462708406, -0.0251496274, -0.03032571612),
                (0.08303838557, -0.0273843272, -0.02710744434),
                (0.08183820888, -0.02795840817, -0.02309432507),
                (0.0812642637, -0.02675816653, -0.0190812058),
                (0.0814302269, -0.02402132487, -0.01586293401),
                (0.08230322745, -0.02028994823, -0.01407692792),
                (0.08371035688, -0.01630308153, -0.01407692792),
                (0.08537291594, -0.0128503726, -0.01586293401),
                (0.08696161443, -0.0106156728, -0.0190812058),
                (0.06825175908, -0.003544324187, -0.02820146435),
                (0.06935366403, -0.00487843762, -0.03205906285),
                (0.07018745921, -0.007821126086, -0.03497805061),
                (0.07058800127, -0.01178955405, -0.0363802863),
                (0.07047595793, -0.01599772567, -0.03598803995),
                (0.06987352077, -0.01961216096, -0.03387900075),
                (0.06890000983, -0.02191697668, -0.0304708898),
                (0.06774824092, -0.02245567581, -0.02643872525),
                (0.06664633597, -0.02112156238, -0.02258112675),
                (0.06581254079, -0.01817887391, -0.01966213899),
                (0.06541199873, -0.01421044595, -0.0182599033),
                (0.06552404207, -0.01000227433, -0.01865214965),
                (0.06612647923, -0.006387839036, -0.02076118884),
                (0.06709999017, -0.004083023316, -0.0241692998),
                (0.04834139152, -0.01005113081, -0.03456681719),
                (0.04985436732, -0.01133486179, -0.0383001881),
                (0.05159424971, -0.0141367674, -0.04094542032),
                (0.05321643367, -0.01790189588, -0.04197859318),
                (0.05439962575, -0.02188451734, -0.04119507411),
                (0.05490948026, -0.02529582477, -0.03875004868),
                (0.05464501426, -0.02746016688, -0.03512778415),
                (0.05365860848, -0.02794886919, -0.03104571445),
                (0.05214563268, -0.02666513821, -0.02731234354),
                (0.05040575029, -0.0238632326, -0.02466711132),
                (0.04878356633, -0.02009810412, -0.02363393847),
                (0.04760037425, -0.01611548266, -0.02441745753),
                (0.04709051974, -0.01270417523, -0.02686248297),
                (0.04735498574, -0.01053983312, -0.03048474749),
                (0.03420841974, -0.01560637754, -0.03837489653),
                (0.03478696719, -0.01715175309, -0.04226748135),
                (0.03520964613, -0.02025157019, -0.04511135121),
                (0.03539273983, -0.02429187206, -0.0463432428),
                (0.03529998432, -0.02847242734, -0.04571916488),
                (0.03494975097, -0.03196522581, -0.04336272374),
                (0.0344114078, -0.03407847588, -0.03974064146),
                (0.03379158026, -0.03439362246, -0.03557031583),
                (0.03321303281, -0.03284824691, -0.03167773101),
                (0.03279035387, -0.02974842981, -0.02883386115),
                (0.03260726017, -0.02570812794, -0.02760196956),
                (0.03270001568, -0.02152757266, -0.02822604748),
                (0.03305024903, -0.01803477419, -0.03058248861),
                (0.0335885922, -0.01592152412, -0.0342045709),
                (0.02003290011, -0.01014577714, -0.03948880916),
                (0.01929307065, -0.01161818932, -0.04338236461),
                (0.01809907042, -0.01455265964, -0.04618207294),
                (0.01668738582, -0.01836798027, -0.04733341758),
                (0.01533761829, -0.02230848015, -0.04660836059),
                (0.01431710584, -0.02559369496, -0.04415050841),
                (0.01382797349, -0.02757294762, -0.04044666881),
                (0.01396709989, -0.02785422286, -0.03623043264),
                (0.01470692935, -0.02638181068, -0.03233687719),
                (0.01590092958, -0.02344734036, -0.02953716886),
                (0.01731261418, -0.01963201973, -0.02838582423),
                (0.01866238171, -0.01569151985, -0.02911088121),
                (0.01968289416, -0.01240630504, -0.03156873339),
                (0.02017202651, -0.01042705238, -0.03527257299),
                (-0.0002178926648, -0.003547820028, -0.03597685667),
                (-0.001134985651, -0.004896935102, -0.03987736283),
                (-0.001827280809, -0.007850961557, -0.04282177694),
                (-0.002157660593, -0.01182481822, -0.04422692168),
                (-0.002060689235, -0.01603143405, -0.04381449089),
                (-0.001555573101, -0.01963763719, -0.04166617156),
                (-0.0007423566359, -0.02192917488, -0.03820746467),
                (0.0002178926648, -0.02245217997, -0.03412340954),
                (0.001134985651, -0.0211030649, -0.03022290338),
                (0.001827280809, -0.01814903844, -0.02727848926),
                (0.002157660593, -0.01417518178, -0.02587334453),
                (0.002060689235, -0.009968565946, -0.02628577531),
                (0.001555573101, -0.006362362808, -0.02843409465),
                (0.0007423566359, -0.004070825121, -0.03189280154),
                (-0.020184376, -0.01004999191, -0.029949778),
                (-0.02092456103, -0.01134919989, -0.033904434),
                (-0.02088743863, -0.01416374267, -0.03705912737),
                (-0.02008036133, -0.01793616552, -0.03878903239),
                (-0.01866318068, -0.02191929384, -0.03875152016),
                (-0.01691658671, -0.02532422021, -0.03695402045),
                (-0.01518651376, -0.02747655721, -0.0337525501),
                (-0.013815624, -0.02795000809, -0.02978119959),
                (-0.01307543897, -0.02665080011, -0.02582654359),
                (-0.01311256137, -0.02383625733, -0.02267185022),
                (-0.01391963867, -0.02006383448, -0.0209419452),
                (-0.01533681932, -0.01608070616, -0.02097945743),
                (-0.01708341329, -0.01267577979, -0.02277695715),
                (-0.01881348624, -0.01052344279, -0.02597842749),
                (-0.03418650378, -0.01553694904, -0.02556012362),
                (-0.03508285597, -0.01683727163, -0.02948196416),
                (-0.03576473526, -0.01975432269, -0.03246541403),
                (-0.03609708708, -0.02371034447, -0.03391956439),
                (-0.03601408509, -0.02792179835, -0.03355640292),
                (-0.03553216884, -0.03155455423, -0.03144785821),
                (-0.03474678777, -0.03388910026, -0.0280115534),
                (-0.03381349622, -0.03446305096, -0.0239280908),
                (-0.03291714403, -0.03316272837, -0.02000625026),
                (-0.03223526474, -0.03024567731, -0.01702280039),
                (-0.03190291292, -0.02628965553, -0.01556865003),
                (-0.03198591491, -0.02207820165, -0.0159318115),
                (-0.03246783116, -0.01844544577, -0.01804035621),
                (-0.03325321223, -0.01611089974, -0.02147666102),
                (-0.0478989387, -0.01007886853, -0.02311780226),
                (-0.04852320064, -0.01132161717, -0.02711041947),
                (-0.04963802307, -0.01408516369, -0.03010960284),
                (-0.05102260174, -0.01782215382, -0.03152132733),
                (-0.05240270385, -0.02179243084, -0.03106598357),
                (-0.05350498327, -0.02520963268, -0.02883375799),
                (-0.05411112002, -0.02739694061, -0.02526677024),
                (-0.0541010613, -0.02792113147, -0.021071506),
                (-0.05347679936, -0.02667838283, -0.01707888878),
                (-0.05236197693, -0.02391483631, -0.01407970541),
                (-0.05097739826, -0.02017784618, -0.01266798093),
                (-0.04959729615, -0.01620756916, -0.01312332469),
                (-0.04849501673, -0.01279036732, -0.01535555027),
                (-0.04788887998, -0.01060305939, -0.01892253801),
                (-0.06775615205, -0.003630298758, -0.02471215574),
                (-0.06714808447, -0.005238530907, -0.02857466302),
                (-0.0667087492, -0.008384017199, -0.03136536541),
                (-0.06652516199, -0.0124437555, -0.03253153008),
                (-0.06663368453, -0.01661366484, -0.03184218382),
                (-0.06701282261, -0.02006784354, -0.0294338601),
                (-0.06758748328, -0.02212214915, -0.02578355697),
                (-0.06824384795, -0.02236970124, -0.02161426174),
                (-0.06885191553, -0.02076146909, -0.01775175445),
                (-0.0692912508, -0.0176159828, -0.01496105206),
                (-0.06947483801, -0.0135562445, -0.01379488739),
                (-0.06936631547, -0.009386335161, -0.01448423365),
                (-0.06898717739, -0.005932156459, -0.01689255738),
                (-0.06841251672, -0.003877850851, -0.0205428605),
                (-0.08753739267, -0.01014673249, -0.02977772653),
                (-0.0860706019, -0.01169664228, -0.03342757911),
                (-0.08439176529, -0.01469307164, -0.03589294685),
                (-0.08283339703, -0.01854254098, -0.03668553345),
                (-0.08170415105, -0.02248261568, -0.03564835739),
                (-0.08122768839, -0.02573291565, -0.03298684414),
                (-0.0814983783, -0.02764967909, -0.02922813901),
                (-0.08246260733, -0.02785326751, -0.02511669967),
                (-0.0839293981, -0.02630335772, -0.02146684709),
                (-0.08560823471, -0.02330692836, -0.01900147935),
                (-0.08716660297, -0.01945745902, -0.01820889276),
                (-0.08829584895, -0.01551738432, -0.01924606881),
                (-0.08877231161, -0.01226708435, -0.02190758207),
                (-0.0885016217, -0.01035032091, -0.02566628719),
                (0.085, -0.019, -0.02309432507),
                (-0.085, -0.019, -0.0274472131),
                (-0.08183820888, -0.005958408169, -0.0273200948),
                (-0.08328294148, -0.005470641048, -0.03126343733),
                (-0.08506775858, -0.003305159582, -0.0344257525),
                (-0.08683915526, 0.0001091360674, -0.03618070503),
                (-0.08824628469, 0.004096002773, -0.03618070503),
                (-0.08901044762, 0.007865792687, -0.0344257525),
                (-0.08898029221, 0.01067185268, -0.03126343733),
                (-0.08816179112, 0.01195840817, -0.0273200948),
                (-0.08671705852, 0.01147064105, -0.02337675227),
                (-0.08493224142, 0.009305159582, -0.02021443709),
                (-0.08316084474, 0.005890863933, -0.01845948457),
                (-0.08175371531, 0.001903997227, -0.01845948457),
                (-0.08098955238, -0.001865792687, -0.02021443709),
                (-0.08101970779, -0.004671852685, -0.02337675227),
                (-0.06775107043, -0.0004561728168, -0.03192943646),
                (-0.06889623845, 8.480636323e-05, -0.03596317556),
                (-0.06986389544, 0.002391548981, -0.03937164996),
                (-0.07046238509, 0.00600717637, -0.04147976952),
                (-0.07057316917, 0.01021556918, -0.04186999529),
                (-0.07017430554, 0.01418320361, -0.04046503829),
                (-0.06934479403, 0.017124241, -0.03754316747),
                (-0.06824892957, 0.01845617282, -0.03368309518),
                (-0.06710376155, 0.01791519364, -0.02964935609),
                (-0.06613610456, 0.01560845102, -0.02624088168),
                (-0.06553761491, 0.01199282363, -0.02413276212),
                (-0.06542683083, 0.007784430817, -0.02374253635),
                (-0.06582569446, 0.003816796388, -0.02514749335),
                (-0.06665520597, 0.0008757590019, -0.02806936417),
                (-0.05393998726, -0.00592313663, -0.03556402263),
                (-0.05438764683, -0.005433156507, -0.03973950341),
                (-0.0541643414, -0.003272886313, -0.04336696626),
                (-0.05331429935, 0.0001298059479, -0.04572794767),
                (-0.05200588193, 0.004100975341, -0.04635482632),
                (-0.05049823726, 0.007854083066, -0.04512344121),
                (-0.04908997285, 0.01064578011, -0.04227768326),
                (-0.04806001274, 0.01192313663, -0.03838118973),
                (-0.04761235317, 0.01143315651, -0.03420570895),
                (-0.0478356586, 0.009272886313, -0.0305782461),
                (-0.04868570065, 0.005870194052, -0.02821726469),
                (-0.04999411807, 0.001899024659, -0.02759038604),
                (-0.05150176274, -0.001854083066, -0.02882177115),
                (-0.05291002715, -0.004645780108, -0.0316675291),
                (-0.03409306632, -0.01235586741, -0.03621369149),
                (-0.03385468626, -0.01214462798, -0.04042957481),
                (-0.03364508736, -0.01012218282, -0.04413644724),
                (-0.03350578327, -0.006689102003, -0.04660011724),
                (-0.03346436486, -0.002525349294, -0.04733262474),
                (-0.03352903556, 0.001544393021, -0.04618888765),
                (-0.03368698654, 0.004714062566, -0.04339543713),
                (-0.03390693368, 0.006355867412, -0.03950555031),
                (-0.03414531374, 0.006144627976, -0.03528966699),
                (-0.03435491264, 0.004122182817, -0.03158279456),
                (-0.03449421673, 0.0006891020035, -0.02911912456),
                (-0.03453563514, -0.003474650706, -0.02838661706),
                (-0.03447096444, -0.007544393021, -0.02953035415),
                (-0.03431301346, -0.01071406257, -0.03232380467),
                (-0.01443192555, -0.005839962856, -0.03270278346),
                (-0.01352507327, -0.005660984584, -0.03682839918),
                (-0.01330647284, -0.003766592095, -0.04060180749),
                (-0.01381942076, -0.0005319930541, -0.0432756386),
                (-0.01496232141, 0.003402160528, -0.04432030747),
                (-0.01650880929, 0.007256661285, -0.04352890462),
                (-0.01815258352, 0.01026807807, -0.04105817708),
                (-0.01956807445, 0.01183996286, -0.03739748274),
                (-0.02047492673, 0.01166098458, -0.03327186703),
                (-0.02069352716, 0.009766592095, -0.02949845871),
                (-0.02018057924, 0.006531993054, -0.0268246276),
                (-0.01903767859, 0.002597839472, -0.02577995873),
                (-0.01749119071, -0.001256661285, -0.02657136159),
                (-0.01584741648, -0.00426807807, -0.02904208913),
                (-0.0004614610447, -0.0003658644255, -0.02834310998),
                (0.0007630537554, -0.0001285661912, -0.03238283427),
                (0.001836436401, 0.001916756532, -0.03592396743),
                (0.002546090295, 0.005365002494, -0.03826514458),
                (0.00275145978, 0.009533204293, -0.0389426669),
                (0.002411868912, 0.01359579844, -0.03782234276),
                (0.001594577825, 0.01674813835, -0.03512606612),
                (0.0004614610447, 0.01836586443, -0.03138786761),
                (-0.0007630537554, 0.01812856619, -0.02734814332),
                (-0.001836436401, 0.01608324347, -0.02380701017),
                (-0.002546090295, 0.01263499751, -0.02146583301),
                (-0.00275145978, 0.008466795707, -0.0207883107),
                (-0.002411868912, 0.004404201558, -0.02190863483),
                (-0.001594577825, 0.001251861654, -0.02460491148),
                (0.01366187146, -0.005843421501, -0.02379500552),
                (0.0146668787, -0.005652404022, -0.02789727223),
                (0.01613398922, -0.003747671811, -0.03137501593),
                (0.0177726238, -0.0005064804438, -0.03353942684),
                (0.01925823076, 0.00342921238, -0.03396181683),
                (0.02029656743, 0.007279894428, -0.03255852638),
                (0.02068197848, 0.01028289089, -0.02960749437),
                (0.02033812854, 0.0118434215, -0.0256932089),
                (0.0193331213, 0.01165240402, -0.02159094219),
                (0.01786601078, 0.009747671811, -0.01811319849),
                (0.0162273762, 0.006506480444, -0.01594878758),
                (0.01474176924, 0.00257078762, -0.0155263976),
                (0.01370343257, -0.001279894428, -0.01692968804),
                (0.01331802152, -0.004282890895, -0.01988072005),
                (0.03394538267, -0.0124269419, -0.02092001237),
                (0.03414076817, -0.01200358977, -0.02512212098),
                (0.03430827281, -0.009796966263, -0.02872460266),
                (0.03441472024, -0.006244120227, -0.03101394172),
                (0.03443902724, -0.002048736393, -0.03153670648),
                (0.03437637951, 0.001958238017, -0.03018935698),
                (0.0342391852, 0.004983172579, -0.0272387523),
                (0.03405461733, 0.006426941905, -0.02326929589),
                (0.03385923183, 0.006003589772, -0.01906718728),
                (0.03369172719, 0.003796966263, -0.0154647056),
                (0.03358527976, 0.0002441202267, -0.01317536654),
                (0.03356097276, -0.003951263607, -0.01265260178),
                (0.03362362049, -0.007958238017, -0.01399995128),
                (0.0337608148, -0.01098317258, -0.01695055596),
                (0.05425471231, -0.005894959458, -0.02243071706),
                (0.05347029694, -0.005517898562, -0.02656806367),
                (0.05219660897, -0.003453763391, -0.030031037),
                (0.05068591791, -0.0001113812308, -0.03213375271),
                (0.04923743467, 0.003847248141, -0.03245974218),
                (0.04813804911, 0.007638069628, -0.03094443918),
                (0.04760550802, 0.01051026454, -0.02788796806),
                (0.04774528769, 0.01189495946, -0.02389570041),
                (0.04852970306, 0.01151789856, -0.0197583538),
                (0.04980339103, 0.009453763391, -0.01629538047),
                (0.05131408209, 0.006111381231, -0.01419266476),
                (0.05276256533, 0.002152751859, -0.01386667529),
                (0.05386195089, -0.001638069628, -0.01538197829),
                (0.05439449198, -0.004510264543, -0.01843844941),
                (0.06846520383, -0.0003494341034, -0.02582805673),
                (0.06729894978, -0.0001544959784, -0.02988724014),
                (0.06627154732, 0.001853602348, -0.03346314627),
                (0.06558648612, 0.005277132373, -0.03584752306),
                (0.06537945094, 0.009438021991, -0.03656811543),
                (0.06569144764, 0.01351215598, -0.03548220124),
                (0.06646068144, 0.01669260214, -0.0328048591),
                (0.06753479617, 0.0183494341, -0.02906636947),
                (0.06870105022, 0.01815449598, -0.02500718606),
                (0.06972845268, 0.01614639765, -0.02143127993),
                (0.07041351388, 0.01272286763, -0.01904690314),
                (0.07062054906, 0.008561978009, -0.01832631077),
                (0.07030855236, 0.004487844019, -0.01941222496),
                (0.06953931856, 0.001307397859, -0.0220895671),
                (0.08271500274, -0.005847904133, -0.03033503116),
                (0.0814651633, -0.005699598912, -0.03437124552),
                (0.08091544163, -0.003828231433, -0.03812236657),
                (0.08117471684, -0.0006044489757, -0.0408454388),
                (0.08219163629, 0.003333238807, -0.04200112436),
                (0.08376478661, 0.007204924557, -0.04136052554),
                (0.0855825861, 0.01024377343, -0.0390505208),
                (0.08728499726, 0.01184790413, -0.0355286349),
                (0.0885348367, 0.01169959891, -0.03149242055),
                (0.08908455837, 0.009828231433, -0.0277412995),
                (0.08882528316, 0.006604448976, -0.02501822726),
                (0.08780836371, 0.002666761193, -0.02386254171),
                (0.08623521339, -0.001204924557, -0.02450314053),
                (0.0844174139, -0.004243773428, -0.02681314527),
                (-0.085, 0.003, -0.0273200948),
                (0.085, 0.003, -0.03293183303),
                (0.08816179112, 0.03395840817, -0.03280626582),
                (0.08872389787, 0.03276234481, -0.03682230713),
                (0.08854844098, 0.03002885385, -0.0400429222),
                (0.08767017183, 0.02629933672, -0.04183022872),
                (0.08626304241, 0.02231247002, -0.04183022872),
                (0.08460575194, 0.01885790159, -0.0400429222),
                (0.08302654714, 0.01661985107, -0.03682230713),
                (0.08183820888, 0.01604159183, -0.03280626582),
                (0.08127610213, 0.01723765519, -0.02879022452),
                (0.08145155902, 0.01997114615, -0.02556960944),
                (0.08232982817, 0.02370066328, -0.02378230292),
                (0.08373695759, 0.02768752998, -0.02378230292),
                (0.08539424806, 0.03114209841, -0.02556960944),
                (0.08697345286, 0.03338014893, -0.02879022452),
                (0.06807236934, 0.04048723752, -0.03745952183),
                (0.06867036141, 0.03933412016, -0.04148293396),
                (0.06913558017, 0.03653032809, -0.04461302036),
                (0.06937588336, 0.03263118672, -0.04622982903),
                (0.06934367597, 0.02840896881, -0.04601313118),
                (0.06904533708, 0.02469993641, -0.04400584648),
                (0.06853995636, 0.02223870886, -0.04060554228),
                (0.06792763066, 0.02151276248, -0.03648569053),
                (0.06732963859, 0.02266587984, -0.0324622784),
                (0.06686441983, 0.02546967191, -0.029332192),
                (0.06662411664, 0.02936881328, -0.02771538333),
                (0.06665632403, 0.03359103119, -0.02793208118),
                (0.06695466292, 0.03730006359, -0.02993936588),
                (0.06746004364, 0.03976129114, -0.03333967008),
                (0.04782336983, 0.03394691928, -0.03819377083),
                (0.04797944989, 0.03285098701, -0.0422741741),
                (0.04873378694, 0.03020007048, -0.04548022097),
                (0.04993697527, 0.02651921621, -0.04717691453),
                (0.0513507087, 0.02253746254, -0.04702820382),
                (0.05269497996, 0.01904344462, -0.04506354281),
                (0.05370353966, 0.01672919554, -0.04167205673),
                (0.05417663017, 0.01605308072, -0.03752547097),
                (0.05402055011, 0.01714901299, -0.0334450677),
                (0.05326621306, 0.01979992952, -0.03023902084),
                (0.05206302473, 0.02348078379, -0.02854232727),
                (0.0506492913, 0.02746253746, -0.02869103798),
                (0.04930502004, 0.03095655538, -0.03065569899),
                (0.04829646034, 0.03327080446, -0.03404718508),
                (0.033746, 0.02843495905, -0.0361304255),
                (0.03283419292, 0.02701910139, -0.04000845003),
                (0.03215328824, 0.02401496235, -0.04290441909),
                (0.03183814747, 0.02001754851, -0.04424475048),
                (0.03195118811, 0.0158185967, -0.04376397513),
                (0.03247002107, 0.01224976084, -0.0415573165),
                (0.03329188512, 0.01001789263, -0.0380618304),
                (0.034254, 0.009565040947, -0.0339698407),
                (0.03516580708, 0.01098089861, -0.03009181617),
                (0.03584671176, 0.01398503765, -0.02719584712),
                (0.03616185253, 0.01798245149, -0.02585551573),
                (0.03604881189, 0.0221814033, -0.02633629107),
                (0.03552997893, 0.02575023916, -0.0285429497),
                (0.03470811488, 0.02798210737, -0.03203843581),
                (0.01954933698, 0.03393249347, -0.03185582578),
                (0.0179553738, 0.03256890879, -0.03552666187),
                (0.01617218713, 0.0297062089, -0.0380762332),
                (0.01455295895, 0.02591138662, -0.0389995659),
                (0.01341839726, 0.02193605304, -0.03811378261),
                (0.01299321592, 0.01856757173, -0.03559432357),
                (0.0133616273, 0.01647311173, -0.03194019854),
                (0.01445066302, 0.01606750653, -0.02787515181),
                (0.0160446262, 0.01743109121, -0.02420431572),
                (0.01782781287, 0.0202937911, -0.02165474439),
                (0.01944704105, 0.02408861338, -0.02073141169),
                (0.02058160274, 0.02806394696, -0.02161719498),
                (0.02100678408, 0.03143242827, -0.02413665402),
                (0.0206383727, 0.03352688827, -0.02779077905),
                (-0.0003214128709, 0.04038983736, -0.02615039599),
                (-0.001197327079, 0.03883405157, -0.02998281353),
                (-0.001836095975, 0.03572663578, -0.03277764104),
                (-0.002111203545, 0.03168305181, -0.03398132864),
                (-0.001968161361, 0.02750418105, -0.03335547126),
                (-0.001435300681, 0.02401770011, -0.03102402761),
                (-0.0006181610985, 0.0219141493, -0.02744876871),
                (0.0003214128709, 0.02161016264, -0.02333781843),
                (0.001197327079, 0.02316594843, -0.01950540089),
                (0.001836095975, 0.02627336422, -0.01671057338),
                (0.002111203545, 0.03031694819, -0.01550688578),
                (0.001968161361, 0.03449581895, -0.01613274316),
                (0.001435300681, 0.03798229989, -0.01846418681),
                (0.0006181610985, 0.0400858507, -0.02203944571),
                (-0.02018550231, 0.03384861467, -0.02343800574),
                (-0.01984441356, 0.03236268069, -0.02738145322),
                (-0.01893995381, 0.0294184775, -0.0302777853),
                (-0.01765126243, 0.02559914066, -0.03155334789),
                (-0.01623358053, 0.02166113666, -0.03095550018),
                (-0.01496769741, 0.01838443549, -0.02860265324),
                (-0.01410433674, 0.01641802801, -0.02496081726),
                (-0.01381449769, 0.01615138533, -0.02075130252),
                (-0.01415558644, 0.01763731931, -0.01680785504),
                (-0.01506004619, 0.0205815225, -0.01391152296),
                (-0.01634873757, 0.02440085934, -0.01263596036),
                (-0.01776641947, 0.02833886334, -0.01323380807),
                (-0.01903230259, 0.03161556451, -0.01558665502),
                (-0.01989566326, 0.03358197199, -0.019228491),
                (-0.03386176091, 0.02845831988, -0.02404131751),
                (-0.03323725526, 0.02713596229, -0.02800824105),
                (-0.03276382056, 0.02420217758, -0.03101554653),
                (-0.03253522635, 0.0202380378, -0.0324676002),
                (-0.03259674853, 0.01602868946, -0.03207680503),
                (-0.03293620188, 0.0124078456, -0.0299205628),
                (-0.03348635349, 0.01009265878, -0.02642594372),
                (-0.03413823909, 0.009541680121, -0.02228509997),
                (-0.03476274474, 0.01086403771, -0.01831817642),
                (-0.03523617944, 0.01379782242, -0.01531087094),
                (-0.03546477365, 0.0177619622, -0.01385881727),
                (-0.03540325147, 0.02197131054, -0.01424961244),
                (-0.03506379812, 0.0255921544, -0.01640585467),
                (-0.03451364651, 0.02790734122, -0.01990047375),
                (-0.04782300412, 0.03395282771, -0.0275069889),
                (-0.04713014458, 0.0326821422, -0.03147944699),
                (-0.04720375736, 0.02988991422, -0.03465327172),
                (-0.04802926255, 0.02612917875, -0.03639984815),
                (-0.04944315873, 0.02214479558, -0.03637324542),
                (-0.05116540642, 0.01872592066, -0.03457873252),
                (-0.05285489333, 0.01654970411, -0.03137173473),
                (-0.05417699588, 0.01604717229, -0.0273874373),
                (-0.05486985542, 0.0173178578, -0.02341497921),
                (-0.05479624264, 0.02011008578, -0.02024115449),
                (-0.05397073745, 0.02387082125, -0.01849457805),
                (-0.05255684127, 0.02785520442, -0.01852118078),
                (-0.05083459358, 0.03127407934, -0.02031569369),
                (-0.04914510667, 0.03345029589, -0.02352269147),
                (-0.06773636303, 0.04045023377, -0.03386648654),
                (-0.06664933691, 0.03909301155, -0.03772024334),
                (-0.06582982619, 0.03613286914, -0.04062559674),
                (-0.065440145, 0.03215609904, -0.04200710589),
                (-0.06555747449, 0.02795034935, -0.04159114594),
                (-0.06615857611, 0.02434862038, -0.03946010288),
                (-0.06712439432, 0.02206427871, -0.03603605591),
                (-0.06826363697, 0.02154976623, -0.03199717952),
                (-0.06935066309, 0.02290698845, -0.02814342273),
                (-0.07017017381, 0.02586713086, -0.02523806933),
                (-0.070559855, 0.02984390096, -0.02385656018),
                (-0.07044252551, 0.03404965065, -0.02427252012),
                (-0.06984142389, 0.03765137962, -0.02640356319),
                (-0.06887560568, 0.03993572129, -0.02982761016),
                (-0.08773811368, 0.03393324983, -0.03875505874),
                (-0.08636443339, 0.03262722662, -0.04253426833),
                (-0.08472051033, 0.02981053764, -0.04522478864),
                (-0.08313194363, 0.02604106268, -0.0462937291),
                (-0.0819133684, 0.02206539249, -0.04552937296),
                (-0.08130613842, 0.01867095731, -0.04308311032),
                (-0.08143052302, 0.01653006665, -0.03943945351),
                (-0.08226188632, 0.01606675017, -0.03532007342),
                (-0.08363556661, 0.01737277338, -0.03154086383),
                (-0.08527948967, 0.02018946236, -0.02885034352),
                (-0.08686805637, 0.02395893732, -0.02778140306),
                (-0.0880866316, 0.02793460751, -0.0285457592),
                (-0.08869386158, 0.03132904269, -0.03099202184),
                (-0.08856947698, 0.03346993335, -0.03463567865),
                (0.085, 0.025, -0.03280626582),
                (-0.085, 0.025, -0.03703756608)
            ]
            normal3f[] normals = [
                (-0.3348132379, -0.9252736984, -0.178237703),
                (-0.2772623283, -0.8245683667, -0.493165905),
                (-0.2845454974, -0.6022820929, -0.7458486043),
                (-0.3520357905, -0.3029518169, -0.8856020544),
                (-0.4644167143, 0.01460825451, -0.8854963096),
                (-0.6003268171, 0.2886013773, -0.7458665816),
                (-0.7350580471, 0.4646184717, -0.4937806629),
                (-0.8434467485, 0.5064619438, -0.1791476538),
                (-0.9042984461, 0.4050823756, 0.1347315457),
                (-0.9049326719, 0.1813011433, 0.3850022788),
                (-0.8439786022, -0.1192960839, 0.522942218),
                (-0.7318594432, -0.4370322274, 0.5228619202),
                (-0.5897571753, -0.709892212, 0.3850188587),
                (-0.4470018248, -0.8842499633, 0.1352455952),
                (0.006643328535, -0.9973288508, -0.07273946385),
                (0.1118035835, -0.8533077578, -0.509279716),
                (0.1900551403, -0.5254780302, -0.8293080751),
                (0.2242088942, -0.09599255502, -0.9698019391),
                (0.2114413442, 0.3428727258, -0.91527638),
                (0.1586624267, 0.709267753, -0.6868518682),
                (0.07763350816, 0.9400038912, -0.3322133697),
                (-0.01668558015, 0.9964665705, 0.08231625126),
                (-0.1075517656, 0.8698803305, 0.4813946701),
                (-0.1790473523, 0.582843925, 0.792612771),
                (-0.2188027221, 0.1853887423, 0.9579960245),
                (-0.2193641376, -0.252570519, 0.9423839494),
                (-0.1780644364, -0.649295397, 0.7393974195),
                (-0.09821909031, -0.9206439751, 0.3778461081),
                (-0.3296830793, -0.9401674657, -0.08598955558),
                (-0.2715600246, -0.8170385363, -0.5086287284),
                (-0.1527256093, -0.5309913425, -0.8335004994),
                (0.004243042328, -0.1350977384, -0.9908231919),
                (0.1626629557, 0.288937867, -0.9434276188),
                (0.283990358, 0.6513288165, -0.7036478163),
                (0.3421578443, 0.8812243014, -0.3261468076),
                (0.329741784, 0.9373138158, 0.1127526791),
                (0.2551681626, 0.8094468774, 0.5288524951),
                (0.136688523, 0.5218069333, 0.8420414313),
                (-0.003058706926, 0.1307468245, 0.9914110712),
                (-0.1405045713, -0.2862140088, 0.9478080009),
                (-0.2531612007, -0.6464870457, 0.7196970934),
                (-0.3212361997, -0.8793905556, 0.3513965774),
                (-0.02253110362, -0.9901468125, -0.1382086796),
                (-0.08174392218, -0.8400213226, -0.5363600552),
                (-0.1274471036, -0.5319729459, -0.8371152971),
                (-0.1507046095, -0.1177629033, -0.9815396168),
                (-0.1438533836, 0.3288856523, -0.9333490407),
                (-0.1034127971, 0.7180046435, -0.6883132465),
                (-0.03674309999, 0.9570236422, -0.2876728923),
                (0.03746178961, 0.9833880276, 0.1776079994),
                (0.09916757817, 0.7961685185, 0.5968931911),
                (0.1368238297, 0.4491743902, 0.8829052083),
                (0.1476664217, 0.02161307755, 0.9888010431),
                (0.1326472027, -0.4034265084, 0.9053462166),
                (0.09469185651, -0.7501056358, 0.6545036192),
                (0.03987885745, -0.957931684, 0.2842121841),
                (0.264124234, -0.9349259576, -0.2369638005),
                (0.09825567747, -0.7791931244, -0.6190346491),
                (-0.08776373518, -0.4661480564, -0.8803428402),
                (-0.2562869653, -0.0572980112, -0.9649009946),
                (-0.3740122771, 0.3621409166, -0.8537966814),
                (-0.4180988094, 0.7057510654, -0.5719342787),
                (-0.3797340094, 0.9075525586, -0.1793054252),
                (-0.2660212487, 0.9318811682, 0.2466377579),
                (-0.09931326165, 0.7741235717, 0.6251956268),
                (0.08668715109, 0.462248886, 0.8825028642),
                (0.2543947085, 0.05697865424, 0.9654205121),
                (0.3709945429, -0.3590983582, 0.8563944291),
                (0.4144889717, -0.702213584, 0.578873885),
                (0.3766524254, -0.9067827398, 0.1894149235),
                (-0.05085255696, -0.9822292314, -0.1806647573),
                (-0.1638706468, -0.7909849113, -0.5894822145),
                (-0.2423695365, -0.4383254132, -0.8655217155),
                (-0.2712591615, -0.006047402763, -0.9624873486),
                (-0.2464706213, 0.4200289949, -0.8734001811),
                (-0.1744970725, 0.7631853898, -0.622172671),
                (-0.06965661429, 0.9637747731, -0.257460954),
                (0.04864782963, 0.9868705865, 0.1540124483),
                (0.1587462601, 0.8280737845, 0.5376740949),
                (0.2398074802, 0.5142370765, 0.8234394948),
                (0.2749846806, 0.09896926903, 0.9563412096),
                (0.2552162177, -0.3437341226, 0.9037209388),
                (0.1831892337, -0.726019516, 0.6628252915),
                (0.0735365505, -0.9592619752, 0.2727798356),
                (-0.3529372877, -0.9251634722, -0.1396703997),
                (-0.3504647754, -0.7597607135, -0.5476660473),
                (-0.2823552958, -0.4455428472, -0.8495687484),
                (-0.1620422376, -0.04225414213, -0.9858787454),
                (-0.01081385098, 0.3702599446, -0.92886524),
                (0.1444123155, 0.7091230822, -0.6901373323),
                (0.2740257333, 0.9077049574, -0.317776034),
                (0.3508434508, 0.9292276789, 0.115951687),
                (0.3567508713, 0.7696794183, 0.5294548224),
                (0.2884855846, 0.4556937311, 0.8420922104),
                (0.1598752464, 0.04565860502, 0.9860807256),
                (-0.001616136736, -0.3751362105, 0.9269682905),
                (-0.1615991822, -0.7165794431, 0.6785275278),
                (-0.2866749696, -0.9108759509, 0.2968542804),
                (0.00419448158, -0.9922799727, -0.1239470131),
                (0.02828307439, -0.849635629, -0.5266112092),
                (0.04660611246, -0.5509105659, -0.8332619148),
                (0.05547158431, -0.148475747, -0.9873590309),
                (0.05264375869, 0.2869459048, -0.9564991805),
                (0.03855510125, 0.67465186, -0.7371284637),
                (0.01714371368, 0.932854979, -0.3598439679),
                (-0.00614833628, 0.9945015377, 0.1045413292),
                (-0.02749202706, 0.834789573, 0.5498823123),
                (-0.04483614972, 0.4931794696, 0.8687713914),
                (-0.05529467961, 0.05637411335, 0.9968773534),
                (-0.0548590195, -0.380811477, 0.9230238929),
                (-0.04242036093, -0.7374519308, 0.6740661413),
                (-0.02107608237, -0.9530767562, 0.3019941977),
                (0.346813384, -0.9364449441, -0.05283316557),
                (0.3874103925, -0.7938217673, -0.4687858675),
                (0.3554185367, -0.4948747089, -0.7929544036),
                (0.2576834837, -0.096840407, -0.961364217),
                (0.1109596184, 0.3214357268, -0.9404079097),
                (-0.05949100541, 0.6757464686, -0.7347295628),
                (-0.2221549616, 0.8953364294, -0.3860308941),
                (-0.3439301087, 0.9382692474, 0.03691747321),
                (-0.397513479, 0.797783823, 0.4533475551),
                (-0.3689016556, 0.4996959691, 0.783719023),
                (-0.2622956632, 0.09915442929, 0.9598798801),
                (-0.1008882983, -0.323257919, 0.9409175676),
                (0.0788230731, -0.6787336481, 0.7301421492),
                (0.2381639981, -0.896131562, 0.3744678006),
                (0.04697575055, -0.9873351239, -0.1515342602),
                (0.1739575027, -0.8073833159, -0.5638004687),
                (0.2594747011, -0.4597378107, -0.8493020811),
                (0.2894497228, -0.02691014222, -0.9568148735),
                (0.2633488215, 0.4030277945, -0.8764793181),
                (0.1891476121, 0.7518125981, -0.631665258),
                (0.0811019395, 0.9591256591, -0.2711096557),
                (-0.04144703626, 0.9894690432, 0.1386836535),
                (-0.1567006676, 0.8376070578, 0.5233156958),
                (-0.2441081093, 0.5295845142, 0.8123739738),
                (-0.287504251, 0.1184896779, 0.9504217495),
                (-0.2765898452, -0.3225334932, 0.9052459353),
                (-0.2084234657, -0.7077906968, 0.6749755465),
                (-0.09214134974, -0.9506444636, 0.2962854627),
                (0.3926266692, -0.9196684707, -0.007362246456),
                (0.5236052064, -0.8002104601, -0.2924052109),
                (0.6696147186, -0.5642617379, -0.4829335562),
                (0.7990753924, -0.2586870792, -0.5427333714),
                (0.8854654803, 0.05668287428, -0.4612352273),
                (0.9126835607, 0.3201890055, -0.2539443224),
                (0.8768339455, 0.4791520456, 0.03969318852),
                (0.7862138398, 0.5007989567, 0.3620334281),
                (0.659401062, 0.3804325425, 0.6484298883),
                (0.5211450249, 0.1428779425, 0.8414236487),
                (0.397170676, -0.1637021313, 0.9030266144),
                (0.3099032213, -0.4788121884, 0.821400561),
                (0.2760889637, -0.7410526638, 0.6120586847),
                (0.3045736281, -0.8985768663, 0.3159027072),
                (-0.9066685346, -0.3200006593, -0.2748667795),
                (0.9070975969, -0.320152093, 0.2732701723),
                (0.8599046635, 0.5014055038, -0.09568955204),
                (0.7915254051, 0.444123312, -0.4198118826),
                (0.6875183036, 0.2563996459, -0.679395175),
                (0.5661797771, -0.02351754474, -0.8239462271),
                (0.4499105915, -0.340866664, -0.8254637346),
                (0.3629964618, -0.6339391207, -0.6829017205),
                (0.3263142765, -0.8449087791, -0.4238492042),
                (0.3496729625, -0.9315213689, -0.09998379184),
                (0.4272223758, -0.8760821292, 0.2235198975),
                (0.5397861567, -0.6899631837, 0.4822672601),
                (0.6626783765, -0.4104061529, 0.6264376736),
                (0.7724069461, -0.09186485237, 0.6284491694),
                (0.8495235746, 0.2032137446, 0.4868407032),
                (0.8805014235, 0.4154326801, 0.2283263706),
                (-0.002605856925, 0.9995645792, 0.02939152108),
                (-0.02579266267, 0.9199563568, -0.3911713692),
                (-0.04425330966, 0.6694090609, -0.7415747796),
                (-0.05320526045, 0.2891400225, -0.9558071184),
                (-0.05027198599, -0.1556888246, -0.9865260855),
                (-0.0381296737, -0.5800506715, -0.8136874993),
                (-0.0216915495, -0.8879847258, -0.4593610818),
                (-0.002923630742, -0.999995703, 0.0002153534191),
                (0.01769666231, -0.8909473273, 0.4537617086),
                (0.03680848077, -0.5975476839, 0.8009880781),
                (0.04854597054, -0.1921602042, 0.9801621012),
                (0.04916178815, 0.2426946721, 0.9688562405),
                (0.03890711248, 0.627864356, 0.7773497199),
                (0.02041861843, 0.8958706014, 0.4438456327),
                (-0.3306294297, 0.9435757227, -0.0186824979),
                (-0.239471032, 0.8630705843, -0.4447052859),
                (-0.0971179961, 0.6103613505, -0.786147007),
                (0.06807303847, 0.2311088166, -0.9705435468),
                (0.2212668465, -0.1965987756, -0.9551910301),
                (0.3298839794, -0.5810013322, -0.7440524257),
                (0.3708962721, -0.8446036595, -0.3861095877),
                (0.3366248714, -0.9406128794, 0.04394436344),
                (0.23632718, -0.8536386565, 0.4641664659),
                (0.09245231328, -0.5991772093, 0.7952604867),
                (-0.06574489316, -0.2252678871, 0.9720761226),
                (-0.2087650435, 0.1938122728, 0.9585687036),
                (-0.3113919458, 0.5739270026, 0.7573921387),
                (-0.3551940467, 0.8405538951, 0.4090309751),
                (-0.02339956719, 0.9972922266, 0.06971854099),
                (0.1008120076, 0.9204007583, -0.377755719),
                (0.2038285706, 0.6438614996, -0.7374932428),
                (0.264180573, 0.238686676, -0.9344716666),
                (0.2701899526, -0.2049579641, -0.9407388705),
                (0.2225002346, -0.6018439205, -0.7669925299),
                (0.132439729, -0.8822326279, -0.4518022891),
                (0.01805237551, -0.9983427566, -0.05464295024),
                (-0.09933813822, -0.9306518583, 0.3521633896),
                (-0.1982884369, -0.6912769077, 0.6948510148),
                (-0.2603488311, -0.321787166, 0.9103139601),
                (-0.2727812642, 0.1133733738, 0.9553726289),
                (-0.2312635856, 0.5344806439, 0.8129253319),
                (-0.1423574145, 0.8549994349, 0.4987086652),
                (0.2955655129, 0.9439842738, 0.1467471241),
                (0.3923621027, 0.8765607175, -0.2787351589),
                (0.4120671883, 0.6383145761, -0.6501962275),
                (0.3515467391, 0.2733309828, -0.8953798435),
                (0.222152634, -0.1477891404, -0.9637461166),
                (0.04825979444, -0.5397413604, -0.8404464624),
                (-0.1360846752, -0.822986379, -0.5515200642),
                (-0.293591638, -0.9431219936, -0.1559642756),
                (-0.392375468, -0.8793587909, 0.269758427),
                (-0.4129223708, -0.6431752913, 0.6448415777),
                (-0.351467217, -0.276944811, 0.8942999313),
                (-0.2201816657, 0.1478216988, 0.964193331),
                (-0.0448075919, 0.5429059839, 0.8385972647),
                (0.1395763368, 0.8264508477, 0.5454332613),
                (-0.01566003989, 0.9950965093, 0.09766115078),
                (0.04514445459, 0.9452403058, -0.3232379038),
                (0.09760614825, 0.7220399207, -0.6849316701),
                (0.1328099559, 0.364879523, -0.9215337483),
                (0.1449816026, -0.06386943256, -0.9873707665),
                (0.1314563161, -0.4872826015, -0.8632930576),
                (0.09193874826, -0.8220991902, -0.5618720389),
                (0.03040221653, -0.9905529741, -0.1337180268),
                (-0.04101501135, -0.9428699216, 0.3306267984),
                (-0.1033933092, -0.686030321, 0.7201890185),
                (-0.1400197482, -0.2871376782, 0.9476003503),
                (-0.1445381786, 0.1601925741, 0.9764461348),
                (-0.1201617712, 0.5671217656, 0.8148214846),
                (-0.07421120582, 0.8618719016, 0.5016667442),
                (-0.3320268994, 0.9354133708, 0.1214905913),
                (-0.330568006, 0.8886527987, -0.3178380041),
                (-0.2685699079, 0.6674851702, -0.6945025213),
                (-0.1600113161, 0.3144297247, -0.9356977754),
                (-0.02399751275, -0.1011815098, -0.9945785145),
                (0.1172063881, -0.4969897863, -0.8598045213),
                (0.2397500468, -0.7945872373, -0.5578091406),
                (0.3202689242, -0.9357947647, -0.1473634096),
                (0.3394808598, -0.8939253866, 0.2926604672),
                (0.287737959, -0.6762973007, 0.678106797),
                (0.1711554189, -0.3216198878, 0.9312714268),
                (0.01463504415, 0.1009972275, 0.9947790586),
                (-0.1438834065, 0.5020861892, 0.8527643426),
                (-0.267357142, 0.7986729028, 0.539112004),
                (0.004616164232, 0.9985232626, 0.05412933653),
                (-0.101517822, 0.9132876406, -0.3944614269),
                (-0.1811608826, 0.6353462209, -0.7506769706),
                (-0.2212104627, 0.2352075022, -0.9464371939),
                (-0.2189307232, -0.2026948867, -0.9544548818),
                (-0.1773130324, -0.5969419595, -0.7824451326),
                (-0.1040291819, -0.8783124611, -0.4666317071),
                (-0.01169441382, -0.9977697301, -0.065717626),
                (0.08355115231, -0.9339183818, 0.347585473),
                (0.1648505863, -0.6967737248, 0.6980907252),
                (0.2172398675, -0.3260789902, 0.9200431143),
                (0.228935078, 0.1140286094, 0.966739989),
                (0.1929190042, 0.5410766621, 0.8185464578),
                (0.112159807, 0.8628844587, 0.4927987304),
                (0.329153657, 0.9437723601, -0.03084805394),
                (0.18141889, 0.8781293526, -0.4426917963),
                (-0.004104776092, 0.6390520621, -0.7691525289),
                (-0.1899639381, 0.2708633848, -0.9436878345),
                (-0.3378440366, -0.1521608882, -0.9288210113),
                (-0.4177726248, -0.5429002845, -0.7285089671),
                (-0.4141574833, -0.8243008417, -0.3860073852),
                (-0.3280784435, -0.9441606336, 0.03041764054),
                (-0.1769141079, -0.879561857, 0.4416699424),
                (0.008516615565, -0.6401003619, 0.7682440979),
                (0.1907084817, -0.2709465678, 0.9435137691),
                (0.3342765737, 0.1529759821, 0.9299771616),
                (0.4125430038, 0.5443805224, 0.7303821718),
                (0.410987808, 0.8254275553, 0.3869862693),
                (0.007035558355, 0.9986982747, 0.05051986851),
                (-0.08815446686, 0.928171043, -0.3615623111),
                (-0.1669614276, 0.685470053, -0.7086992932),
                (-0.2135558322, 0.3110584112, -0.9260866976),
                (-0.2175287333, -0.1304751318, -0.9672939006),
                (-0.1772449529, -0.5557828535, -0.8122128086),
                (-0.1004845994, -0.8719665897, -0.4791420579),
                (-0.002636350258, -0.9993544933, -0.03582801012),
                (0.09582427527, -0.905977637, 0.4123375188),
                (0.1743846559, -0.6221364438, 0.7632406155),
                (0.2174363515, -0.2192076584, 0.9511411228),
                (0.217351021, 0.2184225033, 0.9513412341),
                (0.1754864156, 0.6096770548, 0.7729802112),
                (0.1006721144, 0.8858228924, 0.4529712227),
                (-0.8482591801, 0.5018793681, 0.1690368695),
                (-0.8814298308, 0.4443680049, -0.1600578947),
                (-0.8621334632, 0.2556516533, -0.4374564251),
                (-0.7926596622, -0.02550426405, -0.6091306859),
                (-0.6848556837, -0.3434564888, -0.6426587997),
                (-0.5591846653, -0.6364597145, -0.5312546865),
                (-0.4424092177, -0.8468197405, -0.2952463569),
                (-0.3611958176, -0.9322905966, 0.01928276228),
                (-0.3331111631, -0.8758426582, 0.3491942025),
                (-0.3615890322, -0.6889593775, 0.6281626764),
                (-0.4374576561, -0.4089010303, 0.8008937174),
                (-0.5441574248, -0.0905840493, 0.8340786696),
                (-0.6619816318, 0.2038773137, 0.7212588718),
                (-0.7699936233, 0.4158229304, 0.4839432928),
                (0.9323615836, -0.3290687942, -0.1497184225),
                (-0.9329686686, -0.3292830595, 0.1454033361),
                (-0.356247249, -0.9337925243, 0.03345772183),
                (-0.3979998036, -0.8693286786, -0.2930252632),
                (-0.4864927872, -0.6759082826, -0.5535998208),
                (-0.6007105082, -0.3923989162, -0.6965414387),
                (-0.7150054927, -0.0749536039, -0.6950892767),
                (-0.8068164895, 0.2148376142, -0.5503562044),
                (-0.8599656689, 0.4201223499, -0.2897520654),
                (-0.8658425314, 0.4989958317, 0.03633002548),
                (-0.824363666, 0.4344719548, 0.3628479938),
                (-0.7438711557, 0.2395438593, 0.623918619),
                (-0.6392295028, -0.04572981626, 0.7676551483),
                (-0.5288790993, -0.3640478061, 0.7666525244),
                (-0.4325380318, -0.6531261456, 0.6215602054),
                (-0.3697203792, -0.856522464, 0.3601056927),
                (0.01408525006, -0.9973303185, 0.07165082995),
                (-0.05272381924, -0.9195196573, -0.3894917184),
                (-0.1085397815, -0.6388033312, -0.7616754032),
                (-0.1425485687, -0.2278009949, -0.9632168044),
                (-0.1479267894, 0.2191756934, -0.9644063876),
                (-0.1233356632, 0.6147669314, -0.7790057344),
                (-0.07422261032, 0.8899753768, -0.4499275862),
                (-0.01092765055, 0.9991424862, -0.03993593226),
                (0.05420514503, 0.9248167493, 0.3765312503),
                (0.1090081924, 0.6807643552, 0.7243459855),
                (0.143202434, 0.3098400239, 0.9399426698),
                (0.1498498895, -0.1230450757, 0.981022385),
                (0.1268571085, -0.5395167645, 0.8323634632),
                (0.07833253313, -0.8561650151, 0.5107303409),
                (-0.2942182273, -0.944763095, 0.1444241293),
                (-0.3955566334, -0.8746856386, -0.2801070928),
                (-0.417350984, -0.6334528149, -0.6515793793),
                (-0.3539845358, -0.2651636674, -0.8968741148),
                (-0.21800916, 0.1587553767, -0.9629479407),
                (-0.03825471109, 0.5507060335, -0.8338221883),
                (0.1469334085, 0.8301205705, -0.5378758332),
                (0.2998175523, 0.9440493083, -0.1374057451),
                (0.3919949002, 0.8734402456, 0.2888635241),
                (0.4082428654, 0.6316759445, 0.659032066),
                (0.3469733937, 0.2636989749, 0.9000401739),
                (0.2193788511, -0.1585047497, 0.9626781207),
                (0.04803638672, -0.5494039229, 0.8341749427),
                (-0.1352836915, -0.829681414, 0.5415967818),
                (0.01538641316, -0.9985853811, 0.05089690554),
                (-0.09863105297, -0.929079035, -0.3564885161),
                (-0.1949372559, -0.6881947901, -0.6988471916),
                (-0.2564903067, -0.3177150026, -0.9128361845),
                (-0.2716042249, 0.1176698648, -0.9551884358),
                (-0.2346792214, 0.5380702429, -0.809571539),
                (-0.1479144016, 0.8571351471, -0.4933970708),
                (-0.02572035034, 0.9975771624, -0.06463952806),
                (0.1039836384, 0.918674206, 0.3810841195),
                (0.2086709744, 0.640499656, 0.7390646894),
                (0.265201458, 0.2345245799, 0.9352360173),
                (0.2661067658, -0.2091480661, 0.9409804863),
                (0.2160831232, -0.605324863, 0.7660873933),
                (0.1269364302, -0.8842975066, 0.4493384721),
                (0.3400342595, -0.9404122661, 0.001213265511),
                (0.2440442054, -0.8717679488, -0.4248094506),
                (0.1052868241, -0.6309116438, -0.7686775543),
                (-0.04847442379, -0.2646776014, -0.9631178524),
                (-0.1900768734, 0.1540206785, -0.9696125065),
                (-0.2960188516, 0.5417626064, -0.786680442),
                (-0.3482238452, 0.8222694188, -0.4501257119),
                (-0.3356232366, 0.9416544849, -0.02537467541),
                (-0.2563620312, 0.8772319441, 0.4058849902),
                (-0.1207960877, 0.6391035725, 0.7595754925),
                (0.04602490324, 0.2702837285, 0.9616799958),
                (0.2069699784, -0.1546450922, 0.9660477853),
                (0.3237288706, -0.5456494728, 0.7729594241),
                (0.3703062542, -0.8245961449, 0.4276850196),
                (0.00894772942, -0.9996405127, -0.02527416736),
                (0.03466832688, -0.8792107843, -0.4751699737),
                (0.04981125614, -0.5777126838, -0.8147189047),
                (0.05474363967, -0.168593796, -0.9841642474),
                (0.05121123921, 0.2655075265, -0.9627477148),
                (0.04002776024, 0.6458648328, -0.7624017288),
                (0.02241648749, 0.9059492001, -0.422792559),
                (0.0009602586286, 0.999981897, -0.005940002077),
                (-0.02089630835, 0.9105316111, 0.412911043),
                (-0.0398527821, 0.6515490451, 0.757558973),
                (-0.05303383, 0.2658320171, 0.9625594795),
                (-0.05670717939, -0.1800542013, 0.9820207637),
                (-0.04627230044, -0.6003704509, 0.7983822367),
                (-0.02165164223, -0.8994655647, 0.4364549281),
                (-0.3217042186, -0.9425849559, -0.08966602825),
                (-0.1873698533, -0.8461787428, -0.4988728028),
                (-0.01782571896, -0.5830172311, -0.8122642132),
                (0.1526215294, -0.2029997229, -0.9672113426),
                (0.291358105, 0.2176715023, -0.9315200329),
                (0.3731284208, 0.5940717216, -0.7126387382),
                (0.3829788469, 0.852735347, -0.3552036469),
                (0.3180233351, 0.9454145842, 0.07108039373),
                (0.1887906294, 0.8537095078, 0.4853227529),
                (0.01952025281, 0.591145878, 0.8063284136),
                (-0.1555065056, 0.2065715361, 0.9659947863),
                (-0.3002390353, -0.2204363847, 0.9280432759),
                (-0.3850899765, -0.5995678231, 0.7015868695),
                (-0.3926843206, -0.8554998134, 0.3375190269),
                (-0.003249537775, -0.9998919572, 0.01433577269),
                (0.1198800412, -0.9140168825, -0.3875589171),
                (0.2212137366, -0.6588799528, -0.7189865719),
                (0.2812894389, -0.2783135265, -0.9183778267),
                (0.2869487485, 0.1612589992, -0.9442753576),
                (0.2349018985, 0.5777958065, -0.7816476853),
                (0.1343152739, 0.8826663042, -0.4503993812),
                (0.005574186243, 0.9998772599, -0.01464218455),
                (-0.1240676578, 0.8968489404, 0.4245811988),
                (-0.2271607234, 0.6025807774, 0.7650453663),
                (-0.2828153491, 0.1910245496, 0.9399601586),
                (-0.2811168511, -0.2495500381, 0.9266596433),
                (-0.2245270945, -0.636382917, 0.7379731477),
                (-0.1255493796, -0.9017105139, 0.413709442),
                (0.3159168469, -0.9439156184, 0.09602005634),
                (0.3861921308, -0.8605737255, -0.332067013),
                (0.3782554549, -0.6078257253, -0.6981910186),
                (0.293283555, -0.230678939, -0.9277779818),
                (0.148789293, 0.1962415892, -0.9692012097),
                (-0.02541059666, 0.5826602322, -0.8123185061),
                (-0.1932625208, 0.8483961649, -0.4928220221),
                (-0.3207493155, 0.9438827835, -0.07877288594),
                (-0.3840766653, 0.8550112953, 0.3484835721),
                (-0.3732188475, 0.599607024, 0.7079400459),
                (-0.291433239, 0.2252437127, 0.9296945397),
                (-0.1537271373, -0.1952211497, 0.9686365004),
                (0.01501603602, -0.5770627329, 0.816561768),
                (0.1828351983, -0.8435872829, 0.5049077009),
                (-0.01015195126, -0.9948666477, 0.1006841154),
                (0.01527211383, -0.9301256676, -0.3669237045),
                (0.0365030843, -0.6587098577, -0.7515110433),
                (0.04652780683, -0.2512247434, -0.9668098528),
                (0.04513122927, 0.1970197724, -0.9793601898),
                (0.03568193447, 0.597398733, -0.8011501441),
                (0.02086946493, 0.8799815032, -0.4745492803),
                (0.002896502925, 0.9980438671, -0.06245037792),
                (-0.01543896979, 0.9328031818, 0.36005536),
                (-0.03103865239, 0.696674216, 0.7167158703),
                (-0.0414213339, 0.331358098, 0.9425953978),
                (-0.04532979003, -0.09925275754, 0.9940292251),
                (-0.04218947265, -0.5178423749, 0.8544350901),
                (-0.03071071147, -0.8417997301, 0.5389156396),
                (0.3642980597, -0.9306128062, 0.0353090449),
                (0.3557151417, -0.8860197229, -0.2973815541),
                (0.4029307354, -0.7092274822, -0.5784835356),
                (0.4948142272, -0.4358013287, -0.7518218422),
                (0.6093317045, -0.1199503141, -0.7837900203),
                (0.7217339261, 0.1767292187, -0.6692286031),
                (0.8108264893, 0.3965476408, -0.4304769133),
                (0.8612643524, 0.4953256772, -0.1134732954),
                (0.8647641042, 0.4518451423, 0.2191324061),
                (0.8213075156, 0.2741821446, 0.500278039),
                (0.7391293909, -0.001319869946, 0.6735621734),
                (0.632926687, -0.3187635318, 0.7055449097),
                (0.5212781785, -0.6154885996, 0.5911369083),
                (0.4247994255, -0.8338529786, 0.3524693719),
                (-0.9416059834, -0.3323315236, 0.05416576825),
                (0.9413382013, -0.3322370122, -0.0591688983),
                (0.8506028802, 0.5039458941, 0.1500442468),
                (0.89827772, 0.4061791516, -0.1676771736),
                (0.8874648582, 0.1859773979, -0.4216853483),
                (0.8187303219, -0.1120953716, -0.563129903),
                (0.7043534609, -0.4295325571, -0.5651442156),
                (0.5673636293, -0.7044235475, -0.4264809233),
                (0.4374604968, -0.8824563528, -0.1729135597),
                (0.3428916858, -0.9279699841, 0.1459349182),
                (0.3022741461, -0.8316317835, 0.4658528924),
                (0.3208699966, -0.6129104273, 0.7220687318),
                (0.3922591299, -0.3154119591, 0.8640879996),
                (0.5021992078, 0.002804658103, 0.8647474137),
                (0.6309598251, 0.2793635339, 0.7237718667),
                (0.7550414247, 0.4586668519, 0.4685479335),
                (0.02648476935, 0.9960178272, -0.0851295769),
                (0.1375097664, 0.8668872488, -0.4791633981),
                (0.2243130562, 0.5760833635, -0.7860099306),
                (0.2706405785, 0.1730475049, -0.9469995978),
                (0.2654944591, -0.270984085, -0.925246085),
                (0.2049996802, -0.6696804297, -0.7137949658),
                (0.09717035089, -0.9334190579, -0.3453791906),
                (-0.0342526533, -0.9941416999, 0.1025135908),
                (-0.1559409714, -0.8367568242, 0.5249004006),
                (-0.239905396, -0.5059438525, 0.8285325697),
                (-0.2727671118, -0.08085667704, 0.9586763273),
                (-0.2533988304, 0.3520995599, 0.9010077318),
                (-0.1880228913, 0.7140157575, 0.6744100314),
                (-0.08886551693, 0.9418235216, 0.3241471487),
                (-0.2821954394, 0.9407162497, -0.18819849),
                (-0.1194517561, 0.8070837842, -0.5782275013),
                (0.06380356617, 0.5123049578, -0.8564302279),
                (0.2316217076, 0.1142950161, -0.9660683381),
                (0.3532922288, -0.3060704875, -0.8840279734),
                (0.4074292898, -0.6639059216, -0.6270807771),
                (0.3839758606, -0.8895700894, -0.2474421034),
                (0.2855978133, -0.9412421237, 0.1802696692),
                (0.1285537605, -0.8088180015, 0.5738356656),
                (-0.0578111715, -0.5148266933, 0.8553428227),
                (-0.2351897163, -0.1156335638, 0.9650464633),
                (-0.3654186455, 0.3063019316, 0.8790041753),
                (-0.4207731793, 0.6642467304, 0.6178399572),
                (-0.390501179, 0.8894701049, 0.2373852601),
                (0.02461331275, 0.9846895289, -0.1725709031),
                (0.08440874047, 0.8004676716, -0.5934026215),
                (0.1274436731, 0.4554566482, -0.8810887309),
                (0.1444529591, 0.02854701719, -0.989099798),
                (0.132400951, -0.3971691464, -0.9081446236),
                (0.09443634498, -0.745638751, -0.6596246128),
                (0.03806390883, -0.9559944078, -0.2909051927),
                (-0.02631560383, -0.9910329989, 0.1310003212),
                (-0.08669467243, -0.84365199, 0.5298446504),
                (-0.1309293032, -0.5379301325, 0.8327596833),
                (-0.1488823646, -0.1250538469, 0.9809156829),
                (-0.136184877, 0.3219422992, 0.936913462),
                (-0.0968066354, 0.7130516866, 0.6943959732),
                (-0.0397320157, 0.9550075638, 0.2939080128),
                (0.3257544839, 0.9274138783, -0.1838138042),
                (0.2425434963, 0.7721286006, -0.5873585588),
                (0.1157879535, 0.4649962086, -0.8777081952),
                (-0.02973631573, 0.06504584705, -0.9974391156),
                (-0.1681409066, -0.34811424, -0.9222500265),
                (-0.2753804573, -0.6920584038, -0.6672486564),
                (-0.3314838188, -0.9000036184, -0.2830405708),
                (-0.3234779473, -0.9331979221, 0.1565364361),
                (-0.2491968487, -0.7840954422, 0.5684146974),
                (-0.1208947061, -0.4765090511, 0.8708177733),
                (0.03513532032, -0.06840329357, 0.9970388652),
                (0.1852257262, 0.3539095485, 0.9167548537),
                (0.2968311152, 0.6999597614, 0.6495749545),
                (0.3464077225, 0.902433804, 0.2561540925),
                (-0.01982245812, 0.9946007025, -0.1018651696),
                (-0.1140279944, 0.8598837916, -0.4975916815),
                (-0.1868050002, 0.5664295514, -0.8026589906),
                (-0.2245236461, 0.1654051403, -0.9603282105),
                (-0.2191177603, -0.2725803381, -0.9368497032),
                (-0.170155361, -0.665425697, -0.7268120768),
                (-0.08633013331, -0.9290587353, -0.3597179097),
                (0.01570534849, -0.9955055052, 0.09339235023),
                (0.1148997321, -0.8416332739, 0.5276850233),
                (0.1905915551, -0.5070425689, 0.8405847325),
                (0.2269206905, -0.07508383105, 0.9710146335),
                (0.216545034, 0.3619880706, 0.9066823507),
                (0.1630352304, 0.7232199303, 0.6710979407),
                (0.07863737204, 0.9465702524, 0.3127633627),
                (-0.3395373963, 0.9405596753, -0.007864712871),
                (-0.4147757912, 0.8060799779, -0.4221328136),
                (-0.4089505042, 0.5123730253, -0.7551379795),
                (-0.3237804116, 0.1144039438, -0.9391900674),
                (-0.1751151227, -0.3082608807, -0.9350454124),
                (0.009148081572, -0.668400394, -0.7437454039),
                (0.1929013187, -0.8931974875, -0.4061863237),
                (0.3388965465, -0.9407803611, 0.009024570572),
                (0.4175696444, -0.8047528771, 0.4219104157),
                (0.4132394457, -0.5107731904, 0.7538858723),
                (0.3264775593, -0.1136198692, 0.9383511755),
                (0.1741783753, 0.3079376934, 0.9353268255),
                (-0.01295432316, 0.6670623968, 0.7448892161),
                (-0.1965155787, 0.8916968506, 0.4077479049),
                (-0.008349007417, 0.996640559, -0.08147324916),
                (-0.1118987963, 0.8485920293, -0.5170785503),
                (-0.1884877668, 0.5178860851, -0.8344257694),
                (-0.2213290069, 0.08725752209, -0.9712875967),
                (-0.207883132, -0.3509913953, -0.9130113054),
                (-0.1551497146, -0.7152867019, -0.6813908571),
                (-0.07483017412, -0.9428785404, -0.324623633),
                (0.01826937621, -0.9957170434, 0.09063001381),
                (0.1076327199, -0.86566525, 0.4889160179),
                (0.177617926, -0.5759317204, 0.7979690006),
                (0.216136128, -0.177023649, 0.9601811297),
                (0.215964794, 0.2608557135, 0.9409109971),
                (0.174573427, 0.6558765974, 0.7344045258),
                (0.0953134107, 0.9240534995, 0.3701897943),
                (0.3297284258, 0.9394490542, -0.09335223454),
                (0.2724079767, 0.812698994, -0.5150866329),
                (0.1541410947, 0.523818911, -0.8377674327),
                (-0.002523758869, 0.1264982563, -0.9919636192),
                (-0.1608817505, -0.2971674614, -0.941174034),
                (-0.2824061999, -0.6575065398, -0.6985212153),
                (-0.3410771227, -0.8841777955, -0.3192115635),
                (-0.3294515205, -0.9364968792, 0.1201469552),
                (-0.2558095577, -0.8050202192, 0.5352606065),
                (-0.1381654656, -0.514649362, 0.8461952129),
                (0.001072767821, -0.1222808651, 0.9924949568),
                (0.1384719528, 0.2943201275, 0.9456221131),
                (0.2515487994, 0.6526481181, 0.7146842907),
                (0.3203872867, 0.8824064502, 0.3445443995),
                (0.0249871322, 0.9888684481, -0.1466793634),
                (0.08581711981, 0.8351661951, -0.5432613077),
                (0.1325549538, 0.5243274603, -0.8411360761),
                (0.155883569, 0.1086286327, -0.9817841581),
                (0.1479604665, -0.3377269955, -0.9295419177),
                (0.1056959259, -0.7245614416, -0.6810573314),
                (0.03707710494, -0.9597235932, -0.2784886228),
                (-0.03889278907, -0.9816555048, 0.1866542818),
                (-0.1019979204, -0.7905643671, 0.6038248138),
                (-0.1404162921, -0.4410812649, 0.8864144531),
                (-0.1512000802, -0.01271019462, 0.9884214621),
                (-0.1353292984, 0.4115024303, 0.9013055702),
                (-0.0959121611, 0.7559176496, 0.6476027828),
                (-0.03928823679, 0.9604293447, 0.2757388406),
                (-0.8006971709, 0.4964370469, -0.3353122409),
                (-0.6868073914, 0.3705090856, -0.6253148204),
                (-0.556284756, 0.12964118, -0.8208169313),
                (-0.4327096839, -0.1777894078, -0.8838287481),
                (-0.338929436, -0.491851659, -0.8020029819),
                (-0.2947061579, -0.7512400913, -0.5905815826),
                (-0.312253679, -0.9041937615, -0.2914297197),
                (-0.3903394375, -0.9200106856, 0.03486347416),
                (-0.5123394255, -0.7957294872, 0.3229905513),
                (-0.6508257695, -0.556309767, 0.5166674567),
                (-0.7762660444, -0.2490552058, 0.5791222088),
                (-0.8644122037, 0.066106529, 0.4984189693),
                (-0.8996815155, 0.327069891, 0.2891339776),
                (-0.8766501332, 0.4810525273, -0.008544590027),
                (0.9181049497, -0.3240370411, 0.2282176534),
                (-0.9174421565, -0.3238031141, -0.2311956591),
                (-0.3321025699, -0.9239444352, 0.1898277214),
                (-0.4500884583, -0.8845880323, -0.1221654319),
                (-0.5968229184, -0.7114314693, -0.3710359398),
                (-0.7404686633, -0.4392726132, -0.5086705516),
                (-0.8519934371, -0.1215998558, -0.5092353663),
                (-0.9106049406, 0.1796108052, -0.3722077388),
                (-0.9062187774, 0.4044857611, -0.1231210648),
                (-0.8407421196, 0.5072380245, 0.189373374),
                (-0.7275927445, 0.466876911, 0.5026278425),
                (-0.588722434, 0.2922051906, 0.7536723574),
                (-0.4499812223, 0.01906330818, 0.8928345255),
                (-0.3368049195, -0.2983892862, 0.8930432689),
                (-0.2712337161, -0.5982485942, 0.7540098745),
                (-0.2685142824, -0.8216037818, 0.5028591312),
                (0.02391398292, -0.9954534996, 0.09219789298),
                (-0.09919561077, -0.9292198599, -0.3559644404),
                (-0.200664468, -0.6645137669, -0.7198299972),
                (-0.2602332031, -0.269422252, -0.9271948717),
                (-0.2673223795, 0.1704040442, -0.9484203747),
                (-0.2223775331, 0.5716296407, -0.7898023719),
                (-0.1352674885, 0.8634695137, -0.4859249998),
                (-0.02259167901, 0.9953439826, -0.09370150676),
                (0.09499268827, 0.9441250196, 0.315601547),
                (0.195766285, 0.7181872292, 0.6677444612),
                (0.2601140906, 0.3558698208, 0.8976064452),
                (0.2738353253, -0.08025269011, 0.9584225166),
                (0.232195357, -0.5097180494, 0.8284158535),
                (0.1427605742, -0.8420616556, 0.520145736),
                (-0.3188230718, -0.9380778525, 0.1355056882),
                (-0.3596915577, -0.8835112493, -0.3000497553),
                (-0.3316903695, -0.6571944671, -0.6768138084),
                (-0.2421087372, -0.3012494745, -0.9222971937),
                (-0.107555656, 0.1154723484, -0.9874704642),
                (0.04838090431, 0.5097096691, -0.8589850647),
                (0.1974108269, 0.8025357006, -0.5629968158),
                (0.3101422402, 0.9373992049, -0.1584125045),
                (0.3619761948, 0.8899484986, 0.2774254931),
                (0.3397209323, 0.6678163154, 0.6622771754),
                (0.2464557461, 0.309348615, 0.9184568578),
                (0.1017719245, -0.115573052, 0.9880715283),
                (-0.06334529222, -0.5165282576, 0.853923845),
                (-0.2137858928, -0.8090857085, 0.5474266237),
                (-0.01227526405, -0.9878535944, 0.1549018847),
                (0.01305452896, -0.9622877071, -0.271720349),
                (0.0355224277, -0.760471444, -0.6483990593),
                (0.05084474648, -0.4182912073, -0.9068887901),
                (0.05578565109, 0.004440174885, -0.9984328951),
                (0.04889544554, 0.4325938002, -0.9002620949),
                (0.03178298865, 0.7838947564, -0.6200797147),
                (0.009155695906, 0.9793296212, -0.2020635203),
                (-0.01389954268, 0.9630895713, 0.2688220235),
                (-0.03421401795, 0.731892086, 0.680561074),
                (-0.04958603167, 0.3458839149, 0.9369661375),
                (-0.05648550212, -0.1013697824, 0.9932439556),
                (-0.05160538953, -0.5185710444, 0.8534758085),
                (-0.0355283511, -0.8314959755, 0.5543935236),
                (0.2798023711, -0.9299011291, 0.2387352577),
                (0.3676231545, -0.9095029276, -0.1940557676),
                (0.3845323636, -0.7113242269, -0.5883474361),
                (0.329842324, -0.3724282015, -0.8674683142),
                (0.2137982936, 0.04152138175, -0.9759950126),
                (0.05614030345, 0.4479034683, -0.8923176281),
                (-0.1154439043, 0.7648602259, -0.6337677333),
                (-0.2682232428, 0.9297138963, -0.2523655345),
                (-0.3701167558, 0.9118728093, 0.1774868072),
                (-0.3975154512, 0.7156961711, 0.5742477311),
                (-0.3420655293, 0.3766997855, 0.8608649402),
                (-0.2143657988, -0.04082795533, 0.9758997809),
                (-0.0428064199, -0.4508788695, 0.8915581055),
                (0.1342017153, -0.7677060926, 0.6265917769),
                (-0.0538399059, -0.9841119949, 0.1691887882),
                (0.08501130007, -0.9563644144, -0.2795356609),
                (0.2026367112, -0.7206753476, -0.6629972901),
                (0.2733537974, -0.3392612064, -0.9000997363),
                (0.2869954877, 0.1014335891, -0.9525464908),
                (0.2458427102, 0.5152515435, -0.8210220513),
                (0.1600031801, 0.8283967317, -0.5368033506),
                (0.04551266707, 0.9869326309, -0.1545722456),
                (-0.07721360735, 0.9636751036, 0.2556723559),
                (-0.1863837789, 0.7626204023, 0.6194119864),
                (-0.2624571274, 0.4182727386, 0.8695770077),
                (-0.2908024196, -0.009716715051, 0.9567337865),
                (-0.2630389704, -0.4437050965, 0.8567008155),
                (-0.1794431266, -0.7961687372, 0.5778542258),
                (-0.3518777814, -0.929738816, 0.1084793115),
                (-0.2534908887, -0.91195523, -0.322614364),
                (-0.1008914279, -0.714563191, -0.6922574419),
                (0.07745699899, -0.3724519603, -0.924813468),
                (0.2434380396, 0.04649689949, -0.9688013002),
                (0.3593702053, 0.4541797437, -0.8152139694),
                (0.3997144665, 0.7679952308, -0.5004115014),
                (0.3577192489, 0.929475893, -0.09006388479),
                (0.2452067884, 0.9089618591, 0.3371379089),
                (0.08790986797, 0.7090029947, 0.6997046582),
                (-0.0818681714, 0.3676068082, 0.9263707881),
                (-0.2326070406, -0.04716530777, 0.9714264761),
                (-0.3383229464, -0.4518483156, 0.8254518058),
                (-0.3809554733, -0.7661725488, 0.5175447351),
                (-0.002692040295, -0.9914076148, 0.1307810924),
                (0.01883277929, -0.9551408715, -0.2955524352),
                (0.03688200613, -0.7421723477, -0.6691934877),
                (0.04692517245, -0.3874303003, -0.9207039647),
                (0.04633411363, 0.04905824618, -0.9977206214),
                (0.03699737973, 0.4866809645, -0.8727959857),
                (0.02337296818, 0.8306308928, -0.5563326562),
                (0.007320590798, 0.993692075, -0.1119038386),
                (-0.01111253035, 0.9354371729, 0.3533182804),
                (-0.02948282891, 0.6798418856, 0.732765838),
                (-0.04247340976, 0.2935618063, 0.9549960604),
                (-0.04574035157, -0.14171776, 0.9888497847),
                (-0.0386224815, -0.5452271843, 0.837398126),
                (-0.02317489168, -0.8460312295, 0.532629405),
                (0.3433764617, -0.9350102558, 0.08859134878),
                (0.2659191835, -0.9000148861, -0.3453406907),
                (0.1324943756, -0.6869471189, -0.7145270437),
                (-0.03103776684, -0.3327516967, -0.9425035625),
                (-0.1904438414, 0.09144104263, -0.9774301402),
                (-0.3118593282, 0.4947055955, -0.8111782376),
                (-0.3694757137, 0.7938282832, -0.4830365967),
                (-0.3517636111, 0.933940976, -0.06337677286),
                (-0.2643146145, 0.8920534669, 0.3665765906),
                (-0.1271769817, 0.6757514361, 0.7260757618),
                (0.03115293725, 0.3251786895, 0.9451393095),
                (0.180539611, -0.09060470338, 0.9793856424),
                (0.2944004135, -0.4880279806, 0.8216794306),
                (0.3525718917, -0.7885100489, 0.5039295228),
                (0.05483221452, -0.9811645319, 0.1852284792),
                (-0.07156763155, -0.9608412483, -0.2676979076),
                (-0.1830334688, -0.7300094244, -0.6584717075),
                (-0.2560361433, -0.3493681919, -0.9013253352),
                (-0.276181513, 0.09290290178, -0.9566048415),
                (-0.2411032858, 0.5090354046, -0.8262881836),
                (-0.159811584, 0.8247206871, -0.5424905952),
                (-0.04905273921, 0.9859076678, -0.1599371732),
                (0.07027344126, 0.9653297264, 0.2513964256),
                (0.1763197679, 0.7669761915, 0.6169755758),
                (0.2495132083, 0.4253419288, 0.8699582763),
                (0.2754259746, -0.0002708897971, 0.9613222452),
                (0.247388544, -0.4332345941, 0.8666641188),
                (0.1689858805, -0.7875616116, 0.5926132636),
                (0.4039904476, -0.9146282619, 0.01571180571),
                (0.3032199939, -0.9031523377, -0.3039300744),
                (0.2627698489, -0.7542537314, -0.6017086631),
                (0.2888515826, -0.497844261, -0.8177504846),
                (0.3732769128, -0.1847743527, -0.9091329853),
                (0.4980157087, 0.123743841, -0.8582935486),
                (0.6396347059, 0.36735508, -0.6752167713),
                (0.772175972, 0.4971809957, -0.395670729),
                (0.870582814, 0.486212831, -0.0753833331),
                (0.9154053151, 0.336339729, 0.2211531049),
                (0.8970635486, 0.07830826617, 0.4349078124),
                (0.817950182, -0.2357479372, 0.5247670054),
                (0.6921644954, -0.5439690159, 0.4743479956),
                (0.5438655858, -0.7862661084, 0.2932504584),
                (-0.9021417127, -0.3184029574, 0.2911355131),
                (0.9021633292, -0.3184105868, -0.2910601752),
                (0.8512302494, 0.5040102227, 0.1462216055),
                (0.8963853289, 0.4085000036, -0.1721077839),
                (0.8847926595, 0.1891047095, -0.425888904),
                (0.8175426632, -0.1093393727, -0.5653926914),
                (0.7060974105, -0.4273179593, -0.5646466228),
                (0.5710298719, -0.7027462369, -0.4243496341),
                (0.4398675307, -0.8816382049, -0.1709696788),
                (0.3417303267, -0.9282930895, 0.1466026049),
                (0.2986004355, -0.8331973767, 0.4654244422),
                (0.3183245983, -0.6153258249, 0.7211404713),
                (0.3936322754, -0.3183987951, 0.8623664181),
                (0.5070142191, -0.0009222652905, 0.8619371967),
                (0.6364907319, 0.2754689174, 0.7204140641),
                (0.7586865214, 0.4561628254, 0.4650916458),
                (0.007233436542, 0.9981863637, -0.05976337293),
                (0.0660197786, 0.8815805307, -0.4673940058),
                (0.1128927949, 0.6029673741, -0.7897376543),
                (0.1400548484, 0.211159864, -0.9673655727),
                (0.1429877542, -0.225100184, -0.9637864957),
                (0.1198601839, -0.625552436, -0.7709200258),
                (0.07143717911, -0.9071854132, -0.414621943),
                (0.004396366065, -0.9992167157, 0.03932718033),
                (-0.06597330755, -0.8699197888, 0.4887607632),
                (-0.1204061088, -0.5505729448, 0.8260579891),
                (-0.1454072459, -0.1227305776, 0.981730074),
                (-0.1385292577, 0.3193058165, 0.9374718344),
                (-0.1051168582, 0.6921328418, 0.7140746287),
                (-0.05333924552, 0.9316432176, 0.3594382283),
                (-0.3394046649, 0.9394088587, -0.04811932741),
                (-0.3136023602, 0.8232267344, -0.4732349348),
                (-0.2318504144, 0.5450533811, -0.805706024),
                (-0.1103743108, 0.1589025829, -0.9811052342),
                (0.03034579033, -0.2590348019, -0.9653911665),
                (0.1672656126, -0.6258673146, -0.7617823307),
                (0.2764344744, -0.8691480968, -0.4100799522),
                (0.3355073804, -0.9417908502, 0.02155903809),
                (0.3281134786, -0.8302539836, 0.4505772608),
                (0.2498976946, -0.5541186362, 0.794042618),
                (0.1141203812, -0.1638739954, 0.9798580776),
                (-0.0480377544, 0.261351214, 0.9640476737),
                (-0.197073593, 0.6310906357, 0.7502576947),
                (-0.2999651641, 0.8715378299, 0.3878694514),
                (-0.03958859567, 0.9907898565, -0.1294920974),
                (-0.1376189333, 0.822358911, -0.5520750408),
                (-0.2022931959, 0.4860035836, -0.8502223119),
                (-0.2253294073, 0.06062146157, -0.9723948255),
                (-0.2067367165, -0.3691437314, -0.9060865497),
                (-0.1513224065, -0.7257915602, -0.6710649301),
                (-0.06874108272, -0.9471598099, -0.3133096839),
                (0.02673295866, -0.9944583305, 0.1016758467),
                (0.1183329316, -0.8586529959, 0.4987106875),
                (0.1897392666, -0.5620745551, 0.8050286984),
                (0.2271914, -0.1548990356, 0.9614522123),
                (0.2204325046, 0.2906983354, 0.9310767899),
                (0.1654975944, 0.6869376396, 0.7076208205),
                (0.07103131985, 0.9425406838, 0.3264530762),
                (0.2741102302, 0.9387514396, -0.2088284374),
                (0.1064597412, 0.7972772146, -0.5941509628),
                (-0.08411140787, 0.4968133254, -0.8637718395),
                (-0.258567932, 0.09540613874, -0.9612701458),
                (-0.3810180307, -0.3245603563, -0.8657284998),
                (-0.4269465998, -0.6776253962, -0.5987824508),
                (-0.3876469559, -0.8961060107, -0.216157015),
                (-0.2712321999, -0.9397767938, 0.2079727665),
                (-0.1013202572, -0.7987607342, 0.593056064),
                (0.08739572533, -0.4974975047, 0.8630516902),
                (0.2572981924, -0.0950794799, 0.9616431421),
                (0.3761033669, 0.3257832415, 0.8674165879),
                (0.4219625354, 0.679220575, 0.6005056447),
                (0.3860619419, 0.8967117511, 0.2164814366),
                (-0.03751338543, 0.9903060551, -0.1337410305),
                (-0.1282620472, 0.8407333845, -0.5260382339),
                (-0.1955541863, 0.5335654833, -0.8228404677),
                (-0.2248297444, 0.1207014106, -0.9668933527),
                (-0.2085083484, -0.3246426573, -0.9225678369),
                (-0.1497618684, -0.7135401358, -0.6844208189),
                (-0.06124305872, -0.9546446047, -0.2913811361),
                (0.03897175002, -0.9849847178, 0.1681853392),
                (0.1305974306, -0.8008901313, 0.5843965338),
                (0.1951183465, -0.4546041461, 0.8690592046),
                (0.2199296154, -0.02599914095, 0.9751692207),
                (0.2012636676, 0.400613483, 0.8938689911),
                (0.1439270997, 0.7486687933, 0.6471321565),
                (0.05914256453, 0.9574654813, 0.2824216868),
                (-0.3391411307, 0.9321815307, -0.1265736437),
                (-0.3069811877, 0.7817839965, -0.5427488675),
                (-0.2095287642, 0.4740191484, -0.8552213421),
                (-0.06659128852, 0.06612832933, -0.9955865831),
                (0.09084432494, -0.3563063133, -0.9299425357),
                (0.2286192101, -0.7023974389, -0.6740705412),
                (0.317680748, -0.9039333388, -0.2863275422),
                (0.3417756935, -0.927101002, 0.1538606755),
                (0.2998577572, -0.770215321, 0.5628975792),
                (0.2030121194, -0.462337484, 0.8631512789),
                (0.07024157705, -0.06225233916, 0.9955856403),
                (-0.07503259902, 0.3507831565, 0.9334459204),
                (-0.2074880756, 0.6942006845, 0.6892271818),
                (-0.302337502, 0.9008332477, 0.3115950813),
                (0.00853139173, 0.9965524652, -0.08252514429),
                (0.07483718773, 0.8471298819, -0.5260896867),
                (0.1266484882, 0.5137125834, -0.8485632222),
                (0.1532749649, 0.08063954546, -0.9848878357),
                (0.1483135272, -0.3580378783, -0.9218524694),
                (0.1130725845, -0.7207032234, -0.6839601264),
                (0.05594560803, -0.9454302788, -0.3209854777),
                (-0.01118462872, -0.9949728965, 0.09951803516),
                (-0.07559111148, -0.861948615, 0.5013288032),
                (-0.1254910383, -0.5703384659, 0.8117672287),
                (-0.1515726807, -0.1711984164, 0.9735074857),
                (-0.1483198162, 0.2653362089, 0.9526793418),
                (-0.1155195459, 0.6582874035, 0.7438500716),
                (-0.05942179289, 0.9248335403, 0.3757019741),
                (0.3368829077, 0.9415437259, -0.00230622602),
                (0.4131965542, 0.8093777409, -0.4173443184),
                (0.4059654628, 0.5179912932, -0.7529123874),
                (0.3156709675, 0.1213681822, -0.9410747072),
                (0.1608069303, -0.3015464849, -0.9397929818),
                (-0.02558420114, -0.6627533087, -0.7484006283),
                (-0.2041391348, -0.8895505003, -0.4086895168),
                (-0.3394441856, -0.9405765677, 0.009662568901),
                (-0.4072497822, -0.8080658657, 0.4256491179),
                (-0.3968973413, -0.5163068401, 0.7588805883),
                (-0.3112206747, -0.1204521452, 0.9426733116),
                (-0.1654695986, 0.3008488297, 0.9392070025),
                (0.0142547632, 0.6617942111, 0.7495500143),
                (0.1938269919, 0.889754846, 0.4132401375),
                (0.0254378232, 0.9947293505, -0.09932993718),
                (0.1347723475, 0.8603454581, -0.49157106),
                (0.2198564157, 0.5665629708, -0.7941470623),
                (0.2654923881, 0.1643165315, -0.9500072996),
                (0.2622644318, -0.2753691205, -0.92487254),
                (0.2069268702, -0.6691791924, -0.7137089595),
                (0.1051688474, -0.9315863615, -0.3479746608),
                (-0.02330842018, -0.9947899612, 0.09924540597),
                (-0.1468033472, -0.8385903764, 0.5246093383),
                (-0.2348945991, -0.5044572951, 0.830871449),
                (-0.2708244281, -0.07416624296, 0.9597674185),
                (-0.2525334733, 0.3617582756, 0.8974172914),
                (-0.1873892247, 0.7226475239, 0.6653313721),
                (-0.08874440827, 0.9462114543, 0.3111403442),
                (-0.8176548497, 0.5017260465, -0.2823322883),
                (-0.7093383251, 0.3973650622, -0.5821856645),
                (-0.5816716001, 0.1714764548, -0.7951439965),
                (-0.458639638, -0.1298817208, -0.8790793031),
                (-0.3623404971, -0.4467966043, -0.8179744241),
                (-0.3104217102, -0.7174974802, -0.6235669393),
                (-0.3144791813, -0.8887968508, -0.3333811671),
                (-0.3769048246, -0.9262362745, -0.005396010192),
                (-0.4872543059, -0.8223239811, 0.2938817984),
                (-0.622522352, -0.5980732054, 0.5047517828),
                (-0.7529677785, -0.2981612815, 0.5866339359),
                (-0.8509405502, 0.01852424215, 0.5249352651),
                (-0.8975495868, 0.2902823137, 0.3318748524),
                (-0.8851520054, 0.4632071236, 0.04410315105),
                (0.9187734408, -0.3242729791, 0.2251719333),
                (-0.9194469044, -0.3245106722, -0.2220590317)
            ] (
                interpolation = "vertex"
            )
            uniform token subdivisionScheme = "none"
        }
    }
    def Scope "Frames"
    {
        def Xform "resection_target"
        {
            custom string drAnmar:role = "bowel_resection_target"
            double3 xformOp:translate = (0.02, -0.045, -0.025)
            quatf xformOp:orient = (1, 0, 0, 0)
            uniform token[] xformOpOrder = ["xformOp:translate", "xformOp:orient"]
        }
        def Xform "mesenteric_root"
        {
            custom string drAnmar:role = "mesenteric_root"
            double3 xformOp:translate = (0, 0.005, -0.045)
            quatf xformOp:orient = (1, 0, 0, 0)
            uniform token[] xformOpOrder = ["xformOp:translate", "xformOp:orient"]
        }
    }
}
