#usda 1.0
(
    defaultPrim = "DrAnmarAbdominalAdhesions"
    doc = "Abdominal Adhesions: modular component of the DrAnmar dynamic abdominal research patient."
    kilogramsPerUnit = 1
    metersPerUnit = 1
    upAxis = "Z"
)

def Xform "DrAnmarAbdominalAdhesions" (
    assetInfo = {
        string name = "DrAnmarAbdominalAdhesions"
        string version = "0.1.0"
    }
    kind = "component"
)
{
    custom string drAnmar:assetId = "dranmar-dynamic-abdominal-patient-v1:adhesions"
    custom string drAnmar:category = "pathology"
    custom string drAnmar:mechanics = "breakable_attachment_graph"
    custom float drAnmar:densityKgM3 = 1050
    custom float drAnmar:massKg = 0.01
    custom float drAnmar:youngsModulusPa = 180000
    custom float drAnmar:poissonsRatio = 0.45
    custom float drAnmar:damping = 0.16
    custom float drAnmar:perfusionFraction = 0.001
    custom vector3f drAnmar:respirationCoupling = (0, 0, 0.003)
    custom float drAnmar:pulsationFraction = 0
    custom bool drAnmar:clinicalValidation = false
    def Scope "Looks"
    {
        def Material "Adhesion"
        {
            def Shader "PreviewSurface"
            {
                uniform token info:id = "UsdPreviewSurface"
                color3f inputs:diffuseColor = (0.85, 0.62, 0.55)
                float inputs:metallic = 0
                float inputs:roughness = 0.55
                float inputs:opacity = 0.7
                token outputs:surface
            }
            token outputs:surface.connect = </DrAnmarAbdominalAdhesions/Looks/Adhesion/PreviewSurface.outputs:surface>
        }
    }
    def Xform "Geometry"
    {
        def Mesh "Visual" (
            prepend apiSchemas = ["MaterialBindingAPI"]
        )
        {
            rel material:binding = </DrAnmarAbdominalAdhesions/Looks/Adhesion>
            custom token[] drAnmar:labels = ["adhesion", "breakable_bridge", "pathology"]
            uniform bool doubleSided = false
            float3[] extent = [(-0.1360381037, -0.09205107037, -0.03007238912), (0.1360381037, 0.06199561352, 0.04546169762)]
            int[] faceVertexCounts = [3, 3, 3, 3, 3, 3, 3, 3, 3, 3, 3, 3, 3, 3, 3, 3, 3, 3, 3, 3, 3, 3, 3, 3, 3, 3, 3, 3, 3, 3, 3, 3, 3, 3, 3, 3, 3, 3, 3, 3, 3, 3, 3, 3, 3, 3, 3, 3, 3, 3, 3, 3, 3, 3, 3, 3, 3, 3, 3, 3, 3, 3, 3, 3, 3, 3, 3, 3, 3, 3, 3, 3, 3, 3, 3, 3, 3, 3, 3, 3, 3, 3, 3, 3, 3, 3, 3, 3, 3, 3, 3, 3, 3, 3, 3, 3, 3, 3, 3, 3, 3, 3, 3, 3, 3, 3, 3, 3, 3, 3, 3, 3, 3, 3, 3, 3, 3, 3, 3, 3, 3, 3, 3, 3, 3, 3, 3, 3, 3, 3, 3, 3, 3, 3, 3, 3, 3, 3, 3, 3, 3, 3, 3, 3, 3, 3, 3, 3, 3, 3, 3, 3, 3, 3, 3, 3, 3, 3, 3, 3, 3, 3, 3, 3, 3, 3, 3, 3, 3, 3, 3, 3, 3, 3, 3, 3, 3, 3, 3, 3, 3, 3, 3, 3, 3, 3, 3, 3, 3, 3, 3, 3, 3, 3, 3, 3, 3, 3, 3, 3, 3, 3, 3, 3, 3, 3, 3, 3, 3, 3, 3, 3, 3, 3, 3, 3, 3, 3, 3, 3, 3, 3, 3, 3, 3, 3, 3, 3, 3, 3, 3, 3, 3, 3, 3, 3, 3, 3, 3, 3, 3, 3, 3, 3, 3, 3, 3, 3, 3, 3, 3, 3, 3, 3, 3, 3, 3, 3, 3, 3, 3, 3, 3, 3, 3, 3, 3, 3, 3, 3, 3, 3, 3, 3, 3, 3, 3, 3, 3, 3, 3, 3, 3, 3, 3, 3, 3, 3, 3, 3, 3, 3, 3, 3, 3, 3, 3, 3, 3, 3, 3, 3, 3, 3, 3, 3, 3, 3, 3, 3, 3, 3, 3, 3, 3, 3, 3, 3, 3, 3, 3, 3, 3, 3, 3, 3, 3, 3, 3, 3, 3, 3, 3, 3, 3, 3, 3, 3, 3, 3, 3, 3, 3, 3, 3, 3, 3, 3, 3, 3, 3, 3, 3, 3, 3, 3, 3, 3, 3, 3, 3, 3, 3, 3, 3, 3, 3, 3, 3, 3, 3, 3, 3, 3, 3, 3, 3, 3, 3, 3, 3, 3, 3, 3, 3, 3, 3, 3, 3, 3, 3, 3, 3, 3, 3, 3, 3, 3, 3, 3, 3, 3, 3, 3, 3, 3, 3, 3, 3, 3, 3, 3, 3, 3, 3, 3, 3, 3, 3, 3, 3, 3, 3, 3, 3, 3, 3, 3, 3, 3, 3, 3, 3, 3, 3, 3, 3, 3, 3, 3, 3, 3, 3, 3, 3, 3, 3, 3, 3, 3, 3, 3, 3, 3, 3, 3, 3, 3, 3, 3, 3, 3, 3, 3, 3, 3, 3, 3, 3, 3, 3, 3, 3, 3, 3, 3, 3, 3, 3, 3, 3, 3, 3, 3, 3, 3, 3, 3, 3, 3, 3, 3, 3, 3, 3, 3, 3, 3, 3, 3, 3, 3, 3, 3, 3, 3, 3, 3, 3, 3, 3, 3, 3, 3, 3, 3, 3, 3, 3, 3, 3, 3, 3, 3, 3, 3, 3, 3, 3, 3, 3, 3, 3, 3, 3, 3, 3, 3, 3, 3, 3, 3, 3, 3, 3, 3, 3, 3, 3, 3, 3, 3, 3, 3, 3, 3, 3, 3, 3, 3, 3, 3, 3, 3, 3, 3, 3, 3, 3, 3, 3, 3, 3, 3, 3, 3, 3, 3, 3, 3, 3, 3, 3, 3, 3, 3, 3, 3, 3, 3, 3, 3, 3, 3, 3, 3, 3, 3, 3, 3, 3, 3, 3, 3, 3, 3, 3, 3, 3, 3, 3, 3, 3, 3, 3, 3, 3, 3, 3, 3, 3, 3, 3, 3, 3, 3, 3, 3, 3, 3, 3, 3, 3, 3, 3, 3, 3, 3, 3, 3, 3, 3, 3, 3, 3, 3, 3, 3, 3, 3, 3, 3, 3, 3, 3, 3, 3, 3, 3, 3, 3, 3, 3, 3, 3, 3, 3, 3, 3, 3, 3, 3, 3, 3, 3, 3, 3, 3, 3, 3, 3, 3, 3, 3, 3, 3, 3, 3, 3, 3, 3, 3, 3, 3, 3, 3, 3, 3, 3, 3, 3, 3, 3, 3, 3, 3, 3, 3, 3, 3, 3, 3, 3, 3, 3, 3, 3, 3, 3, 3, 3, 3, 3, 3, 3, 3, 3, 3, 3, 3, 3, 3, 3, 3, 3, 3, 3, 3, 3, 3, 3, 3, 3, 3, 3, 3, 3, 3, 3, 3, 3, 3, 3, 3, 3, 3, 3, 3, 3, 3, 3, 3, 3, 3, 3, 3, 3, 3, 3, 3, 3, 3, 3, 3, 3, 3, 3, 3, 3, 3, 3, 3, 3, 3, 3, 3, 3, 3, 3, 3, 3, 3, 3, 3, 3, 3, 3, 3, 3, 3, 3, 3, 3, 3, 3, 3, 3, 3, 3, 3, 3, 3, 3, 3, 3, 3, 3, 3, 3, 3, 3, 3, 3, 3, 3, 3, 3, 3, 3, 3, 3, 3, 3, 3, 3, 3, 3, 3, 3, 3, 3, 3, 3, 3, 3, 3, 3, 3, 3, 3, 3, 3, 3, 3, 3, 3, 3, 3, 3, 3, 3, 3, 3, 3, 3, 3, 3, 3, 3, 3, 3, 3, 3, 3, 3, 3, 3, 3, 3, 3, 3, 3, 3, 3, 3, 3, 3, 3, 3, 3, 3, 3, 3, 3, 3, 3, 3, 3, 3, 3, 3, 3, 3, 3, 3, 3, 3, 3, 3, 3, 3, 3, 3, 3, 3, 3, 3, 3, 3, 3, 3, 3, 3, 3, 3, 3, 3, 3, 3, 3, 3, 3, 3, 3, 3, 3, 3, 3, 3, 3, 3, 3, 3, 3, 3, 3, 3, 3, 3, 3, 3, 3, 3, 3, 3, 3, 3, 3, 3, 3, 3, 3, 3, 3, 3, 3, 3, 3, 3, 3, 3, 3, 3, 3, 3, 3, 3, 3, 3, 3, 3, 3, 3, 3, 3, 3, 3, 3, 3, 3, 3, 3, 3, 3, 3, 3, 3, 3, 3, 3, 3, 3, 3, 3, 3, 3, 3, 3, 3, 3, 3, 3, 3, 3, 3, 3, 3, 3, 3, 3, 3, 3, 3, 3, 3, 3, 3, 3, 3, 3, 3, 3, 3, 3, 3, 3, 3, 3, 3, 3, 3, 3, 3, 3, 3, 3, 3, 3, 3, 3, 3, 3, 3, 3, 3, 3, 3, 3, 3, 3, 3, 3, 3, 3, 3, 3, 3, 3, 3, 3, 3, 3, 3, 3, 3, 3, 3, 3, 3, 3, 3, 3, 3, 3, 3, 3, 3, 3, 3, 3, 3, 3, 3, 3, 3, 3, 3, 3, 3, 3, 3, 3, 3, 3, 3, 3, 3, 3, 3, 3, 3, 3, 3, 3, 3, 3, 3, 3, 3, 3, 3, 3, 3, 3, 3, 3, 3, 3, 3, 3, 3, 3, 3, 3, 3, 3, 3, 3, 3, 3, 3, 3, 3, 3, 3, 3, 3, 3, 3, 3, 3, 3, 3, 3, 3, 3, 3, 3, 3, 3, 3, 3, 3, 3, 3, 3, 3, 3, 3, 3, 3, 3, 3, 3, 3, 3, 3, 3, 3, 3, 3, 3, 3, 3, 3, 3, 3, 3, 3, 3, 3, 3, 3, 3, 3, 3, 3, 3, 3, 3, 3, 3, 3, 3, 3, 3, 3, 3, 3, 3, 3, 3, 3, 3, 3, 3, 3, 3, 3, 3, 3, 3, 3, 3, 3, 3, 3, 3, 3, 3, 3, 3, 3, 3, 3, 3, 3, 3, 3, 3, 3, 3, 3, 3, 3, 3, 3, 3, 3, 3, 3, 3, 3, 3, 3, 3, 3, 3, 3, 3, 3, 3, 3, 3, 3, 3, 3, 3, 3, 3, 3, 3, 3, 3, 3, 3, 3, 3, 3, 3, 3, 3, 3, 3, 3, 3, 3, 3, 3, 3, 3, 3, 3, 3, 3, 3, 3, 3, 3, 3, 3, 3, 3, 3, 3, 3, 3, 3, 3, 3, 3, 3, 3, 3, 3, 3, 3, 3, 3, 3, 3, 3, 3, 3, 3, 3, 3, 3, 3, 3, 3, 3, 3, 3, 3, 3, 3, 3, 3, 3, 3, 3, 3, 3, 3, 3, 3, 3, 3, 3, 3, 3, 3, 3, 3, 3, 3, 3, 3, 3, 3, 3, 3, 3, 3, 3, 3, 3, 3, 3, 3, 3, 3, 3, 3, 3, 3, 3, 3, 3, 3, 3, 3, 3, 3, 3, 3, 3, 3, 3, 3, 3, 3, 3, 3, 3, 3, 3, 3, 3, 3, 3, 3, 3, 3, 3, 3, 3, 3, 3, 3, 3, 3, 3, 3, 3, 3, 3, 3, 3, 3, 3, 3, 3, 3, 3, 3, 3, 3, 3, 3, 3, 3, 3, 3, 3, 3, 3, 3, 3, 3, 3, 3, 3, 3, 3, 3, 3, 3, 3, 3, 3, 3, 3, 3, 3, 3, 3, 3, 3, 3, 3, 3, 3, 3, 3, 3, 3, 3, 3, 3, 3, 3, 3, 3, 3, 3, 3, 3, 3, 3, 3, 3, 3, 3, 3, 3, 3, 3, 3, 3, 3, 3, 3, 3, 3, 3, 3, 3, 3, 3, 3, 3, 3, 3, 3, 3, 3, 3, 3, 3, 3, 3, 3, 3, 3, 3, 3, 3, 3, 3, 3, 3, 3, 3, 3, 3, 3, 3, 3, 3, 3, 3, 3, 3, 3, 3, 3, 3, 3, 3, 3, 3, 3, 3, 3, 3, 3, 3, 3, 3, 3, 3, 3, 3, 3, 3, 3, 3, 3, 3, 3, 3, 3, 3, 3, 3, 3, 3, 3, 3, 3, 3, 3, 3, 3, 3, 3, 3, 3, 3, 3, 3, 3, 3, 3, 3, 3, 3, 3, 3, 3, 3, 3, 3, 3, 3, 3, 3, 3, 3, 3, 3, 3, 3, 3, 3, 3, 3, 3, 3, 3, 3, 3, 3, 3, 3, 3, 3, 3, 3, 3, 3, 3, 3, 3, 3, 3, 3, 3, 3, 3, 3, 3, 3, 3, 3, 3, 3, 3, 3, 3, 3, 3, 3, 3, 3, 3, 3, 3, 3, 3, 3, 3, 3, 3, 3, 3, 3, 3, 3, 3, 3, 3, 3, 3, 3, 3, 3, 3, 3, 3, 3, 3, 3, 3, 3, 3, 3, 3, 3, 3, 3, 3, 3, 3, 3, 3, 3, 3, 3, 3, 3, 3, 3, 3, 3, 3, 3, 3, 3, 3, 3, 3, 3, 3, 3, 3, 3, 3, 3, 3, 3, 3, 3, 3, 3, 3, 3, 3, 3, 3, 3, 3, 3, 3, 3, 3, 3, 3, 3, 3, 3, 3, 3, 3, 3, 3, 3, 3, 3, 3, 3, 3, 3, 3, 3, 3, 3, 3, 3, 3, 3, 3, 3, 3, 3, 3, 3, 3, 3, 3, 3, 3, 3, 3, 3, 3, 3, 3, 3, 3, 3, 3, 3, 3, 3, 3, 3, 3, 3, 3, 3, 3, 3, 3, 3, 3, 3, 3, 3, 3, 3, 3, 3, 3, 3, 3, 3, 3, 3, 3, 3, 3, 3, 3, 3, 3, 3, 3, 3, 3, 3, 3, 3, 3, 3, 3, 3, 3, 3, 3, 3, 3, 3, 3, 3, 3, 3, 3, 3, 3, 3, 3, 3, 3, 3, 3, 3, 3, 3, 3, 3, 3, 3, 3, 3, 3, 3, 3, 3, 3, 3, 3, 3, 3, 3, 3, 3, 3, 3, 3, 3, 3, 3, 3, 3, 3, 3, 3, 3, 3, 3, 3, 3, 3, 3, 3, 3, 3, 3, 3, 3, 3, 3, 3, 3, 3, 3, 3, 3, 3, 3, 3, 3, 3, 3, 3, 3, 3, 3, 3, 3, 3, 3, 3, 3, 3, 3, 3, 3, 3, 3, 3, 3, 3, 3, 3, 3, 3, 3, 3, 3, 3, 3, 3, 3, 3, 3, 3, 3, 3, 3, 3, 3, 3, 3, 3, 3, 3, 3, 3, 3, 3, 3, 3, 3, 3, 3, 3, 3, 3, 3, 3, 3, 3, 3, 3, 3, 3, 3, 3, 3, 3, 3, 3, 3, 3, 3, 3, 3, 3, 3, 3, 3, 3, 3, 3, 3, 3, 3, 3, 3, 3, 3, 3, 3, 3, 3, 3, 3, 3, 3, 3, 3, 3, 3, 3, 3, 3, 3, 3, 3, 3, 3, 3, 3, 3, 3, 3, 3, 3, 3, 3, 3, 3, 3, 3, 3, 3, 3, 3, 3, 3, 3, 3, 3, 3, 3, 3, 3, 3, 3, 3, 3, 3, 3, 3, 3, 3, 3, 3, 3, 3, 3, 3, 3, 3, 3, 3, 3, 3, 3, 3, 3, 3, 3, 3, 3, 3, 3, 3, 3, 3, 3, 3, 3, 3, 3, 3, 3, 3, 3, 3, 3, 3, 3, 3, 3, 3, 3, 3, 3, 3, 3, 3, 3, 3, 3, 3, 3, 3, 3, 3, 3, 3, 3, 3, 3, 3, 3, 3, 3, 3, 3, 3, 3, 3, 3, 3, 3, 3, 3, 3, 3, 3, 3, 3, 3, 3, 3, 3, 3, 3, 3, 3, 3, 3, 3, 3, 3, 3, 3, 3, 3, 3, 3, 3, 3, 3, 3, 3, 3, 3, 3, 3, 3, 3, 3, 3, 3, 3, 3, 3, 3, 3, 3, 3, 3, 3, 3, 3, 3, 3, 3, 3, 3, 3, 3, 3, 3, 3, 3, 3, 3, 3, 3, 3, 3, 3, 3, 3, 3, 3, 3, 3, 3, 3, 3, 3, 3, 3, 3, 3, 3, 3, 3, 3, 3, 3, 3, 3, 3, 3, 3, 3, 3, 3, 3, 3, 3, 3, 3, 3, 3, 3, 3, 3, 3, 3, 3, 3, 3, 3, 3, 3, 3, 3, 3, 3, 3, 3, 3, 3, 3, 3, 3, 3, 3, 3, 3, 3, 3, 3, 3, 3, 3, 3, 3, 3, 3, 3, 3, 3, 3, 3, 3, 3, 3, 3, 3, 3, 3, 3, 3, 3, 3, 3, 3, 3, 3, 3, 3, 3, 3, 3, 3, 3, 3, 3, 3, 3, 3, 3, 3, 3, 3, 3, 3, 3, 3, 3, 3, 3, 3, 3, 3, 3, 3, 3, 3, 3, 3, 3, 3, 3, 3, 3, 3, 3, 3, 3, 3, 3, 3, 3, 3, 3, 3, 3, 3, 3, 3, 3, 3, 3, 3, 3, 3, 3, 3, 3, 3, 3, 3, 3, 3, 3, 3, 3, 3, 3, 3, 3, 3, 3, 3, 3, 3, 3, 3, 3, 3, 3, 3, 3, 3, 3, 3, 3, 3, 3, 3, 3, 3, 3, 3, 3, 3, 3, 3, 3, 3, 3, 3, 3, 3, 3, 3, 3, 3, 3, 3, 3, 3, 3, 3, 3, 3, 3, 3, 3, 3, 3, 3, 3, 3, 3, 3, 3, 3, 3, 3, 3, 3, 3, 3, 3, 3, 3, 3, 3, 3, 3, 3, 3, 3, 3, 3, 3, 3, 3, 3, 3, 3, 3, 3, 3, 3, 3, 3, 3, 3, 3, 3, 3, 3, 3, 3, 3, 3, 3, 3, 3, 3, 3, 3, 3, 3, 3, 3, 3, 3, 3, 3, 3, 3, 3, 3, 3, 3, 3, 3, 3, 3, 3, 3, 3, 3, 3, 3, 3, 3, 3, 3, 3, 3, 3, 3, 3, 3, 3, 3, 3, 3, 3, 3, 3, 3, 3, 3, 3, 3, 3, 3, 3, 3, 3, 3, 3, 3, 3, 3, 3, 3, 3, 3, 3, 3, 3, 3, 3, 3, 3, 3, 3, 3, 3, 3, 3, 3, 3, 3, 3, 3, 3, 3, 3, 3, 3, 3, 3, 3, 3, 3, 3, 3, 3, 3, 3, 3, 3, 3, 3, 3, 3, 3, 3, 3, 3, 3, 3, 3, 3, 3, 3, 3, 3, 3, 3, 3, 3, 3, 3, 3, 3, 3, 3, 3, 3, 3, 3, 3, 3, 3, 3, 3, 3, 3, 3, 3, 3, 3, 3, 3, 3, 3, 3, 3, 3, 3, 3, 3, 3, 3, 3, 3, 3, 3, 3, 3, 3, 3, 3, 3, 3, 3, 3, 3, 3, 3, 3, 3, 3, 3, 3, 3, 3, 3, 3, 3, 3, 3, 3, 3, 3, 3, 3, 3, 3, 3, 3, 3, 3, 3, 3, 3, 3, 3, 3, 3, 3, 3, 3, 3, 3, 3, 3, 3, 3, 3, 3, 3, 3, 3, 3, 3, 3, 3, 3, 3, 3, 3, 3, 3, 3, 3, 3, 3, 3, 3, 3, 3, 3, 3, 3, 3, 3, 3, 3, 3, 3, 3, 3, 3, 3, 3, 3, 3, 3, 3, 3, 3, 3, 3, 3, 3, 3, 3, 3, 3, 3, 3, 3, 3, 3, 3, 3, 3, 3, 3, 3, 3, 3, 3, 3, 3, 3, 3, 3, 3, 3, 3, 3, 3, 3, 3, 3, 3, 3, 3, 3, 3, 3, 3, 3, 3, 3, 3, 3, 3, 3, 3, 3, 3, 3, 3, 3, 3, 3, 3, 3, 3, 3, 3, 3, 3, 3, 3, 3, 3, 3, 3, 3, 3, 3, 3, 3, 3, 3, 3, 3, 3, 3, 3, 3, 3, 3, 3, 3, 3, 3, 3, 3, 3, 3, 3, 3, 3, 3, 3, 3, 3, 3, 3, 3, 3, 3, 3, 3, 3, 3, 3, 3, 3, 3, 3, 3, 3, 3, 3, 3, 3, 3, 3, 3, 3, 3, 3, 3, 3, 3, 3, 3, 3, 3, 3, 3, 3, 3, 3, 3, 3, 3, 3, 3, 3, 3, 3, 3, 3, 3, 3, 3, 3, 3, 3, 3, 3, 3, 3, 3, 3, 3, 3, 3, 3, 3, 3, 3, 3, 3, 3, 3, 3, 3, 3, 3, 3, 3, 3, 3, 3, 3, 3, 3, 3, 3, 3, 3]
            int[] faceVertexIndices = [1, 0, 12, 1, 12, 2, 2, 12, 13, 2, 13, 3, 3, 13, 14, 3, 14, 4, 4, 14, 15, 4, 15, 5, 5, 15, 16, 5, 16, 6, 6, 16, 17, 6, 17, 7, 7, 17, 18, 7, 18, 8, 8, 18, 19, 8, 19, 9, 9, 19, 20, 9, 20, 10, 10, 20, 21, 10, 21, 11, 12, 0, 22, 12, 22, 13, 13, 22, 23, 13, 23, 14, 14, 23, 24, 14, 24, 15, 15, 24, 25, 15, 25, 16, 16, 25, 26, 16, 26, 17, 17, 26, 27, 17, 27, 18, 18, 27, 28, 18, 28, 19, 19, 28, 29, 19, 29, 20, 20, 29, 30, 20, 30, 21, 21, 30, 31, 21, 31, 11, 22, 0, 32, 22, 32, 23, 23, 32, 33, 23, 33, 24, 24, 33, 34, 24, 34, 25, 25, 34, 35, 25, 35, 26, 26, 35, 36, 26, 36, 27, 27, 36, 37, 27, 37, 28, 28, 37, 38, 28, 38, 29, 29, 38, 39, 29, 39, 30, 30, 39, 40, 30, 40, 31, 31, 40, 41, 31, 41, 11, 32, 0, 42, 32, 42, 33, 33, 42, 43, 33, 43, 34, 34, 43, 44, 34, 44, 35, 35, 44, 45, 35, 45, 36, 36, 45, 46, 36, 46, 37, 37, 46, 47, 37, 47, 38, 38, 47, 48, 38, 48, 39, 39, 48, 49, 39, 49, 40, 40, 49, 50, 40, 50, 41, 41, 50, 51, 41, 51, 11, 42, 0, 52, 42, 52, 43, 43, 52, 53, 43, 53, 44, 44, 53, 54, 44, 54, 45, 45, 54, 55, 45, 55, 46, 46, 55, 56, 46, 56, 47, 47, 56, 57, 47, 57, 48, 48, 57, 58, 48, 58, 49, 49, 58, 59, 49, 59, 50, 50, 59, 60, 50, 60, 51, 51, 60, 61, 51, 61, 11, 52, 0, 62, 52, 62, 53, 53, 62, 63, 53, 63, 54, 54, 63, 64, 54, 64, 55, 55, 64, 65, 55, 65, 56, 56, 65, 66, 56, 66, 57, 57, 66, 67, 57, 67, 58, 58, 67, 68, 58, 68, 59, 59, 68, 69, 59, 69, 60, 60, 69, 70, 60, 70, 61, 61, 70, 71, 61, 71, 11, 62, 0, 72, 62, 72, 63, 63, 72, 73, 63, 73, 64, 64, 73, 74, 64, 74, 65, 65, 74, 75, 65, 75, 66, 66, 75, 76, 66, 76, 67, 67, 76, 77, 67, 77, 68, 68, 77, 78, 68, 78, 69, 69, 78, 79, 69, 79, 70, 70, 79, 80, 70, 80, 71, 71, 80, 81, 71, 81, 11, 72, 0, 82, 72, 82, 73, 73, 82, 83, 73, 83, 74, 74, 83, 84, 74, 84, 75, 75, 84, 85, 75, 85, 76, 76, 85, 86, 76, 86, 77, 77, 86, 87, 77, 87, 78, 78, 87, 88, 78, 88, 79, 79, 88, 89, 79, 89, 80, 80, 89, 90, 80, 90, 81, 81, 90, 91, 81, 91, 11, 82, 0, 92, 82, 92, 83, 83, 92, 93, 83, 93, 84, 84, 93, 94, 84, 94, 85, 85, 94, 95, 85, 95, 86, 86, 95, 96, 86, 96, 87, 87, 96, 97, 87, 97, 88, 88, 97, 98, 88, 98, 89, 89, 98, 99, 89, 99, 90, 90, 99, 100, 90, 100, 91, 91, 100, 101, 91, 101, 11, 92, 0, 102, 92, 102, 93, 93, 102, 103, 93, 103, 94, 94, 103, 104, 94, 104, 95, 95, 104, 105, 95, 105, 96, 96, 105, 106, 96, 106, 97, 97, 106, 107, 97, 107, 98, 98, 107, 108, 98, 108, 99, 99, 108, 109, 99, 109, 100, 100, 109, 110, 100, 110, 101, 101, 110, 111, 101, 111, 11, 102, 0, 112, 102, 112, 103, 103, 112, 113, 103, 113, 104, 104, 113, 114, 104, 114, 105, 105, 114, 115, 105, 115, 106, 106, 115, 116, 106, 116, 107, 107, 116, 117, 107, 117, 108, 108, 117, 118, 108, 118, 109, 109, 118, 119, 109, 119, 110, 110, 119, 120, 110, 120, 111, 111, 120, 121, 111, 121, 11, 112, 0, 1, 112, 1, 113, 113, 1, 2, 113, 2, 114, 114, 2, 3, 114, 3, 115, 115, 3, 4, 115, 4, 116, 116, 4, 5, 116, 5, 117, 117, 5, 6, 117, 6, 118, 118, 6, 7, 118, 7, 119, 119, 7, 8, 119, 8, 120, 120, 8, 9, 120, 9, 121, 121, 9, 10, 121, 10, 11, 123, 122, 134, 123, 134, 124, 124, 134, 135, 124, 135, 125, 125, 135, 136, 125, 136, 126, 126, 136, 137, 126, 137, 127, 127, 137, 138, 127, 138, 128, 128, 138, 139, 128, 139, 129, 129, 139, 140, 129, 140, 130, 130, 140, 141, 130, 141, 131, 131, 141, 142, 131, 142, 132, 132, 142, 143, 132, 143, 133, 134, 122, 144, 134, 144, 135, 135, 144, 145, 135, 145, 136, 136, 145, 146, 136, 146, 137, 137, 146, 147, 137, 147, 138, 138, 147, 148, 138, 148, 139, 139, 148, 149, 139, 149, 140, 140, 149, 150, 140, 150, 141, 141, 150, 151, 141, 151, 142, 142, 151, 152, 142, 152, 143, 143, 152, 153, 143, 153, 133, 144, 122, 154, 144, 154, 145, 145, 154, 155, 145, 155, 146, 146, 155, 156, 146, 156, 147, 147, 156, 157, 147, 157, 148, 148, 157, 158, 148, 158, 149, 149, 158, 159, 149, 159, 150, 150, 159, 160, 150, 160, 151, 151, 160, 161, 151, 161, 152, 152, 161, 162, 152, 162, 153, 153, 162, 163, 153, 163, 133, 154, 122, 164, 154, 164, 155, 155, 164, 165, 155, 165, 156, 156, 165, 166, 156, 166, 157, 157, 166, 167, 157, 167, 158, 158, 167, 168, 158, 168, 159, 159, 168, 169, 159, 169, 160, 160, 169, 170, 160, 170, 161, 161, 170, 171, 161, 171, 162, 162, 171, 172, 162, 172, 163, 163, 172, 173, 163, 173, 133, 164, 122, 174, 164, 174, 165, 165, 174, 175, 165, 175, 166, 166, 175, 176, 166, 176, 167, 167, 176, 177, 167, 177, 168, 168, 177, 178, 168, 178, 169, 169, 178, 179, 169, 179, 170, 170, 179, 180, 170, 180, 171, 171, 180, 181, 171, 181, 172, 172, 181, 182, 172, 182, 173, 173, 182, 183, 173, 183, 133, 174, 122, 184, 174, 184, 175, 175, 184, 185, 175, 185, 176, 176, 185, 186, 176, 186, 177, 177, 186, 187, 177, 187, 178, 178, 187, 188, 178, 188, 179, 179, 188, 189, 179, 189, 180, 180, 189, 190, 180, 190, 181, 181, 190, 191, 181, 191, 182, 182, 191, 192, 182, 192, 183, 183, 192, 193, 183, 193, 133, 184, 122, 194, 184, 194, 185, 185, 194, 195, 185, 195, 186, 186, 195, 196, 186, 196, 187, 187, 196, 197, 187, 197, 188, 188, 197, 198, 188, 198, 189, 189, 198, 199, 189, 199, 190, 190, 199, 200, 190, 200, 191, 191, 200, 201, 191, 201, 192, 192, 201, 202, 192, 202, 193, 193, 202, 203, 193, 203, 133, 194, 122, 204, 194, 204, 195, 195, 204, 205, 195, 205, 196, 196, 205, 206, 196, 206, 197, 197, 206, 207, 197, 207, 198, 198, 207, 208, 198, 208, 199, 199, 208, 209, 199, 209, 200, 200, 209, 210, 200, 210, 201, 201, 210, 211, 201, 211, 202, 202, 211, 212, 202, 212, 203, 203, 212, 213, 203, 213, 133, 204, 122, 214, 204, 214, 205, 205, 214, 215, 205, 215, 206, 206, 215, 216, 206, 216, 207, 207, 216, 217, 207, 217, 208, 208, 217, 218, 208, 218, 209, 209, 218, 219, 209, 219, 210, 210, 219, 220, 210, 220, 211, 211, 220, 221, 211, 221, 212, 212, 221, 222, 212, 222, 213, 213, 222, 223, 213, 223, 133, 214, 122, 224, 214, 224, 215, 215, 224, 225, 215, 225, 216, 216, 225, 226, 216, 226, 217, 217, 226, 227, 217, 227, 218, 218, 227, 228, 218, 228, 219, 219, 228, 229, 219, 229, 220, 220, 229, 230, 220, 230, 221, 221, 230, 231, 221, 231, 222, 222, 231, 232, 222, 232, 223, 223, 232, 233, 223, 233, 133, 224, 122, 234, 224, 234, 225, 225, 234, 235, 225, 235, 226, 226, 235, 236, 226, 236, 227, 227, 236, 237, 227, 237, 228, 228, 237, 238, 228, 238, 229, 229, 238, 239, 229, 239, 230, 230, 239, 240, 230, 240, 231, 231, 240, 241, 231, 241, 232, 232, 241, 242, 232, 242, 233, 233, 242, 243, 233, 243, 133, 234, 122, 123, 234, 123, 235, 235, 123, 124, 235, 124, 236, 236, 124, 125, 236, 125, 237, 237, 125, 126, 237, 126, 238, 238, 126, 127, 238, 127, 239, 239, 127, 128, 239, 128, 240, 240, 128, 129, 240, 129, 241, 241, 129, 130, 241, 130, 242, 242, 130, 131, 242, 131, 243, 243, 131, 132, 243, 132, 133, 245, 244, 256, 245, 256, 246, 246, 256, 257, 246, 257, 247, 247, 257, 258, 247, 258, 248, 248, 258, 259, 248, 259, 249, 249, 259, 260, 249, 260, 250, 250, 260, 261, 250, 261, 251, 251, 261, 262, 251, 262, 252, 252, 262, 263, 252, 263, 253, 253, 263, 264, 253, 264, 254, 254, 264, 265, 254, 265, 255, 256, 244, 266, 256, 266, 257, 257, 266, 267, 257, 267, 258, 258, 267, 268, 258, 268, 259, 259, 268, 269, 259, 269, 260, 260, 269, 270, 260, 270, 261, 261, 270, 271, 261, 271, 262, 262, 271, 272, 262, 272, 263, 263, 272, 273, 263, 273, 264, 264, 273, 274, 264, 274, 265, 265, 274, 275, 265, 275, 255, 266, 244, 276, 266, 276, 267, 267, 276, 277, 267, 277, 268, 268, 277, 278, 268, 278, 269, 269, 278, 279, 269, 279, 270, 270, 279, 280, 270, 280, 271, 271, 280, 281, 271, 281, 272, 272, 281, 282, 272, 282, 273, 273, 282, 283, 273, 283, 274, 274, 283, 284, 274, 284, 275, 275, 284, 285, 275, 285, 255, 276, 244, 286, 276, 286, 277, 277, 286, 287, 277, 287, 278, 278, 287, 288, 278, 288, 279, 279, 288, 289, 279, 289, 280, 280, 289, 290, 280, 290, 281, 281, 290, 291, 281, 291, 282, 282, 291, 292, 282, 292, 283, 283, 292, 293, 283, 293, 284, 284, 293, 294, 284, 294, 285, 285, 294, 295, 285, 295, 255, 286, 244, 296, 286, 296, 287, 287, 296, 297, 287, 297, 288, 288, 297, 298, 288, 298, 289, 289, 298, 299, 289, 299, 290, 290, 299, 300, 290, 300, 291, 291, 300, 301, 291, 301, 292, 292, 301, 302, 292, 302, 293, 293, 302, 303, 293, 303, 294, 294, 303, 304, 294, 304, 295, 295, 304, 305, 295, 305, 255, 296, 244, 306, 296, 306, 297, 297, 306, 307, 297, 307, 298, 298, 307, 308, 298, 308, 299, 299, 308, 309, 299, 309, 300, 300, 309, 310, 300, 310, 301, 301, 310, 311, 301, 311, 302, 302, 311, 312, 302, 312, 303, 303, 312, 313, 303, 313, 304, 304, 313, 314, 304, 314, 305, 305, 314, 315, 305, 315, 255, 306, 244, 316, 306, 316, 307, 307, 316, 317, 307, 317, 308, 308, 317, 318, 308, 318, 309, 309, 318, 319, 309, 319, 310, 310, 319, 320, 310, 320, 311, 311, 320, 321, 311, 321, 312, 312, 321, 322, 312, 322, 313, 313, 322, 323, 313, 323, 314, 314, 323, 324, 314, 324, 315, 315, 324, 325, 315, 325, 255, 316, 244, 326, 316, 326, 317, 317, 326, 327, 317, 327, 318, 318, 327, 328, 318, 328, 319, 319, 328, 329, 319, 329, 320, 320, 329, 330, 320, 330, 321, 321, 330, 331, 321, 331, 322, 322, 331, 332, 322, 332, 323, 323, 332, 333, 323, 333, 324, 324, 333, 334, 324, 334, 325, 325, 334, 335, 325, 335, 255, 326, 244, 336, 326, 336, 327, 327, 336, 337, 327, 337, 328, 328, 337, 338, 328, 338, 329, 329, 338, 339, 329, 339, 330, 330, 339, 340, 330, 340, 331, 331, 340, 341, 331, 341, 332, 332, 341, 342, 332, 342, 333, 333, 342, 343, 333, 343, 334, 334, 343, 344, 334, 344, 335, 335, 344, 345, 335, 345, 255, 336, 244, 346, 336, 346, 337, 337, 346, 347, 337, 347, 338, 338, 347, 348, 338, 348, 339, 339, 348, 349, 339, 349, 340, 340, 349, 350, 340, 350, 341, 341, 350, 351, 341, 351, 342, 342, 351, 352, 342, 352, 343, 343, 352, 353, 343, 353, 344, 344, 353, 354, 344, 354, 345, 345, 354, 355, 345, 355, 255, 346, 244, 356, 346, 356, 347, 347, 356, 357, 347, 357, 348, 348, 357, 358, 348, 358, 349, 349, 358, 359, 349, 359, 350, 350, 359, 360, 350, 360, 351, 351, 360, 361, 351, 361, 352, 352, 361, 362, 352, 362, 353, 353, 362, 363, 353, 363, 354, 354, 363, 364, 354, 364, 355, 355, 364, 365, 355, 365, 255, 356, 244, 245, 356, 245, 357, 357, 245, 246, 357, 246, 358, 358, 246, 247, 358, 247, 359, 359, 247, 248, 359, 248, 360, 360, 248, 249, 360, 249, 361, 361, 249, 250, 361, 250, 362, 362, 250, 251, 362, 251, 363, 363, 251, 252, 363, 252, 364, 364, 252, 253, 364, 253, 365, 365, 253, 254, 365, 254, 255, 367, 366, 378, 367, 378, 368, 368, 378, 379, 368, 379, 369, 369, 379, 380, 369, 380, 370, 370, 380, 381, 370, 381, 371, 371, 381, 382, 371, 382, 372, 372, 382, 383, 372, 383, 373, 373, 383, 384, 373, 384, 374, 374, 384, 385, 374, 385, 375, 375, 385, 386, 375, 386, 376, 376, 386, 387, 376, 387, 377, 378, 366, 388, 378, 388, 379, 379, 388, 389, 379, 389, 380, 380, 389, 390, 380, 390, 381, 381, 390, 391, 381, 391, 382, 382, 391, 392, 382, 392, 383, 383, 392, 393, 383, 393, 384, 384, 393, 394, 384, 394, 385, 385, 394, 395, 385, 395, 386, 386, 395, 396, 386, 396, 387, 387, 396, 397, 387, 397, 377, 388, 366, 398, 388, 398, 389, 389, 398, 399, 389, 399, 390, 390, 399, 400, 390, 400, 391, 391, 400, 401, 391, 401, 392, 392, 401, 402, 392, 402, 393, 393, 402, 403, 393, 403, 394, 394, 403, 404, 394, 404, 395, 395, 404, 405, 395, 405, 396, 396, 405, 406, 396, 406, 397, 397, 406, 407, 397, 407, 377, 398, 366, 408, 398, 408, 399, 399, 408, 409, 399, 409, 400, 400, 409, 410, 400, 410, 401, 401, 410, 411, 401, 411, 402, 402, 411, 412, 402, 412, 403, 403, 412, 413, 403, 413, 404, 404, 413, 414, 404, 414, 405, 405, 414, 415, 405, 415, 406, 406, 415, 416, 406, 416, 407, 407, 416, 417, 407, 417, 377, 408, 366, 418, 408, 418, 409, 409, 418, 419, 409, 419, 410, 410, 419, 420, 410, 420, 411, 411, 420, 421, 411, 421, 412, 412, 421, 422, 412, 422, 413, 413, 422, 423, 413, 423, 414, 414, 423, 424, 414, 424, 415, 415, 424, 425, 415, 425, 416, 416, 425, 426, 416, 426, 417, 417, 426, 427, 417, 427, 377, 418, 366, 428, 418, 428, 419, 419, 428, 429, 419, 429, 420, 420, 429, 430, 420, 430, 421, 421, 430, 431, 421, 431, 422, 422, 431, 432, 422, 432, 423, 423, 432, 433, 423, 433, 424, 424, 433, 434, 424, 434, 425, 425, 434, 435, 425, 435, 426, 426, 435, 436, 426, 436, 427, 427, 436, 437, 427, 437, 377, 428, 366, 438, 428, 438, 429, 429, 438, 439, 429, 439, 430, 430, 439, 440, 430, 440, 431, 431, 440, 441, 431, 441, 432, 432, 441, 442, 432, 442, 433, 433, 442, 443, 433, 443, 434, 434, 443, 444, 434, 444, 435, 435, 444, 445, 435, 445, 436, 436, 445, 446, 436, 446, 437, 437, 446, 447, 437, 447, 377, 438, 366, 448, 438, 448, 439, 439, 448, 449, 439, 449, 440, 440, 449, 450, 440, 450, 441, 441, 450, 451, 441, 451, 442, 442, 451, 452, 442, 452, 443, 443, 452, 453, 443, 453, 444, 444, 453, 454, 444, 454, 445, 445, 454, 455, 445, 455, 446, 446, 455, 456, 446, 456, 447, 447, 456, 457, 447, 457, 377, 448, 366, 458, 448, 458, 449, 449, 458, 459, 449, 459, 450, 450, 459, 460, 450, 460, 451, 451, 460, 461, 451, 461, 452, 452, 461, 462, 452, 462, 453, 453, 462, 463, 453, 463, 454, 454, 463, 464, 454, 464, 455, 455, 464, 465, 455, 465, 456, 456, 465, 466, 456, 466, 457, 457, 466, 467, 457, 467, 377, 458, 366, 468, 458, 468, 459, 459, 468, 469, 459, 469, 460, 460, 469, 470, 460, 470, 461, 461, 470, 471, 461, 471, 462, 462, 471, 472, 462, 472, 463, 463, 472, 473, 463, 473, 464, 464, 473, 474, 464, 474, 465, 465, 474, 475, 465, 475, 466, 466, 475, 476, 466, 476, 467, 467, 476, 477, 467, 477, 377, 468, 366, 478, 468, 478, 469, 469, 478, 479, 469, 479, 470, 470, 479, 480, 470, 480, 471, 471, 480, 481, 471, 481, 472, 472, 481, 482, 472, 482, 473, 473, 482, 483, 473, 483, 474, 474, 483, 484, 474, 484, 475, 475, 484, 485, 475, 485, 476, 476, 485, 486, 476, 486, 477, 477, 486, 487, 477, 487, 377, 478, 366, 367, 478, 367, 479, 479, 367, 368, 479, 368, 480, 480, 368, 369, 480, 369, 481, 481, 369, 370, 481, 370, 482, 482, 370, 371, 482, 371, 483, 483, 371, 372, 483, 372, 484, 484, 372, 373, 484, 373, 485, 485, 373, 374, 485, 374, 486, 486, 374, 375, 486, 375, 487, 487, 375, 376, 487, 376, 377, 489, 488, 500, 489, 500, 490, 490, 500, 501, 490, 501, 491, 491, 501, 502, 491, 502, 492, 492, 502, 503, 492, 503, 493, 493, 503, 504, 493, 504, 494, 494, 504, 505, 494, 505, 495, 495, 505, 506, 495, 506, 496, 496, 506, 507, 496, 507, 497, 497, 507, 508, 497, 508, 498, 498, 508, 509, 498, 509, 499, 500, 488, 510, 500, 510, 501, 501, 510, 511, 501, 511, 502, 502, 511, 512, 502, 512, 503, 503, 512, 513, 503, 513, 504, 504, 513, 514, 504, 514, 505, 505, 514, 515, 505, 515, 506, 506, 515, 516, 506, 516, 507, 507, 516, 517, 507, 517, 508, 508, 517, 518, 508, 518, 509, 509, 518, 519, 509, 519, 499, 510, 488, 520, 510, 520, 511, 511, 520, 521, 511, 521, 512, 512, 521, 522, 512, 522, 513, 513, 522, 523, 513, 523, 514, 514, 523, 524, 514, 524, 515, 515, 524, 525, 515, 525, 516, 516, 525, 526, 516, 526, 517, 517, 526, 527, 517, 527, 518, 518, 527, 528, 518, 528, 519, 519, 528, 529, 519, 529, 499, 520, 488, 530, 520, 530, 521, 521, 530, 531, 521, 531, 522, 522, 531, 532, 522, 532, 523, 523, 532, 533, 523, 533, 524, 524, 533, 534, 524, 534, 525, 525, 534, 535, 525, 535, 526, 526, 535, 536, 526, 536, 527, 527, 536, 537, 527, 537, 528, 528, 537, 538, 528, 538, 529, 529, 538, 539, 529, 539, 499, 530, 488, 540, 530, 540, 531, 531, 540, 541, 531, 541, 532, 532, 541, 542, 532, 542, 533, 533, 542, 543, 533, 543, 534, 534, 543, 544, 534, 544, 535, 535, 544, 545, 535, 545, 536, 536, 545, 546, 536, 546, 537, 537, 546, 547, 537, 547, 538, 538, 547, 548, 538, 548, 539, 539, 548, 549, 539, 549, 499, 540, 488, 550, 540, 550, 541, 541, 550, 551, 541, 551, 542, 542, 551, 552, 542, 552, 543, 543, 552, 553, 543, 553, 544, 544, 553, 554, 544, 554, 545, 545, 554, 555, 545, 555, 546, 546, 555, 556, 546, 556, 547, 547, 556, 557, 547, 557, 548, 548, 557, 558, 548, 558, 549, 549, 558, 559, 549, 559, 499, 550, 488, 560, 550, 560, 551, 551, 560, 561, 551, 561, 552, 552, 561, 562, 552, 562, 553, 553, 562, 563, 553, 563, 554, 554, 563, 564, 554, 564, 555, 555, 564, 565, 555, 565, 556, 556, 565, 566, 556, 566, 557, 557, 566, 567, 557, 567, 558, 558, 567, 568, 558, 568, 559, 559, 568, 569, 559, 569, 499, 560, 488, 570, 560, 570, 561, 561, 570, 571, 561, 571, 562, 562, 571, 572, 562, 572, 563, 563, 572, 573, 563, 573, 564, 564, 573, 574, 564, 574, 565, 565, 574, 575, 565, 575, 566, 566, 575, 576, 566, 576, 567, 567, 576, 577, 567, 577, 568, 568, 577, 578, 568, 578, 569, 569, 578, 579, 569, 579, 499, 570, 488, 580, 570, 580, 571, 571, 580, 581, 571, 581, 572, 572, 581, 582, 572, 582, 573, 573, 582, 583, 573, 583, 574, 574, 583, 584, 574, 584, 575, 575, 584, 585, 575, 585, 576, 576, 585, 586, 576, 586, 577, 577, 586, 587, 577, 587, 578, 578, 587, 588, 578, 588, 579, 579, 588, 589, 579, 589, 499, 580, 488, 590, 580, 590, 581, 581, 590, 591, 581, 591, 582, 582, 591, 592, 582, 592, 583, 583, 592, 593, 583, 593, 584, 584, 593, 594, 584, 594, 585, 585, 594, 595, 585, 595, 586, 586, 595, 596, 586, 596, 587, 587, 596, 597, 587, 597, 588, 588, 597, 598, 588, 598, 589, 589, 598, 599, 589, 599, 499, 590, 488, 600, 590, 600, 591, 591, 600, 601, 591, 601, 592, 592, 601, 602, 592, 602, 593, 593, 602, 603, 593, 603, 594, 594, 603, 604, 594, 604, 595, 595, 604, 605, 595, 605, 596, 596, 605, 606, 596, 606, 597, 597, 606, 607, 597, 607, 598, 598, 607, 608, 598, 608, 599, 599, 608, 609, 599, 609, 499, 600, 488, 489, 600, 489, 601, 601, 489, 490, 601, 490, 602, 602, 490, 491, 602, 491, 603, 603, 491, 492, 603, 492, 604, 604, 492, 493, 604, 493, 605, 605, 493, 494, 605, 494, 606, 606, 494, 495, 606, 495, 607, 607, 495, 496, 607, 496, 608, 608, 496, 497, 608, 497, 609, 609, 497, 498, 609, 498, 499, 611, 610, 622, 611, 622, 612, 612, 622, 623, 612, 623, 613, 613, 623, 624, 613, 624, 614, 614, 624, 625, 614, 625, 615, 615, 625, 626, 615, 626, 616, 616, 626, 627, 616, 627, 617, 617, 627, 628, 617, 628, 618, 618, 628, 629, 618, 629, 619, 619, 629, 630, 619, 630, 620, 620, 630, 631, 620, 631, 621, 622, 610, 632, 622, 632, 623, 623, 632, 633, 623, 633, 624, 624, 633, 634, 624, 634, 625, 625, 634, 635, 625, 635, 626, 626, 635, 636, 626, 636, 627, 627, 636, 637, 627, 637, 628, 628, 637, 638, 628, 638, 629, 629, 638, 639, 629, 639, 630, 630, 639, 640, 630, 640, 631, 631, 640, 641, 631, 641, 621, 632, 610, 642, 632, 642, 633, 633, 642, 643, 633, 643, 634, 634, 643, 644, 634, 644, 635, 635, 644, 645, 635, 645, 636, 636, 645, 646, 636, 646, 637, 637, 646, 647, 637, 647, 638, 638, 647, 648, 638, 648, 639, 639, 648, 649, 639, 649, 640, 640, 649, 650, 640, 650, 641, 641, 650, 651, 641, 651, 621, 642, 610, 652, 642, 652, 643, 643, 652, 653, 643, 653, 644, 644, 653, 654, 644, 654, 645, 645, 654, 655, 645, 655, 646, 646, 655, 656, 646, 656, 647, 647, 656, 657, 647, 657, 648, 648, 657, 658, 648, 658, 649, 649, 658, 659, 649, 659, 650, 650, 659, 660, 650, 660, 651, 651, 660, 661, 651, 661, 621, 652, 610, 662, 652, 662, 653, 653, 662, 663, 653, 663, 654, 654, 663, 664, 654, 664, 655, 655, 664, 665, 655, 665, 656, 656, 665, 666, 656, 666, 657, 657, 666, 667, 657, 667, 658, 658, 667, 668, 658, 668, 659, 659, 668, 669, 659, 669, 660, 660, 669, 670, 660, 670, 661, 661, 670, 671, 661, 671, 621, 662, 610, 672, 662, 672, 663, 663, 672, 673, 663, 673, 664, 664, 673, 674, 664, 674, 665, 665, 674, 675, 665, 675, 666, 666, 675, 676, 666, 676, 667, 667, 676, 677, 667, 677, 668, 668, 677, 678, 668, 678, 669, 669, 678, 679, 669, 679, 670, 670, 679, 680, 670, 680, 671, 671, 680, 681, 671, 681, 621, 672, 610, 682, 672, 682, 673, 673, 682, 683, 673, 683, 674, 674, 683, 684, 674, 684, 675, 675, 684, 685, 675, 685, 676, 676, 685, 686, 676, 686, 677, 677, 686, 687, 677, 687, 678, 678, 687, 688, 678, 688, 679, 679, 688, 689, 679, 689, 680, 680, 689, 690, 680, 690, 681, 681, 690, 691, 681, 691, 621, 682, 610, 692, 682, 692, 683, 683, 692, 693, 683, 693, 684, 684, 693, 694, 684, 694, 685, 685, 694, 695, 685, 695, 686, 686, 695, 696, 686, 696, 687, 687, 696, 697, 687, 697, 688, 688, 697, 698, 688, 698, 689, 689, 698, 699, 689, 699, 690, 690, 699, 700, 690, 700, 691, 691, 700, 701, 691, 701, 621, 692, 610, 702, 692, 702, 693, 693, 702, 703, 693, 703, 694, 694, 703, 704, 694, 704, 695, 695, 704, 705, 695, 705, 696, 696, 705, 706, 696, 706, 697, 697, 706, 707, 697, 707, 698, 698, 707, 708, 698, 708, 699, 699, 708, 709, 699, 709, 700, 700, 709, 710, 700, 710, 701, 701, 710, 711, 701, 711, 621, 702, 610, 712, 702, 712, 703, 703, 712, 713, 703, 713, 704, 704, 713, 714, 704, 714, 705, 705, 714, 715, 705, 715, 706, 706, 715, 716, 706, 716, 707, 707, 716, 717, 707, 717, 708, 708, 717, 718, 708, 718, 709, 709, 718, 719, 709, 719, 710, 710, 719, 720, 710, 720, 711, 711, 720, 721, 711, 721, 621, 712, 610, 722, 712, 722, 713, 713, 722, 723, 713, 723, 714, 714, 723, 724, 714, 724, 715, 715, 724, 725, 715, 725, 716, 716, 725, 726, 716, 726, 717, 717, 726, 727, 717, 727, 718, 718, 727, 728, 718, 728, 719, 719, 728, 729, 719, 729, 720, 720, 729, 730, 720, 730, 721, 721, 730, 731, 721, 731, 621, 722, 610, 611, 722, 611, 723, 723, 611, 612, 723, 612, 724, 724, 612, 613, 724, 613, 725, 725, 613, 614, 725, 614, 726, 726, 614, 615, 726, 615, 727, 727, 615, 616, 727, 616, 728, 728, 616, 617, 728, 617, 729, 729, 617, 618, 729, 618, 730, 730, 618, 619, 730, 619, 731, 731, 619, 620, 731, 620, 621, 733, 732, 744, 733, 744, 734, 734, 744, 745, 734, 745, 735, 735, 745, 746, 735, 746, 736, 736, 746, 747, 736, 747, 737, 737, 747, 748, 737, 748, 738, 738, 748, 749, 738, 749, 739, 739, 749, 750, 739, 750, 740, 740, 750, 751, 740, 751, 741, 741, 751, 752, 741, 752, 742, 742, 752, 753, 742, 753, 743, 744, 732, 754, 744, 754, 745, 745, 754, 755, 745, 755, 746, 746, 755, 756, 746, 756, 747, 747, 756, 757, 747, 757, 748, 748, 757, 758, 748, 758, 749, 749, 758, 759, 749, 759, 750, 750, 759, 760, 750, 760, 751, 751, 760, 761, 751, 761, 752, 752, 761, 762, 752, 762, 753, 753, 762, 763, 753, 763, 743, 754, 732, 764, 754, 764, 755, 755, 764, 765, 755, 765, 756, 756, 765, 766, 756, 766, 757, 757, 766, 767, 757, 767, 758, 758, 767, 768, 758, 768, 759, 759, 768, 769, 759, 769, 760, 760, 769, 770, 760, 770, 761, 761, 770, 771, 761, 771, 762, 762, 771, 772, 762, 772, 763, 763, 772, 773, 763, 773, 743, 764, 732, 774, 764, 774, 765, 765, 774, 775, 765, 775, 766, 766, 775, 776, 766, 776, 767, 767, 776, 777, 767, 777, 768, 768, 777, 778, 768, 778, 769, 769, 778, 779, 769, 779, 770, 770, 779, 780, 770, 780, 771, 771, 780, 781, 771, 781, 772, 772, 781, 782, 772, 782, 773, 773, 782, 783, 773, 783, 743, 774, 732, 784, 774, 784, 775, 775, 784, 785, 775, 785, 776, 776, 785, 786, 776, 786, 777, 777, 786, 787, 777, 787, 778, 778, 787, 788, 778, 788, 779, 779, 788, 789, 779, 789, 780, 780, 789, 790, 780, 790, 781, 781, 790, 791, 781, 791, 782, 782, 791, 792, 782, 792, 783, 783, 792, 793, 783, 793, 743, 784, 732, 794, 784, 794, 785, 785, 794, 795, 785, 795, 786, 786, 795, 796, 786, 796, 787, 787, 796, 797, 787, 797, 788, 788, 797, 798, 788, 798, 789, 789, 798, 799, 789, 799, 790, 790, 799, 800, 790, 800, 791, 791, 800, 801, 791, 801, 792, 792, 801, 802, 792, 802, 793, 793, 802, 803, 793, 803, 743, 794, 732, 804, 794, 804, 795, 795, 804, 805, 795, 805, 796, 796, 805, 806, 796, 806, 797, 797, 806, 807, 797, 807, 798, 798, 807, 808, 798, 808, 799, 799, 808, 809, 799, 809, 800, 800, 809, 810, 800, 810, 801, 801, 810, 811, 801, 811, 802, 802, 811, 812, 802, 812, 803, 803, 812, 813, 803, 813, 743, 804, 732, 814, 804, 814, 805, 805, 814, 815, 805, 815, 806, 806, 815, 816, 806, 816, 807, 807, 816, 817, 807, 817, 808, 808, 817, 818, 808, 818, 809, 809, 818, 819, 809, 819, 810, 810, 819, 820, 810, 820, 811, 811, 820, 821, 811, 821, 812, 812, 821, 822, 812, 822, 813, 813, 822, 823, 813, 823, 743, 814, 732, 824, 814, 824, 815, 815, 824, 825, 815, 825, 816, 816, 825, 826, 816, 826, 817, 817, 826, 827, 817, 827, 818, 818, 827, 828, 818, 828, 819, 819, 828, 829, 819, 829, 820, 820, 829, 830, 820, 830, 821, 821, 830, 831, 821, 831, 822, 822, 831, 832, 822, 832, 823, 823, 832, 833, 823, 833, 743, 824, 732, 834, 824, 834, 825, 825, 834, 835, 825, 835, 826, 826, 835, 836, 826, 836, 827, 827, 836, 837, 827, 837, 828, 828, 837, 838, 828, 838, 829, 829, 838, 839, 829, 839, 830, 830, 839, 840, 830, 840, 831, 831, 840, 841, 831, 841, 832, 832, 841, 842, 832, 842, 833, 833, 842, 843, 833, 843, 743, 834, 732, 844, 834, 844, 835, 835, 844, 845, 835, 845, 836, 836, 845, 846, 836, 846, 837, 837, 846, 847, 837, 847, 838, 838, 847, 848, 838, 848, 839, 839, 848, 849, 839, 849, 840, 840, 849, 850, 840, 850, 841, 841, 850, 851, 841, 851, 842, 842, 851, 852, 842, 852, 843, 843, 852, 853, 843, 853, 743, 844, 732, 733, 844, 733, 845, 845, 733, 734, 845, 734, 846, 846, 734, 735, 846, 735, 847, 847, 735, 736, 847, 736, 848, 848, 736, 737, 848, 737, 849, 849, 737, 738, 849, 738, 850, 850, 738, 739, 850, 739, 851, 851, 739, 740, 851, 740, 852, 852, 740, 741, 852, 741, 853, 853, 741, 742, 853, 742, 743, 855, 854, 866, 855, 866, 856, 856, 866, 867, 856, 867, 857, 857, 867, 868, 857, 868, 858, 858, 868, 869, 858, 869, 859, 859, 869, 870, 859, 870, 860, 860, 870, 871, 860, 871, 861, 861, 871, 872, 861, 872, 862, 862, 872, 873, 862, 873, 863, 863, 873, 874, 863, 874, 864, 864, 874, 875, 864, 875, 865, 866, 854, 876, 866, 876, 867, 867, 876, 877, 867, 877, 868, 868, 877, 878, 868, 878, 869, 869, 878, 879, 869, 879, 870, 870, 879, 880, 870, 880, 871, 871, 880, 881, 871, 881, 872, 872, 881, 882, 872, 882, 873, 873, 882, 883, 873, 883, 874, 874, 883, 884, 874, 884, 875, 875, 884, 885, 875, 885, 865, 876, 854, 886, 876, 886, 877, 877, 886, 887, 877, 887, 878, 878, 887, 888, 878, 888, 879, 879, 888, 889, 879, 889, 880, 880, 889, 890, 880, 890, 881, 881, 890, 891, 881, 891, 882, 882, 891, 892, 882, 892, 883, 883, 892, 893, 883, 893, 884, 884, 893, 894, 884, 894, 885, 885, 894, 895, 885, 895, 865, 886, 854, 896, 886, 896, 887, 887, 896, 897, 887, 897, 888, 888, 897, 898, 888, 898, 889, 889, 898, 899, 889, 899, 890, 890, 899, 900, 890, 900, 891, 891, 900, 901, 891, 901, 892, 892, 901, 902, 892, 902, 893, 893, 902, 903, 893, 903, 894, 894, 903, 904, 894, 904, 895, 895, 904, 905, 895, 905, 865, 896, 854, 906, 896, 906, 897, 897, 906, 907, 897, 907, 898, 898, 907, 908, 898, 908, 899, 899, 908, 909, 899, 909, 900, 900, 909, 910, 900, 910, 901, 901, 910, 911, 901, 911, 902, 902, 911, 912, 902, 912, 903, 903, 912, 913, 903, 913, 904, 904, 913, 914, 904, 914, 905, 905, 914, 915, 905, 915, 865, 906, 854, 916, 906, 916, 907, 907, 916, 917, 907, 917, 908, 908, 917, 918, 908, 918, 909, 909, 918, 919, 909, 919, 910, 910, 919, 920, 910, 920, 911, 911, 920, 921, 911, 921, 912, 912, 921, 922, 912, 922, 913, 913, 922, 923, 913, 923, 914, 914, 923, 924, 914, 924, 915, 915, 924, 925, 915, 925, 865, 916, 854, 926, 916, 926, 917, 917, 926, 927, 917, 927, 918, 918, 927, 928, 918, 928, 919, 919, 928, 929, 919, 929, 920, 920, 929, 930, 920, 930, 921, 921, 930, 931, 921, 931, 922, 922, 931, 932, 922, 932, 923, 923, 932, 933, 923, 933, 924, 924, 933, 934, 924, 934, 925, 925, 934, 935, 925, 935, 865, 926, 854, 936, 926, 936, 927, 927, 936, 937, 927, 937, 928, 928, 937, 938, 928, 938, 929, 929, 938, 939, 929, 939, 930, 930, 939, 940, 930, 940, 931, 931, 940, 941, 931, 941, 932, 932, 941, 942, 932, 942, 933, 933, 942, 943, 933, 943, 934, 934, 943, 944, 934, 944, 935, 935, 944, 945, 935, 945, 865, 936, 854, 946, 936, 946, 937, 937, 946, 947, 937, 947, 938, 938, 947, 948, 938, 948, 939, 939, 948, 949, 939, 949, 940, 940, 949, 950, 940, 950, 941, 941, 950, 951, 941, 951, 942, 942, 951, 952, 942, 952, 943, 943, 952, 953, 943, 953, 944, 944, 953, 954, 944, 954, 945, 945, 954, 955, 945, 955, 865, 946, 854, 956, 946, 956, 947, 947, 956, 957, 947, 957, 948, 948, 957, 958, 948, 958, 949, 949, 958, 959, 949, 959, 950, 950, 959, 960, 950, 960, 951, 951, 960, 961, 951, 961, 952, 952, 961, 962, 952, 962, 953, 953, 962, 963, 953, 963, 954, 954, 963, 964, 954, 964, 955, 955, 964, 965, 955, 965, 865, 956, 854, 966, 956, 966, 957, 957, 966, 967, 957, 967, 958, 958, 967, 968, 958, 968, 959, 959, 968, 969, 959, 969, 960, 960, 969, 970, 960, 970, 961, 961, 970, 971, 961, 971, 962, 962, 971, 972, 962, 972, 963, 963, 972, 973, 963, 973, 964, 964, 973, 974, 964, 974, 965, 965, 974, 975, 965, 975, 865, 966, 854, 855, 966, 855, 967, 967, 855, 856, 967, 856, 968, 968, 856, 857, 968, 857, 969, 969, 857, 858, 969, 858, 970, 970, 858, 859, 970, 859, 971, 971, 859, 860, 971, 860, 972, 972, 860, 861, 972, 861, 973, 973, 861, 862, 973, 862, 974, 974, 862, 863, 974, 863, 975, 975, 863, 864, 975, 864, 865, 977, 976, 988, 977, 988, 978, 978, 988, 989, 978, 989, 979, 979, 989, 990, 979, 990, 980, 980, 990, 991, 980, 991, 981, 981, 991, 992, 981, 992, 982, 982, 992, 993, 982, 993, 983, 983, 993, 994, 983, 994, 984, 984, 994, 995, 984, 995, 985, 985, 995, 996, 985, 996, 986, 986, 996, 997, 986, 997, 987, 988, 976, 998, 988, 998, 989, 989, 998, 999, 989, 999, 990, 990, 999, 1000, 990, 1000, 991, 991, 1000, 1001, 991, 1001, 992, 992, 1001, 1002, 992, 1002, 993, 993, 1002, 1003, 993, 1003, 994, 994, 1003, 1004, 994, 1004, 995, 995, 1004, 1005, 995, 1005, 996, 996, 1005, 1006, 996, 1006, 997, 997, 1006, 1007, 997, 1007, 987, 998, 976, 1008, 998, 1008, 999, 999, 1008, 1009, 999, 1009, 1000, 1000, 1009, 1010, 1000, 1010, 1001, 1001, 1010, 1011, 1001, 1011, 1002, 1002, 1011, 1012, 1002, 1012, 1003, 1003, 1012, 1013, 1003, 1013, 1004, 1004, 1013, 1014, 1004, 1014, 1005, 1005, 1014, 1015, 1005, 1015, 1006, 1006, 1015, 1016, 1006, 1016, 1007, 1007, 1016, 1017, 1007, 1017, 987, 1008, 976, 1018, 1008, 1018, 1009, 1009, 1018, 1019, 1009, 1019, 1010, 1010, 1019, 1020, 1010, 1020, 1011, 1011, 1020, 1021, 1011, 1021, 1012, 1012, 1021, 1022, 1012, 1022, 1013, 1013, 1022, 1023, 1013, 1023, 1014, 1014, 1023, 1024, 1014, 1024, 1015, 1015, 1024, 1025, 1015, 1025, 1016, 1016, 1025, 1026, 1016, 1026, 1017, 1017, 1026, 1027, 1017, 1027, 987, 1018, 976, 1028, 1018, 1028, 1019, 1019, 1028, 1029, 1019, 1029, 1020, 1020, 1029, 1030, 1020, 1030, 1021, 1021, 1030, 1031, 1021, 1031, 1022, 1022, 1031, 1032, 1022, 1032, 1023, 1023, 1032, 1033, 1023, 1033, 1024, 1024, 1033, 1034, 1024, 1034, 1025, 1025, 1034, 1035, 1025, 1035, 1026, 1026, 1035, 1036, 1026, 1036, 1027, 1027, 1036, 1037, 1027, 1037, 987, 1028, 976, 1038, 1028, 1038, 1029, 1029, 1038, 1039, 1029, 1039, 1030, 1030, 1039, 1040, 1030, 1040, 1031, 1031, 1040, 1041, 1031, 1041, 1032, 1032, 1041, 1042, 1032, 1042, 1033, 1033, 1042, 1043, 1033, 1043, 1034, 1034, 1043, 1044, 1034, 1044, 1035, 1035, 1044, 1045, 1035, 1045, 1036, 1036, 1045, 1046, 1036, 1046, 1037, 1037, 1046, 1047, 1037, 1047, 987, 1038, 976, 1048, 1038, 1048, 1039, 1039, 1048, 1049, 1039, 1049, 1040, 1040, 1049, 1050, 1040, 1050, 1041, 1041, 1050, 1051, 1041, 1051, 1042, 1042, 1051, 1052, 1042, 1052, 1043, 1043, 1052, 1053, 1043, 1053, 1044, 1044, 1053, 1054, 1044, 1054, 1045, 1045, 1054, 1055, 1045, 1055, 1046, 1046, 1055, 1056, 1046, 1056, 1047, 1047, 1056, 1057, 1047, 1057, 987, 1048, 976, 1058, 1048, 1058, 1049, 1049, 1058, 1059, 1049, 1059, 1050, 1050, 1059, 1060, 1050, 1060, 1051, 1051, 1060, 1061, 1051, 1061, 1052, 1052, 1061, 1062, 1052, 1062, 1053, 1053, 1062, 1063, 1053, 1063, 1054, 1054, 1063, 1064, 1054, 1064, 1055, 1055, 1064, 1065, 1055, 1065, 1056, 1056, 1065, 1066, 1056, 1066, 1057, 1057, 1066, 1067, 1057, 1067, 987, 1058, 976, 1068, 1058, 1068, 1059, 1059, 1068, 1069, 1059, 1069, 1060, 1060, 1069, 1070, 1060, 1070, 1061, 1061, 1070, 1071, 1061, 1071, 1062, 1062, 1071, 1072, 1062, 1072, 1063, 1063, 1072, 1073, 1063, 1073, 1064, 1064, 1073, 1074, 1064, 1074, 1065, 1065, 1074, 1075, 1065, 1075, 1066, 1066, 1075, 1076, 1066, 1076, 1067, 1067, 1076, 1077, 1067, 1077, 987, 1068, 976, 1078, 1068, 1078, 1069, 1069, 1078, 1079, 1069, 1079, 1070, 1070, 1079, 1080, 1070, 1080, 1071, 1071, 1080, 1081, 1071, 1081, 1072, 1072, 1081, 1082, 1072, 1082, 1073, 1073, 1082, 1083, 1073, 1083, 1074, 1074, 1083, 1084, 1074, 1084, 1075, 1075, 1084, 1085, 1075, 1085, 1076, 1076, 1085, 1086, 1076, 1086, 1077, 1077, 1086, 1087, 1077, 1087, 987, 1078, 976, 1088, 1078, 1088, 1079, 1079, 1088, 1089, 1079, 1089, 1080, 1080, 1089, 1090, 1080, 1090, 1081, 1081, 1090, 1091, 1081, 1091, 1082, 1082, 1091, 1092, 1082, 1092, 1083, 1083, 1092, 1093, 1083, 1093, 1084, 1084, 1093, 1094, 1084, 1094, 1085, 1085, 1094, 1095, 1085, 1095, 1086, 1086, 1095, 1096, 1086, 1096, 1087, 1087, 1096, 1097, 1087, 1097, 987, 1088, 976, 977, 1088, 977, 1089, 1089, 977, 978, 1089, 978, 1090, 1090, 978, 979, 1090, 979, 1091, 1091, 979, 980, 1091, 980, 1092, 1092, 980, 981, 1092, 981, 1093, 1093, 981, 982, 1093, 982, 1094, 1094, 982, 983, 1094, 983, 1095, 1095, 983, 984, 1095, 984, 1096, 1096, 984, 985, 1096, 985, 1097, 1097, 985, 986, 1097, 986, 987, 1099, 1098, 1110, 1099, 1110, 1100, 1100, 1110, 1111, 1100, 1111, 1101, 1101, 1111, 1112, 1101, 1112, 1102, 1102, 1112, 1113, 1102, 1113, 1103, 1103, 1113, 1114, 1103, 1114, 1104, 1104, 1114, 1115, 1104, 1115, 1105, 1105, 1115, 1116, 1105, 1116, 1106, 1106, 1116, 1117, 1106, 1117, 1107, 1107, 1117, 1118, 1107, 1118, 1108, 1108, 1118, 1119, 1108, 1119, 1109, 1110, 1098, 1120, 1110, 1120, 1111, 1111, 1120, 1121, 1111, 1121, 1112, 1112, 1121, 1122, 1112, 1122, 1113, 1113, 1122, 1123, 1113, 1123, 1114, 1114, 1123, 1124, 1114, 1124, 1115, 1115, 1124, 1125, 1115, 1125, 1116, 1116, 1125, 1126, 1116, 1126, 1117, 1117, 1126, 1127, 1117, 1127, 1118, 1118, 1127, 1128, 1118, 1128, 1119, 1119, 1128, 1129, 1119, 1129, 1109, 1120, 1098, 1130, 1120, 1130, 1121, 1121, 1130, 1131, 1121, 1131, 1122, 1122, 1131, 1132, 1122, 1132, 1123, 1123, 1132, 1133, 1123, 1133, 1124, 1124, 1133, 1134, 1124, 1134, 1125, 1125, 1134, 1135, 1125, 1135, 1126, 1126, 1135, 1136, 1126, 1136, 1127, 1127, 1136, 1137, 1127, 1137, 1128, 1128, 1137, 1138, 1128, 1138, 1129, 1129, 1138, 1139, 1129, 1139, 1109, 1130, 1098, 1140, 1130, 1140, 1131, 1131, 1140, 1141, 1131, 1141, 1132, 1132, 1141, 1142, 1132, 1142, 1133, 1133, 1142, 1143, 1133, 1143, 1134, 1134, 1143, 1144, 1134, 1144, 1135, 1135, 1144, 1145, 1135, 1145, 1136, 1136, 1145, 1146, 1136, 1146, 1137, 1137, 1146, 1147, 1137, 1147, 1138, 1138, 1147, 1148, 1138, 1148, 1139, 1139, 1148, 1149, 1139, 1149, 1109, 1140, 1098, 1150, 1140, 1150, 1141, 1141, 1150, 1151, 1141, 1151, 1142, 1142, 1151, 1152, 1142, 1152, 1143, 1143, 1152, 1153, 1143, 1153, 1144, 1144, 1153, 1154, 1144, 1154, 1145, 1145, 1154, 1155, 1145, 1155, 1146, 1146, 1155, 1156, 1146, 1156, 1147, 1147, 1156, 1157, 1147, 1157, 1148, 1148, 1157, 1158, 1148, 1158, 1149, 1149, 1158, 1159, 1149, 1159, 1109, 1150, 1098, 1160, 1150, 1160, 1151, 1151, 1160, 1161, 1151, 1161, 1152, 1152, 1161, 1162, 1152, 1162, 1153, 1153, 1162, 1163, 1153, 1163, 1154, 1154, 1163, 1164, 1154, 1164, 1155, 1155, 1164, 1165, 1155, 1165, 1156, 1156, 1165, 1166, 1156, 1166, 1157, 1157, 1166, 1167, 1157, 1167, 1158, 1158, 1167, 1168, 1158, 1168, 1159, 1159, 1168, 1169, 1159, 1169, 1109, 1160, 1098, 1170, 1160, 1170, 1161, 1161, 1170, 1171, 1161, 1171, 1162, 1162, 1171, 1172, 1162, 1172, 1163, 1163, 1172, 1173, 1163, 1173, 1164, 1164, 1173, 1174, 1164, 1174, 1165, 1165, 1174, 1175, 1165, 1175, 1166, 1166, 1175, 1176, 1166, 1176, 1167, 1167, 1176, 1177, 1167, 1177, 1168, 1168, 1177, 1178, 1168, 1178, 1169, 1169, 1178, 1179, 1169, 1179, 1109, 1170, 1098, 1180, 1170, 1180, 1171, 1171, 1180, 1181, 1171, 1181, 1172, 1172, 1181, 1182, 1172, 1182, 1173, 1173, 1182, 1183, 1173, 1183, 1174, 1174, 1183, 1184, 1174, 1184, 1175, 1175, 1184, 1185, 1175, 1185, 1176, 1176, 1185, 1186, 1176, 1186, 1177, 1177, 1186, 1187, 1177, 1187, 1178, 1178, 1187, 1188, 1178, 1188, 1179, 1179, 1188, 1189, 1179, 1189, 1109, 1180, 1098, 1190, 1180, 1190, 1181, 1181, 1190, 1191, 1181, 1191, 1182, 1182, 1191, 1192, 1182, 1192, 1183, 1183, 1192, 1193, 1183, 1193, 1184, 1184, 1193, 1194, 1184, 1194, 1185, 1185, 1194, 1195, 1185, 1195, 1186, 1186, 1195, 1196, 1186, 1196, 1187, 1187, 1196, 1197, 1187, 1197, 1188, 1188, 1197, 1198, 1188, 1198, 1189, 1189, 1198, 1199, 1189, 1199, 1109, 1190, 1098, 1200, 1190, 1200, 1191, 1191, 1200, 1201, 1191, 1201, 1192, 1192, 1201, 1202, 1192, 1202, 1193, 1193, 1202, 1203, 1193, 1203, 1194, 1194, 1203, 1204, 1194, 1204, 1195, 1195, 1204, 1205, 1195, 1205, 1196, 1196, 1205, 1206, 1196, 1206, 1197, 1197, 1206, 1207, 1197, 1207, 1198, 1198, 1207, 1208, 1198, 1208, 1199, 1199, 1208, 1209, 1199, 1209, 1109, 1200, 1098, 1210, 1200, 1210, 1201, 1201, 1210, 1211, 1201, 1211, 1202, 1202, 1211, 1212, 1202, 1212, 1203, 1203, 1212, 1213, 1203, 1213, 1204, 1204, 1213, 1214, 1204, 1214, 1205, 1205, 1214, 1215, 1205, 1215, 1206, 1206, 1215, 1216, 1206, 1216, 1207, 1207, 1216, 1217, 1207, 1217, 1208, 1208, 1217, 1218, 1208, 1218, 1209, 1209, 1218, 1219, 1209, 1219, 1109, 1210, 1098, 1099, 1210, 1099, 1211, 1211, 1099, 1100, 1211, 1100, 1212, 1212, 1100, 1101, 1212, 1101, 1213, 1213, 1101, 1102, 1213, 1102, 1214, 1214, 1102, 1103, 1214, 1103, 1215, 1215, 1103, 1104, 1215, 1104, 1216, 1216, 1104, 1105, 1216, 1105, 1217, 1217, 1105, 1106, 1217, 1106, 1218, 1218, 1106, 1107, 1218, 1107, 1219, 1219, 1107, 1108, 1219, 1108, 1109, 1221, 1220, 1232, 1221, 1232, 1222, 1222, 1232, 1233, 1222, 1233, 1223, 1223, 1233, 1234, 1223, 1234, 1224, 1224, 1234, 1235, 1224, 1235, 1225, 1225, 1235, 1236, 1225, 1236, 1226, 1226, 1236, 1237, 1226, 1237, 1227, 1227, 1237, 1238, 1227, 1238, 1228, 1228, 1238, 1239, 1228, 1239, 1229, 1229, 1239, 1240, 1229, 1240, 1230, 1230, 1240, 1241, 1230, 1241, 1231, 1232, 1220, 1242, 1232, 1242, 1233, 1233, 1242, 1243, 1233, 1243, 1234, 1234, 1243, 1244, 1234, 1244, 1235, 1235, 1244, 1245, 1235, 1245, 1236, 1236, 1245, 1246, 1236, 1246, 1237, 1237, 1246, 1247, 1237, 1247, 1238, 1238, 1247, 1248, 1238, 1248, 1239, 1239, 1248, 1249, 1239, 1249, 1240, 1240, 1249, 1250, 1240, 1250, 1241, 1241, 1250, 1251, 1241, 1251, 1231, 1242, 1220, 1252, 1242, 1252, 1243, 1243, 1252, 1253, 1243, 1253, 1244, 1244, 1253, 1254, 1244, 1254, 1245, 1245, 1254, 1255, 1245, 1255, 1246, 1246, 1255, 1256, 1246, 1256, 1247, 1247, 1256, 1257, 1247, 1257, 1248, 1248, 1257, 1258, 1248, 1258, 1249, 1249, 1258, 1259, 1249, 1259, 1250, 1250, 1259, 1260, 1250, 1260, 1251, 1251, 1260, 1261, 1251, 1261, 1231, 1252, 1220, 1262, 1252, 1262, 1253, 1253, 1262, 1263, 1253, 1263, 1254, 1254, 1263, 1264, 1254, 1264, 1255, 1255, 1264, 1265, 1255, 1265, 1256, 1256, 1265, 1266, 1256, 1266, 1257, 1257, 1266, 1267, 1257, 1267, 1258, 1258, 1267, 1268, 1258, 1268, 1259, 1259, 1268, 1269, 1259, 1269, 1260, 1260, 1269, 1270, 1260, 1270, 1261, 1261, 1270, 1271, 1261, 1271, 1231, 1262, 1220, 1272, 1262, 1272, 1263, 1263, 1272, 1273, 1263, 1273, 1264, 1264, 1273, 1274, 1264, 1274, 1265, 1265, 1274, 1275, 1265, 1275, 1266, 1266, 1275, 1276, 1266, 1276, 1267, 1267, 1276, 1277, 1267, 1277, 1268, 1268, 1277, 1278, 1268, 1278, 1269, 1269, 1278, 1279, 1269, 1279, 1270, 1270, 1279, 1280, 1270, 1280, 1271, 1271, 1280, 1281, 1271, 1281, 1231, 1272, 1220, 1282, 1272, 1282, 1273, 1273, 1282, 1283, 1273, 1283, 1274, 1274, 1283, 1284, 1274, 1284, 1275, 1275, 1284, 1285, 1275, 1285, 1276, 1276, 1285, 1286, 1276, 1286, 1277, 1277, 1286, 1287, 1277, 1287, 1278, 1278, 1287, 1288, 1278, 1288, 1279, 1279, 1288, 1289, 1279, 1289, 1280, 1280, 1289, 1290, 1280, 1290, 1281, 1281, 1290, 1291, 1281, 1291, 1231, 1282, 1220, 1292, 1282, 1292, 1283, 1283, 1292, 1293, 1283, 1293, 1284, 1284, 1293, 1294, 1284, 1294, 1285, 1285, 1294, 1295, 1285, 1295, 1286, 1286, 1295, 1296, 1286, 1296, 1287, 1287, 1296, 1297, 1287, 1297, 1288, 1288, 1297, 1298, 1288, 1298, 1289, 1289, 1298, 1299, 1289, 1299, 1290, 1290, 1299, 1300, 1290, 1300, 1291, 1291, 1300, 1301, 1291, 1301, 1231, 1292, 1220, 1302, 1292, 1302, 1293, 1293, 1302, 1303, 1293, 1303, 1294, 1294, 1303, 1304, 1294, 1304, 1295, 1295, 1304, 1305, 1295, 1305, 1296, 1296, 1305, 1306, 1296, 1306, 1297, 1297, 1306, 1307, 1297, 1307, 1298, 1298, 1307, 1308, 1298, 1308, 1299, 1299, 1308, 1309, 1299, 1309, 1300, 1300, 1309, 1310, 1300, 1310, 1301, 1301, 1310, 1311, 1301, 1311, 1231, 1302, 1220, 1312, 1302, 1312, 1303, 1303, 1312, 1313, 1303, 1313, 1304, 1304, 1313, 1314, 1304, 1314, 1305, 1305, 1314, 1315, 1305, 1315, 1306, 1306, 1315, 1316, 1306, 1316, 1307, 1307, 1316, 1317, 1307, 1317, 1308, 1308, 1317, 1318, 1308, 1318, 1309, 1309, 1318, 1319, 1309, 1319, 1310, 1310, 1319, 1320, 1310, 1320, 1311, 1311, 1320, 1321, 1311, 1321, 1231, 1312, 1220, 1322, 1312, 1322, 1313, 1313, 1322, 1323, 1313, 1323, 1314, 1314, 1323, 1324, 1314, 1324, 1315, 1315, 1324, 1325, 1315, 1325, 1316, 1316, 1325, 1326, 1316, 1326, 1317, 1317, 1326, 1327, 1317, 1327, 1318, 1318, 1327, 1328, 1318, 1328, 1319, 1319, 1328, 1329, 1319, 1329, 1320, 1320, 1329, 1330, 1320, 1330, 1321, 1321, 1330, 1331, 1321, 1331, 1231, 1322, 1220, 1332, 1322, 1332, 1323, 1323, 1332, 1333, 1323, 1333, 1324, 1324, 1333, 1334, 1324, 1334, 1325, 1325, 1334, 1335, 1325, 1335, 1326, 1326, 1335, 1336, 1326, 1336, 1327, 1327, 1336, 1337, 1327, 1337, 1328, 1328, 1337, 1338, 1328, 1338, 1329, 1329, 1338, 1339, 1329, 1339, 1330, 1330, 1339, 1340, 1330, 1340, 1331, 1331, 1340, 1341, 1331, 1341, 1231, 1332, 1220, 1221, 1332, 1221, 1333, 1333, 1221, 1222, 1333, 1222, 1334, 1334, 1222, 1223, 1334, 1223, 1335, 1335, 1223, 1224, 1335, 1224, 1336, 1336, 1224, 1225, 1336, 1225, 1337, 1337, 1225, 1226, 1337, 1226, 1338, 1338, 1226, 1227, 1338, 1227, 1339, 1339, 1227, 1228, 1339, 1228, 1340, 1340, 1228, 1229, 1340, 1229, 1341, 1341, 1229, 1230, 1341, 1230, 1231, 1343, 1342, 1354, 1343, 1354, 1344, 1344, 1354, 1355, 1344, 1355, 1345, 1345, 1355, 1356, 1345, 1356, 1346, 1346, 1356, 1357, 1346, 1357, 1347, 1347, 1357, 1358, 1347, 1358, 1348, 1348, 1358, 1359, 1348, 1359, 1349, 1349, 1359, 1360, 1349, 1360, 1350, 1350, 1360, 1361, 1350, 1361, 1351, 1351, 1361, 1362, 1351, 1362, 1352, 1352, 1362, 1363, 1352, 1363, 1353, 1354, 1342, 1364, 1354, 1364, 1355, 1355, 1364, 1365, 1355, 1365, 1356, 1356, 1365, 1366, 1356, 1366, 1357, 1357, 1366, 1367, 1357, 1367, 1358, 1358, 1367, 1368, 1358, 1368, 1359, 1359, 1368, 1369, 1359, 1369, 1360, 1360, 1369, 1370, 1360, 1370, 1361, 1361, 1370, 1371, 1361, 1371, 1362, 1362, 1371, 1372, 1362, 1372, 1363, 1363, 1372, 1373, 1363, 1373, 1353, 1364, 1342, 1374, 1364, 1374, 1365, 1365, 1374, 1375, 1365, 1375, 1366, 1366, 1375, 1376, 1366, 1376, 1367, 1367, 1376, 1377, 1367, 1377, 1368, 1368, 1377, 1378, 1368, 1378, 1369, 1369, 1378, 1379, 1369, 1379, 1370, 1370, 1379, 1380, 1370, 1380, 1371, 1371, 1380, 1381, 1371, 1381, 1372, 1372, 1381, 1382, 1372, 1382, 1373, 1373, 1382, 1383, 1373, 1383, 1353, 1374, 1342, 1384, 1374, 1384, 1375, 1375, 1384, 1385, 1375, 1385, 1376, 1376, 1385, 1386, 1376, 1386, 1377, 1377, 1386, 1387, 1377, 1387, 1378, 1378, 1387, 1388, 1378, 1388, 1379, 1379, 1388, 1389, 1379, 1389, 1380, 1380, 1389, 1390, 1380, 1390, 1381, 1381, 1390, 1391, 1381, 1391, 1382, 1382, 1391, 1392, 1382, 1392, 1383, 1383, 1392, 1393, 1383, 1393, 1353, 1384, 1342, 1394, 1384, 1394, 1385, 1385, 1394, 1395, 1385, 1395, 1386, 1386, 1395, 1396, 1386, 1396, 1387, 1387, 1396, 1397, 1387, 1397, 1388, 1388, 1397, 1398, 1388, 1398, 1389, 1389, 1398, 1399, 1389, 1399, 1390, 1390, 1399, 1400, 1390, 1400, 1391, 1391, 1400, 1401, 1391, 1401, 1392, 1392, 1401, 1402, 1392, 1402, 1393, 1393, 1402, 1403, 1393, 1403, 1353, 1394, 1342, 1404, 1394, 1404, 1395, 1395, 1404, 1405, 1395, 1405, 1396, 1396, 1405, 1406, 1396, 1406, 1397, 1397, 1406, 1407, 1397, 1407, 1398, 1398, 1407, 1408, 1398, 1408, 1399, 1399, 1408, 1409, 1399, 1409, 1400, 1400, 1409, 1410, 1400, 1410, 1401, 1401, 1410, 1411, 1401, 1411, 1402, 1402, 1411, 1412, 1402, 1412, 1403, 1403, 1412, 1413, 1403, 1413, 1353, 1404, 1342, 1414, 1404, 1414, 1405, 1405, 1414, 1415, 1405, 1415, 1406, 1406, 1415, 1416, 1406, 1416, 1407, 1407, 1416, 1417, 1407, 1417, 1408, 1408, 1417, 1418, 1408, 1418, 1409, 1409, 1418, 1419, 1409, 1419, 1410, 1410, 1419, 1420, 1410, 1420, 1411, 1411, 1420, 1421, 1411, 1421, 1412, 1412, 1421, 1422, 1412, 1422, 1413, 1413, 1422, 1423, 1413, 1423, 1353, 1414, 1342, 1424, 1414, 1424, 1415, 1415, 1424, 1425, 1415, 1425, 1416, 1416, 1425, 1426, 1416, 1426, 1417, 1417, 1426, 1427, 1417, 1427, 1418, 1418, 1427, 1428, 1418, 1428, 1419, 1419, 1428, 1429, 1419, 1429, 1420, 1420, 1429, 1430, 1420, 1430, 1421, 1421, 1430, 1431, 1421, 1431, 1422, 1422, 1431, 1432, 1422, 1432, 1423, 1423, 1432, 1433, 1423, 1433, 1353, 1424, 1342, 1434, 1424, 1434, 1425, 1425, 1434, 1435, 1425, 1435, 1426, 1426, 1435, 1436, 1426, 1436, 1427, 1427, 1436, 1437, 1427, 1437, 1428, 1428, 1437, 1438, 1428, 1438, 1429, 1429, 1438, 1439, 1429, 1439, 1430, 1430, 1439, 1440, 1430, 1440, 1431, 1431, 1440, 1441, 1431, 1441, 1432, 1432, 1441, 1442, 1432, 1442, 1433, 1433, 1442, 1443, 1433, 1443, 1353, 1434, 1342, 1444, 1434, 1444, 1435, 1435, 1444, 1445, 1435, 1445, 1436, 1436, 1445, 1446, 1436, 1446, 1437, 1437, 1446, 1447, 1437, 1447, 1438, 1438, 1447, 1448, 1438, 1448, 1439, 1439, 1448, 1449, 1439, 1449, 1440, 1440, 1449, 1450, 1440, 1450, 1441, 1441, 1450, 1451, 1441, 1451, 1442, 1442, 1451, 1452, 1442, 1452, 1443, 1443, 1452, 1453, 1443, 1453, 1353, 1444, 1342, 1454, 1444, 1454, 1445, 1445, 1454, 1455, 1445, 1455, 1446, 1446, 1455, 1456, 1446, 1456, 1447, 1447, 1456, 1457, 1447, 1457, 1448, 1448, 1457, 1458, 1448, 1458, 1449, 1449, 1458, 1459, 1449, 1459, 1450, 1450, 1459, 1460, 1450, 1460, 1451, 1451, 1460, 1461, 1451, 1461, 1452, 1452, 1461, 1462, 1452, 1462, 1453, 1453, 1462, 1463, 1453, 1463, 1353, 1454, 1342, 1343, 1454, 1343, 1455, 1455, 1343, 1344, 1455, 1344, 1456, 1456, 1344, 1345, 1456, 1345, 1457, 1457, 1345, 1346, 1457, 1346, 1458, 1458, 1346, 1347, 1458, 1347, 1459, 1459, 1347, 1348, 1459, 1348, 1460, 1460, 1348, 1349, 1460, 1349, 1461, 1461, 1349, 1350, 1461, 1350, 1462, 1462, 1350, 1351, 1462, 1351, 1463, 1463, 1351, 1352, 1463, 1352, 1353]
            point3f[] points = [
                (0.064, 0.01, 0.02),
                (0.06468995829, 0.009973050426, 0.01982804328),
                (0.06539342547, 0.01007841892, 0.0198088279),
                (0.06605341082, 0.01030756916, 0.01994391057),
                (0.06661644626, 0.01064193676, 0.02022234771),
                (0.067036918, 0.01105443323, 0.02062158199),
                (0.07356735016, 0.02329899355, 0.03368244633),
                (0.07361481148, 0.02376387154, 0.03421907814),
                (0.07346204515, 0.02419875853, 0.03476117923),
                (0.07312142741, 0.02456842256, 0.03526483177),
                (0.07262055307, 0.02484291565, 0.03568923285),
                (0.072, 0.025, 0.036),
                (0.06455616219, 0.01025127815, 0.01963410283),
                (0.06513667264, 0.01061233402, 0.0194366589),
                (0.06569450185, 0.01105391701, 0.01942366395),
                (0.06618445781, 0.01154025269, 0.01959617075),
                (0.06656684721, 0.01203194103, 0.01994020382),
                (0.07309727938, 0.02427650135, 0.03300106816),
                (0.07318282303, 0.02466218747, 0.03359290118),
                (0.07310313618, 0.02494510638, 0.03424093261),
                (0.07286467458, 0.02510233766, 0.03489266278),
                (0.07248675697, 0.02512114338, 0.0354952924),
                (0.06428264142, 0.01047961086, 0.01955680131),
                (0.06461179013, 0.01105050128, 0.01928831836),
                (0.06496078045, 0.01166642111, 0.01921630207),
                (0.06530133927, 0.01227747219, 0.01934658674),
                (0.06560587654, 0.01283415079, 0.01966861751),
                (0.07213630871, 0.02507871111, 0.03272948184),
                (0.07229970449, 0.02539940696, 0.03334331717),
                (0.07236941478, 0.02555761047, 0.03403357072),
                (0.07233979206, 0.02554050491, 0.03474432224),
                (0.0722132362, 0.02534947608, 0.03541799088),
                (0.06394268564, 0.01059686698, 0.01961685158),
                (0.06395941977, 0.01127551412, 0.019403554),
                (0.06404884668, 0.01198096147, 0.01937738736),
                (0.06420372154, 0.01265605788, 0.01954047152),
                (0.06441149731, 0.01324611105, 0.01987959438),
                (0.07094192947, 0.02549067137, 0.03294045871),
                (0.07120208676, 0.02577799266, 0.03353720195),
                (0.07145748101, 0.02587215083, 0.03419465602),
                (0.07168742171, 0.02576551775, 0.03485955788),
                (0.07187328043, 0.0254667322, 0.03547804115),
                (0.06362738574, 0.01057162782, 0.01979816324),
                (0.06335436369, 0.01122708054, 0.01975148853),
                (0.06320305246, 0.01191325726, 0.01986375717),
                (0.0631857104, 0.01257456804, 0.02012587382),
                (0.06330374246, 0.0131574374, 0.02051660335),
                (0.06983417463, 0.02540199772, 0.03357746769),
                (0.07018407562, 0.02569650282, 0.03412260425),
                (0.07061168679, 0.02580444662, 0.03468102582),
                (0.07108236563, 0.02571708417, 0.0352074924),
                (0.07155798053, 0.02544149304, 0.03565935281),
                (0.06342122606, 0.01041065621, 0.02005215397),
                (0.06295874616, 0.01091817827, 0.02023889316),
                (0.06265002767, 0.01148144977, 0.02054508908),
                (0.06252008112, 0.0120548378, 0.02094593556),
                (0.06257943402, 0.01259188986, 0.02140895839),
                (0.06910986618, 0.02483645018, 0.03446982272),
                (0.06951844634, 0.02517677258, 0.03494266599),
                (0.070058662, 0.02537263914, 0.03536235774),
                (0.0706867481, 0.02540818191, 0.03569489704),
                (0.07135182085, 0.02528052143, 0.03591334354),
                (0.06337944693, 0.01015708435, 0.02031076715),
                (0.06287857259, 0.01043157744, 0.02073516823),
                (0.06253795485, 0.01080124147, 0.02123882077),
                (0.06238518852, 0.01123612846, 0.02178092186),
                (0.06243264984, 0.01170100645, 0.02231755367),
                (0.068963082, 0.02394556677, 0.03537841801),
                (0.06938355374, 0.02435806324, 0.03577765229),
                (0.06994658918, 0.02469243084, 0.03605608943),
                (0.07060657453, 0.02492158108, 0.0361911721),
                (0.07131004171, 0.02502694957, 0.03617195672),
                (0.06351324303, 0.009878856623, 0.0205047076),
                (0.06313532542, 0.009897662341, 0.02110733722),
                (0.06289686382, 0.01005489362, 0.02175906739),
                (0.06281717697, 0.01033781253, 0.02240709882),
                (0.06290272062, 0.01072349865, 0.02299893184),
                (0.06943315279, 0.02296805897, 0.03605979618),
                (0.06981554219, 0.02345974731, 0.03640382925),
                (0.07030549815, 0.02394608299, 0.03657633605),
                (0.07086332736, 0.02438766598, 0.0365633411),
                (0.07144383781, 0.02474872185, 0.03636589717),
                (0.0637867638, 0.009650523919, 0.02058200912),
                (0.06366020794, 0.00945949509, 0.02125567776),
                (0.06363058522, 0.009442389532, 0.02196642928),
                (0.06370029551, 0.009600593035, 0.02265668283),
                (0.06386369129, 0.009921288894, 0.02327051816),
                (0.07039412346, 0.02216584921, 0.03633138249),
                (0.07069866073, 0.02272252781, 0.03665341326),
                (0.07103921955, 0.02333357889, 0.03678369793),
                (0.07138820987, 0.02394949872, 0.03671168164),
                (0.07171735858, 0.02452038914, 0.03644319869),
                (0.06412671957, 0.009533267803, 0.02052195885),
                (0.06431257829, 0.00923448225, 0.02114044212),
                (0.06454251899, 0.009127849171, 0.02180534398),
                (0.06479791324, 0.009222007343, 0.02246279805),
                (0.06505807053, 0.009509328631, 0.02305954129),
                (0.07158850269, 0.02175388895, 0.03612040562),
                (0.07179627846, 0.02234394212, 0.03645952848),
                (0.07195115332, 0.02301903853, 0.03662261264),
                (0.07204058023, 0.02372448588, 0.036596446),
                (0.07205731436, 0.02440313302, 0.03638314842),
                (0.06444201947, 0.009558506956, 0.02034064719),
                (0.06491763437, 0.009282915831, 0.0207925076),
                (0.06538831321, 0.009195553378, 0.02131897418),
                (0.06581592438, 0.009303497184, 0.02187739575),
                (0.06616582537, 0.009598002284, 0.02242253231),
                (0.07269625754, 0.0218425626, 0.03548339665),
                (0.0728142896, 0.02242543196, 0.03587412618),
                (0.07279694754, 0.02308674274, 0.03613624283),
                (0.07264563631, 0.02377291946, 0.03624851147),
                (0.07237261426, 0.02442837218, 0.03620183676),
                (0.06464817915, 0.009719478568, 0.02008665646),
                (0.0653132519, 0.009591818092, 0.02030510296),
                (0.065941338, 0.009627360865, 0.02063764226),
                (0.06648155366, 0.009823227422, 0.02105733401),
                (0.06689013382, 0.01016354982, 0.02153017728),
                (0.07342056598, 0.02240811014, 0.03459104161),
                (0.07347991888, 0.0229451622, 0.03505406444),
                (0.07334997233, 0.02351855023, 0.03545491092),
                (0.07304125384, 0.02408182173, 0.03576110684),
                (0.07257877394, 0.02458934379, 0.03594784603),
                (0.04, -0.03, -0.012),
                (0.04070977065, -0.02999891215, -0.01205061893),
                (0.04140502558, -0.02998931529, -0.01189940285),
                (0.04202943939, -0.02997198691, -0.01155860239),
                (0.04253242578, -0.02994833084, -0.01105582718),
                (0.04287323578, -0.02992026357, -0.01043180907),
                (0.05196306809, -0.0281022971, 0.03138141956),
                (0.05191206951, -0.0280724021, 0.03209053398),
                (0.05166318074, -0.02804523864, 0.03275660782),
                (0.05123656528, -0.02802300735, 0.03332567974),
                (0.05066678496, -0.02800750929, 0.03375164691),
                (0.05, -0.028, 0.034),
                (0.04061595355, -0.02964663737, -0.0120455402),
                (0.04122499189, -0.02931330494, -0.01188965685),
                (0.04177777436, -0.02902700733, -0.01154497867),
                (0.04222951781, -0.02881093865, -0.01103942946),
                (0.04254362468, -0.02868260352, -0.01041396579),
                (0.05163345699, -0.02686463706, 0.03139926284),
                (0.05160916154, -0.0269350099, 0.03210693171),
                (0.05141151571, -0.02710025905, 0.03277023154),
                (0.05105653158, -0.027346997, 0.03333542574),
                (0.05057296786, -0.02765523451, 0.03375672563),
                (0.04036285118, -0.02938789402, -0.01200176766),
                (0.04073929201, -0.0288167801, -0.01180565795),
                (0.04109882548, -0.02833292647, -0.01142755852),
                (0.04141232433, -0.02797553209, -0.01089810072),
                (0.04165439075, -0.02777355092, -0.01026017809),
                (0.05074422307, -0.02595558446, 0.03155305054),
                (0.05079196806, -0.02609960335, 0.03224826044),
                (0.05073256683, -0.0264061782, 0.0328876517),
                (0.0505708317, -0.02685047216, 0.03341942464),
                (0.05031986549, -0.02739649116, 0.03380049817),
                (0.04001828213, -0.02929201218, -0.01193103012),
                (0.04007806883, -0.02863278419, -0.01166991361),
                (0.04017451655, -0.02807572275, -0.01123780457),
                (0.04029981167, -0.02766595768, -0.0106697099),
                (0.04044380351, -0.02743668569, -0.01001165327),
                (0.04953363582, -0.02561871923, 0.03180157537),
                (0.0496794554, -0.02579002893, 0.03247665126),
                (0.0498082579, -0.02614897448, 0.03307740565),
                (0.04990960852, -0.02666647625, 0.03355516898),
                (0.04997529644, -0.02730060932, 0.03387123572),
                (0.03967457338, -0.02938468331, -0.01185228165),
                (0.03941849658, -0.02881061877, -0.0115187964),
                (0.03925251541, -0.0283243137, -0.01102656123),
                (0.03919007669, -0.02796516562, -0.01041545413),
                (0.03923623882, -0.02776227059, -0.009734983339),
                (0.04832607113, -0.02594430413, 0.03207824529),
                (0.04856972042, -0.02608923688, 0.03273090704),
                (0.04888625676, -0.02639756543, 0.03328864898),
                (0.04925003627, -0.02684431084, 0.03370628619),
                (0.04963158769, -0.02739328044, 0.03394998419),
                (0.03942382142, -0.02964107624, -0.01178662283),
                (0.0389373071, -0.02930263322, -0.01139279805),
                (0.03857987152, -0.02901208956, -0.010850431),
                (0.03838047199, -0.0287929834, -0.01020346103),
                (0.03835526267, -0.02866306541, -0.009504301793),
                (0.04744509498, -0.02684509894, 0.03230892684),
                (0.04776011572, -0.02691705465, 0.03294290014),
                (0.04821361287, -0.02708534129, 0.03346477922),
                (0.04876884679, -0.02733632528, 0.03383228454),
                (0.04938083574, -0.02764967338, 0.034015643),
                (0.03933321504, -0.02999249071, -0.01175164691),
                (0.03876343472, -0.02997699265, -0.01132567974),
                (0.03833681926, -0.02995476136, -0.01075660782),
                (0.03808793049, -0.0299275979, -0.01009053398),
                (0.03803693191, -0.0298977029, -0.009381419563),
                (0.04712676422, -0.02807973643, 0.03243180907),
                (0.04746757422, -0.02805166916, 0.03305582718),
                (0.04797056061, -0.02802801309, 0.03355860239),
                (0.04859497442, -0.02801068471, 0.03389940285),
                (0.04929022935, -0.02800108785, 0.03405061893),
                (0.03942703214, -0.03034476549, -0.01175672563),
                (0.03894346842, -0.030653003, -0.01133542574),
                (0.03858848429, -0.03089974095, -0.01077023154),
                (0.03839083846, -0.0310649901, -0.01010693171),
                (0.03836654301, -0.03113536294, -0.009399262842),
                (0.04745637532, -0.02931739648, 0.03241396579),
                (0.04777048219, -0.02918906135, 0.03303942946),
                (0.04822222564, -0.02897299267, 0.03354497867),
                (0.04877500811, -0.02868669506, 0.03388965685),
                (0.04938404645, -0.02835336263, 0.0340455402),
                (0.03968013451, -0.03060350884, -0.01180049817),
                (0.0394291683, -0.03114952784, -0.01141942464),
                (0.03926743317, -0.0315938218, -0.0108876517),
                (0.03920803194, -0.03190039665, -0.01024826044),
                (0.03925577693, -0.03204441554, -0.00955305054),
                (0.04834560925, -0.03022644908, 0.03226017809),
                (0.04858767567, -0.03002446791, 0.03289810072),
                (0.04890117452, -0.02966707353, 0.03342755852),
                (0.04926070799, -0.0291832199, 0.03380565795),
                (0.04963714882, -0.02861210598, 0.03400176766),
                (0.04002470356, -0.03069939068, -0.01187123572),
                (0.04009039148, -0.03133352375, -0.01155516898),
                (0.0401917421, -0.03185102552, -0.01107740565),
                (0.0403205446, -0.03220997107, -0.01047665126),
                (0.04046636418, -0.03238128077, -0.009801575365),
                (0.04955619649, -0.03056331431, 0.03201165327),
                (0.04970018833, -0.03033404232, 0.0326697099),
                (0.04982548345, -0.02992427725, 0.03323780457),
                (0.04992193117, -0.02936721581, 0.03366991361),
                (0.04998171787, -0.02870798782, 0.03393103012),
                (0.04036841231, -0.03060671956, -0.01194998419),
                (0.04074996373, -0.03115568916, -0.01170628619),
                (0.04111374324, -0.03160243457, -0.01128864898),
                (0.04143027958, -0.03191076312, -0.01073090704),
                (0.04167392887, -0.03205569587, -0.01007824529),
                (0.05076376118, -0.03023772941, 0.03173498334),
                (0.05080992331, -0.03003483438, 0.03241545413),
                (0.05074748459, -0.0296756863, 0.03302656123),
                (0.05058150342, -0.02918938123, 0.0335187964),
                (0.05032542662, -0.02861531669, 0.03385228165),
                (0.04061916426, -0.03035032662, -0.012015643),
                (0.04123115321, -0.03066367472, -0.01183228454),
                (0.04178638713, -0.03091465871, -0.01146477922),
                (0.04223988428, -0.03108294535, -0.01094290014),
                (0.04255490502, -0.03115490106, -0.01030892684),
                (0.05164473733, -0.02933693459, 0.03150430179),
                (0.05161952801, -0.0292070166, 0.03220346103),
                (0.05142012848, -0.02898791044, 0.032850431),
                (0.0510626929, -0.02869736678, 0.03339279805),
                (0.05057617858, -0.02835892376, 0.03378662283),
                (-0.04, -0.045, -0.018),
                (-0.0393544719, -0.045, -0.01770061513),
                (-0.03881943869, -0.045, -0.01723149116),
                (-0.03843824558, -0.045, -0.01663063374),
                (-0.03824177456, -0.045, -0.01594672076),
                (-0.03824594256, -0.045, -0.01523515877),
                (-0.05201367247, -0.045, 0.03065727427),
                (-0.05240187826, -0.045, 0.03125362491),
                (-0.05294237039, -0.045, 0.03171644895),
                (-0.05359136138, -0.045, 0.03200825114),
                (-0.05429627386, -0.045, 0.0321053914),
                (-0.055, -0.045, 0.032),
                (-0.0394448548, -0.0446478343, -0.01772773),
                (-0.0389928822, -0.04432419898, -0.01728352422),
                (-0.03868069833, -0.04405531303, -0.01670336957),
                (-0.03853359449, -0.04386296001, -0.01603426674),
                (-0.03856348814, -0.0437627232, -0.01533042245),
                (-0.05233121805, -0.0437627232, 0.03056201059),
                (-0.05269369819, -0.04386296001, 0.03116607893),
                (-0.05318482314, -0.04405531303, 0.03164371313),
                (-0.05376480489, -0.04432419898, 0.03195621809),
                (-0.05438665675, -0.0446478343, 0.03207827653),
                (-0.03969178546, -0.04439003112, -0.0178018092),
                (-0.03946673867, -0.04382947829, -0.01742568116),
                (-0.03934309159, -0.04336375417, -0.01690208754),
                (-0.03933086136, -0.04303058896, -0.0162734468),
                (-0.0394310388, -0.04285697372, -0.01559068765),
                (-0.05319876871, -0.04285697372, 0.03030174539),
                (-0.05349096506, -0.04303058896, 0.03092689887),
                (-0.05384721639, -0.04336375417, 0.03144499515),
                (-0.05423866136, -0.04382947829, 0.03181406115),
                (-0.05463358742, -0.04439003112, 0.03200419733),
                (-0.04002909902, -0.04429566861, -0.01790300326),
                (-0.04011403865, -0.04364839796, -0.01761987115),
                (-0.0402479376, -0.04311062606, -0.01717354135),
                (-0.04041994815, -0.04272592001, -0.01660017283),
                (-0.04061613504, -0.0425254464, -0.01594621652),
                (-0.05438386496, -0.0425254464, 0.02994621652),
                (-0.05458005185, -0.04272592001, 0.03060017283),
                (-0.0547520624, -0.04311062606, 0.03117354135),
                (-0.05488596135, -0.04364839796, 0.03161987115),
                (-0.05497090098, -0.04429566861, 0.03190300326),
                (-0.04036641258, -0.04439003112, -0.01800419733),
                (-0.04076133864, -0.04382947829, -0.01781406115),
                (-0.04115278361, -0.04336375417, -0.01744499515),
                (-0.04150903494, -0.04303058896, -0.01692689887),
                (-0.04180123129, -0.04285697372, -0.01630174539),
                (-0.0555689612, -0.04285697372, 0.02959068765),
                (-0.05566913864, -0.04303058896, 0.0302734468),
                (-0.05565690841, -0.04336375417, 0.03090208754),
                (-0.05553326133, -0.04382947829, 0.03142568116),
                (-0.05530821454, -0.04439003112, 0.0318018092),
                (-0.04061334325, -0.0446478343, -0.01807827653),
                (-0.04123519511, -0.04432419898, -0.01795621809),
                (-0.04181517686, -0.04405531303, -0.01764371313),
                (-0.04230630181, -0.04386296001, -0.01716607893),
                (-0.04266878195, -0.0437627232, -0.01656201059),
                (-0.05643651186, -0.0437627232, 0.02933042245),
                (-0.05646640551, -0.04386296001, 0.03003426674),
                (-0.05631930167, -0.04405531303, 0.03070336957),
                (-0.0560071178, -0.04432419898, 0.03128352422),
                (-0.0555551452, -0.0446478343, 0.03172773),
                (-0.04070372614, -0.045, -0.0181053914),
                (-0.04140863862, -0.045, -0.01800825114),
                (-0.04205762961, -0.045, -0.01771644895),
                (-0.04259812174, -0.045, -0.01725362491),
                (-0.04298632753, -0.045, -0.01665727427),
                (-0.05675405744, -0.045, 0.02923515877),
                (-0.05675822544, -0.045, 0.02994672076),
                (-0.05656175442, -0.045, 0.03063063374),
                (-0.05618056131, -0.045, 0.03123149116),
                (-0.0556455281, -0.045, 0.03170061513),
                (-0.04061334325, -0.0453521657, -0.01807827653),
                (-0.04123519511, -0.04567580102, -0.01795621809),
                (-0.04181517686, -0.04594468697, -0.01764371313),
                (-0.04230630181, -0.04613703999, -0.01716607893),
                (-0.04266878195, -0.0462372768, -0.01656201059),
                (-0.05643651186, -0.0462372768, 0.02933042245),
                (-0.05646640551, -0.04613703999, 0.03003426674),
                (-0.05631930167, -0.04594468697, 0.03070336957),
                (-0.0560071178, -0.04567580102, 0.03128352422),
                (-0.0555551452, -0.0453521657, 0.03172773),
                (-0.04036641258, -0.04560996888, -0.01800419733),
                (-0.04076133864, -0.04617052171, -0.01781406115),
                (-0.04115278361, -0.04663624583, -0.01744499515),
                (-0.04150903494, -0.04696941104, -0.01692689887),
                (-0.04180123129, -0.04714302628, -0.01630174539),
                (-0.0555689612, -0.04714302628, 0.02959068765),
                (-0.05566913864, -0.04696941104, 0.0302734468),
                (-0.05565690841, -0.04663624583, 0.03090208754),
                (-0.05553326133, -0.04617052171, 0.03142568116),
                (-0.05530821454, -0.04560996888, 0.0318018092),
                (-0.04002909902, -0.04570433139, -0.01790300326),
                (-0.04011403865, -0.04635160204, -0.01761987115),
                (-0.0402479376, -0.04688937394, -0.01717354135),
                (-0.04041994815, -0.04727407999, -0.01660017283),
                (-0.04061613504, -0.0474745536, -0.01594621652),
                (-0.05438386496, -0.0474745536, 0.02994621652),
                (-0.05458005185, -0.04727407999, 0.03060017283),
                (-0.0547520624, -0.04688937394, 0.03117354135),
                (-0.05488596135, -0.04635160204, 0.03161987115),
                (-0.05497090098, -0.04570433139, 0.03190300326),
                (-0.03969178546, -0.04560996888, -0.0178018092),
                (-0.03946673867, -0.04617052171, -0.01742568116),
                (-0.03934309159, -0.04663624583, -0.01690208754),
                (-0.03933086136, -0.04696941104, -0.0162734468),
                (-0.0394310388, -0.04714302628, -0.01559068765),
                (-0.05319876871, -0.04714302628, 0.03030174539),
                (-0.05349096506, -0.04696941104, 0.03092689887),
                (-0.05384721639, -0.04663624583, 0.03144499515),
                (-0.05423866136, -0.04617052171, 0.03181406115),
                (-0.05463358742, -0.04560996888, 0.03200419733),
                (-0.0394448548, -0.0453521657, -0.01772773),
                (-0.0389928822, -0.04567580102, -0.01728352422),
                (-0.03868069833, -0.04594468697, -0.01670336957),
                (-0.03853359449, -0.04613703999, -0.01603426674),
                (-0.03856348814, -0.0462372768, -0.01533042245),
                (-0.05233121805, -0.0462372768, 0.03056201059),
                (-0.05269369819, -0.04613703999, 0.03116607893),
                (-0.05318482314, -0.04594468697, 0.03164371313),
                (-0.05376480489, -0.04567580102, 0.03195621809),
                (-0.05438665675, -0.0453521657, 0.03207827653),
                (0.09, -0.02, -0.018),
                (0.09063229918, -0.02000800358, -0.01832629973),
                (0.09133084967, -0.02000230582, -0.01846169762),
                (0.09203905905, -0.01998336832, -0.01839522451),
                (0.09269955241, -0.01995272529, -0.01813226568),
                (0.09325882052, -0.01991285923, -0.01769412447),
                (0.1357714056, -0.01518923867, 0.04182349457),
                (0.1360041687, -0.01514110125, 0.04249419714),
                (0.1360381037, -0.01509458559, 0.04320343796),
                (0.1358704612, -0.01505346009, 0.04389375856),
                (0.1355148228, -0.01502105651, 0.04450923328),
                (0.135, -0.015, 0.045),
                (0.09054819156, -0.01965469845, -0.01829426295),
                (0.09116944832, -0.01932431824, -0.01840021948),
                (0.09181343975, -0.01903562482, -0.01830928561),
                (0.09242799351, -0.0188120064, -0.01802882827),
                (0.09296332209, -0.01867157922, -0.01758156845),
                (0.1354759071, -0.01394795866, 0.0419360506),
                (0.1357326098, -0.01400038237, 0.04259763454),
                (0.1358124844, -0.01414684208, 0.04328937686),
                (0.1357090599, -0.01437547251, 0.0439552367),
                (0.1354307151, -0.01466775139, 0.04454127006),
                (0.09033293531, -0.01939216783, -0.01816134425),
                (0.0907563746, -0.01882052567, -0.01814515035),
                (0.09123601334, -0.01833138458, -0.01795273025),
                (0.09173299405, -0.01796437184, -0.01759967267),
                (0.09220705431, -0.01774922066, -0.01711458024),
                (0.1347196393, -0.0130256001, 0.0424030388),
                (0.1350376103, -0.01315274781, 0.04302679014),
                (0.135235058, -0.01344260184, 0.04364593222),
                (0.1352959862, -0.01387167995, 0.04421030582),
                (0.1352154589, -0.01440522077, 0.04467418876),
                (0.09004420816, -0.01929075659, -0.01796315909),
                (0.09020231127, -0.01862591893, -0.01776483581),
                (0.09046150074, -0.0180593482, -0.01742109715),
                (0.09080077858, -0.01763694461, -0.01695979077),
                (0.09119265853, -0.01739292878, -0.01641828896),
                (0.1337052436, -0.01266930822, 0.04309933008),
                (0.1341053949, -0.01282532058, 0.04366667204),
                (0.1344605454, -0.01317056547, 0.04417756532),
                (0.1347419228, -0.0136770732, 0.04459062036),
                (0.1349267317, -0.01430380953, 0.04487237392),
                (0.08975937434, -0.01937763778, -0.01775281102),
                (0.08965571915, -0.01879264272, -0.01736118083),
                (0.08969743198, -0.01829240762, -0.01685683698),
                (0.08988113349, -0.01791745857, -0.01628063841),
                (0.09019194128, -0.01769817171, -0.01567926529),
                (0.1327045263, -0.01297455115, 0.04383835375),
                (0.1331857498, -0.01310583454, 0.04434582441),
                (0.1336964766, -0.01340362489, 0.04474182549),
                (0.1341953307, -0.01384379699, 0.04499427535),
                (0.1346418979, -0.01439069072, 0.04508272199),
                (0.08955475482, -0.01962953167, -0.01758666264),
                (0.08926305717, -0.01927602355, -0.01704234442),
                (0.08914853867, -0.01896811475, -0.01641114278),
                (0.08922047693, -0.01873075023, -0.0157441939),
                (0.08947304393, -0.01858315984, -0.01509553003),
                (0.131985629, -0.01385953928, 0.04442208901),
                (0.1325250932, -0.0139191262, 0.04488226891),
                (0.1331475833, -0.01407933202, 0.04518751969),
                (0.1338026687, -0.01432717782, 0.04531311175),
                (0.1344372784, -0.01464258461, 0.04524887037),
                (0.08948517724, -0.01997894349, -0.01750923328),
                (0.08912953878, -0.01994653991, -0.01689375856),
                (0.08896189633, -0.01990541441, -0.01620343796),
                (0.08899583129, -0.01985889875, -0.01549419714),
                (0.08922859445, -0.01981076133, -0.01482349457),
                (0.1317411795, -0.01508714077, 0.04469412447),
                (0.1323004476, -0.01504727471, 0.04513226568),
                (0.132960941, -0.01501663168, 0.04539522451),
                (0.1336691503, -0.01499769418, 0.04546169762),
                (0.1343677008, -0.01499199642, 0.04532629973),
                (0.08956928486, -0.02033224861, -0.01754127006),
                (0.08929094013, -0.02062452749, -0.0169552367),
                (0.08918751562, -0.02085315792, -0.01628937686),
                (0.0892673902, -0.02099961763, -0.01559763454),
                (0.08952409288, -0.02105204134, -0.0149360506),
                (0.1320366779, -0.01632842078, 0.04458156845),
                (0.1325720065, -0.0161879936, 0.04502882827),
                (0.1331865602, -0.01596437518, 0.04530928561),
                (0.1338305517, -0.01567568176, 0.04540021948),
                (0.1344518084, -0.01534530155, 0.04529426295),
                (0.08978454111, -0.02059477923, -0.01767418876),
                (0.08970401385, -0.02112832005, -0.01721030582),
                (0.08976494204, -0.02155739816, -0.01664593222),
                (0.08996238965, -0.02184725219, -0.01602679014),
                (0.09028036066, -0.0219743999, -0.0154030388),
                (0.1327929457, -0.01725077934, 0.04411458024),
                (0.133267006, -0.01703562816, 0.04459967267),
                (0.1337639867, -0.01666861542, 0.04495273025),
                (0.1342436254, -0.01617947433, 0.04514515035),
                (0.1346670647, -0.01560783217, 0.04516134425),
                (0.09007326826, -0.02069619047, -0.01787237392),
                (0.09025807718, -0.0213229268, -0.01759062036),
                (0.09053945464, -0.02182943453, -0.01717756532),
                (0.09089460512, -0.02217467942, -0.01666667204),
                (0.09129475644, -0.02233069178, -0.01609933008),
                (0.1338073415, -0.01760707122, 0.04341828896),
                (0.1341992214, -0.01736305539, 0.04395979077),
                (0.1345384993, -0.0169406518, 0.04442109715),
                (0.1347976887, -0.01637408107, 0.04476483581),
                (0.1349557918, -0.01570924341, 0.04496315909),
                (0.09035810209, -0.02060930928, -0.01808272199),
                (0.09080466929, -0.02115620301, -0.01799427535),
                (0.0913035234, -0.02159637511, -0.01774182549),
                (0.09181425022, -0.02189416546, -0.01734582441),
                (0.09229547369, -0.02202544885, -0.01683835375),
                (0.1348080587, -0.01730182829, 0.04267926529),
                (0.1351188665, -0.01708254143, 0.04328063841),
                (0.135302568, -0.01670759238, 0.04385683698),
                (0.1353442808, -0.01620735728, 0.04436118083),
                (0.1352406257, -0.01562236222, 0.04475281102),
                (0.09056272161, -0.02035741539, -0.01824887037),
                (0.09119733128, -0.02067282218, -0.01831311175),
                (0.09185241671, -0.02092066798, -0.01818751969),
                (0.09247490678, -0.0210808738, -0.01788226891),
                (0.09301437104, -0.02114046072, -0.01742208901),
                (0.1355269561, -0.01641684016, 0.04209553003),
                (0.1357795231, -0.01626924977, 0.0427441939),
                (0.1358514613, -0.01603188525, 0.04341114278),
                (0.1357369428, -0.01572397645, 0.04404234442),
                (0.1354452452, -0.01537046833, 0.04458666264),
                (-0.09, -0.02, -0.018),
                (-0.08948517724, -0.01997894349, -0.01750923328),
                (-0.08912953878, -0.01994653991, -0.01689375856),
                (-0.08896189633, -0.01990541441, -0.01620343796),
                (-0.08899583129, -0.01985889875, -0.01549419714),
                (-0.08922859445, -0.01981076133, -0.01482349457),
                (-0.1317411795, -0.01508714077, 0.04469412447),
                (-0.1323004476, -0.01504727471, 0.04513226568),
                (-0.132960941, -0.01501663168, 0.04539522451),
                (-0.1336691503, -0.01499769418, 0.04546169762),
                (-0.1343677008, -0.01499199642, 0.04532629973),
                (-0.135, -0.015, 0.045),
                (-0.08955475482, -0.01962953167, -0.01758666264),
                (-0.08926305717, -0.01927602355, -0.01704234442),
                (-0.08914853867, -0.01896811475, -0.01641114278),
                (-0.08922047693, -0.01873075023, -0.0157441939),
                (-0.08947304393, -0.01858315984, -0.01509553003),
                (-0.131985629, -0.01385953928, 0.04442208901),
                (-0.1325250932, -0.0139191262, 0.04488226891),
                (-0.1331475833, -0.01407933202, 0.04518751969),
                (-0.1338026687, -0.01432717782, 0.04531311175),
                (-0.1344372784, -0.01464258461, 0.04524887037),
                (-0.08975937434, -0.01937763778, -0.01775281102),
                (-0.08965571915, -0.01879264272, -0.01736118083),
                (-0.08969743198, -0.01829240762, -0.01685683698),
                (-0.08988113349, -0.01791745857, -0.01628063841),
                (-0.09019194128, -0.01769817171, -0.01567926529),
                (-0.1327045263, -0.01297455115, 0.04383835375),
                (-0.1331857498, -0.01310583454, 0.04434582441),
                (-0.1336964766, -0.01340362489, 0.04474182549),
                (-0.1341953307, -0.01384379699, 0.04499427535),
                (-0.1346418979, -0.01439069072, 0.04508272199),
                (-0.09004420816, -0.01929075659, -0.01796315909),
                (-0.09020231127, -0.01862591893, -0.01776483581),
                (-0.09046150074, -0.0180593482, -0.01742109715),
                (-0.09080077858, -0.01763694461, -0.01695979077),
                (-0.09119265853, -0.01739292878, -0.01641828896),
                (-0.1337052436, -0.01266930822, 0.04309933008),
                (-0.1341053949, -0.01282532058, 0.04366667204),
                (-0.1344605454, -0.01317056547, 0.04417756532),
                (-0.1347419228, -0.0136770732, 0.04459062036),
                (-0.1349267317, -0.01430380953, 0.04487237392),
                (-0.09033293531, -0.01939216783, -0.01816134425),
                (-0.0907563746, -0.01882052567, -0.01814515035),
                (-0.09123601334, -0.01833138458, -0.01795273025),
                (-0.09173299405, -0.01796437184, -0.01759967267),
                (-0.09220705431, -0.01774922066, -0.01711458024),
                (-0.1347196393, -0.0130256001, 0.0424030388),
                (-0.1350376103, -0.01315274781, 0.04302679014),
                (-0.135235058, -0.01344260184, 0.04364593222),
                (-0.1352959862, -0.01387167995, 0.04421030582),
                (-0.1352154589, -0.01440522077, 0.04467418876),
                (-0.09054819156, -0.01965469845, -0.01829426295),
                (-0.09116944832, -0.01932431824, -0.01840021948),
                (-0.09181343975, -0.01903562482, -0.01830928561),
                (-0.09242799351, -0.0188120064, -0.01802882827),
                (-0.09296332209, -0.01867157922, -0.01758156845),
                (-0.1354759071, -0.01394795866, 0.0419360506),
                (-0.1357326098, -0.01400038237, 0.04259763454),
                (-0.1358124844, -0.01414684208, 0.04328937686),
                (-0.1357090599, -0.01437547251, 0.0439552367),
                (-0.1354307151, -0.01466775139, 0.04454127006),
                (-0.09063229918, -0.02000800358, -0.01832629973),
                (-0.09133084967, -0.02000230582, -0.01846169762),
                (-0.09203905905, -0.01998336832, -0.01839522451),
                (-0.09269955241, -0.01995272529, -0.01813226568),
                (-0.09325882052, -0.01991285923, -0.01769412447),
                (-0.1357714056, -0.01518923867, 0.04182349457),
                (-0.1360041687, -0.01514110125, 0.04249419714),
                (-0.1360381037, -0.01509458559, 0.04320343796),
                (-0.1358704612, -0.01505346009, 0.04389375856),
                (-0.1355148228, -0.01502105651, 0.04450923328),
                (-0.09056272161, -0.02035741539, -0.01824887037),
                (-0.09119733128, -0.02067282218, -0.01831311175),
                (-0.09185241671, -0.02092066798, -0.01818751969),
                (-0.09247490678, -0.0210808738, -0.01788226891),
                (-0.09301437104, -0.02114046072, -0.01742208901),
                (-0.1355269561, -0.01641684016, 0.04209553003),
                (-0.1357795231, -0.01626924977, 0.0427441939),
                (-0.1358514613, -0.01603188525, 0.04341114278),
                (-0.1357369428, -0.01572397645, 0.04404234442),
                (-0.1354452452, -0.01537046833, 0.04458666264),
                (-0.09035810209, -0.02060930928, -0.01808272199),
                (-0.09080466929, -0.02115620301, -0.01799427535),
                (-0.0913035234, -0.02159637511, -0.01774182549),
                (-0.09181425022, -0.02189416546, -0.01734582441),
                (-0.09229547369, -0.02202544885, -0.01683835375),
                (-0.1348080587, -0.01730182829, 0.04267926529),
                (-0.1351188665, -0.01708254143, 0.04328063841),
                (-0.135302568, -0.01670759238, 0.04385683698),
                (-0.1353442808, -0.01620735728, 0.04436118083),
                (-0.1352406257, -0.01562236222, 0.04475281102),
                (-0.09007326826, -0.02069619047, -0.01787237392),
                (-0.09025807718, -0.0213229268, -0.01759062036),
                (-0.09053945464, -0.02182943453, -0.01717756532),
                (-0.09089460512, -0.02217467942, -0.01666667204),
                (-0.09129475644, -0.02233069178, -0.01609933008),
                (-0.1338073415, -0.01760707122, 0.04341828896),
                (-0.1341992214, -0.01736305539, 0.04395979077),
                (-0.1345384993, -0.0169406518, 0.04442109715),
                (-0.1347976887, -0.01637408107, 0.04476483581),
                (-0.1349557918, -0.01570924341, 0.04496315909),
                (-0.08978454111, -0.02059477923, -0.01767418876),
                (-0.08970401385, -0.02112832005, -0.01721030582),
                (-0.08976494204, -0.02155739816, -0.01664593222),
                (-0.08996238965, -0.02184725219, -0.01602679014),
                (-0.09028036066, -0.0219743999, -0.0154030388),
                (-0.1327929457, -0.01725077934, 0.04411458024),
                (-0.133267006, -0.01703562816, 0.04459967267),
                (-0.1337639867, -0.01666861542, 0.04495273025),
                (-0.1342436254, -0.01617947433, 0.04514515035),
                (-0.1346670647, -0.01560783217, 0.04516134425),
                (-0.08956928486, -0.02033224861, -0.01754127006),
                (-0.08929094013, -0.02062452749, -0.0169552367),
                (-0.08918751562, -0.02085315792, -0.01628937686),
                (-0.0892673902, -0.02099961763, -0.01559763454),
                (-0.08952409288, -0.02105204134, -0.0149360506),
                (-0.1320366779, -0.01632842078, 0.04458156845),
                (-0.1325720065, -0.0161879936, 0.04502882827),
                (-0.1331865602, -0.01596437518, 0.04530928561),
                (-0.1338305517, -0.01567568176, 0.04540021948),
                (-0.1344518084, -0.01534530155, 0.04529426295),
                (0.03, 0.01, -0.025),
                (0.03069240999, 0.01001907424, -0.02483708158),
                (0.03131057778, 0.01006563882, -0.02448774199),
                (0.03180442309, 0.01013592135, -0.02398028263),
                (0.03213393751, 0.01022422796, -0.02335581484),
                (0.03227242575, 0.01032340456, -0.02266492929),
                (0.02765667109, 0.01770861203, 0.02810837205),
                (0.02739583321, 0.01780519484, 0.0287633325),
                (0.02695904644, 0.01788852399, 0.02931886053),
                (0.02638169664, 0.01795184865, 0.02972995057),
                (0.02571055725, 0.01799003863, 0.02996329855),
                (0.025, 0.018, 0.03),
                (0.03060070722, 0.01036698434, -0.02489602331),
                (0.03113460146, 0.01073327342, -0.02460085032),
                (0.03155842977, 0.01106919265, -0.02413839421),
                (0.03183785611, 0.01134752788, -0.02354612041),
                (0.03195024302, 0.01154573002, -0.02287201143),
                (0.02733448835, 0.01893093749, 0.02790128991),
                (0.02709975181, 0.01892849476, 0.02857302693),
                (0.02671305312, 0.0188217953, 0.02916074895),
                (0.02620572032, 0.01861948324, 0.02961684224),
                (0.02561885448, 0.01833794873, 0.02990435683),
                (0.03034561417, 0.01062045132, -0.02495608151),
                (0.03064508147, 0.01121967298, -0.02471610117),
                (0.03087414085, 0.01174911961, -0.02429950076),
                (0.03101423528, 0.01216589858, -0.02374003077),
                (0.03105401514, 0.01243624495, -0.02308301613),
                (0.02643826047, 0.01982145242, 0.02769028521),
                (0.02627613098, 0.01974686547, 0.02837911657),
                (0.0260287642, 0.01950172225, 0.0289996424),
                (0.02571620033, 0.01910588281, 0.0295015914),
                (0.02536376143, 0.0185914157, 0.02984429863),
                (0.02999548281, 0.0107115589, -0.02500116364),
                (0.02997318431, 0.01139450715, -0.02480261315),
                (0.029934911, 0.01199351634, -0.02442043391),
                (0.02988376355, 0.0124600583, -0.0238855878),
                (0.02982388563, 0.01275633659, -0.02324140487),
                (0.02520813096, 0.02014154406, 0.02753189647),
                (0.02514565925, 0.02004102519, 0.02823355954),
                (0.02508953435, 0.01974611898, 0.02887870925),
                (0.02504430317, 0.01928071698, 0.02941507941),
                (0.02501363007, 0.01868252329, 0.02979921649),
                (0.02964413055, 0.01061589488, -0.02501918999),
                (0.02929894427, 0.01121092924, -0.02483720546),
                (0.02899240609, 0.01173689694, -0.02446878971),
                (0.02874934992, 0.01215118718, -0.0239437896),
                (0.02858946672, 0.01242023665, -0.02330473751),
                (0.02397371205, 0.01980544412, 0.02746856383),
                (0.02401124561, 0.01973215407, 0.02817535774),
                (0.02414702944, 0.01948949958, 0.02883035345),
                (0.02437006312, 0.01909713907, 0.0293804871),
                (0.02466227781, 0.01858685927, 0.02978119015),
                (0.02938570195, 0.01035909237, -0.02500533041),
                (0.02880302342, 0.01071812882, -0.02481060911),
                (0.02829916955, 0.01104802236, -0.02443161128),
                (0.02791495959, 0.01132204698, -0.02389904105),
                (0.02768151994, 0.01151800284, -0.02325604411),
                (0.02306576528, 0.01890321031, 0.02751725722),
                (0.02317685529, 0.01890301387, 0.02822010628),
                (0.0234537929, 0.018800625, 0.02886753188),
                (0.02387414228, 0.01860433865, 0.02940708345),
                (0.02440384921, 0.01833005675, 0.02979504973),
                (0.02928944275, 0.01000996137, -0.02496329855),
                (0.02861830336, 0.01004815135, -0.02472995057),
                (0.02804095356, 0.01011147601, -0.02431886053),
                (0.02760416679, 0.01019480516, -0.0237633325),
                (0.02734332891, 0.01029138797, -0.02310837205),
                (0.02272757425, 0.01767659544, 0.02766492929),
                (0.02286606249, 0.01777577204, 0.02835581484),
                (0.02319557691, 0.01786407865, 0.02898028263),
                (0.02368942222, 0.01793436118, 0.02948774199),
                (0.02430759001, 0.01798092576, 0.02983708158),
                (0.02938114552, 0.009662051272, -0.02490435683),
                (0.02879427968, 0.009380516756, -0.02461684224),
                (0.02828694688, 0.009178204704, -0.02416074895),
                (0.02790024819, 0.009071505237, -0.02357302693),
                (0.02766551165, 0.00906906251, -0.02290128991),
                (0.02304975698, 0.01645426998, 0.02787201143),
                (0.02316214389, 0.01665247212, 0.02854612041),
                (0.02344157023, 0.01693080735, 0.02913839421),
                (0.02386539854, 0.01726672658, 0.02960085032),
                (0.02439929278, 0.01763301566, 0.02989602331),
                (0.02963623857, 0.009408584295, -0.02484429863),
                (0.02928379967, 0.00889411719, -0.0245015914),
                (0.0289712358, 0.00849827775, -0.0239996424),
                (0.02872386902, 0.008253134531, -0.02337911657),
                (0.02856173953, 0.008178547581, -0.02269028521),
                (0.02394598486, 0.01556375505, 0.02808301613),
                (0.02398576472, 0.01583410142, 0.02874003077),
                (0.02412585915, 0.01625088039, 0.02929950076),
                (0.02435491853, 0.01678032702, 0.02971610117),
                (0.02465438583, 0.01737954868, 0.02995608151),
                (0.02998636993, 0.009317476715, -0.02479921649),
                (0.02995569683, 0.008719283023, -0.02441507941),
                (0.02991046565, 0.008253881021, -0.02387870925),
                (0.02985434075, 0.00795897481, -0.02323355954),
                (0.02979186904, 0.007858455938, -0.02253189647),
                (0.02517611437, 0.01524366341, 0.02824140487),
                (0.02511623645, 0.0155399417, 0.0288855878),
                (0.025065089, 0.01600648366, 0.02942043391),
                (0.02502681569, 0.01660549285, 0.02980261315),
                (0.02500451719, 0.0172884411, 0.03000116364),
                (0.03033772219, 0.009413140732, -0.02478119015),
                (0.03062993688, 0.008902860928, -0.0243804871),
                (0.03085297056, 0.008510500423, -0.02383035345),
                (0.03098875439, 0.008267845932, -0.02317535774),
                (0.03102628795, 0.008194555878, -0.02246856383),
                (0.02641053328, 0.01557976335, 0.02830473751),
                (0.02625065008, 0.01584881282, 0.0289437896),
                (0.02600759391, 0.01626310306, 0.02946878971),
                (0.02570105573, 0.01678907076, 0.02983720546),
                (0.02535586945, 0.01738410512, 0.03001918999),
                (0.03059615079, 0.009669943251, -0.02479504973),
                (0.03112585772, 0.009395661354, -0.02440708345),
                (0.0315462071, 0.009199374996, -0.02386753188),
                (0.03182314471, 0.00909698613, -0.02322010628),
                (0.03193423472, 0.009096789694, -0.02251725722),
                (0.02731848006, 0.01648199716, 0.02825604411),
                (0.02708504041, 0.01667795302, 0.02889904105),
                (0.02670083045, 0.01695197764, 0.02943161128),
                (0.02619697658, 0.01728187118, 0.02981060911),
                (0.02561429805, 0.01764090763, 0.03000533041),
                (-0.02, 0.005, -0.03),
                (-0.01928993952, 0.005017187269, -0.02995691241),
                (-0.01862157699, 0.005080462892, -0.0297210617),
                (-0.01804905918, 0.005184700655, -0.02931155508),
                (-0.01761876807, 0.005321455835, -0.02876156835),
                (-0.01736556328, 0.005479649339, -0.02811565815),
                (-0.01270067837, 0.01947430406, 0.02972891472),
                (-0.01284717735, 0.01963622799, 0.03040615657),
                (-0.01318391213, 0.0197801418, 0.0310162683),
                (-0.01368360248, 0.01989438644, 0.0315098223),
                (-0.01430576644, 0.0199697065, 0.03184683376),
                (-0.015, 0.02, 0.032),
                (-0.01938728594, 0.005360401245, -0.03003209754),
                (-0.01880838341, 0.005739085689, -0.02986534089),
                (-0.01831019164, 0.006105374571, -0.0295132397),
                (-0.01793307118, 0.006429593345, -0.0290043191),
                (-0.01770757407, 0.006685475732, -0.02837980883),
                (-0.01304268916, 0.02068013046, 0.02946476404),
                (-0.01316148046, 0.0207443655, 0.03016340581),
                (-0.01344504459, 0.02070081571, 0.03081458368),
                (-0.01387040889, 0.02055300924, 0.03136554311),
                (-0.01440311286, 0.02031292048, 0.03177164864),
                (-0.01964668819, 0.005613407215, -0.03007238912),
                (-0.01930617268, 0.00622460059, -0.02994265988),
                (-0.01900604002, 0.006784064873, -0.02962132216),
                (-0.01877060515, 0.007246475596, -0.02913440884),
                (-0.01861894163, 0.007574370991, -0.02852136675),
                (-0.01395405672, 0.02156902572, 0.02932320612),
                (-0.01399901444, 0.02156124775, 0.03003331607),
                (-0.01414089297, 0.02137950601, 0.03070650122),
                (-0.01436819817, 0.02103852414, 0.03128822413),
                (-0.01466251511, 0.02056592645, 0.03173135705),
                (-0.01999863965, 0.005708412433, -0.03006699107),
                (-0.01998156259, 0.006406914269, -0.0299323011),
                (-0.0199501523, 0.007038917043, -0.02960684186),
                (-0.01990695345, 0.007553219649, -0.02911698012),
                (-0.01985546575, 0.007908156349, -0.02850240158),
                (-0.01519058084, 0.02190281107, 0.02934217128),
                (-0.01513536273, 0.0218679918, 0.03005074479),
                (-0.01508500525, 0.02163435818, 0.03072098153),
                (-0.01504358808, 0.02122083782, 0.03129858291),
                (-0.01501446657, 0.02066093167, 0.0317367551),
                (-0.02034883521, 0.005619960329, -0.03001734979),
                (-0.02065358295, 0.006237175923, -0.02983704018),
                (-0.02088955436, 0.006801643647, -0.02947367877),
                (-0.02103763245, 0.007267633683, -0.02895670296),
                (-0.0210858208, 0.007597394289, -0.02832799503),
                (-0.01642093589, 0.02159204901, 0.02951657784),
                (-0.01626604173, 0.02158240584, 0.03021102196),
                (-0.01602440731, 0.02139708479, 0.03085414461),
                (-0.01571560843, 0.02105109947, 0.03139384382),
                (-0.01536466213, 0.02057247956, 0.03178639638),
                (-0.02060344025, 0.005371751571, -0.02993676662),
                (-0.02114216644, 0.005760866805, -0.02968240221),
                (-0.02157253418, 0.006135821901, -0.02925751385),
                (-0.02185967763, 0.006466240226, -0.02869652348),
                (-0.02198033413, 0.006725353254, -0.02804487919),
                (-0.01731544923, 0.02072000798, 0.02979969368),
                (-0.01708808691, 0.02078101238, 0.03047120144),
                (-0.01670738713, 0.02073126304, 0.03107030953),
                (-0.01620419193, 0.02057479035, 0.0315484818),
                (-0.01561926717, 0.02032427081, 0.03186697955),
                (-0.02069423356, 0.005030293496, -0.02984683376),
                (-0.02131639752, 0.005105613559, -0.0295098223),
                (-0.02181608787, 0.005219858203, -0.0290162683),
                (-0.02215282265, 0.005363772009, -0.02840615657),
                (-0.02229932163, 0.005525695935, -0.02772891472),
                (-0.01763443672, 0.01952035066, 0.03011565815),
                (-0.01738123193, 0.01967854417, 0.03076156835),
                (-0.01695094082, 0.01981529934, 0.03131155508),
                (-0.01637842301, 0.01991953711, 0.0317210617),
                (-0.01571006048, 0.01998281273, 0.03195691241),
                (-0.02059688714, 0.00468707952, -0.02977164864),
                (-0.02112959111, 0.004446990762, -0.02936554311),
                (-0.02155495541, 0.004299184287, -0.02881458368),
                (-0.02183851954, 0.004255634499, -0.02816340581),
                (-0.02195731084, 0.004319869542, -0.02746476404),
                (-0.01729242593, 0.01831452427, 0.03037980883),
                (-0.01706692882, 0.01857040666, 0.0310043191),
                (-0.01668980836, 0.01889462543, 0.0315132397),
                (-0.01619161659, 0.01926091431, 0.03186534089),
                (-0.01561271406, 0.01963959876, 0.03203209754),
                (-0.02033748489, 0.00443407355, -0.02973135705),
                (-0.02063180183, 0.003961475861, -0.02928822413),
                (-0.02085910703, 0.003620493985, -0.02870650122),
                (-0.02100098556, 0.003438752248, -0.02803331607),
                (-0.02104594328, 0.003430974284, -0.02732320612),
                (-0.01638105837, 0.01742562901, 0.03052136675),
                (-0.01622939485, 0.0177535244, 0.03113440884),
                (-0.01599395998, 0.01821593513, 0.03162132216),
                (-0.01569382732, 0.01877539941, 0.03194265988),
                (-0.01535331181, 0.01938659279, 0.03207238912),
                (-0.01998553343, 0.004339068332, -0.0297367551),
                (-0.01995641192, 0.003779162182, -0.02929858291),
                (-0.01991499475, 0.003365641816, -0.02872098153),
                (-0.01986463727, 0.003132008195, -0.02805074479),
                (-0.01980941916, 0.003097188926, -0.02734217128),
                (-0.01514453425, 0.01709184365, 0.03050240158),
                (-0.01509304655, 0.01744678035, 0.03111698012),
                (-0.0150498477, 0.01796108296, 0.03160684186),
                (-0.01501843741, 0.01859308573, 0.0319323011),
                (-0.01500136035, 0.01929158757, 0.03206699107),
                (-0.01963533787, 0.004427520436, -0.02978639638),
                (-0.01928439157, 0.003948900527, -0.02939384382),
                (-0.01897559269, 0.003602915211, -0.02885414461),
                (-0.01873395827, 0.003417594161, -0.02821102196),
                (-0.01857906411, 0.003407950986, -0.02751657784),
                (-0.0139141792, 0.01740260571, 0.03032799503),
                (-0.01396236755, 0.01773236632, 0.03095670296),
                (-0.01411044564, 0.01819835635, 0.03147367877),
                (-0.01434641705, 0.01876282408, 0.03183704018),
                (-0.01465116479, 0.01938003967, 0.03201734979),
                (-0.01938073283, 0.004675729194, -0.02986697955),
                (-0.01879580807, 0.004425209645, -0.0295484818),
                (-0.01829261287, 0.004268736958, -0.02907030953),
                (-0.01791191309, 0.004218987618, -0.02847120144),
                (-0.01768455077, 0.004279992021, -0.02779969368),
                (-0.01301966587, 0.01827464675, 0.03004487919),
                (-0.01314032237, 0.01853375977, 0.03069652348),
                (-0.01342746582, 0.0188641781, 0.03125751385),
                (-0.01385783356, 0.01923913319, 0.03168240221),
                (-0.01439655975, 0.01962824843, 0.03193676662),
                (0.07, -0.06, -0.025),
                (0.07069202157, -0.06, -0.02516566222),
                (0.07140268385, -0.06, -0.02512964894),
                (0.0720744132, -0.06, -0.02489487776),
                (0.07265279011, -0.06, -0.02448036843),
                (0.07309095791, -0.06, -0.02391970203),
                (0.09650919127, -0.06, 0.03509424601),
                (0.09657468234, -0.06, 0.0358028),
                (0.09643789784, -0.06, 0.03650110353),
                (0.09610991924, -0.06, 0.03713258422),
                (0.0956173174, -0.06, 0.03764608326),
                (0.095, -0.06, 0.038),
                (0.07060431249, -0.0596478343, -0.02513085703),
                (0.07123437136, -0.05932419898, -0.02506285827),
                (0.07183913298, -0.05905531303, -0.02480151259),
                (0.07236960315, -0.05886296001, -0.02436799265),
                (0.07278280635, -0.0587627232, -0.02379741967),
                (0.0962010397, -0.0587627232, 0.03521652838),
                (0.09629149538, -0.05886296001, 0.03591517577),
                (0.09620261762, -0.05905531303, 0.0365944687),
                (0.09594160674, -0.05932419898, 0.0371993749),
                (0.09552960832, -0.0596478343, 0.03768088845),
                (0.07036468683, -0.05939003112, -0.02503576748),
                (0.07077453308, -0.05882947829, -0.02488038276),
                (0.07119633544, -0.05836375417, -0.0245464342),
                (0.071595922, -0.05803058896, -0.02406097632),
                (0.07194092062, -0.05785697372, -0.02346333803),
                (0.09535915397, -0.05785697372, 0.03555061002),
                (0.09551781423, -0.05803058896, 0.0362221921),
                (0.09555982008, -0.05836375417, 0.03684954709),
                (0.09548176846, -0.05882947829, 0.0373818504),
                (0.09528998266, -0.05939003112, 0.037775978),
                (0.07003735209, -0.05929566861, -0.02490587274),
                (0.07014638231, -0.05864839796, -0.02463111658),
                (0.07031825768, -0.05811062606, -0.02419799065),
                (0.07053905388, -0.05772592001, -0.02364158421),
                (0.07079088332, -0.0575254464, -0.02300697402),
                (0.09420911668, -0.0575254464, 0.03600697402),
                (0.09446094612, -0.05772592001, 0.03664158421),
                (0.09468174232, -0.05811062606, 0.03719799065),
                (0.09485361769, -0.05864839796, 0.03763111658),
                (0.09496264791, -0.05929566861, 0.03790587274),
                (0.06971001734, -0.05939003112, -0.024775978),
                (0.06951823154, -0.05882947829, -0.0243818504),
                (0.06944017992, -0.05836375417, -0.02384954709),
                (0.06948218577, -0.05803058896, -0.0232221921),
                (0.06964084603, -0.05785697372, -0.02255061002),
                (0.09305907938, -0.05785697372, 0.03646333803),
                (0.093404078, -0.05803058896, 0.03706097632),
                (0.09380366456, -0.05836375417, 0.0375464342),
                (0.09422546692, -0.05882947829, 0.03788038276),
                (0.09463531317, -0.05939003112, 0.03803576748),
                (0.06947039168, -0.0596478343, -0.02468088845),
                (0.06905839326, -0.05932419898, -0.0241993749),
                (0.06879738238, -0.05905531303, -0.0235944687),
                (0.06870850462, -0.05886296001, -0.02291517577),
                (0.0687989603, -0.0587627232, -0.02221652838),
                (0.09221719365, -0.0587627232, 0.03679741967),
                (0.09263039685, -0.05886296001, 0.03736799265),
                (0.09316086702, -0.05905531303, 0.03780151259),
                (0.09376562864, -0.05932419898, 0.03806285827),
                (0.09439568751, -0.0596478343, 0.03813085703),
                (0.0693826826, -0.06, -0.02464608326),
                (0.06889008076, -0.06, -0.02413258422),
                (0.06856210216, -0.06, -0.02350110353),
                (0.06842531766, -0.06, -0.0228028),
                (0.06849080873, -0.06, -0.02209424601),
                (0.09190904209, -0.06, 0.03691970203),
                (0.09234720989, -0.06, 0.03748036843),
                (0.0929255868, -0.06, 0.03789487776),
                (0.09359731615, -0.06, 0.03812964894),
                (0.09430797843, -0.06, 0.03816566222),
                (0.06947039168, -0.0603521657, -0.02468088845),
                (0.06905839326, -0.06067580102, -0.0241993749),
                (0.06879738238, -0.06094468697, -0.0235944687),
                (0.06870850462, -0.06113703999, -0.02291517577),
                (0.0687989603, -0.0612372768, -0.02221652838),
                (0.09221719365, -0.0612372768, 0.03679741967),
                (0.09263039685, -0.06113703999, 0.03736799265),
                (0.09316086702, -0.06094468697, 0.03780151259),
                (0.09376562864, -0.06067580102, 0.03806285827),
                (0.09439568751, -0.0603521657, 0.03813085703),
                (0.06971001734, -0.06060996888, -0.024775978),
                (0.06951823154, -0.06117052171, -0.0243818504),
                (0.06944017992, -0.06163624583, -0.02384954709),
                (0.06948218577, -0.06196941104, -0.0232221921),
                (0.06964084603, -0.06214302628, -0.02255061002),
                (0.09305907938, -0.06214302628, 0.03646333803),
                (0.093404078, -0.06196941104, 0.03706097632),
                (0.09380366456, -0.06163624583, 0.0375464342),
                (0.09422546692, -0.06117052171, 0.03788038276),
                (0.09463531317, -0.06060996888, 0.03803576748),
                (0.07003735209, -0.06070433139, -0.02490587274),
                (0.07014638231, -0.06135160204, -0.02463111658),
                (0.07031825768, -0.06188937394, -0.02419799065),
                (0.07053905388, -0.06227407999, -0.02364158421),
                (0.07079088332, -0.0624745536, -0.02300697402),
                (0.09420911668, -0.0624745536, 0.03600697402),
                (0.09446094612, -0.06227407999, 0.03664158421),
                (0.09468174232, -0.06188937394, 0.03719799065),
                (0.09485361769, -0.06135160204, 0.03763111658),
                (0.09496264791, -0.06070433139, 0.03790587274),
                (0.07036468683, -0.06060996888, -0.02503576748),
                (0.07077453308, -0.06117052171, -0.02488038276),
                (0.07119633544, -0.06163624583, -0.0245464342),
                (0.071595922, -0.06196941104, -0.02406097632),
                (0.07194092062, -0.06214302628, -0.02346333803),
                (0.09535915397, -0.06214302628, 0.03555061002),
                (0.09551781423, -0.06196941104, 0.0362221921),
                (0.09555982008, -0.06163624583, 0.03684954709),
                (0.09548176846, -0.06117052171, 0.0373818504),
                (0.09528998266, -0.06060996888, 0.037775978),
                (0.07060431249, -0.0603521657, -0.02513085703),
                (0.07123437136, -0.06067580102, -0.02506285827),
                (0.07183913298, -0.06094468697, -0.02480151259),
                (0.07236960315, -0.06113703999, -0.02436799265),
                (0.07278280635, -0.0612372768, -0.02379741967),
                (0.0962010397, -0.0612372768, 0.03521652838),
                (0.09629149538, -0.06113703999, 0.03591517577),
                (0.09620261762, -0.06094468697, 0.0365944687),
                (0.09594160674, -0.06067580102, 0.0371993749),
                (0.09552960832, -0.0603521657, 0.03768088845),
                (-0.07, -0.06, -0.025),
                (-0.0693826826, -0.06, -0.02464608326),
                (-0.06889008076, -0.06, -0.02413258422),
                (-0.06856210216, -0.06, -0.02350110353),
                (-0.06842531766, -0.06, -0.0228028),
                (-0.06849080873, -0.06, -0.02209424601),
                (-0.09190904209, -0.06, 0.03691970203),
                (-0.09234720989, -0.06, 0.03748036843),
                (-0.0929255868, -0.06, 0.03789487776),
                (-0.09359731615, -0.06, 0.03812964894),
                (-0.09430797843, -0.06, 0.03816566222),
                (-0.095, -0.06, 0.038),
                (-0.06947039168, -0.0596478343, -0.02468088845),
                (-0.06905839326, -0.05932419898, -0.0241993749),
                (-0.06879738238, -0.05905531303, -0.0235944687),
                (-0.06870850462, -0.05886296001, -0.02291517577),
                (-0.0687989603, -0.0587627232, -0.02221652838),
                (-0.09221719365, -0.0587627232, 0.03679741967),
                (-0.09263039685, -0.05886296001, 0.03736799265),
                (-0.09316086702, -0.05905531303, 0.03780151259),
                (-0.09376562864, -0.05932419898, 0.03806285827),
                (-0.09439568751, -0.0596478343, 0.03813085703),
                (-0.06971001734, -0.05939003112, -0.024775978),
                (-0.06951823154, -0.05882947829, -0.0243818504),
                (-0.06944017992, -0.05836375417, -0.02384954709),
                (-0.06948218577, -0.05803058896, -0.0232221921),
                (-0.06964084603, -0.05785697372, -0.02255061002),
                (-0.09305907938, -0.05785697372, 0.03646333803),
                (-0.093404078, -0.05803058896, 0.03706097632),
                (-0.09380366456, -0.05836375417, 0.0375464342),
                (-0.09422546692, -0.05882947829, 0.03788038276),
                (-0.09463531317, -0.05939003112, 0.03803576748),
                (-0.07003735209, -0.05929566861, -0.02490587274),
                (-0.07014638231, -0.05864839796, -0.02463111658),
                (-0.07031825768, -0.05811062606, -0.02419799065),
                (-0.07053905388, -0.05772592001, -0.02364158421),
                (-0.07079088332, -0.0575254464, -0.02300697402),
                (-0.09420911668, -0.0575254464, 0.03600697402),
                (-0.09446094612, -0.05772592001, 0.03664158421),
                (-0.09468174232, -0.05811062606, 0.03719799065),
                (-0.09485361769, -0.05864839796, 0.03763111658),
                (-0.09496264791, -0.05929566861, 0.03790587274),
                (-0.07036468683, -0.05939003112, -0.02503576748),
                (-0.07077453308, -0.05882947829, -0.02488038276),
                (-0.07119633544, -0.05836375417, -0.0245464342),
                (-0.071595922, -0.05803058896, -0.02406097632),
                (-0.07194092062, -0.05785697372, -0.02346333803),
                (-0.09535915397, -0.05785697372, 0.03555061002),
                (-0.09551781423, -0.05803058896, 0.0362221921),
                (-0.09555982008, -0.05836375417, 0.03684954709),
                (-0.09548176846, -0.05882947829, 0.0373818504),
                (-0.09528998266, -0.05939003112, 0.037775978),
                (-0.07060431249, -0.0596478343, -0.02513085703),
                (-0.07123437136, -0.05932419898, -0.02506285827),
                (-0.07183913298, -0.05905531303, -0.02480151259),
                (-0.07236960315, -0.05886296001, -0.02436799265),
                (-0.07278280635, -0.0587627232, -0.02379741967),
                (-0.0962010397, -0.0587627232, 0.03521652838),
                (-0.09629149538, -0.05886296001, 0.03591517577),
                (-0.09620261762, -0.05905531303, 0.0365944687),
                (-0.09594160674, -0.05932419898, 0.0371993749),
                (-0.09552960832, -0.0596478343, 0.03768088845),
                (-0.07069202157, -0.06, -0.02516566222),
                (-0.07140268385, -0.06, -0.02512964894),
                (-0.0720744132, -0.06, -0.02489487776),
                (-0.07265279011, -0.06, -0.02448036843),
                (-0.07309095791, -0.06, -0.02391970203),
                (-0.09650919127, -0.06, 0.03509424601),
                (-0.09657468234, -0.06, 0.0358028),
                (-0.09643789784, -0.06, 0.03650110353),
                (-0.09610991924, -0.06, 0.03713258422),
                (-0.0956173174, -0.06, 0.03764608326),
                (-0.07060431249, -0.0603521657, -0.02513085703),
                (-0.07123437136, -0.06067580102, -0.02506285827),
                (-0.07183913298, -0.06094468697, -0.02480151259),
                (-0.07236960315, -0.06113703999, -0.02436799265),
                (-0.07278280635, -0.0612372768, -0.02379741967),
                (-0.0962010397, -0.0612372768, 0.03521652838),
                (-0.09629149538, -0.06113703999, 0.03591517577),
                (-0.09620261762, -0.06094468697, 0.0365944687),
                (-0.09594160674, -0.06067580102, 0.0371993749),
                (-0.09552960832, -0.0603521657, 0.03768088845),
                (-0.07036468683, -0.06060996888, -0.02503576748),
                (-0.07077453308, -0.06117052171, -0.02488038276),
                (-0.07119633544, -0.06163624583, -0.0245464342),
                (-0.071595922, -0.06196941104, -0.02406097632),
                (-0.07194092062, -0.06214302628, -0.02346333803),
                (-0.09535915397, -0.06214302628, 0.03555061002),
                (-0.09551781423, -0.06196941104, 0.0362221921),
                (-0.09555982008, -0.06163624583, 0.03684954709),
                (-0.09548176846, -0.06117052171, 0.0373818504),
                (-0.09528998266, -0.06060996888, 0.037775978),
                (-0.07003735209, -0.06070433139, -0.02490587274),
                (-0.07014638231, -0.06135160204, -0.02463111658),
                (-0.07031825768, -0.06188937394, -0.02419799065),
                (-0.07053905388, -0.06227407999, -0.02364158421),
                (-0.07079088332, -0.0624745536, -0.02300697402),
                (-0.09420911668, -0.0624745536, 0.03600697402),
                (-0.09446094612, -0.06227407999, 0.03664158421),
                (-0.09468174232, -0.06188937394, 0.03719799065),
                (-0.09485361769, -0.06135160204, 0.03763111658),
                (-0.09496264791, -0.06070433139, 0.03790587274),
                (-0.06971001734, -0.06060996888, -0.024775978),
                (-0.06951823154, -0.06117052171, -0.0243818504),
                (-0.06944017992, -0.06163624583, -0.02384954709),
                (-0.06948218577, -0.06196941104, -0.0232221921),
                (-0.06964084603, -0.06214302628, -0.02255061002),
                (-0.09305907938, -0.06214302628, 0.03646333803),
                (-0.093404078, -0.06196941104, 0.03706097632),
                (-0.09380366456, -0.06163624583, 0.0375464342),
                (-0.09422546692, -0.06117052171, 0.03788038276),
                (-0.09463531317, -0.06060996888, 0.03803576748),
                (-0.06947039168, -0.0603521657, -0.02468088845),
                (-0.06905839326, -0.06067580102, -0.0241993749),
                (-0.06879738238, -0.06094468697, -0.0235944687),
                (-0.06870850462, -0.06113703999, -0.02291517577),
                (-0.0687989603, -0.0612372768, -0.02221652838),
                (-0.09221719365, -0.0612372768, 0.03679741967),
                (-0.09263039685, -0.06113703999, 0.03736799265),
                (-0.09316086702, -0.06094468697, 0.03780151259),
                (-0.09376562864, -0.06067580102, 0.03806285827),
                (-0.09439568751, -0.0603521657, 0.03813085703),
                (0.02, 0.05, -0.018),
                (0.02071021195, 0.05000588056, -0.01804361454),
                (0.02140336142, 0.05005175938, -0.01788941732),
                (0.02202329355, 0.05013391961, -0.01754990048),
                (0.02251978513, 0.05024570514, -0.01705256967),
                (0.02285261336, 0.05037805976, -0.01643771566),
                (0.03199561352, 0.05952105992, 0.02744868513),
                (0.03193566725, 0.05966158726, 0.02814366451),
                (0.03167843006, 0.05978905613, 0.02879475479),
                (0.0312447418, 0.05989313975, 0.0293492085),
                (0.0306697373, 0.0599654059, 0.0297621071),
                (0.03, 0.06, 0.03),
                (0.0206105945, 0.05035279132, -0.01809513397),
                (0.02121219692, 0.05071747624, -0.01798828239),
                (0.02175606902, 0.05106451016, -0.01768810174),
                (0.02219814951, 0.05136577847, -0.01721891086),
                (0.02250262366, 0.05159687418, -0.01661872081),
                (0.03164562382, 0.06073987434, 0.02726767998),
                (0.03161403163, 0.06078166059, 0.02797732332),
                (0.03141120554, 0.06071964668, 0.02865655353),
                (0.0310535773, 0.06055885662, 0.02925034342),
                (0.03057011984, 0.06031231666, 0.02971058766),
                (0.02035279132, 0.0506105945, -0.01809513397),
                (0.02071747624, 0.05121219692, -0.01798828239),
                (0.02106451016, 0.05175606902, -0.01768810174),
                (0.02136577847, 0.05219814951, -0.01721891086),
                (0.02159687418, 0.05250262366, -0.01661872081),
                (0.03073987434, 0.06164562382, 0.02726767998),
                (0.03078166059, 0.06161403163, 0.02797732332),
                (0.03071964668, 0.06141120554, 0.02865655353),
                (0.03055885662, 0.0610535773, 0.02925034342),
                (0.03031231666, 0.06057011984, 0.02971058766),
                (0.02000588056, 0.05071021195, -0.01804361454),
                (0.02005175938, 0.05140336142, -0.01788941732),
                (0.02013391961, 0.05202329355, -0.01754990048),
                (0.02024570514, 0.05251978513, -0.01705256967),
                (0.02037805976, 0.05285261336, -0.01643771566),
                (0.02952105992, 0.06199561352, 0.02744868513),
                (0.02966158726, 0.06193566725, 0.02814366451),
                (0.02978905613, 0.06167843006, 0.02879475479),
                (0.02989313975, 0.0612447418, 0.0293492085),
                (0.0299654059, 0.0606697373, 0.0297621071),
                (0.01966281669, 0.05062495127, -0.01795438025),
                (0.01939342463, 0.05123974736, -0.01771817798),
                (0.01921364836, 0.05179458115, -0.01731052889),
                (0.01913805228, 0.05224450331, -0.01676445828),
                (0.01917276073, 0.05255306382, -0.01612420554),
                (0.0283157609, 0.06169606399, 0.02776219524),
                (0.0285539344, 0.06166038543, 0.0284317759),
                (0.02886878487, 0.06144971767, 0.02903412638),
                (0.02923480501, 0.06108112774, 0.02952044783),
                (0.02962234203, 0.06058447661, 0.02985134138),
                (0.01941552339, 0.05037765797, -0.01785134138),
                (0.01891887226, 0.05076519499, -0.01752044783),
                (0.01855028233, 0.05113121513, -0.01703412638),
                (0.01833961457, 0.0514460656, -0.0164317759),
                (0.01830393601, 0.0516842391, -0.01576219524),
                (0.02744693618, 0.06082723927, 0.02812420554),
                (0.02775549669, 0.06086194772, 0.02876445828),
                (0.02820541885, 0.06078635164, 0.02931052889),
                (0.02876025264, 0.06060657537, 0.02971817798),
                (0.02937504873, 0.06033718331, 0.02995438025),
                (0.0193302627, 0.0500345941, -0.0177621071),
                (0.0187552582, 0.05010686025, -0.0173492085),
                (0.01832156994, 0.05021094387, -0.01679475479),
                (0.01806433275, 0.05033841274, -0.01614366451),
                (0.01800438648, 0.05047894008, -0.01544868513),
                (0.02714738664, 0.05962194024, 0.02843771566),
                (0.02748021487, 0.05975429486, 0.02905256967),
                (0.02797670645, 0.05986608039, 0.02954990048),
                (0.02859663858, 0.05994824062, 0.02988941732),
                (0.02928978805, 0.05999411944, 0.03004361454),
                (0.01942988016, 0.04968768334, -0.01771058766),
                (0.0189464227, 0.04944114338, -0.01725034342),
                (0.01858879446, 0.04928035332, -0.01665655353),
                (0.01838596837, 0.04921833941, -0.01597732332),
                (0.01835437618, 0.04926012566, -0.01526767998),
                (0.02749737634, 0.05840312582, 0.02861872081),
                (0.02780185049, 0.05863422153, 0.02921891086),
                (0.02824393098, 0.05893548984, 0.02968810174),
                (0.02878780308, 0.05928252376, 0.02998828239),
                (0.0293894055, 0.05964720868, 0.03009513397),
                (0.01968768334, 0.04942988016, -0.01771058766),
                (0.01944114338, 0.0489464227, -0.01725034342),
                (0.01928035332, 0.04858879446, -0.01665655353),
                (0.01921833941, 0.04838596837, -0.01597732332),
                (0.01926012566, 0.04835437618, -0.01526767998),
                (0.02840312582, 0.05749737634, 0.02861872081),
                (0.02863422153, 0.05780185049, 0.02921891086),
                (0.02893548984, 0.05824393098, 0.02968810174),
                (0.02928252376, 0.05878780308, 0.02998828239),
                (0.02964720868, 0.0593894055, 0.03009513397),
                (0.0200345941, 0.0493302627, -0.0177621071),
                (0.02010686025, 0.0487552582, -0.0173492085),
                (0.02021094387, 0.04832156994, -0.01679475479),
                (0.02033841274, 0.04806433275, -0.01614366451),
                (0.02047894008, 0.04800438648, -0.01544868513),
                (0.02962194024, 0.05714738664, 0.02843771566),
                (0.02975429486, 0.05748021487, 0.02905256967),
                (0.02986608039, 0.05797670645, 0.02954990048),
                (0.02994824062, 0.05859663858, 0.02988941732),
                (0.02999411944, 0.05928978805, 0.03004361454),
                (0.02037765797, 0.04941552339, -0.01785134138),
                (0.02076519499, 0.04891887226, -0.01752044783),
                (0.02113121513, 0.04855028233, -0.01703412638),
                (0.0214460656, 0.04833961457, -0.0164317759),
                (0.0216842391, 0.04830393601, -0.01576219524),
                (0.03082723927, 0.05744693618, 0.02812420554),
                (0.03086194772, 0.05775549669, 0.02876445828),
                (0.03078635164, 0.05820541885, 0.02931052889),
                (0.03060657537, 0.05876025264, 0.02971817798),
                (0.03033718331, 0.05937504873, 0.02995438025),
                (0.02062495127, 0.04966281669, -0.01795438025),
                (0.02123974736, 0.04939342463, -0.01771817798),
                (0.02179458115, 0.04921364836, -0.01731052889),
                (0.02224450331, 0.04913805228, -0.01676445828),
                (0.02255306382, 0.04917276073, -0.01612420554),
                (0.03169606399, 0.0583157609, 0.02776219524),
                (0.03166038543, 0.0585539344, 0.0284317759),
                (0.03144971767, 0.05886878487, 0.02903412638),
                (0.03108112774, 0.05923480501, 0.02952044783),
                (0.03058447661, 0.05962234203, 0.02985134138),
                (-0.045, 0.04, -0.01),
                (-0.04437536981, 0.04002656707, -0.009660192493),
                (-0.04387197613, 0.04007452606, -0.009159560322),
                (-0.04353060093, 0.04013999162, -0.008538661729),
                (-0.0433789004, 0.04021766013, -0.007847798225),
                (-0.0434291644, 0.04030123934, -0.007142939463),
                (-0.05693360628, 0.04480271996, 0.02886890554),
                (-0.05735955103, 0.04487787701, 0.0294339368),
                (-0.05792877656, 0.0449393835, 0.02985647328),
                (-0.0585951676, 0.04498225655, 0.0301022836),
                (-0.05930473711, 0.04500302284, 0.03015145366),
                (-0.06, 0.045, 0.03),
                (-0.0444563884, 0.04037428479, -0.009734039182),
                (-0.04402744968, 0.04074179148, -0.009301271081),
                (-0.04374793388, 0.04107274687, -0.008736755994),
                (-0.04364048574, 0.04134033892, -0.008086227577),
                (-0.04371381004, 0.04152288891, -0.007402387774),
                (-0.05721825192, 0.04602436954, 0.02860945723),
                (-0.05762113637, 0.0460005558, 0.02919550745),
                (-0.05814610951, 0.04587213875, 0.02965837902),
                (-0.05875064115, 0.04564952197, 0.02996057284),
                (-0.05938575571, 0.04535074056, 0.03007760697),
                (-0.04469253027, 0.04062486753, -0.009853915227),
                (-0.04448060261, 0.04122265625, -0.009531311526),
                (-0.04438138612, 0.04174493686, -0.009058324331),
                (-0.04440291875, 0.04214939729, -0.008473272252),
                (-0.04454345604, 0.04240327056, -0.007823552728),
                (-0.05804789791, 0.04690475119, 0.02818829228),
                (-0.05838356938, 0.04680961417, 0.02880846277),
                (-0.05877956175, 0.04654432873, 0.02933681068),
                (-0.05920379408, 0.04613038674, 0.0297305324),
                (-0.05962189758, 0.0456013233, 0.02995773093),
                (-0.0450205214, 0.04071117186, -0.009987699938),
                (-0.04511001296, 0.04138827303, -0.009788042507),
                (-0.04526122463, 0.04197644881, -0.009417202764),
                (-0.04546190612, 0.04242804869, -0.008905223941),
                (-0.04569579941, 0.04270648674, -0.008293583517),
                (-0.05920024129, 0.04720796737, 0.02771826149),
                (-0.05944255675, 0.04708826557, 0.02837651108),
                (-0.05965940025, 0.04677584069, 0.02897793225),
                (-0.05983320443, 0.04629600352, 0.02947380141),
                (-0.0599498887, 0.04568762763, 0.02982394622),
                (-0.04535247681, 0.04061007258, -0.01009954581),
                (-0.04574703074, 0.04119426495, -0.01000267316),
                (-0.04615169738, 0.0417052493, -0.009717230107),
                (-0.04653369303, 0.04210162872, -0.009266341539),
                (-0.04686207069, 0.04235129092, -0.008686535769),
                (-0.06036651257, 0.04685277154, 0.02732530924),
                (-0.06051434367, 0.0467618456, 0.02801539349),
                (-0.06054987301, 0.04650464117, 0.0286779049),
                (-0.06047022221, 0.04610199544, 0.02925917076),
                (-0.06028184412, 0.04558652835, 0.02971210034),
                (-0.04559944934, 0.04034865918, -0.01015948383),
                (-0.04622096755, 0.0406926163, -0.01011769339),
                (-0.04681420293, 0.041004006, -0.009878014276),
                (-0.04733109506, 0.04125760133, -0.009459863876),
                (-0.04772976843, 0.04143285752, -0.008897118246),
                (-0.06123421031, 0.04593433814, 0.02711472676),
                (-0.0613117457, 0.04591781821, 0.02782187115),
                (-0.06121237856, 0.04580339788, 0.02851712074),
                (-0.06094415902, 0.04560034679, 0.02914415053),
                (-0.06052881665, 0.04532511495, 0.02965216232),
                (-0.04569526289, 0.03999697716, -0.01015145366),
                (-0.0464048324, 0.04001774345, -0.0101022836),
                (-0.04707122344, 0.0400606165, -0.009856473282),
                (-0.04764044897, 0.04012212299, -0.009433936799),
                (-0.04806639372, 0.04019728004, -0.008868905544),
                (-0.0615708356, 0.04469876066, 0.02714293946),
                (-0.0616210996, 0.04478233987, 0.02784779823),
                (-0.06146939907, 0.04486000838, 0.02853866173),
                (-0.06112802387, 0.04492547394, 0.02915956032),
                (-0.06062463019, 0.04497343293, 0.02966019249),
                (-0.04561424429, 0.03964925944, -0.01007760697),
                (-0.04624935885, 0.03935047803, -0.009960572841),
                (-0.04685389049, 0.03912786125, -0.009658379017),
                (-0.04737886363, 0.0389994442, -0.009195507447),
                (-0.04778174808, 0.03897563046, -0.008609457233),
                (-0.06128618996, 0.04347711109, 0.02740238777),
                (-0.06135951426, 0.04365966108, 0.02808622758),
                (-0.06125206612, 0.04392725313, 0.02873675599),
                (-0.06097255032, 0.04425820852, 0.02930127108),
                (-0.0605436116, 0.04462571521, 0.02973403918),
                (-0.04537810242, 0.0393986767, -0.009957730927),
                (-0.04579620592, 0.03886961326, -0.009730532395),
                (-0.04622043825, 0.03845567127, -0.00933681068),
                (-0.04661643062, 0.03819038583, -0.008808462773),
                (-0.04695210209, 0.03809524881, -0.008188292278),
                (-0.06045654396, 0.04259672944, 0.02782355273),
                (-0.06059708125, 0.04285060271, 0.02847327225),
                (-0.06061861388, 0.04325506314, 0.02905832433),
                (-0.06051939739, 0.04377734375, 0.02953131153),
                (-0.06030746973, 0.04437513247, 0.02985391523),
                (-0.0450501113, 0.03931237237, -0.009823946215),
                (-0.04516679557, 0.03870399648, -0.009473801415),
                (-0.04534059975, 0.03822415931, -0.008977932247),
                (-0.04555744325, 0.03791173443, -0.008376511083),
                (-0.04579975871, 0.03779203263, -0.00771826149),
                (-0.05930420059, 0.04229351326, 0.02829358352),
                (-0.05953809388, 0.04257195131, 0.02890522394),
                (-0.05973877537, 0.04302355119, 0.02941720276),
                (-0.05988998704, 0.04361172697, 0.02978804251),
                (-0.0599794786, 0.04428882814, 0.02998769994),
                (-0.04471815588, 0.03941347165, -0.009712100343),
                (-0.04452977779, 0.03889800456, -0.009259170757),
                (-0.04445012699, 0.03849535883, -0.008677904904),
                (-0.04448565633, 0.0382381544, -0.008015393486),
                (-0.04463348743, 0.03814722846, -0.007325309238),
                (-0.05813792931, 0.04264870908, 0.02868653577),
                (-0.05846630697, 0.04289837128, 0.02926634154),
                (-0.05884830262, 0.0432947507, 0.02971723011),
                (-0.05925296926, 0.04380573505, 0.03000267316),
                (-0.05964752319, 0.04438992742, 0.03009954581),
                (-0.04447118335, 0.03967488505, -0.009652162321),
                (-0.04405584098, 0.03939965321, -0.009144150534),
                (-0.04378762144, 0.03919660212, -0.008517120735),
                (-0.0436882543, 0.03908218179, -0.007821871148),
                (-0.04376578969, 0.03906566186, -0.00711472676),
                (-0.05727023157, 0.04356714248, 0.02889711825),
                (-0.05766890494, 0.04374239867, 0.02945986388),
                (-0.05818579707, 0.043995994, 0.02987801428),
                (-0.05877903245, 0.0443073837, 0.03011769339),
                (-0.05940055066, 0.04465134082, 0.03015948383),
                (0, -0.08, -0.025),
                (0.0007043313921, -0.08001811529, -0.02490036589),
                (0.001351602044, -0.08007099358, -0.02460953532),
                (0.001889373936, -0.08015435097, -0.02415106965),
                (0.002274079988, -0.08026143435, -0.02356211105),
                (0.002474553605, -0.08038356846, -0.02289037344),
                (0.002474553605, -0.08961643154, 0.02789037344),
                (0.002274079988, -0.08973856565, 0.02856211105),
                (0.001889373936, -0.08984564903, 0.02915106965),
                (0.001351602044, -0.08992900642, 0.02960953532),
                (0.0007043313921, -0.08998188471, 0.02990036589),
                (0, -0.09, 0.03),
                (0.0006099688782, -0.07967163006, -0.02483736857),
                (0.001170521706, -0.07940609329, -0.02448864436),
                (0.001636245826, -0.07922490189, -0.02398207891),
                (0.00196941104, -0.07914273492, -0.02335871116),
                (0.002143026285, -0.07916624905, -0.02266904264),
                (0.002143026285, -0.08839911212, 0.02811170425),
                (0.00196941104, -0.08861986621, 0.02876551095),
                (0.001636245826, -0.08891619995, 0.0293200604),
                (0.001170521706, -0.08926410613, 0.02973042628),
                (0.0006099688782, -0.08963539948, 0.0299633632),
                (0.0003521656961, -0.07941798527, -0.02479125134),
                (0.0006758010218, -0.07891935249, -0.02440014603),
                (0.0009446869679, -0.07854449794, -0.0238583691),
                (0.001137039994, -0.07832379009, -0.0232098121),
                (0.001237276802, -0.07827510939, -0.02250701725),
                (0.001237276802, -0.08750797246, 0.02827372964),
                (0.001137039994, -0.08780092138, 0.02891441001),
                (0.0009446869679, -0.08823579599, 0.0294437702),
                (0.0006758010218, -0.08877736534, 0.02981892461),
                (0.0003521656961, -0.08938175468, 0.03000948044),
                (0, -0.07932514483, -0.02477437126),
                (0, -0.078741193, -0.0243677534),
                (0, -0.07829545281, -0.02381308817),
                (0, -0.07802403548, -0.02315531126),
                (0, -0.07794892963, -0.02244771184),
                (0, -0.0871817927, 0.02833303505),
                (0, -0.08750116677, 0.02896891085),
                (0, -0.08798675086, 0.02948905114),
                (0, -0.08859920584, 0.02985131724),
                (0, -0.08928891424, 0.03002636052),
                (-0.0003521656961, -0.07941798527, -0.02479125134),
                (-0.0006758010218, -0.07891935249, -0.02440014603),
                (-0.0009446869679, -0.07854449794, -0.0238583691),
                (-0.001137039994, -0.07832379009, -0.0232098121),
                (-0.001237276802, -0.07827510939, -0.02250701725),
                (-0.001237276802, -0.08750797246, 0.02827372964),
                (-0.001137039994, -0.08780092138, 0.02891441001),
                (-0.0009446869679, -0.08823579599, 0.0294437702),
                (-0.0006758010218, -0.08877736534, 0.02981892461),
                (-0.0003521656961, -0.08938175468, 0.03000948044),
                (-0.0006099688782, -0.07967163006, -0.02483736857),
                (-0.001170521706, -0.07940609329, -0.02448864436),
                (-0.001636245826, -0.07922490189, -0.02398207891),
                (-0.00196941104, -0.07914273492, -0.02335871116),
                (-0.002143026285, -0.07916624905, -0.02266904264),
                (-0.002143026285, -0.08839911212, 0.02811170425),
                (-0.00196941104, -0.08861986621, 0.02876551095),
                (-0.001636245826, -0.08891619995, 0.0293200604),
                (-0.001170521706, -0.08926410613, 0.02973042628),
                (-0.0006099688782, -0.08963539948, 0.0299633632),
                (-0.0007043313921, -0.08001811529, -0.02490036589),
                (-0.001351602044, -0.08007099358, -0.02460953532),
                (-0.001889373936, -0.08015435097, -0.02415106965),
                (-0.002274079988, -0.08026143435, -0.02356211105),
                (-0.002474553605, -0.08038356846, -0.02289037344),
                (-0.002474553605, -0.08961643154, 0.02789037344),
                (-0.002274079988, -0.08973856565, 0.02856211105),
                (-0.001889373936, -0.08984564903, 0.02915106965),
                (-0.001351602044, -0.08992900642, 0.02960953532),
                (-0.0007043313921, -0.08998188471, 0.02990036589),
                (-0.0006099688782, -0.08036460052, -0.0249633632),
                (-0.001170521706, -0.08073589387, -0.02473042628),
                (-0.001636245826, -0.08108380005, -0.0243200604),
                (-0.00196941104, -0.08138013379, -0.02376551095),
                (-0.002143026285, -0.08160088788, -0.02311170425),
                (-0.002143026285, -0.09083375095, 0.02766904264),
                (-0.00196941104, -0.09085726508, 0.02835871116),
                (-0.001636245826, -0.09077509811, 0.02898207891),
                (-0.001170521706, -0.09059390671, 0.02948864436),
                (-0.0006099688782, -0.09032836994, 0.02983736857),
                (-0.0003521656961, -0.08061824532, -0.02500948044),
                (-0.0006758010218, -0.08122263466, -0.02481892461),
                (-0.0009446869679, -0.08176420401, -0.0244437702),
                (-0.001137039994, -0.08219907862, -0.02391441001),
                (-0.001237276802, -0.08249202754, -0.02327372964),
                (-0.001237276802, -0.09172489061, 0.02750701725),
                (-0.001137039994, -0.09167620991, 0.0282098121),
                (-0.0009446869679, -0.09145550206, 0.0288583691),
                (-0.0006758010218, -0.09108064751, 0.02940014603),
                (-0.0003521656961, -0.09058201473, 0.02979125134),
                (0, -0.08071108576, -0.02502636052),
                (0, -0.08140079416, -0.02485131724),
                (0, -0.08201324914, -0.02448905114),
                (0, -0.08249883323, -0.02396891085),
                (0, -0.0828182073, -0.02333303505),
                (0, -0.09205107037, 0.02744771184),
                (0, -0.09197596452, 0.02815531126),
                (0, -0.09170454719, 0.02881308817),
                (0, -0.091258807, 0.0293677534),
                (0, -0.09067485517, 0.02977437126),
                (0.0003521656961, -0.08061824532, -0.02500948044),
                (0.0006758010218, -0.08122263466, -0.02481892461),
                (0.0009446869679, -0.08176420401, -0.0244437702),
                (0.001137039994, -0.08219907862, -0.02391441001),
                (0.001237276802, -0.08249202754, -0.02327372964),
                (0.001237276802, -0.09172489061, 0.02750701725),
                (0.001137039994, -0.09167620991, 0.0282098121),
                (0.0009446869679, -0.09145550206, 0.0288583691),
                (0.0006758010218, -0.09108064751, 0.02940014603),
                (0.0003521656961, -0.09058201473, 0.02979125134),
                (0.0006099688782, -0.08036460052, -0.0249633632),
                (0.001170521706, -0.08073589387, -0.02473042628),
                (0.001636245826, -0.08108380005, -0.0243200604),
                (0.00196941104, -0.08138013379, -0.02376551095),
                (0.002143026285, -0.08160088788, -0.02311170425),
                (0.002143026285, -0.09083375095, 0.02766904264),
                (0.00196941104, -0.09085726508, 0.02835871116),
                (0.001636245826, -0.09077509811, 0.02898207891),
                (0.001170521706, -0.09059390671, 0.02948864436),
                (0.0006099688782, -0.09032836994, 0.02983736857)
            ]
            normal3f[] normals = [
                (-0.3426823495, -0.6425294053, -0.685364699),
                (-0.04442234649, -0.6518910654, -0.7570103659),
                (0.2335304718, -0.6064125072, -0.7600838045),
                (0.4916792359, -0.5134295154, -0.7033076579),
                (0.7104709301, -0.3807206945, -0.5918469484),
                (0.8736026173, -0.2187619927, -0.4346972022),
                (0.9689498228, -0.03998598234, -0.2440027912),
                (0.9892700244, 0.1420276074, -0.03424875968),
                (0.9326607073, 0.3134107435, 0.1786552849),
                (0.8027571787, 0.4608875683, 0.3783696094),
                (0.6086686071, 0.5726544726, 0.5491715413),
                (0.3426823495, 0.6425294053, 0.685364699),
                (-0.1020288272, -0.5320989288, -0.8405122536),
                (0.1277311273, -0.386403762, -0.9134423309),
                (0.3462618585, -0.2110354422, -0.9140934129),
                (0.5369366043, -0.01985769055, -0.8433888517),
                (0.6854880139, 0.1724205617, -0.7073735454),
                (0.7808352195, 0.3511965721, -0.5166791343),
                (0.8157356986, 0.5028906113, -0.285790663),
                (0.78724333, 0.6158048167, -0.03213047),
                (0.6969578343, 0.6808963135, 0.2250110831),
                (0.5510621264, 0.6924466092, 0.4656696536),
                (-0.2197943628, -0.4337893079, -0.8737947553),
                (-0.08855558782, -0.2058495375, -0.9745685588),
                (0.04898358126, 0.03712981745, -0.9981092052),
                (0.1821785529, 0.2762911729, -0.9436493855),
                (0.3009233474, 0.4934517221, -0.816057925),
                (0.396270553, 0.6722277325, -0.6253635139),
                (0.4609776472, 0.7990394748, -0.3860511968),
                (0.4899650527, 0.8639700764, -0.1161462623),
                (0.4806711191, 0.861450538, 0.1638848551),
                (0.4332965908, 0.79075623, 0.4323871518),
                (-0.3661637732, -0.3833041863, -0.8479398516),
                (-0.3573758229, -0.1131291923, -0.9270837648),
                (-0.3205001216, 0.1645705827, -0.9328430711),
                (-0.2587460907, 0.428373047, -0.8657638206),
                (-0.1770475903, 0.6583114482, -0.7316284494),
                (-0.08170038477, 0.8370874586, -0.5409340383),
                (0.0200530036, 0.9511213489, -0.308165632),
                (0.1204813498, 0.9914108416, -0.05088012825),
                (0.2118508841, 0.9541708832, 0.2113696491),
                (0.2869271804, 0.8412413516, 0.4582420556),
                (-0.5019174931, -0.3941710116, -0.769875343),
                (-0.6066994131, -0.1330870681, -0.7837114612),
                (-0.6631863904, 0.1371392034, -0.7357830187),
                (-0.6676919244, 0.3956377165, -0.6306015314),
                (-0.6203528726, 0.6228257096, -0.4767079283),
                (-0.525005667, 0.80160172, -0.2860135172),
                (-0.38889283, 0.9183860183, -0.07300334274),
                (-0.2222049189, 0.9639794623, 0.1461799242),
                (-0.03747270611, 0.9342130075, 0.3547419527),
                (0.1511734605, 0.8303745264, 0.5363065641),
                (-0.5906804228, -0.4634780265, -0.6605185516),
                (-0.7697203037, -0.2603754681, -0.5828681409),
                (-0.8872527159, -0.03781410456, -0.4597311297),
                (-0.9350822422, 0.1868565866, -0.3011740633),
                (-0.910209207, 0.3965028813, -0.1196021095),
                (-0.8148620015, 0.5752788917, 0.07109230156),
                (-0.6562831478, 0.7096048885, 0.2564241254),
                (-0.4462712445, 0.7890261544, 0.4222318132),
                (-0.2004935967, 0.8069246075, 0.555585273),
                (0.06241053076, 0.7610675114, 0.6456633555),
                (-0.6086686071, -0.5726544726, -0.5491715413),
                (-0.8027571787, -0.4608875683, -0.3783696094),
                (-0.9326607073, -0.3134107435, -0.1786552849),
                (-0.9892700244, -0.1420276074, 0.03424875968),
                (-0.9689498228, 0.03998598234, 0.2440027912),
                (-0.8736026173, 0.2187619927, 0.4346972022),
                (-0.7104709301, 0.3807206945, 0.5918469484),
                (-0.4916792359, 0.5134295154, 0.7033076579),
                (-0.2335304718, 0.6064125072, 0.7600838045),
                (0.04442234649, 0.6518910654, 0.7570103659),
                (-0.5510621264, -0.6924466092, -0.4656696536),
                (-0.6969578343, -0.6808963135, -0.2250110831),
                (-0.78724333, -0.6158048167, 0.03213047),
                (-0.8157356986, -0.5028906113, 0.285790663),
                (-0.7808352195, -0.3511965721, 0.5166791343),
                (-0.6854880139, -0.1724205617, 0.7073735454),
                (-0.5369366043, 0.01985769055, 0.8433888517),
                (-0.3462618585, 0.2110354422, 0.9140934129),
                (-0.1277311273, 0.386403762, 0.9134423309),
                (0.1020288272, 0.5320989288, 0.8405122536),
                (-0.4332965908, -0.79075623, -0.4323871518),
                (-0.4806711191, -0.861450538, -0.1638848551),
                (-0.4899650527, -0.8639700764, 0.1161462623),
                (-0.4609776472, -0.7990394748, 0.3860511968),
                (-0.396270553, -0.6722277325, 0.6253635139),
                (-0.3009233474, -0.4934517221, 0.816057925),
                (-0.1821785529, -0.2762911729, 0.9436493855),
                (-0.04898358126, -0.03712981745, 0.9981092052),
                (0.08855558782, 0.2058495375, 0.9745685588),
                (0.2197943628, 0.4337893079, 0.8737947553),
                (-0.2869271804, -0.8412413516, -0.4582420556),
                (-0.2118508841, -0.9541708832, -0.2113696491),
                (-0.1204813498, -0.9914108416, 0.05088012825),
                (-0.0200530036, -0.9511213489, 0.308165632),
                (0.08170038477, -0.8370874586, 0.5409340383),
                (0.1770475903, -0.6583114482, 0.7316284494),
                (0.2587460907, -0.428373047, 0.8657638206),
                (0.3205001216, -0.1645705827, 0.9328430711),
                (0.3573758229, 0.1131291923, 0.9270837648),
                (0.3661637732, 0.3833041863, 0.8479398516),
                (-0.1511734605, -0.8303745264, -0.5363065641),
                (0.03747270611, -0.9342130075, -0.3547419527),
                (0.2222049189, -0.9639794623, -0.1461799242),
                (0.38889283, -0.9183860183, 0.07300334274),
                (0.525005667, -0.80160172, 0.2860135172),
                (0.6203528726, -0.6228257096, 0.4767079283),
                (0.6676919244, -0.3956377165, 0.6306015314),
                (0.6631863904, -0.1371392034, 0.7357830187),
                (0.6066994131, 0.1330870681, 0.7837114612),
                (0.5019174931, 0.3941710116, 0.769875343),
                (-0.06241053076, -0.7610675114, -0.6456633555),
                (0.2004935967, -0.8069246075, -0.555585273),
                (0.4462712445, -0.7890261544, -0.4222318132),
                (0.6562831478, -0.7096048885, -0.2564241254),
                (0.8148620015, -0.5752788917, -0.07109230156),
                (0.910209207, -0.3965028813, 0.1196021095),
                (0.9350822422, -0.1868565866, 0.3011740633),
                (0.8872527159, 0.03781410456, 0.4597311297),
                (0.7697203037, 0.2603754681, 0.5828681409),
                (0.5906804228, 0.4634780265, 0.6605185516),
                (-0.21223818, -0.042447636, -0.9762956279),
                (0.09409703842, -0.04183116999, -0.9946838194),
                (0.367982581, -0.03779357893, -0.9290642957),
                (0.6115007713, -0.03080150789, -0.7906440879),
                (0.8063641248, -0.02143156847, -0.5910309519),
                (0.9381783087, -0.01041947428, -0.3459955139),
                (0.9972310069, 0.00139106537, -0.0743531021),
                (0.9790366084, 0.01310292824, 0.2032624725),
                (0.8846199006, 0.02382231796, 0.4657039066),
                (0.7205295985, 0.03271582458, 0.6926519851),
                (0.4985848551, 0.03906639334, 0.8659601372),
                (0.21223818, 0.042447636, 0.9762956279),
                (0.05370368558, 0.1098422403, -0.9924971518),
                (0.2937966525, 0.2407679162, -0.9250482893),
                (0.5095348924, 0.3520712051, -0.7851242322),
                (0.6846827936, 0.4354708962, -0.5844438132),
                (0.8062733657, 0.484871734, -0.3388549267),
                (0.8653260639, 0.4966822737, -0.06721251485),
                (0.8573552772, 0.4700053929, 0.2098496113),
                (0.7826540217, 0.4066950309, 0.4712237624),
                (0.6463436701, 0.3112773197, 0.6966679915),
                (0.4581915022, 0.1907398036, 0.8681468048),
                (-0.05527061836, 0.2212452926, -0.9736506967),
                (0.09365580398, 0.4453693738, -0.8904351247),
                (0.2344485255, 0.633288518, -0.7375496878),
                (0.3564075345, 0.7710625406, -0.5276705675),
                (0.4504165641, 0.8486596405, -0.2773116179),
                (0.5094692623, 0.8604701801, -0.005669206087),
                (0.5290800181, 0.8055970374, 0.266622857),
                (0.5075676547, 0.6879123438, 0.5187983068),
                (0.4462028215, 0.5158787773, 0.7312811561),
                (0.3492171983, 0.3021428559, 0.8869932599),
                (-0.2036262967, 0.262527629, -0.9431943465),
                (-0.1788123859, 0.5211879984, -0.8344993714),
                (-0.1400491596, 0.7374984789, -0.6606680154),
                (-0.0905005619, 0.8954218548, -0.4359235602),
                (-0.03404055357, 0.9834675693, -0.1778560675),
                (0.02501214466, 0.995278109, 0.09378634431),
                (0.08217192167, 0.9299563515, 0.3583698643),
                (0.1330699697, 0.7921223047, 0.5956799791),
                (0.1737346316, 0.5916974019, 0.7872169093),
                (0.20086152, 0.3434251924, 0.9174496101),
                (-0.3516115651, 0.2226276809, -0.9092888556),
                (-0.4506002858, 0.4479082509, -0.7722289694),
                (-0.5136118105, 0.6367781129, -0.5750795971),
                (-0.5362928321, 0.7752268608, -0.3337863278),
                (-0.5172880937, 0.8531738449, -0.0671373099),
                (-0.4582353955, 0.8649843846, 0.2045051019),
                (-0.3636203485, 0.8097613575, 0.4605070967),
                (-0.2404926812, 0.6914019388, 0.6812683974),
                (-0.09805326823, 0.5184176544, 0.8494873113),
                (0.05287625154, 0.3035252442, 0.951355101),
                (-0.4595738906, 0.1122366071, -0.881019173),
                (-0.6488825473, 0.2451653805, -0.7203092225),
                (-0.7861436166, 0.3581153609, -0.5037177805),
                (-0.8615195973, 0.4426837102, -0.2486264592),
                (-0.8698402684, 0.4926905655, 0.02517765325),
                (-0.8107875701, 0.5045011051, 0.2968200651),
                (-0.6888471137, 0.4772182069, 0.5456669652),
                (-0.5130244874, 0.4127391867, 0.7526302141),
                (-0.2963355297, 0.315674784, 0.9014070582),
                (-0.0550860739, 0.1931341704, 0.9796247836),
                (-0.4985848551, -0.03906639334, -0.8659601372),
                (-0.7205295985, -0.03271582458, -0.6926519851),
                (-0.8846199006, -0.02382231796, -0.4657039066),
                (-0.9790366084, -0.01310292824, -0.2032624725),
                (-0.9972310069, -0.00139106537, 0.0743531021),
                (-0.9381783087, 0.01041947428, 0.3459955139),
                (-0.8063641248, 0.02143156847, 0.5910309519),
                (-0.6115007713, 0.03080150789, 0.7906440879),
                (-0.367982581, 0.03779357893, 0.9290642957),
                (-0.09409703842, 0.04183116999, 0.9946838194),
                (-0.4581915022, -0.1907398036, -0.8681468048),
                (-0.6463436701, -0.3112773197, -0.6966679915),
                (-0.7826540217, -0.4066950309, -0.4712237624),
                (-0.8573552772, -0.4700053929, -0.2098496113),
                (-0.8653260639, -0.4966822737, 0.06721251485),
                (-0.8062733657, -0.484871734, 0.3388549267),
                (-0.6846827936, -0.4354708962, 0.5844438132),
                (-0.5095348924, -0.3520712051, 0.7851242322),
                (-0.2937966525, -0.2407679162, 0.9250482893),
                (-0.05370368558, -0.1098422403, 0.9924971518),
                (-0.3492171983, -0.3021428559, -0.8869932599),
                (-0.4462028215, -0.5158787773, -0.7312811561),
                (-0.5075676547, -0.6879123438, -0.5187983068),
                (-0.5290800181, -0.8055970374, -0.266622857),
                (-0.5094692623, -0.8604701801, 0.005669206087),
                (-0.4504165641, -0.8486596405, 0.2773116179),
                (-0.3564075345, -0.7710625406, 0.5276705675),
                (-0.2344485255, -0.633288518, 0.7375496878),
                (-0.09365580398, -0.4453693738, 0.8904351247),
                (0.05527061836, -0.2212452926, 0.9736506967),
                (-0.20086152, -0.3434251924, -0.9174496101),
                (-0.1737346316, -0.5916974019, -0.7872169093),
                (-0.1330699697, -0.7921223047, -0.5956799791),
                (-0.08217192167, -0.9299563515, -0.3583698643),
                (-0.02501214466, -0.995278109, -0.09378634431),
                (0.03404055357, -0.9834675693, 0.1778560675),
                (0.0905005619, -0.8954218548, 0.4359235602),
                (0.1400491596, -0.7374984789, 0.6606680154),
                (0.1788123859, -0.5211879984, 0.8344993714),
                (0.2036262967, -0.262527629, 0.9431943465),
                (-0.05287625154, -0.3035252442, -0.951355101),
                (0.09805326823, -0.5184176544, -0.8494873113),
                (0.2404926812, -0.6914019388, -0.6812683974),
                (0.3636203485, -0.8097613575, -0.4605070967),
                (0.4582353955, -0.8649843846, -0.2045051019),
                (0.5172880937, -0.8531738449, 0.0671373099),
                (0.5362928321, -0.7752268608, 0.3337863278),
                (0.5136118105, -0.6367781129, 0.5750795971),
                (0.4506002858, -0.4479082509, 0.7722289694),
                (0.3516115651, -0.2226276809, 0.9092888556),
                (0.0550860739, -0.1931341704, -0.9796247836),
                (0.2963355297, -0.315674784, -0.9014070582),
                (0.5130244874, -0.4127391867, -0.7526302141),
                (0.6888471137, -0.4772182069, -0.5456669652),
                (0.8107875701, -0.5045011051, -0.2968200651),
                (0.8698402684, -0.4926905655, -0.02517765325),
                (0.8615195973, -0.4426837102, 0.2486264592),
                (0.7861436166, -0.3581153609, 0.5037177805),
                (0.6488825473, -0.2451653805, 0.7203092225),
                (0.4595738906, -0.1122366071, 0.881019173),
                (0.2873478856, 1.6924144e-18, -0.9578262852),
                (0.564280294, -7.486220742e-16, -0.8255832785),
                (0.7721173572, 3.611875526e-16, -0.6354799656),
                (0.9181110842, 1.855242566e-16, -0.3963231474),
                (0.9918854261, 4.786856379e-16, -0.1271349737),
                (0.9884876072, 3.086840856e-16, 0.1513018521),
                (0.9085365448, -4.535043095e-16, 0.4178053935),
                (0.7581052784, -8.353533681e-16, 0.6521321851),
                (0.5483368791, 3.548151408e-16, 0.8362575363),
                (0.294806253, 3.531865625e-16, 0.9555570486),
                (0.01664688111, -2.475864571e-15, 0.9998614311),
                (-0.2873478856, 2.256552533e-18, 0.9578262852),
                (0.5253655521, 0.1516264442, -0.8372577011),
                (0.7006470273, 0.2784752378, -0.6569210646),
                (0.8198776973, 0.3827541554, -0.4257931634),
                (0.8746582771, 0.4567609836, -0.1623031184),
                (0.8614110848, 0.49513784, 0.1131788954),
                (0.7814600224, 0.49513784, 0.3796824367),
                (0.6408781294, 0.4567609836, 0.6169640404),
                (0.4501034922, 0.3827541554, 0.8067875203),
                (0.223335923, 0.2784752378, 0.9341159497),
                (-0.02226786075, 0.1516264442, 0.9881870085),
                (0.4190485002, 0.2626247051, -0.8691528167),
                (0.5053864547, 0.4823332605, -0.7154992363),
                (0.5514990934, 0.6629496439, -0.5063067446),
                (0.5543877499, 0.7911332305, -0.2583842765),
                (0.5142315692, 0.8576038957, 0.009025040729),
                (0.4342805068, 0.8576038957, 0.2755285821),
                (0.3206076023, 0.7911332305, 0.5208828822),
                (0.1817248883, 0.6629496439, 0.7262739391),
                (0.02807535042, 0.4823332605, 0.8755377779),
                (-0.1285849127, 0.2626247051, 0.9562918929),
                (0.2738167064, 0.3032528884, -0.9127223548),
                (0.2386555521, 0.5569504756, -0.7955185071),
                (0.1848871026, 0.7655083108, -0.6162903418),
                (0.1168900738, 0.9135219671, -0.3896335794),
                (0.0399755312, 0.9902756801, -0.1332517707),
                (-0.0399755312, 0.9902756801, 0.1332517707),
                (-0.1168900738, 0.9135219671, 0.3896335794),
                (-0.1848871026, 0.7655083108, 0.6162903418),
                (-0.2386555521, 0.5569504756, 0.7955185071),
                (-0.2738167064, 0.3032528884, 0.9127223548),
                (0.1285849127, 0.2626247051, -0.9562918929),
                (-0.02807535042, 0.4823332605, -0.8755377779),
                (-0.1817248883, 0.6629496439, -0.7262739391),
                (-0.3206076023, 0.7911332305, -0.5208828822),
                (-0.4342805068, 0.8576038957, -0.2755285821),
                (-0.5142315692, 0.8576038957, -0.009025040729),
                (-0.5543877499, 0.7911332305, 0.2583842765),
                (-0.5514990934, 0.6629496439, 0.5063067446),
                (-0.5053864547, 0.4823332605, 0.7154992363),
                (-0.4190485002, 0.2626247051, 0.8691528167),
                (0.02226786075, 0.1516264442, -0.9881870085),
                (-0.223335923, 0.2784752378, -0.9341159497),
                (-0.4501034922, 0.3827541554, -0.8067875203),
                (-0.6408781294, 0.4567609836, -0.6169640404),
                (-0.7814600224, 0.49513784, -0.3796824367),
                (-0.8614110848, 0.49513784, -0.1131788954),
                (-0.8746582771, 0.4567609836, 0.1623031184),
                (-0.8198776973, 0.3827541554, 0.4257931634),
                (-0.7006470273, 0.2784752378, 0.6569210646),
                (-0.5253655521, 0.1516264442, 0.8372577011),
                (-0.01664688111, 2.764489949e-15, -0.9998614311),
                (-0.294806253, 1.271014425e-15, -0.9555570486),
                (-0.5483368791, -9.925547729e-16, -0.8362575363),
                (-0.7581052784, -9.010553184e-16, -0.6521321851),
                (-0.9085365448, -1.70064116e-16, -0.4178053935),
                (-0.9884876072, 4.724003224e-17, -0.1513018521),
                (-0.9918854261, 2.534218083e-16, 0.1271349737),
                (-0.9181110842, -3.756866196e-16, 0.3963231474),
                (-0.7721173572, -2.926076375e-16, 0.6354799656),
                (-0.564280294, -2.000083674e-15, 0.8255832785),
                (0.02226786075, -0.1516264442, -0.9881870085),
                (-0.223335923, -0.2784752378, -0.9341159497),
                (-0.4501034922, -0.3827541554, -0.8067875203),
                (-0.6408781294, -0.4567609836, -0.6169640404),
                (-0.7814600224, -0.49513784, -0.3796824367),
                (-0.8614110848, -0.49513784, -0.1131788954),
                (-0.8746582771, -0.4567609836, 0.1623031184),
                (-0.8198776973, -0.3827541554, 0.4257931634),
                (-0.7006470273, -0.2784752378, 0.6569210646),
                (-0.5253655521, -0.1516264442, 0.8372577011),
                (0.1285849127, -0.2626247051, -0.9562918929),
                (-0.02807535042, -0.4823332605, -0.8755377779),
                (-0.1817248883, -0.6629496439, -0.7262739391),
                (-0.3206076023, -0.7911332305, -0.5208828822),
                (-0.4342805068, -0.8576038957, -0.2755285821),
                (-0.5142315692, -0.8576038957, -0.009025040729),
                (-0.5543877499, -0.7911332305, 0.2583842765),
                (-0.5514990934, -0.6629496439, 0.5063067446),
                (-0.5053864547, -0.4823332605, 0.7154992363),
                (-0.4190485002, -0.2626247051, 0.8691528167),
                (0.2738167064, -0.3032528884, -0.9127223548),
                (0.2386555521, -0.5569504756, -0.7955185071),
                (0.1848871026, -0.7655083108, -0.6162903418),
                (0.1168900738, -0.9135219671, -0.3896335794),
                (0.0399755312, -0.9902756801, -0.1332517707),
                (-0.0399755312, -0.9902756801, 0.1332517707),
                (-0.1168900738, -0.9135219671, 0.3896335794),
                (-0.1848871026, -0.7655083108, 0.6162903418),
                (-0.2386555521, -0.5569504756, 0.7955185071),
                (-0.2738167064, -0.3032528884, 0.9127223548),
                (0.4190485002, -0.2626247051, -0.8691528167),
                (0.5053864547, -0.4823332605, -0.7154992363),
                (0.5514990934, -0.6629496439, -0.5063067446),
                (0.5543877499, -0.7911332305, -0.2583842765),
                (0.5142315692, -0.8576038957, 0.009025040729),
                (0.4342805068, -0.8576038957, 0.2755285821),
                (0.3206076023, -0.7911332305, 0.5208828822),
                (0.1817248883, -0.6629496439, 0.7262739391),
                (0.02807535042, -0.4823332605, 0.8755377779),
                (-0.1285849127, -0.2626247051, 0.9562918929),
                (0.5253655521, -0.1516264442, -0.8372577011),
                (0.7006470273, -0.2784752378, -0.6569210646),
                (0.8198776973, -0.3827541554, -0.4257931634),
                (0.8746582771, -0.4567609836, -0.1623031184),
                (0.8614110848, -0.49513784, 0.1131788954),
                (0.7814600224, -0.49513784, 0.3796824367),
                (0.6408781294, -0.4567609836, 0.6169640404),
                (0.4501034922, -0.3827541554, 0.8067875203),
                (0.223335923, -0.2784752378, 0.9341159497),
                (-0.02226786075, -0.1516264442, 0.9881870085),
                (-0.5800298472, -0.0644477608, -0.8120417861),
                (-0.3057671826, -0.06766889678, -0.9496985577),
                (-0.02819761222, -0.0650164542, -0.9974857169),
                (0.2501731253, -0.05725946505, -0.9665064723),
                (0.5079619673, -0.0450622222, -0.8601999976),
                (0.7257219821, -0.02939485532, -0.6873598382),
                (0.8871082489, -0.01146304791, -0.4614190647),
                (0.9798619538, 0.007371109631, -0.1995400165),
                (0.9965857021, 0.02567526571, 0.07847113519),
                (0.9352849843, 0.04203716763, 0.3513899183),
                (0.7996654333, 0.05515694943, 0.5979071046),
                (0.5800298472, 0.0644477608, 0.8120417861),
                (-0.3419800788, 0.08444813486, -0.9359049835),
                (-0.09470576607, 0.2143597904, -0.9721526105),
                (0.1587600703, 0.3267330916, -0.9316870327),
                (0.3988738847, 0.4131766118, -0.8186481),
                (0.6074683669, 0.4673450035, -0.6423167684),
                (0.7688546336, 0.4852768109, -0.416375995),
                (0.8707738711, 0.4656099436, -0.1579881189),
                (0.905172647, 0.4096678224, 0.1132905748),
                (0.8687768305, 0.3214134122, 0.3767230246),
                (0.7634525371, 0.2072739811, 0.6117006788),
                (-0.4346595774, 0.1974818138, -0.8786762686),
                (-0.2649197782, 0.4219560365, -0.8670470658),
                (-0.07519294103, 0.6120666332, -0.7872232581),
                (0.1196852566, 0.7536803719, -0.6462517593),
                (0.3048224333, 0.8364577394, -0.4554357632),
                (0.4662087001, 0.8543895468, -0.2294949897),
                (0.591585243, 0.8061137037, 0.01440822182),
                (0.6712196358, 0.695001364, 0.2577543494),
                (0.6985628183, 0.5290096584, 0.4818285693),
                (0.6707730385, 0.32030766, 0.6689293937),
                (-0.5589722816, 0.2411448571, -0.7933468008),
                (-0.4932309416, 0.5021470377, -0.7103320286),
                (-0.3889983881, 0.7222862677, -0.5718241003),
                (-0.2547955495, 0.8852113505, -0.3892044358),
                (-0.101122085, 0.9790398928, -0.1767914369),
                (0.06026418176, 0.9969717003, 0.04914933657),
                (0.217104437, 0.9376446824, 0.2714555453),
                (0.3574141887, 0.8052209984, 0.4731535072),
                (0.470251655, 0.6092006595, 0.6385436065),
                (0.5464603343, 0.3639707033, 0.7542588615),
                (-0.6816087027, 0.2037377875, -0.7027805421),
                (-0.7184634643, 0.4334456798, -0.5439991665),
                (-0.6985723548, 0.6278587329, -0.3432055895),
                (-0.624226704, 0.7725259282, -0.1163817522),
                (-0.5015926822, 0.856886691, 0.1189536883),
                (-0.3402064155, 0.8748184984, 0.3448944617),
                (-0.1523267175, 0.82495926, 0.5442782289),
                (0.04784022204, 0.7107934637, 0.701772018),
                (0.2450191323, 0.5404993017, 0.8048764686),
                (0.4238239132, 0.3265636337, 0.8448251202),
                (-0.7697085108, 0.09528379911, -0.6312446484),
                (-0.8802664737, 0.2342604363, -0.4126172357),
                (-0.9209647467, 0.3540858106, -0.1626258713),
                (-0.8896194274, 0.4458180728, 0.09911367366),
                (-0.7892835852, 0.5027289856, 0.3525549448),
                (-0.6278973185, 0.5206607931, 0.5784957183),
                (-0.4177194409, 0.4982514046, 0.7597736547),
                (-0.1745521699, 0.4370205414, 0.8823517362),
                (0.08321612278, 0.3413140582, 0.9362583995),
                (0.3357241052, 0.2181096453, 0.9163610139),
                (-0.7996654333, -0.05515694943, -0.5979071046),
                (-0.9352849843, -0.04203716763, -0.3513899183),
                (-0.9965857021, -0.02567526571, -0.07847113519),
                (-0.9798619538, -0.007371109631, 0.1995400165),
                (-0.8871082489, 0.01146304791, 0.4614190647),
                (-0.7257219821, 0.02939485532, 0.6873598382),
                (-0.5079619673, 0.0450622222, 0.8601999976),
                (-0.2501731253, 0.05725946505, 0.9665064723),
                (0.02819761222, 0.0650164542, 0.9974857169),
                (0.3057671826, 0.06766889678, 0.9496985577),
                (-0.7634525371, -0.2072739811, -0.6117006788),
                (-0.8687768305, -0.3214134122, -0.3767230246),
                (-0.905172647, -0.4096678224, -0.1132905748),
                (-0.8707738711, -0.4656099436, 0.1579881189),
                (-0.7688546336, -0.4852768109, 0.416375995),
                (-0.6074683669, -0.4673450035, 0.6423167684),
                (-0.3988738847, -0.4131766118, 0.8186481),
                (-0.1587600703, -0.3267330916, 0.9316870327),
                (0.09470576607, -0.2143597904, 0.9721526105),
                (0.3419800788, -0.08444813486, 0.9359049835),
                (-0.6707730385, -0.32030766, -0.6689293937),
                (-0.6985628183, -0.5290096584, -0.4818285693),
                (-0.6712196358, -0.695001364, -0.2577543494),
                (-0.591585243, -0.8061137037, -0.01440822182),
                (-0.4662087001, -0.8543895468, 0.2294949897),
                (-0.3048224333, -0.8364577394, 0.4554357632),
                (-0.1196852566, -0.7536803719, 0.6462517593),
                (0.07519294103, -0.6120666332, 0.7872232581),
                (0.2649197782, -0.4219560365, 0.8670470658),
                (0.4346595774, -0.1974818138, 0.8786762686),
                (-0.5464603343, -0.3639707033, -0.7542588615),
                (-0.470251655, -0.6092006595, -0.6385436065),
                (-0.3574141887, -0.8052209984, -0.4731535072),
                (-0.217104437, -0.9376446824, -0.2714555453),
                (-0.06026418176, -0.9969717003, -0.04914933657),
                (0.101122085, -0.9790398928, 0.1767914369),
                (0.2547955495, -0.8852113505, 0.3892044358),
                (0.3889983881, -0.7222862677, 0.5718241003),
                (0.4932309416, -0.5021470377, 0.7103320286),
                (0.5589722816, -0.2411448571, 0.7933468008),
                (-0.4238239132, -0.3265636337, -0.8448251202),
                (-0.2450191323, -0.5404993017, -0.8048764686),
                (-0.04784022204, -0.7107934637, -0.701772018),
                (0.1523267175, -0.82495926, -0.5442782289),
                (0.3402064155, -0.8748184984, -0.3448944617),
                (0.5015926822, -0.856886691, -0.1189536883),
                (0.624226704, -0.7725259282, 0.1163817522),
                (0.6985723548, -0.6278587329, 0.3432055895),
                (0.7184634643, -0.4334456798, 0.5439991665),
                (0.6816087027, -0.2037377875, 0.7027805421),
                (-0.3357241052, -0.2181096453, -0.9163610139),
                (-0.08321612278, -0.3413140582, -0.9362583995),
                (0.1745521699, -0.4370205414, -0.8823517362),
                (0.4177194409, -0.4982514046, -0.7597736547),
                (0.6278973185, -0.5206607931, -0.5784957183),
                (0.7892835852, -0.5027289856, -0.3525549448),
                (0.8896194274, -0.4458180728, -0.09911367366),
                (0.9209647467, -0.3540858106, 0.1626258713),
                (0.8802664737, -0.2342604363, 0.4126172357),
                (0.7697085108, -0.09528379911, 0.6312446484),
                (0.5800298472, -0.0644477608, -0.8120417861),
                (0.7996654333, -0.05515694943, -0.5979071046),
                (0.9352849843, -0.04203716763, -0.3513899183),
                (0.9965857021, -0.02567526571, -0.07847113519),
                (0.9798619538, -0.007371109631, 0.1995400165),
                (0.8871082489, 0.01146304791, 0.4614190647),
                (0.7257219821, 0.02939485532, 0.6873598382),
                (0.5079619673, 0.0450622222, 0.8601999976),
                (0.2501731253, 0.05725946505, 0.9665064723),
                (-0.02819761222, 0.0650164542, 0.9974857169),
                (-0.3057671826, 0.06766889678, 0.9496985577),
                (-0.5800298472, 0.0644477608, 0.8120417861),
                (0.7697085108, 0.09528379911, -0.6312446484),
                (0.8802664737, 0.2342604363, -0.4126172357),
                (0.9209647467, 0.3540858106, -0.1626258713),
                (0.8896194274, 0.4458180728, 0.09911367366),
                (0.7892835852, 0.5027289856, 0.3525549448),
                (0.6278973185, 0.5206607931, 0.5784957183),
                (0.4177194409, 0.4982514046, 0.7597736547),
                (0.1745521699, 0.4370205414, 0.8823517362),
                (-0.08321612278, 0.3413140582, 0.9362583995),
                (-0.3357241052, 0.2181096453, 0.9163610139),
                (0.6816087027, 0.2037377875, -0.7027805421),
                (0.7184634643, 0.4334456798, -0.5439991665),
                (0.6985723548, 0.6278587329, -0.3432055895),
                (0.624226704, 0.7725259282, -0.1163817522),
                (0.5015926822, 0.856886691, 0.1189536883),
                (0.3402064155, 0.8748184984, 0.3448944617),
                (0.1523267175, 0.82495926, 0.5442782289),
                (-0.04784022204, 0.7107934637, 0.701772018),
                (-0.2450191323, 0.5404993017, 0.8048764686),
                (-0.4238239132, 0.3265636337, 0.8448251202),
                (0.5589722816, 0.2411448571, -0.7933468008),
                (0.4932309416, 0.5021470377, -0.7103320286),
                (0.3889983881, 0.7222862677, -0.5718241003),
                (0.2547955495, 0.8852113505, -0.3892044358),
                (0.101122085, 0.9790398928, -0.1767914369),
                (-0.06026418176, 0.9969717003, 0.04914933657),
                (-0.217104437, 0.9376446824, 0.2714555453),
                (-0.3574141887, 0.8052209984, 0.4731535072),
                (-0.470251655, 0.6092006595, 0.6385436065),
                (-0.5464603343, 0.3639707033, 0.7542588615),
                (0.4346595774, 0.1974818138, -0.8786762686),
                (0.2649197782, 0.4219560365, -0.8670470658),
                (0.07519294103, 0.6120666332, -0.7872232581),
                (-0.1196852566, 0.7536803719, -0.6462517593),
                (-0.3048224333, 0.8364577394, -0.4554357632),
                (-0.4662087001, 0.8543895468, -0.2294949897),
                (-0.591585243, 0.8061137037, 0.01440822182),
                (-0.6712196358, 0.695001364, 0.2577543494),
                (-0.6985628183, 0.5290096584, 0.4818285693),
                (-0.6707730385, 0.32030766, 0.6689293937),
                (0.3419800788, 0.08444813486, -0.9359049835),
                (0.09470576607, 0.2143597904, -0.9721526105),
                (-0.1587600703, 0.3267330916, -0.9316870327),
                (-0.3988738847, 0.4131766118, -0.8186481),
                (-0.6074683669, 0.4673450035, -0.6423167684),
                (-0.7688546336, 0.4852768109, -0.416375995),
                (-0.8707738711, 0.4656099436, -0.1579881189),
                (-0.905172647, 0.4096678224, 0.1132905748),
                (-0.8687768305, 0.3214134122, 0.3767230246),
                (-0.7634525371, 0.2072739811, 0.6117006788),
                (0.3057671826, -0.06766889678, -0.9496985577),
                (0.02819761222, -0.0650164542, -0.9974857169),
                (-0.2501731253, -0.05725946505, -0.9665064723),
                (-0.5079619673, -0.0450622222, -0.8601999976),
                (-0.7257219821, -0.02939485532, -0.6873598382),
                (-0.8871082489, -0.01146304791, -0.4614190647),
                (-0.9798619538, 0.007371109631, -0.1995400165),
                (-0.9965857021, 0.02567526571, 0.07847113519),
                (-0.9352849843, 0.04203716763, 0.3513899183),
                (-0.7996654333, 0.05515694943, 0.5979071046),
                (0.3357241052, -0.2181096453, -0.9163610139),
                (0.08321612278, -0.3413140582, -0.9362583995),
                (-0.1745521699, -0.4370205414, -0.8823517362),
                (-0.4177194409, -0.4982514046, -0.7597736547),
                (-0.6278973185, -0.5206607931, -0.5784957183),
                (-0.7892835852, -0.5027289856, -0.3525549448),
                (-0.8896194274, -0.4458180728, -0.09911367366),
                (-0.9209647467, -0.3540858106, 0.1626258713),
                (-0.8802664737, -0.2342604363, 0.4126172357),
                (-0.7697085108, -0.09528379911, 0.6312446484),
                (0.4238239132, -0.3265636337, -0.8448251202),
                (0.2450191323, -0.5404993017, -0.8048764686),
                (0.04784022204, -0.7107934637, -0.701772018),
                (-0.1523267175, -0.82495926, -0.5442782289),
                (-0.3402064155, -0.8748184984, -0.3448944617),
                (-0.5015926822, -0.856886691, -0.1189536883),
                (-0.624226704, -0.7725259282, 0.1163817522),
                (-0.6985723548, -0.6278587329, 0.3432055895),
                (-0.7184634643, -0.4334456798, 0.5439991665),
                (-0.6816087027, -0.2037377875, 0.7027805421),
                (0.5464603343, -0.3639707033, -0.7542588615),
                (0.470251655, -0.6092006595, -0.6385436065),
                (0.3574141887, -0.8052209984, -0.4731535072),
                (0.217104437, -0.9376446824, -0.2714555453),
                (0.06026418176, -0.9969717003, -0.04914933657),
                (-0.101122085, -0.9790398928, 0.1767914369),
                (-0.2547955495, -0.8852113505, 0.3892044358),
                (-0.3889983881, -0.7222862677, 0.5718241003),
                (-0.4932309416, -0.5021470377, 0.7103320286),
                (-0.5589722816, -0.2411448571, 0.7933468008),
                (0.6707730385, -0.32030766, -0.6689293937),
                (0.6985628183, -0.5290096584, -0.4818285693),
                (0.6712196358, -0.695001364, -0.2577543494),
                (0.591585243, -0.8061137037, -0.01440822182),
                (0.4662087001, -0.8543895468, 0.2294949897),
                (0.3048224333, -0.8364577394, 0.4554357632),
                (0.1196852566, -0.7536803719, 0.6462517593),
                (-0.07519294103, -0.6120666332, 0.7872232581),
                (-0.2649197782, -0.4219560365, 0.8670470658),
                (-0.4346595774, -0.1974818138, 0.8786762686),
                (0.7634525371, -0.2072739811, -0.6117006788),
                (0.8687768305, -0.3214134122, -0.3767230246),
                (0.905172647, -0.4096678224, -0.1132905748),
                (0.8707738711, -0.4656099436, 0.1579881189),
                (0.7688546336, -0.4852768109, 0.416375995),
                (0.6074683669, -0.4673450035, 0.6423167684),
                (0.3988738847, -0.4131766118, 0.8186481),
                (0.1587600703, -0.3267330916, 0.9316870327),
                (-0.09470576607, -0.2143597904, 0.9721526105),
                (-0.3419800788, -0.08444813486, 0.9359049835),
                (0.0896005551, -0.1433608882, -0.985606106),
                (0.3874080428, -0.1346482471, -0.9120223999),
                (0.6291159537, -0.1154647649, -0.7686878462),
                (0.820064513, -0.08728992358, -0.5655746314),
                (0.946276945, -0.05240796451, -0.3190820407),
                (0.9987369027, -0.01353795619, -0.04838721907),
                (0.9738066355, 0.02635047136, 0.2258457203),
                (0.873379833, 0.06422741469, 0.4827861914),
                (0.7047618583, 0.09719432399, 0.7027545706),
                (0.4802812413, 0.1226707749, 0.8684939897),
                (0.2166454924, 0.1385718335, 0.9663656542),
                (-0.0896005551, 0.1433608882, 0.985606106),
                (0.3479250252, 0.01514593208, -0.9374000094),
                (0.5566019356, 0.1596453578, -0.8152960475),
                (0.7203966144, 0.2908390026, -0.6296359206),
                (0.8273379165, 0.398833486, -0.3955297997),
                (0.8698046695, 0.475616602, -0.1312580851),
                (0.8448744022, 0.5155050295, 0.1429748543),
                (0.7544408045, 0.5154688652, 0.4063384323),
                (0.6050939597, 0.4753232502, 0.6386932815),
                (0.4077672232, 0.3977808976, 0.8218857884),
                (0.1771624748, 0.2883660127, 0.9409880447),
                (0.2380936218, 0.124277221, -0.9632583244),
                (0.3548869488, 0.360074523, -0.8627871067),
                (0.4431466514, 0.5663216504, -0.694910666),
                (0.4964807225, 0.7275816481, -0.4734256409),
                (0.511149, 0.8319860398, -0.2156987005),
                (0.4862187327, 0.8718744674, 0.05853423884),
                (0.4235836105, 0.8442170273, 0.3284425911),
                (0.3278439966, 0.7508058979, 0.5734185361),
                (0.2060522364, 0.5982100628, 0.7743947292),
                (0.06733107139, 0.3974973016, 0.9151297296),
                (0.08734306841, 0.1635039789, -0.9826686305),
                (0.07802036116, 0.4321178978, -0.8984358328),
                (0.06260352757, 0.6653426667, -0.7439085523),
                (0.04235828109, 0.8457487174, -0.5318974366),
                (0.01887139119, 0.9600814542, -0.2790832707),
                (-0.006058876025, 0.9999698817, -0.004850331313),
                (-0.03053883091, 0.9623840966, 0.2699707955),
                (-0.05269912716, 0.8498269142, 0.5244206497),
                (-0.0708143512, 0.6702534375, 0.7387460031),
                (-0.08341948196, 0.4367240595, 0.8957194236),
                (-0.06393314585, 0.1223154278, -0.9904299516),
                (-0.1998116487, 0.356471518, -0.9126901785),
                (-0.3192665343, 0.5613694502, -0.7635006356),
                (-0.4133476664, 0.721671923, -0.5552777163),
                (-0.4751227691, 0.8255797822, -0.3044279512),
                (-0.5000530363, 0.8654682098, -0.03019501179),
                (-0.4862447784, 0.8383073022, 0.2465905158),
                (-0.434569189, 0.7458536977, 0.5048285665),
                (-0.3486463611, 0.5946070578, 0.7244916575),
                (-0.2346956962, 0.3955355084, 0.8879581025),
                (-0.1752006816, 0.01174800655, -0.9844626481),
                (-0.4041642182, 0.1534047701, -0.9017307033),
                (-0.6001417595, 0.2822615403, -0.7484372328),
                (-0.7485310794, 0.3885975418, -0.5373017529),
                (-0.8384681446, 0.4645206384, -0.2849416553),
                (-0.8633984119, 0.5044090659, -0.01070871591),
                (-0.8214281914, 0.5052329211, 0.2645664791),
                (-0.7154444142, 0.4667457878, 0.5198919693),
                (-0.5529989306, 0.3915403099, 0.7354511327),
                (-0.3459632319, 0.2849680871, 0.893925406),
                (-0.2166454924, -0.1385718335, -0.9663656542),
                (-0.4802812413, -0.1226707749, -0.8684939897),
                (-0.7047618583, -0.09719432399, -0.7027545706),
                (-0.873379833, -0.06422741469, -0.4827861914),
                (-0.9738066355, -0.02635047136, -0.2258457203),
                (-0.9987369027, 0.01353795619, 0.04838721907),
                (-0.946276945, 0.05240796451, 0.3190820407),
                (-0.820064513, 0.08728992358, 0.5655746314),
                (-0.6291159537, 0.1154647649, 0.7686878462),
                (-0.3874080428, 0.1346482471, 0.9120223999),
                (-0.1771624748, -0.2883660127, -0.9409880447),
                (-0.4077672232, -0.3977808976, -0.8218857884),
                (-0.6050939597, -0.4753232502, -0.6386932815),
                (-0.7544408045, -0.5154688652, -0.4063384323),
                (-0.8448744022, -0.5155050295, -0.1429748543),
                (-0.8698046695, -0.475616602, 0.1312580851),
                (-0.8273379165, -0.398833486, 0.3955297997),
                (-0.7203966144, -0.2908390026, 0.6296359206),
                (-0.5566019356, -0.1596453578, 0.8152960475),
                (-0.3479250252, -0.01514593208, 0.9374000094),
                (-0.06733107139, -0.3974973016, -0.9151297296),
                (-0.2060522364, -0.5982100628, -0.7743947292),
                (-0.3278439966, -0.7508058979, -0.5734185361),
                (-0.4235836105, -0.8442170273, -0.3284425911),
                (-0.4862187327, -0.8718744674, -0.05853423884),
                (-0.511149, -0.8319860398, 0.2156987005),
                (-0.4964807225, -0.7275816481, 0.4734256409),
                (-0.4431466514, -0.5663216504, 0.694910666),
                (-0.3548869488, -0.360074523, 0.8627871067),
                (-0.2380936218, -0.124277221, 0.9632583244),
                (0.08341948196, -0.4367240595, -0.8957194236),
                (0.0708143512, -0.6702534375, -0.7387460031),
                (0.05269912716, -0.8498269142, -0.5244206497),
                (0.03053883091, -0.9623840966, -0.2699707955),
                (0.006058876025, -0.9999698817, 0.004850331313),
                (-0.01887139119, -0.9600814542, 0.2790832707),
                (-0.04235828109, -0.8457487174, 0.5318974366),
                (-0.06260352757, -0.6653426667, 0.7439085523),
                (-0.07802036116, -0.4321178978, 0.8984358328),
                (-0.08734306841, -0.1635039789, 0.9826686305),
                (0.2346956962, -0.3955355084, -0.8879581025),
                (0.3486463611, -0.5946070578, -0.7244916575),
                (0.434569189, -0.7458536977, -0.5048285665),
                (0.4862447784, -0.8383073022, -0.2465905158),
                (0.5000530363, -0.8654682098, 0.03019501179),
                (0.4751227691, -0.8255797822, 0.3044279512),
                (0.4133476664, -0.721671923, 0.5552777163),
                (0.3192665343, -0.5613694502, 0.7635006356),
                (0.1998116487, -0.356471518, 0.9126901785),
                (0.06393314585, -0.1223154278, 0.9904299516),
                (0.3459632319, -0.2849680871, -0.893925406),
                (0.5529989306, -0.3915403099, -0.7354511327),
                (0.7154444142, -0.4667457878, -0.5198919693),
                (0.8214281914, -0.5052329211, -0.2645664791),
                (0.8633984119, -0.5044090659, 0.01070871591),
                (0.8384681446, -0.4645206384, 0.2849416553),
                (0.7485310794, -0.3885975418, 0.5373017529),
                (0.6001417595, -0.2822615403, 0.7484372328),
                (0.4041642182, -0.1534047701, 0.9017307033),
                (0.1752006816, -0.01174800655, 0.9844626481),
                (-0.07814408047, -0.2344322414, -0.9689865979),
                (0.2278481134, -0.2262143251, -0.9470545477),
                (0.4903209523, -0.1998885699, -0.8483100396),
                (0.7128542754, -0.1579621061, -0.6832911203),
                (0.8789006412, -0.1038639779, -0.4655598104),
                (0.9763331772, -0.04182750862, -0.2121885639),
                (0.9980758194, 0.02340041789, 0.05742019902),
                (0.9424770083, 0.08686512348, 0.3227871422),
                (0.8134141427, 0.1437174958, 0.5636512342),
                (0.6201254131, 0.1895248125, 0.7612652741),
                (0.3767766826, 0.2205713828, 0.8996597115),
                (0.07814408047, 0.2344322414, 0.9689865979),
                (0.1859351963, -0.07844208213, -0.9794258229),
                (0.4133442112, 0.07150808995, -0.9077627202),
                (0.6070525253, 0.2150627996, -0.7650066821),
                (0.75264176, 0.3412865721, -0.5630753563),
                (0.8394660805, 0.4407243944, -0.3178973229),
                (0.8612087226, 0.5059523209, -0.04828856004),
                (0.8162181271, 0.5320156735, 0.2252715963),
                (0.7076123926, 0.5167424015, 0.4819356724),
                (0.543148672, 0.4609214723, 0.7018125935),
                (0.3348637656, 0.3683436258, 0.8672884364),
                (0.07424844868, 0.03049071857, -0.9967735369),
                (0.2082217224, 0.2715727142, -0.9396233156),
                (0.3251190737, 0.4900443989, -0.8087979197),
                (0.4161955089, 0.6694368064, -0.6153337798),
                (0.4747517637, 0.7964456667, -0.3745464762),
                (0.4964944059, 0.8616735932, -0.1049377133),
                (0.479771876, 0.8601659079, 0.1730131727),
                (0.425678941, 0.7917240008, 0.4381444347),
                (0.3380261831, 0.6609860965, 0.6699519981),
                (0.223177018, 0.4772764264, 0.8499407223),
                (-0.07728575578, 0.07139562104, -0.994449384),
                (-0.07008410911, 0.3466981483, -0.9353548052),
                (-0.05740223877, 0.5933015945, -0.8029310064),
                (-0.0402876108, 0.7926591347, -0.6083324786),
                (-0.02008486645, 0.9300210807, -0.3669569288),
                (0.001657775722, 0.9952490072, -0.09734816585),
                (0.02328875634, 0.9833882362, 0.1800144739),
                (0.04315762853, 0.8949811964, 0.4440113481),
                (0.05972035167, 0.7361115306, 0.6742205085),
                (0.07164281352, 0.5181813289, 0.8522648753),
                (-0.2280639493, 0.0333121897, -0.9730761188),
                (-0.3470014604, 0.2767545929, -0.8961009328),
                (-0.4380151354, 0.497166704, -0.7489779767),
                (-0.4944933158, 0.6779362337, -0.5439474457),
                (-0.5124527346, 0.8056592121, -0.2971622938),
                (-0.4907100924, 0.8708871386, -0.02755353085),
                (-0.4309169487, 0.8686653351, 0.2443995068),
                (-0.3374552681, 0.7988463059, 0.4979643778),
                (-0.2171969996, 0.6661679752, 0.7134743809),
                (-0.07913538003, 0.4800978976, 0.8736381404),
                (-0.3376852368, -0.07355515077, -0.9383806907),
                (-0.5483305507, 0.08048336717, -0.8323797419),
                (-0.7147346978, 0.2273989939, -0.6613955015),
                (-0.8247175544, 0.3560080119, -0.4394305986),
                (-0.870422268, 0.4566827231, -0.1838639873),
                (-0.8486796258, 0.5219106496, 0.08574477564),
                (-0.7611411872, 0.5467371133, 0.3489163539),
                (-0.6141748305, 0.5290785958, 0.585546853),
                (-0.41852609, 0.4698967495, 0.7771955718),
                (-0.1887566675, 0.3732305571, 0.9083335685),
                (-0.3767766826, -0.2205713828, -0.8996597115),
                (-0.6201254131, -0.1895248125, -0.7612652741),
                (-0.8134141427, -0.1437174958, -0.5636512342),
                (-0.9424770083, -0.08686512348, -0.3227871422),
                (-0.9980758194, -0.02340041789, -0.05742019902),
                (-0.9763331772, 0.04182750862, 0.2121885639),
                (-0.8789006412, 0.1038639779, 0.4655598104),
                (-0.7128542754, 0.1579621061, 0.6832911203),
                (-0.4903209523, 0.1998885699, 0.8483100396),
                (-0.2278481134, 0.2262143251, 0.9470545477),
                (-0.3348637656, -0.3683436258, -0.8672884364),
                (-0.543148672, -0.4609214723, -0.7018125935),
                (-0.7076123926, -0.5167424015, -0.4819356724),
                (-0.8162181271, -0.5320156735, -0.2252715963),
                (-0.8612087226, -0.5059523209, 0.04828856004),
                (-0.8394660805, -0.4407243944, 0.3178973229),
                (-0.75264176, -0.3412865721, 0.5630753563),
                (-0.6070525253, -0.2150627996, 0.7650066821),
                (-0.4133442112, -0.07150808995, 0.9077627202),
                (-0.1859351963, 0.07844208213, 0.9794258229),
                (-0.223177018, -0.4772764264, -0.8499407223),
                (-0.3380261831, -0.6609860965, -0.6699519981),
                (-0.425678941, -0.7917240008, -0.4381444347),
                (-0.479771876, -0.8601659079, -0.1730131727),
                (-0.4964944059, -0.8616735932, 0.1049377133),
                (-0.4747517637, -0.7964456667, 0.3745464762),
                (-0.4161955089, -0.6694368064, 0.6153337798),
                (-0.3251190737, -0.4900443989, 0.8087979197),
                (-0.2082217224, -0.2715727142, 0.9396233156),
                (-0.07424844868, -0.03049071857, 0.9967735369),
                (-0.07164281352, -0.5181813289, -0.8522648753),
                (-0.05972035167, -0.7361115306, -0.6742205085),
                (-0.04315762853, -0.8949811964, -0.4440113481),
                (-0.02328875634, -0.9833882362, -0.1800144739),
                (-0.001657775722, -0.9952490072, 0.09734816585),
                (0.02008486645, -0.9300210807, 0.3669569288),
                (0.0402876108, -0.7926591347, 0.6083324786),
                (0.05740223877, -0.5933015945, 0.8029310064),
                (0.07008410911, -0.3466981483, 0.9353548052),
                (0.07728575578, -0.07139562104, 0.994449384),
                (0.07913538003, -0.4800978976, -0.8736381404),
                (0.2171969996, -0.6661679752, -0.7134743809),
                (0.3374552681, -0.7988463059, -0.4979643778),
                (0.4309169487, -0.8686653351, -0.2443995068),
                (0.4907100924, -0.8708871386, 0.02755353085),
                (0.5124527346, -0.8056592121, 0.2971622938),
                (0.4944933158, -0.6779362337, 0.5439474457),
                (0.4380151354, -0.497166704, 0.7489779767),
                (0.3470014604, -0.2767545929, 0.8961009328),
                (0.2280639493, -0.0333121897, 0.9730761188),
                (0.1887566675, -0.3732305571, -0.9083335685),
                (0.41852609, -0.4698967495, -0.7771955718),
                (0.6141748305, -0.5290785958, -0.585546853),
                (0.7611411872, -0.5467371133, -0.3489163539),
                (0.8486796258, -0.5219106496, -0.08574477564),
                (0.870422268, -0.4566827231, 0.1838639873),
                (0.8247175544, -0.3560080119, 0.4394305986),
                (0.7147346978, -0.2273989939, 0.6613955015),
                (0.5483305507, -0.08048336717, 0.8323797419),
                (0.3376852368, 0.07355515077, 0.9383806907),
                (-0.3688455203, -2.256552533e-18, -0.9294907112),
                (-0.06960588399, 5.208786119e-16, -0.9975745691),
                (0.2113372311, 1.888233661e-15, -0.9774132057),
                (0.474208064, -1.808861502e-16, -0.8804128078),
                (0.6990677352, 1.032459219e-16, -0.7150554535),
                (0.8691386509, 5.3484574e-16, -0.4945685043),
                (0.9717654413, -8.03080548e-16, -0.2359489926),
                (0.9991526306, -5.396945918e-16, 0.04115848295),
                (0.9488576644, 2.349200899e-15, 0.3157041854),
                (0.8240233563, 3.505576657e-15, 0.5665558298),
                (0.6333473697, -8.286705189e-16, 0.7738676303),
                (0.3688455203, 4.513105067e-18, 0.9294907112),
                (-0.1073694029, 0.1516264442, -0.9825890457),
                (0.1419812227, 0.2784752378, -0.9498909802),
                (0.3788807358, 0.3827541554, -0.8425845029),
                (0.5853085413, 0.4567609836, -0.6699129163),
                (0.7458214597, 0.49513784, -0.445633111),
                (0.8484482501, 0.49513784, -0.1870135993),
                (0.8853934367, 0.4567609836, 0.08630102021),
                (0.8535303362, 0.3827541554, 0.3535324902),
                (0.754667348, 0.2784752378, 0.5940780553),
                (0.5955838508, 0.1516264442, 0.7888531537),
                (-0.2105412554, 0.2626247051, -0.9416478344),
                (-0.04750291578, 0.4823332605, -0.8746988618),
                (0.1184416319, 0.6629496439, -0.7392356522),
                (0.2745126437, 0.7911332305, -0.5465812109),
                (0.4089126279, 0.8576038957, -0.3119391301),
                (0.5115394182, 0.8576038957, -0.05331961839),
                (0.5745975392, 0.7911332305, 0.2096327256),
                (0.5930912323, 0.6629496439, 0.456881341),
                (0.5651832094, 0.4823332605, 0.6692701738),
                (0.4924119983, 0.2626247051, 0.829794365),
                (-0.3514766269, 0.3032528884, -0.8857210997),
                (-0.3063430626, 0.5569504756, -0.7719845178),
                (-0.2373248002, 0.7655083108, -0.5980584966),
                (-0.1500424477, 0.9135219671, -0.3781069682),
                (-0.05131339518, 0.9902756801, -0.1293097558),
                (0.05131339518, 0.9902756801, 0.1293097558),
                (0.1500424477, 0.9135219671, 0.3781069682),
                (0.2373248002, 0.7655083108, 0.5980584966),
                (0.3063430626, 0.5569504756, 0.7719845178),
                (0.3514766269, 0.3032528884, 0.8857210997),
                (-0.4924119983, 0.2626247051, -0.829794365),
                (-0.5651832094, 0.4823332605, -0.6692701738),
                (-0.5930912323, 0.6629496439, -0.456881341),
                (-0.5745975392, 0.7911332305, -0.2096327256),
                (-0.5115394182, 0.8576038957, 0.05331961839),
                (-0.4089126279, 0.8576038957, 0.3119391301),
                (-0.2745126437, 0.7911332305, 0.5465812109),
                (-0.1184416319, 0.6629496439, 0.7392356522),
                (0.04750291578, 0.4823332605, 0.8746988618),
                (0.2105412554, 0.2626247051, 0.9416478344),
                (-0.5955838508, 0.1516264442, -0.7888531537),
                (-0.754667348, 0.2784752378, -0.5940780553),
                (-0.8535303362, 0.3827541554, -0.3535324902),
                (-0.8853934367, 0.4567609836, -0.08630102021),
                (-0.8484482501, 0.49513784, 0.1870135993),
                (-0.7458214597, 0.49513784, 0.445633111),
                (-0.5853085413, 0.4567609836, 0.6699129163),
                (-0.3788807358, 0.3827541554, 0.8425845029),
                (-0.1419812227, 0.2784752378, 0.9498909802),
                (0.1073694029, 0.1516264442, 0.9825890457),
                (-0.6333473697, -1.398029175e-15, -0.7738676303),
                (-0.8240233563, 2.532884862e-15, -0.5665558298),
                (-0.9488576644, 2.272672143e-15, -0.3157041854),
                (-0.9991526306, -2.440358154e-16, -0.04115848295),
                (-0.9717654413, -4.44056303e-16, 0.2359489926),
                (-0.8691386509, 1.058176722e-15, 0.4945685043),
                (-0.6990677352, 7.321074462e-16, 0.7150554535),
                (-0.474208064, -6.354205789e-16, 0.8804128078),
                (-0.2113372311, 1.883661667e-15, 0.9774132057),
                (0.06960588399, 5.265158263e-16, 0.9975745691),
                (-0.5955838508, -0.1516264442, -0.7888531537),
                (-0.754667348, -0.2784752378, -0.5940780553),
                (-0.8535303362, -0.3827541554, -0.3535324902),
                (-0.8853934367, -0.4567609836, -0.08630102021),
                (-0.8484482501, -0.49513784, 0.1870135993),
                (-0.7458214597, -0.49513784, 0.445633111),
                (-0.5853085413, -0.4567609836, 0.6699129163),
                (-0.3788807358, -0.3827541554, 0.8425845029),
                (-0.1419812227, -0.2784752378, 0.9498909802),
                (0.1073694029, -0.1516264442, 0.9825890457),
                (-0.4924119983, -0.2626247051, -0.829794365),
                (-0.5651832094, -0.4823332605, -0.6692701738),
                (-0.5930912323, -0.6629496439, -0.456881341),
                (-0.5745975392, -0.7911332305, -0.2096327256),
                (-0.5115394182, -0.8576038957, 0.05331961839),
                (-0.4089126279, -0.8576038957, 0.3119391301),
                (-0.2745126437, -0.7911332305, 0.5465812109),
                (-0.1184416319, -0.6629496439, 0.7392356522),
                (0.04750291578, -0.4823332605, 0.8746988618),
                (0.2105412554, -0.2626247051, 0.9416478344),
                (-0.3514766269, -0.3032528884, -0.8857210997),
                (-0.3063430626, -0.5569504756, -0.7719845178),
                (-0.2373248002, -0.7655083108, -0.5980584966),
                (-0.1500424477, -0.9135219671, -0.3781069682),
                (-0.05131339518, -0.9902756801, -0.1293097558),
                (0.05131339518, -0.9902756801, 0.1293097558),
                (0.1500424477, -0.9135219671, 0.3781069682),
                (0.2373248002, -0.7655083108, 0.5980584966),
                (0.3063430626, -0.5569504756, 0.7719845178),
                (0.3514766269, -0.3032528884, 0.8857210997),
                (-0.2105412554, -0.2626247051, -0.9416478344),
                (-0.04750291578, -0.4823332605, -0.8746988618),
                (0.1184416319, -0.6629496439, -0.7392356522),
                (0.2745126437, -0.7911332305, -0.5465812109),
                (0.4089126279, -0.8576038957, -0.3119391301),
                (0.5115394182, -0.8576038957, -0.05331961839),
                (0.5745975392, -0.7911332305, 0.2096327256),
                (0.5930912323, -0.6629496439, 0.456881341),
                (0.5651832094, -0.4823332605, 0.6692701738),
                (0.4924119983, -0.2626247051, 0.829794365),
                (-0.1073694029, -0.1516264442, -0.9825890457),
                (0.1419812227, -0.2784752378, -0.9498909802),
                (0.3788807358, -0.3827541554, -0.8425845029),
                (0.5853085413, -0.4567609836, -0.6699129163),
                (0.7458214597, -0.49513784, -0.445633111),
                (0.8484482501, -0.49513784, -0.1870135993),
                (0.8853934367, -0.4567609836, 0.08630102021),
                (0.8535303362, -0.3827541554, 0.3535324902),
                (0.754667348, -0.2784752378, 0.5940780553),
                (0.5955838508, -0.1516264442, 0.7888531537),
                (0.3688455203, 0, -0.9294907112),
                (0.6333473697, 1.400284061e-15, -0.7738676303),
                (0.8240233563, -2.532884862e-15, -0.5665558298),
                (0.9488576644, -2.27731025e-15, -0.3157041854),
                (0.9991526306, 2.440358154e-16, -0.04115848295),
                (0.9717654413, 4.623618155e-16, 0.2359489926),
                (0.8691386509, -1.072348732e-15, 0.4945685043),
                (0.6990677352, -7.321074462e-16, 0.7150554535),
                (0.474208064, 6.446967917e-16, 0.8804128078),
                (0.2113372311, -1.874517678e-15, 0.9774132057),
                (-0.06960588399, -5.19751169e-16, 0.9975745691),
                (-0.3688455203, -5.641381333e-18, 0.9294907112),
                (0.5955838508, 0.1516264442, -0.7888531537),
                (0.754667348, 0.2784752378, -0.5940780553),
                (0.8535303362, 0.3827541554, -0.3535324902),
                (0.8853934367, 0.4567609836, -0.08630102021),
                (0.8484482501, 0.49513784, 0.1870135993),
                (0.7458214597, 0.49513784, 0.445633111),
                (0.5853085413, 0.4567609836, 0.6699129163),
                (0.3788807358, 0.3827541554, 0.8425845029),
                (0.1419812227, 0.2784752378, 0.9498909802),
                (-0.1073694029, 0.1516264442, 0.9825890457),
                (0.4924119983, 0.2626247051, -0.829794365),
                (0.5651832094, 0.4823332605, -0.6692701738),
                (0.5930912323, 0.6629496439, -0.456881341),
                (0.5745975392, 0.7911332305, -0.2096327256),
                (0.5115394182, 0.8576038957, 0.05331961839),
                (0.4089126279, 0.8576038957, 0.3119391301),
                (0.2745126437, 0.7911332305, 0.5465812109),
                (0.1184416319, 0.6629496439, 0.7392356522),
                (-0.04750291578, 0.4823332605, 0.8746988618),
                (-0.2105412554, 0.2626247051, 0.9416478344),
                (0.3514766269, 0.3032528884, -0.8857210997),
                (0.3063430626, 0.5569504756, -0.7719845178),
                (0.2373248002, 0.7655083108, -0.5980584966),
                (0.1500424477, 0.9135219671, -0.3781069682),
                (0.05131339518, 0.9902756801, -0.1293097558),
                (-0.05131339518, 0.9902756801, 0.1293097558),
                (-0.1500424477, 0.9135219671, 0.3781069682),
                (-0.2373248002, 0.7655083108, 0.5980584966),
                (-0.3063430626, 0.5569504756, 0.7719845178),
                (-0.3514766269, 0.3032528884, 0.8857210997),
                (0.2105412554, 0.2626247051, -0.9416478344),
                (0.04750291578, 0.4823332605, -0.8746988618),
                (-0.1184416319, 0.6629496439, -0.7392356522),
                (-0.2745126437, 0.7911332305, -0.5465812109),
                (-0.4089126279, 0.8576038957, -0.3119391301),
                (-0.5115394182, 0.8576038957, -0.05331961839),
                (-0.5745975392, 0.7911332305, 0.2096327256),
                (-0.5930912323, 0.6629496439, 0.456881341),
                (-0.5651832094, 0.4823332605, 0.6692701738),
                (-0.4924119983, 0.2626247051, 0.829794365),
                (0.1073694029, 0.1516264442, -0.9825890457),
                (-0.1419812227, 0.2784752378, -0.9498909802),
                (-0.3788807358, 0.3827541554, -0.8425845029),
                (-0.5853085413, 0.4567609836, -0.6699129163),
                (-0.7458214597, 0.49513784, -0.445633111),
                (-0.8484482501, 0.49513784, -0.1870135993),
                (-0.8853934367, 0.4567609836, 0.08630102021),
                (-0.8535303362, 0.3827541554, 0.3535324902),
                (-0.754667348, 0.2784752378, 0.5940780553),
                (-0.5955838508, 0.1516264442, 0.7888531537),
                (0.06960588399, -5.186237261e-16, -0.9975745691),
                (-0.2113372311, -1.883661667e-15, -0.9774132057),
                (-0.474208064, 1.948004694e-16, -0.8804128078),
                (-0.6990677352, -1.126319148e-16, -0.7150554535),
                (-0.8691386509, -5.29088361e-16, -0.4945685043),
                (-0.9717654413, 8.219765609e-16, -0.2359489926),
                (-0.9991526306, 5.537735811e-16, 0.04115848295),
                (-0.9488576644, -2.356158059e-15, 0.3157041854),
                (-0.8240233563, -3.497575667e-15, 0.5665558298),
                (-0.6333473697, 8.286705189e-16, 0.7738676303),
                (0.1073694029, -0.1516264442, -0.9825890457),
                (-0.1419812227, -0.2784752378, -0.9498909802),
                (-0.3788807358, -0.3827541554, -0.8425845029),
                (-0.5853085413, -0.4567609836, -0.6699129163),
                (-0.7458214597, -0.49513784, -0.445633111),
                (-0.8484482501, -0.49513784, -0.1870135993),
                (-0.8853934367, -0.4567609836, 0.08630102021),
                (-0.8535303362, -0.3827541554, 0.3535324902),
                (-0.754667348, -0.2784752378, 0.5940780553),
                (-0.5955838508, -0.1516264442, 0.7888531537),
                (0.2105412554, -0.2626247051, -0.9416478344),
                (0.04750291578, -0.4823332605, -0.8746988618),
                (-0.1184416319, -0.6629496439, -0.7392356522),
                (-0.2745126437, -0.7911332305, -0.5465812109),
                (-0.4089126279, -0.8576038957, -0.3119391301),
                (-0.5115394182, -0.8576038957, -0.05331961839),
                (-0.5745975392, -0.7911332305, 0.2096327256),
                (-0.5930912323, -0.6629496439, 0.456881341),
                (-0.5651832094, -0.4823332605, 0.6692701738),
                (-0.4924119983, -0.2626247051, 0.829794365),
                (0.3514766269, -0.3032528884, -0.8857210997),
                (0.3063430626, -0.5569504756, -0.7719845178),
                (0.2373248002, -0.7655083108, -0.5980584966),
                (0.1500424477, -0.9135219671, -0.3781069682),
                (0.05131339518, -0.9902756801, -0.1293097558),
                (-0.05131339518, -0.9902756801, 0.1293097558),
                (-0.1500424477, -0.9135219671, 0.3781069682),
                (-0.2373248002, -0.7655083108, 0.5980584966),
                (-0.3063430626, -0.5569504756, 0.7719845178),
                (-0.3514766269, -0.3032528884, 0.8857210997),
                (0.4924119983, -0.2626247051, -0.829794365),
                (0.5651832094, -0.4823332605, -0.6692701738),
                (0.5930912323, -0.6629496439, -0.456881341),
                (0.5745975392, -0.7911332305, -0.2096327256),
                (0.5115394182, -0.8576038957, 0.05331961839),
                (0.4089126279, -0.8576038957, 0.3119391301),
                (0.2745126437, -0.7911332305, 0.5465812109),
                (0.1184416319, -0.6629496439, 0.7392356522),
                (-0.04750291578, -0.4823332605, 0.8746988618),
                (-0.2105412554, -0.2626247051, 0.9416478344),
                (0.5955838508, -0.1516264442, -0.7888531537),
                (0.754667348, -0.2784752378, -0.5940780553),
                (0.8535303362, -0.3827541554, -0.3535324902),
                (0.8853934367, -0.4567609836, -0.08630102021),
                (0.8484482501, -0.49513784, 0.1870135993),
                (0.7458214597, -0.49513784, 0.445633111),
                (0.5853085413, -0.4567609836, 0.6699129163),
                (0.3788807358, -0.3827541554, 0.8425845029),
                (0.1419812227, -0.2784752378, 0.9498909802),
                (-0.1073694029, -0.1516264442, 0.9825890457),
                (-0.1998401917, -0.1998401917, -0.9592329204),
                (0.1066417811, -0.1966111073, -0.974664867),
                (0.3796214405, -0.1773290351, -0.9079878717),
                (0.6213221651, -0.1441861457, -0.7701747351),
                (0.8136082842, -0.09991368298, -0.5727641887),
                (0.9422888021, -0.04798687797, -0.331344342),
                (0.9978919105, 0.007616230468, -0.06444942153),
                (0.9761940274, 0.06267206021, 0.2076473786),
                (0.8784869182, 0.1129786074, 0.4642160799),
                (0.7115742663, 0.1546237907, 0.685385692),
                (0.487501261, 0.1842483726, 0.8534606363),
                (0.1998401917, 0.1998401917, 0.9592329204),
                (0.06375106038, -0.04724720054, -0.9968467808),
                (0.3008488773, 0.0969908546, -0.9487268981),
                (0.5130521224, 0.2328566338, -0.8261690552),
                (0.6844038575, 0.3500316106, -0.6395852027),
                (0.8022286764, 0.4397626208, -0.4037796281),
                (0.8578317849, 0.4953657292, -0.1368847076),
                (0.8469896007, 0.5126173538, 0.1408263646),
                (0.7702168755, 0.4900213869, 0.4082217597),
                (0.6328017031, 0.4289436804, 0.6446466657),
                (0.4446105402, 0.3336122793, 0.8312787226),
                (-0.04724720054, 0.06375106038, -0.9968467808),
                (0.0969908546, 0.3008488773, -0.9487268981),
                (0.2328566338, 0.5130521224, -0.8261690552),
                (0.3500316106, 0.6844038575, -0.6395852027),
                (0.4397626208, 0.8022286764, -0.4037796281),
                (0.4953657292, 0.8578317849, -0.1368847076),
                (0.5126173538, 0.8469896007, 0.1408263646),
                (0.4900213869, 0.7702168755, 0.4082217597),
                (0.4289436804, 0.6328017031, 0.6446466657),
                (0.3336122793, 0.4446105402, 0.8312787226),
                (-0.1966111073, 0.1066417811, -0.974664867),
                (-0.1773290351, 0.3796214405, -0.9079878717),
                (-0.1441861457, 0.6213221651, -0.7701747351),
                (-0.09991368298, 0.8136082842, -0.5727641887),
                (-0.04798687797, 0.9422888021, -0.331344342),
                (0.007616230468, 0.9978919105, -0.06444942153),
                (0.06267206021, 0.9761940274, 0.2076473786),
                (0.1129786074, 0.8784869182, 0.4642160799),
                (0.1546237907, 0.7115742663, 0.685385692),
                (0.1842483726, 0.487501261, 0.8534606363),
                (-0.3443187216, 0.0699324277, -0.9362446654),
                (-0.4486069988, 0.3122014995, -0.8374258082),
                (-0.5170479078, 0.5286558915, -0.6731897276),
                (-0.5448695452, 0.7030246689, -0.4570267976),
                (-0.5303277355, 0.8224140002, -0.2058827463),
                (-0.4747246271, 0.8780171086, 0.06101217419),
                (-0.382283802, 0.8656104121, 0.3233847697),
                (-0.2598831547, 0.7858206446, 0.5612010873),
                (-0.116654173, 0.6441543253, 0.7559477555),
                (0.03654075827, 0.4507919076, 0.8918808379),
                (-0.4507919076, -0.03654075827, -0.8918808379),
                (-0.6441543253, 0.116654173, -0.7559477555),
                (-0.7858206446, 0.2598831547, -0.5612010873),
                (-0.8656104121, 0.382283802, -0.3233847697),
                (-0.8780171086, 0.4747246271, -0.06101217419),
                (-0.8224140002, 0.5303277355, 0.2058827463),
                (-0.7030246689, 0.5448695452, 0.4570267976),
                (-0.5286558915, 0.5170479078, 0.6731897276),
                (-0.3122014995, 0.4486069988, 0.8374258082),
                (-0.0699324277, 0.3443187216, 0.9362446654),
                (-0.487501261, -0.1842483726, -0.8534606363),
                (-0.7115742663, -0.1546237907, -0.685385692),
                (-0.8784869182, -0.1129786074, -0.4642160799),
                (-0.9761940274, -0.06267206021, -0.2076473786),
                (-0.9978919105, -0.007616230468, 0.06444942153),
                (-0.9422888021, 0.04798687797, 0.331344342),
                (-0.8136082842, 0.09991368298, 0.5727641887),
                (-0.6213221651, 0.1441861457, 0.7701747351),
                (-0.3796214405, 0.1773290351, 0.9079878717),
                (-0.1066417811, 0.1966111073, 0.974664867),
                (-0.4446105402, -0.3336122793, -0.8312787226),
                (-0.6328017031, -0.4289436804, -0.6446466657),
                (-0.7702168755, -0.4900213869, -0.4082217597),
                (-0.8469896007, -0.5126173538, -0.1408263646),
                (-0.8578317849, -0.4953657292, 0.1368847076),
                (-0.8022286764, -0.4397626208, 0.4037796281),
                (-0.6844038575, -0.3500316106, 0.6395852027),
                (-0.5130521224, -0.2328566338, 0.8261690552),
                (-0.3008488773, -0.0969908546, 0.9487268981),
                (-0.06375106038, 0.04724720054, 0.9968467808),
                (-0.3336122793, -0.4446105402, -0.8312787226),
                (-0.4289436804, -0.6328017031, -0.6446466657),
                (-0.4900213869, -0.7702168755, -0.4082217597),
                (-0.5126173538, -0.8469896007, -0.1408263646),
                (-0.4953657292, -0.8578317849, 0.1368847076),
                (-0.4397626208, -0.8022286764, 0.4037796281),
                (-0.3500316106, -0.6844038575, 0.6395852027),
                (-0.2328566338, -0.5130521224, 0.8261690552),
                (-0.0969908546, -0.3008488773, 0.9487268981),
                (0.04724720054, -0.06375106038, 0.9968467808),
                (-0.1842483726, -0.487501261, -0.8534606363),
                (-0.1546237907, -0.7115742663, -0.685385692),
                (-0.1129786074, -0.8784869182, -0.4642160799),
                (-0.06267206021, -0.9761940274, -0.2076473786),
                (-0.007616230468, -0.9978919105, 0.06444942153),
                (0.04798687797, -0.9422888021, 0.331344342),
                (0.09991368298, -0.8136082842, 0.5727641887),
                (0.1441861457, -0.6213221651, 0.7701747351),
                (0.1773290351, -0.3796214405, 0.9079878717),
                (0.1966111073, -0.1066417811, 0.974664867),
                (-0.03654075827, -0.4507919076, -0.8918808379),
                (0.116654173, -0.6441543253, -0.7559477555),
                (0.2598831547, -0.7858206446, -0.5612010873),
                (0.382283802, -0.8656104121, -0.3233847697),
                (0.4747246271, -0.8780171086, -0.06101217419),
                (0.5303277355, -0.8224140002, 0.2058827463),
                (0.5448695452, -0.7030246689, 0.4570267976),
                (0.5170479078, -0.5286558915, 0.6731897276),
                (0.4486069988, -0.3122014995, 0.8374258082),
                (0.3443187216, -0.0699324277, 0.9362446654),
                (0.0699324277, -0.3443187216, -0.9362446654),
                (0.3122014995, -0.4486069988, -0.8374258082),
                (0.5286558915, -0.5170479078, -0.6731897276),
                (0.7030246689, -0.5448695452, -0.4570267976),
                (0.8224140002, -0.5303277355, -0.2058827463),
                (0.8780171086, -0.4747246271, 0.06101217419),
                (0.8656104121, -0.382283802, 0.3233847697),
                (0.7858206446, -0.2598831547, 0.5612010873),
                (0.6441543253, -0.116654173, 0.7559477555),
                (0.4507919076, 0.03654075827, 0.8918808379),
                (0.3487429162, -0.1162476387, -0.92998111),
                (0.6164634529, -0.1044035215, -0.780431109),
                (0.8115000581, -0.08484986081, -0.5781592833),
                (0.9416585347, -0.05871674132, -0.3314084312),
                (0.9978194739, -0.0280991689, -0.05972214239),
                (0.9763882188, 0.004629153738, 0.2159736489),
                (0.8793547341, 0.03697364864, 0.4747296081),
                (0.7140896309, 0.06647744541, 0.6968907721),
                (0.4928780108, 0.09087676666, 0.8653396326),
                (0.2322061958, 0.1082480933, 0.9666243494),
                (-0.04817785133, 0.1171435799, 0.9919457023),
                (-0.3487429162, 0.1162476387, 0.92998111),
                (0.5815805505, 0.04530782905, -0.8122261162),
                (0.7474345542, 0.1901081399, -0.6365535974),
                (0.8536028138, 0.3192030988, -0.4116693065),
                (0.8927378775, 0.4228927679, -0.1555017331),
                (0.862477713, 0.4935132342, 0.1121466992),
                (0.7654442283, 0.5258577291, 0.3709026584),
                (0.6090080345, 0.5174693822, 0.6011111814),
                (0.4048222899, 0.4687966067, 0.7850787573),
                (0.1681406919, 0.383206094, 0.9082300354),
                (-0.08306075374, 0.2668549305, 0.9601506951),
                (0.4799086596, 0.1531973, -0.8638392592),
                (0.5607052265, 0.3882565976, -0.7313456525),
                (0.5969500978, 0.5915509965, -0.5419575623),
                (0.5864604789, 0.7479000654, -0.3109816698),
                (0.5304670225, 0.8458275015, -0.05639659318),
                (0.4334335378, 0.8781719964, 0.202359366),
                (0.3027306359, 0.8424766797, 0.4456312447),
                (0.1481695739, 0.7411445044, 0.6547905015),
                (-0.01858863583, 0.5813545517, 0.8134379803),
                (-0.1847326446, 0.3747444014, 0.9085375521),
                (0.3386906813, 0.1903559946, -0.9214408379),
                (0.3013460474, 0.4565017932, -0.8371359941),
                (0.2404702746, 0.6853515526, -0.6873625655),
                (0.1610540597, 0.8598372806, -0.4845012289),
                (0.06931814354, 0.9671696322, -0.2444951891),
                (-0.02771534116, 0.9995141271, 0.01426077009),
                (-0.1226757832, 0.9544138949, 0.2721116856),
                (-0.2083102493, 0.8349450605, 0.5093854983),
                (-0.2779478149, 0.6495997473, 0.7076476387),
                (-0.3259506229, 0.411903096, 0.8509359734),
                (0.1957658588, 0.1468272708, -0.9695965558),
                (0.03885209955, 0.3765574814, -0.9255781855),
                (-0.1203181749, 0.5754709838, -0.808923163),
                (-0.2694940735, 0.7287109271, -0.6295659847),
                (-0.397404454, 0.8250261004, -0.4017482217),
                (-0.4944379387, 0.8573705953, -0.1429922625),
                (-0.5532239165, 0.8232875414, 0.1270469298),
                (-0.5690986989, 0.7250644918, 0.3878249008),
                (-0.5404417627, 0.5696554355, 0.6192054472),
                (-0.4688754454, 0.3683743722, 0.8027802555),
                (0.08943078293, 0.03427461484, -0.9954031273),
                (-0.1564415757, 0.1698446762, -0.9729742131),
                (-0.3887422772, 0.2913516998, -0.8740672908),
                (-0.5898188963, 0.3896562055, -0.707305953),
                (-0.7446428271, 0.4574841505, -0.4860198679),
                (-0.8416763118, 0.4898286454, -0.2272639087),
                (-0.8735487392, 0.4842328198, 0.04930696152),
                (-0.8375228012, 0.4409452078, 0.322680773),
                (-0.735735438, 0.3629426303, 0.5718094197),
                (-0.5752105213, 0.2558217163, 0.776973684),
                (0.04817785133, -0.1171435799, -0.9919457023),
                (-0.2322061958, -0.1082480933, -0.9666243494),
                (-0.4928780108, -0.09087676666, -0.8653396326),
                (-0.7140896309, -0.06647744541, -0.6968907721),
                (-0.8793547341, -0.03697364864, -0.4747296081),
                (-0.9763882188, -0.004629153738, -0.2159736489),
                (-0.9978194739, 0.0280991689, 0.05972214239),
                (-0.9416585347, 0.05871674132, 0.3314084312),
                (-0.8115000581, 0.08484986081, 0.5781592833),
                (-0.6164634529, 0.1044035215, 0.780431109),
                (0.08306075374, -0.2668549305, -0.9601506951),
                (-0.1681406919, -0.383206094, -0.9082300354),
                (-0.4048222899, -0.4687966067, -0.7850787573),
                (-0.6090080345, -0.5174693822, -0.6011111814),
                (-0.7654442283, -0.5258577291, -0.3709026584),
                (-0.862477713, -0.4935132342, -0.1121466992),
                (-0.8927378775, -0.4228927679, 0.1555017331),
                (-0.8536028138, -0.3192030988, 0.4116693065),
                (-0.7474345542, -0.1901081399, 0.6365535974),
                (-0.5815805505, -0.04530782905, 0.8122261162),
                (0.1847326446, -0.3747444014, -0.9085375521),
                (0.01858863583, -0.5813545517, -0.8134379803),
                (-0.1481695739, -0.7411445044, -0.6547905015),
                (-0.3027306359, -0.8424766797, -0.4456312447),
                (-0.4334335378, -0.8781719964, -0.202359366),
                (-0.5304670225, -0.8458275015, 0.05639659318),
                (-0.5864604789, -0.7479000654, 0.3109816698),
                (-0.5969500978, -0.5915509965, 0.5419575623),
                (-0.5607052265, -0.3882565976, 0.7313456525),
                (-0.4799086596, -0.1531973, 0.8638392592),
                (0.3259506229, -0.411903096, -0.8509359734),
                (0.2779478149, -0.6495997473, -0.7076476387),
                (0.2083102493, -0.8349450605, -0.5093854983),
                (0.1226757832, -0.9544138949, -0.2721116856),
                (0.02771534116, -0.9995141271, -0.01426077009),
                (-0.06931814354, -0.9671696322, 0.2444951891),
                (-0.1610540597, -0.8598372806, 0.4845012289),
                (-0.2404702746, -0.6853515526, 0.6873625655),
                (-0.3013460474, -0.4565017932, 0.8371359941),
                (-0.3386906813, -0.1903559946, 0.9214408379),
                (0.4688754454, -0.3683743722, -0.8027802555),
                (0.5404417627, -0.5696554355, -0.6192054472),
                (0.5690986989, -0.7250644918, -0.3878249008),
                (0.5532239165, -0.8232875414, -0.1270469298),
                (0.4944379387, -0.8573705953, 0.1429922625),
                (0.397404454, -0.8250261004, 0.4017482217),
                (0.2694940735, -0.7287109271, 0.6295659847),
                (0.1203181749, -0.5754709838, 0.808923163),
                (-0.03885209955, -0.3765574814, 0.9255781855),
                (-0.1957658588, -0.1468272708, 0.9695965558),
                (0.5752105213, -0.2558217163, -0.776973684),
                (0.735735438, -0.3629426303, -0.5718094197),
                (0.8375228012, -0.4409452078, -0.322680773),
                (0.8735487392, -0.4842328198, -0.04930696152),
                (0.8416763118, -0.4898286454, 0.2272639087),
                (0.7446428271, -0.4574841505, 0.4860198679),
                (0.5898188963, -0.3896562055, 0.707305953),
                (0.3887422772, -0.2913516998, 0.8740672908),
                (0.1564415757, -0.1698446762, 0.9729742131),
                (-0.08943078293, -0.03427461484, 0.9954031273),
                (5.190070827e-17, 0.1788854382, -0.9838699101),
                (0.3032528884, 0.1704617433, -0.9375395884),
                (0.5569504756, 0.1485725323, -0.8171489279),
                (0.7655083108, 0.1150995432, -0.6330474874),
                (0.9135219671, 0.07276869998, -0.4002278499),
                (0.9902756801, 0.02488635127, -0.136874932),
                (0.9902756801, -0.02488635127, 0.136874932),
                (0.9135219671, -0.07276869998, 0.4002278499),
                (0.7655083108, -0.1150995432, 0.6330474874),
                (0.5569504756, -0.1485725323, 0.8171489279),
                (0.3032528884, -0.1704617433, 0.9375395884),
                (3.3848288e-17, -0.1788854382, 0.9838699101),
                (0.2626247051, 0.3196424394, -0.9104158255),
                (0.4823332605, 0.4225559395, -0.7673337629),
                (0.6629496439, 0.4916798396, -0.5645783426),
                (0.7911332305, 0.5221620878, -0.3185199612),
                (0.8576038957, 0.5120375734, -0.04830198249),
                (0.8576038957, 0.4622648709, 0.2254478815),
                (0.7911332305, 0.3766246879, 0.4819357386),
                (0.6629496439, 0.2614807533, 0.7015166322),
                (0.4823332605, 0.1254108748, 0.8669640928),
                (0.2626247051, -0.02128104733, 0.9646633513),
                (0.1516264442, 0.4288502883, -0.8905598529),
                (0.2784752378, 0.623125714, -0.7308665312),
                (0.3827541554, 0.7673557497, -0.5144554498),
                (0.4567609836, 0.8511408803, -0.2587056353),
                (0.49513784, 0.868657019, 0.01653791671),
                (0.49513784, 0.8188843165, 0.2902877806),
                (0.4567609836, 0.7056034804, 0.5417500645),
                (0.3827541554, 0.5371566634, 0.751639525),
                (0.2784752378, 0.3259806493, 0.9034313246),
                (0.1516264442, 0.08792680166, 0.9845193238),
                (-5.952898421e-16, 0.4688231354, -0.8832920625),
                (-4.571994336e-17, 0.6965393467, -0.717518598),
                (1.688270735e-15, 0.8682601361, -0.4961091978),
                (2.177550353e-15, 0.9715554757, -0.2368120725),
                (1.029832703e-15, 0.9991887956, 0.040270967),
                (-1.398304954e-15, 0.949416093, 0.3140208309),
                (-1.980444502e-15, 0.8260180757, 0.5636436273),
                (-1.396070031e-15, 0.6380610497, 0.769985777),
                (-3.566155582e-16, 0.399394282, 0.9167792578),
                (5.659763272e-16, 0.1278996487, 0.9917871142),
                (-0.1516264442, 0.4288502883, -0.8905598529),
                (-0.2784752378, 0.623125714, -0.7308665312),
                (-0.3827541554, 0.7673557497, -0.5144554498),
                (-0.4567609836, 0.8511408803, -0.2587056353),
                (-0.49513784, 0.868657019, 0.01653791671),
                (-0.49513784, 0.8188843165, 0.2902877806),
                (-0.4567609836, 0.7056034804, 0.5417500645),
                (-0.3827541554, 0.5371566634, 0.751639525),
                (-0.2784752378, 0.3259806493, 0.9034313246),
                (-0.1516264442, 0.08792680166, 0.9845193238),
                (-0.2626247051, 0.3196424394, -0.9104158255),
                (-0.4823332605, 0.4225559395, -0.7673337629),
                (-0.6629496439, 0.4916798396, -0.5645783426),
                (-0.7911332305, 0.5221620878, -0.3185199612),
                (-0.8576038957, 0.5120375734, -0.04830198249),
                (-0.8576038957, 0.4622648709, 0.2254478815),
                (-0.7911332305, 0.3766246879, 0.4819357386),
                (-0.6629496439, 0.2614807533, 0.7015166322),
                (-0.4823332605, 0.1254108748, 0.8669640928),
                (-0.2626247051, -0.02128104733, 0.9646633513),
                (-0.3032528884, 0.1704617433, -0.9375395884),
                (-0.5569504756, 0.1485725323, -0.8171489279),
                (-0.7655083108, 0.1150995432, -0.6330474874),
                (-0.9135219671, 0.07276869998, -0.4002278499),
                (-0.9902756801, 0.02488635127, -0.136874932),
                (-0.9902756801, -0.02488635127, 0.136874932),
                (-0.9135219671, -0.07276869998, 0.4002278499),
                (-0.7655083108, -0.1150995432, 0.6330474874),
                (-0.5569504756, -0.1485725323, 0.8171489279),
                (-0.3032528884, -0.1704617433, 0.9375395884),
                (-0.2626247051, 0.02128104733, -0.9646633513),
                (-0.4823332605, -0.1254108748, -0.8669640928),
                (-0.6629496439, -0.2614807533, -0.7015166322),
                (-0.7911332305, -0.3766246879, -0.4819357386),
                (-0.8576038957, -0.4622648709, -0.2254478815),
                (-0.8576038957, -0.5120375734, 0.04830198249),
                (-0.7911332305, -0.5221620878, 0.3185199612),
                (-0.6629496439, -0.4916798396, 0.5645783426),
                (-0.4823332605, -0.4225559395, 0.7673337629),
                (-0.2626247051, -0.3196424394, 0.9104158255),
                (-0.1516264442, -0.08792680166, -0.9845193238),
                (-0.2784752378, -0.3259806493, -0.9034313246),
                (-0.3827541554, -0.5371566634, -0.751639525),
                (-0.4567609836, -0.7056034804, -0.5417500645),
                (-0.49513784, -0.8188843165, -0.2902877806),
                (-0.49513784, -0.868657019, -0.01653791671),
                (-0.4567609836, -0.8511408803, 0.2587056353),
                (-0.3827541554, -0.7673557497, 0.5144554498),
                (-0.2784752378, -0.623125714, 0.7308665312),
                (-0.1516264442, -0.4288502883, 0.8905598529),
                (6.358777859e-16, -0.1278996487, -0.9917871142),
                (-2.194557281e-16, -0.399394282, -0.9167792578),
                (-1.205907668e-15, -0.6380610497, -0.769985777),
                (-1.802110637e-15, -0.8260180757, -0.5636436273),
                (-9.825926705e-16, -0.949416093, -0.3140208309),
                (6.897044706e-16, -0.9991887956, -0.040270967),
                (2.318340246e-15, -0.9715554757, 0.2368120725),
                (1.864518779e-15, -0.8682601361, 0.4961091978),
                (1.508758131e-16, -0.6965393467, 0.717518598),
                (-4.926925398e-16, -0.4688231354, 0.8832920625),
                (0.1516264442, -0.08792680166, -0.9845193238),
                (0.2784752378, -0.3259806493, -0.9034313246),
                (0.3827541554, -0.5371566634, -0.751639525),
                (0.4567609836, -0.7056034804, -0.5417500645),
                (0.49513784, -0.8188843165, -0.2902877806),
                (0.49513784, -0.868657019, -0.01653791671),
                (0.4567609836, -0.8511408803, 0.2587056353),
                (0.3827541554, -0.7673557497, 0.5144554498),
                (0.2784752378, -0.623125714, 0.7308665312),
                (0.1516264442, -0.4288502883, 0.8905598529),
                (0.2626247051, 0.02128104733, -0.9646633513),
                (0.4823332605, -0.1254108748, -0.8669640928),
                (0.6629496439, -0.2614807533, -0.7015166322),
                (0.7911332305, -0.3766246879, -0.4819357386),
                (0.8576038957, -0.4622648709, -0.2254478815),
                (0.8576038957, -0.5120375734, 0.04830198249),
                (0.7911332305, -0.5221620878, 0.3185199612),
                (0.6629496439, -0.4916798396, 0.5645783426),
                (0.4823332605, -0.4225559395, 0.7673337629),
                (0.2626247051, -0.3196424394, 0.9104158255)
            ] (
                interpolation = "vertex"
            )
            uniform token subdivisionScheme = "none"
        }
    }
    def Scope "Frames"
    {
        def Xform "bridge_00"
        {
            custom string drAnmar:role = "gallbladder_liver"
            double3 xformOp:translate = (0.068, 0.0175, 0.028)
            quatf xformOp:orient = (1, 0, 0, 0)
            uniform token[] xformOpOrder = ["xformOp:translate", "xformOp:orient"]
        }
        def Xform "bridge_01"
        {
            custom string drAnmar:role = "bowel_peritoneum"
            double3 xformOp:translate = (0.045, -0.029, 0.011)
            quatf xformOp:orient = (1, 0, 0, 0)
            uniform token[] xformOpOrder = ["xformOp:translate", "xformOp:orient"]
        }
        def Xform "bridge_02"
        {
            custom string drAnmar:role = "bowel_peritoneum"
            double3 xformOp:translate = (-0.0475, -0.045, 0.007)
            quatf xformOp:orient = (1, 0, 0, 0)
            uniform token[] xformOpOrder = ["xformOp:translate", "xformOp:orient"]
        }
        def Xform "bridge_03"
        {
            custom string drAnmar:role = "colon_wall"
            double3 xformOp:translate = (0.1125, -0.0175, 0.0135)
            quatf xformOp:orient = (1, 0, 0, 0)
            uniform token[] xformOpOrder = ["xformOp:translate", "xformOp:orient"]
        }
        def Xform "bridge_04"
        {
            custom string drAnmar:role = "colon_wall"
            double3 xformOp:translate = (-0.1125, -0.0175, 0.0135)
            quatf xformOp:orient = (1, 0, 0, 0)
            uniform token[] xformOpOrder = ["xformOp:translate", "xformOp:orient"]
        }
        def Xform "bridge_05"
        {
            custom string drAnmar:role = "mesentery_peritoneum"
            double3 xformOp:translate = (0.0275, 0.014, 0.0025)
            quatf xformOp:orient = (1, 0, 0, 0)
            uniform token[] xformOpOrder = ["xformOp:translate", "xformOp:orient"]
        }
        def Xform "bridge_06"
        {
            custom string drAnmar:role = "mesentery_peritoneum"
            double3 xformOp:translate = (-0.0175, 0.0125, 0.001)
            quatf xformOp:orient = (1, 0, 0, 0)
            uniform token[] xformOpOrder = ["xformOp:translate", "xformOp:orient"]
        }
        def Xform "bridge_07"
        {
            custom string drAnmar:role = "bowel_wall"
            double3 xformOp:translate = (0.0825, -0.06, 0.0065)
            quatf xformOp:orient = (1, 0, 0, 0)
            uniform token[] xformOpOrder = ["xformOp:translate", "xformOp:orient"]
        }
        def Xform "bridge_08"
        {
            custom string drAnmar:role = "bowel_wall"
            double3 xformOp:translate = (-0.0825, -0.06, 0.0065)
            quatf xformOp:orient = (1, 0, 0, 0)
            uniform token[] xformOpOrder = ["xformOp:translate", "xformOp:orient"]
        }
        def Xform "bridge_09"
        {
            custom string drAnmar:role = "bowel_liver"
            double3 xformOp:translate = (0.025, 0.055, 0.006)
            quatf xformOp:orient = (1, 0, 0, 0)
            uniform token[] xformOpOrder = ["xformOp:translate", "xformOp:orient"]
        }
        def Xform "bridge_10"
        {
            custom string drAnmar:role = "stomach_peritoneum"
            double3 xformOp:translate = (-0.0525, 0.0425, 0.01)
            quatf xformOp:orient = (1, 0, 0, 0)
            uniform token[] xformOpOrder = ["xformOp:translate", "xformOp:orient"]
        }
        def Xform "bridge_11"
        {
            custom string drAnmar:role = "bowel_peritoneum"
            double3 xformOp:translate = (0, -0.085, 0.0025)
            quatf xformOp:orient = (1, 0, 0, 0)
            uniform token[] xformOpOrder = ["xformOp:translate", "xformOp:orient"]
        }
    }
}
