#usda 1.0
(
    defaultPrim = "DrAnmarSkin"
    doc = "Skin: modular component of the DrAnmar dynamic abdominal research patient."
    kilogramsPerUnit = 1
    metersPerUnit = 1
    upAxis = "Z"
)

def Xform "DrAnmarSkin" (
    assetInfo = {
        string name = "DrAnmarSkin"
        string version = "0.1.0"
    }
    kind = "component"

    prepend variantSets = "access_state"
    variants = {
        string access_state = "intact"
    }
)
{
    custom string drAnmar:assetId = "dranmar-dynamic-abdominal-patient-v1:skin"
    custom string drAnmar:category = "body_layer"
    custom string drAnmar:mechanics = "host_controlled_presegmented_laparotomy"
    custom float drAnmar:densityKgM3 = 1080
    custom float drAnmar:massKg = 1.043921445
    custom float drAnmar:youngsModulusPa = 75000
    custom float drAnmar:poissonsRatio = 0.46
    custom float drAnmar:damping = 0.15
    custom float drAnmar:perfusionFraction = 0.02
    custom vector3f drAnmar:respirationCoupling = (0, 0, 0.0015)
    custom float drAnmar:pulsationFraction = 0
    custom bool drAnmar:clinicalValidation = false
    def Scope "Looks"
    {
        def Material "Skin"
        {
            def Shader "PreviewSurface"
            {
                uniform token info:id = "UsdPreviewSurface"
                color3f inputs:diffuseColor = (0.79, 0.52, 0.42)
                float inputs:metallic = 0
                float inputs:roughness = 0.55
                float inputs:opacity = 1
                token outputs:surface
            }
            token outputs:surface.connect = </DrAnmarSkin/Looks/Skin/PreviewSurface.outputs:surface>
        }
    }
    def Xform "Geometry"
    {
        def Mesh "Visual" (
            prepend apiSchemas = ["MaterialBindingAPI"]
        )
        {
            rel material:binding = </DrAnmarSkin/Looks/Skin>
            custom token[] drAnmar:labels = ["skin", "abdominal_patient", "body_layer"]
            uniform bool doubleSided = false
            float3[] extent = [(-0.19, -0.27, -0.003), (0.19, 0.27, 0.003)]
            int[] faceVertexCounts = [3, 3, 3, 3, 3, 3, 3, 3, 3, 3, 3, 3, 3, 3, 3, 3, 3, 3, 3, 3, 3, 3, 3, 3, 3, 3, 3, 3, 3, 3, 3, 3, 3, 3, 3, 3, 3, 3, 3, 3, 3, 3, 3, 3, 3, 3, 3, 3, 3, 3, 3, 3, 3, 3, 3, 3, 3, 3, 3, 3, 3, 3, 3, 3, 3, 3, 3, 3, 3, 3, 3, 3, 3, 3, 3, 3, 3, 3, 3, 3, 3, 3, 3, 3, 3, 3, 3, 3, 3, 3, 3, 3, 3, 3, 3, 3, 3, 3, 3, 3, 3, 3, 3, 3, 3, 3, 3, 3, 3, 3, 3, 3, 3, 3, 3, 3, 3, 3, 3, 3, 3, 3, 3, 3, 3, 3, 3, 3, 3, 3, 3, 3, 3, 3, 3, 3, 3, 3, 3, 3, 3, 3, 3, 3, 3, 3, 3, 3, 3, 3, 3, 3, 3, 3, 3, 3, 3, 3, 3, 3, 3, 3, 3, 3, 3, 3, 3, 3, 3, 3, 3, 3, 3, 3, 3, 3, 3, 3, 3, 3, 3, 3, 3, 3, 3, 3, 3, 3, 3, 3, 3, 3, 3, 3, 3, 3, 3, 3, 3, 3, 3, 3, 3, 3, 3, 3, 3, 3, 3, 3, 3, 3, 3, 3, 3, 3, 3, 3, 3, 3, 3, 3, 3, 3, 3, 3, 3, 3, 3, 3, 3, 3, 3, 3, 3, 3, 3, 3, 3, 3, 3, 3, 3, 3, 3, 3, 3, 3, 3, 3, 3, 3, 3, 3, 3, 3, 3, 3, 3, 3, 3, 3, 3, 3, 3, 3, 3, 3, 3, 3, 3, 3, 3, 3, 3, 3, 3, 3, 3, 3, 3, 3, 3, 3, 3, 3, 3, 3, 3, 3, 3, 3, 3, 3, 3, 3, 3, 3, 3, 3, 3, 3, 3, 3, 3, 3, 3, 3, 3, 3, 3, 3, 3, 3, 3, 3, 3, 3, 3, 3, 3, 3, 3, 3, 3, 3, 3, 3, 3, 3, 3, 3, 3, 3, 3, 3, 3, 3, 3, 3, 3, 3, 3, 3, 3, 3, 3, 3, 3, 3, 3, 3, 3, 3, 3, 3, 3, 3, 3, 3, 3, 3, 3, 3, 3, 3, 3, 3, 3, 3, 3, 3, 3, 3, 3, 3, 3, 3, 3, 3, 3, 3, 3, 3, 3, 3, 3, 3, 3, 3, 3, 3, 3, 3, 3, 3, 3, 3, 3, 3, 3, 3, 3, 3, 3, 3, 3, 3, 3, 3, 3, 3, 3, 3, 3, 3, 3, 3, 3, 3, 3, 3, 3, 3, 3, 3, 3, 3, 3, 3, 3, 3, 3, 3, 3, 3, 3, 3, 3, 3, 3, 3, 3, 3, 3, 3, 3, 3, 3, 3, 3, 3, 3, 3, 3, 3, 3, 3, 3, 3, 3, 3, 3, 3, 3, 3, 3, 3, 3, 3, 3, 3, 3, 3, 3, 3, 3, 3, 3, 3, 3, 3, 3, 3, 3, 3, 3, 3, 3, 3, 3, 3, 3, 3, 3, 3, 3, 3, 3, 3, 3, 3, 3, 3, 3, 3, 3, 3, 3, 3, 3, 3]
            int[] faceVertexIndices = [0, 2, 1, 129, 130, 131, 1, 2, 131, 1, 131, 130, 0, 3, 2, 129, 131, 132, 2, 3, 132, 2, 132, 131, 0, 4, 3, 129, 132, 133, 3, 4, 133, 3, 133, 132, 0, 5, 4, 129, 133, 134, 4, 5, 134, 4, 134, 133, 0, 6, 5, 129, 134, 135, 5, 6, 135, 5, 135, 134, 0, 7, 6, 129, 135, 136, 6, 7, 136, 6, 136, 135, 0, 8, 7, 129, 136, 137, 7, 8, 137, 7, 137, 136, 0, 9, 8, 129, 137, 138, 8, 9, 138, 8, 138, 137, 0, 10, 9, 129, 138, 139, 9, 10, 139, 9, 139, 138, 0, 11, 10, 129, 139, 140, 10, 11, 140, 10, 140, 139, 0, 12, 11, 129, 140, 141, 11, 12, 141, 11, 141, 140, 0, 13, 12, 129, 141, 142, 12, 13, 142, 12, 142, 141, 0, 14, 13, 129, 142, 143, 13, 14, 143, 13, 143, 142, 0, 15, 14, 129, 143, 144, 14, 15, 144, 14, 144, 143, 0, 16, 15, 129, 144, 145, 15, 16, 145, 15, 145, 144, 0, 17, 16, 129, 145, 146, 16, 17, 146, 16, 146, 145, 0, 18, 17, 129, 146, 147, 17, 18, 147, 17, 147, 146, 0, 19, 18, 129, 147, 148, 18, 19, 148, 18, 148, 147, 0, 20, 19, 129, 148, 149, 19, 20, 149, 19, 149, 148, 0, 21, 20, 129, 149, 150, 20, 21, 150, 20, 150, 149, 0, 22, 21, 129, 150, 151, 21, 22, 151, 21, 151, 150, 0, 23, 22, 129, 151, 152, 22, 23, 152, 22, 152, 151, 0, 24, 23, 129, 152, 153, 23, 24, 153, 23, 153, 152, 0, 25, 24, 129, 153, 154, 24, 25, 154, 24, 154, 153, 0, 26, 25, 129, 154, 155, 25, 26, 155, 25, 155, 154, 0, 27, 26, 129, 155, 156, 26, 27, 156, 26, 156, 155, 0, 28, 27, 129, 156, 157, 27, 28, 157, 27, 157, 156, 0, 29, 28, 129, 157, 158, 28, 29, 158, 28, 158, 157, 0, 30, 29, 129, 158, 159, 29, 30, 159, 29, 159, 158, 0, 31, 30, 129, 159, 160, 30, 31, 160, 30, 160, 159, 0, 32, 31, 129, 160, 161, 31, 32, 161, 31, 161, 160, 0, 33, 32, 129, 161, 162, 32, 33, 162, 32, 162, 161, 0, 34, 33, 129, 162, 163, 33, 34, 163, 33, 163, 162, 0, 35, 34, 129, 163, 164, 34, 35, 164, 34, 164, 163, 0, 36, 35, 129, 164, 165, 35, 36, 165, 35, 165, 164, 0, 37, 36, 129, 165, 166, 36, 37, 166, 36, 166, 165, 0, 38, 37, 129, 166, 167, 37, 38, 167, 37, 167, 166, 0, 39, 38, 129, 167, 168, 38, 39, 168, 38, 168, 167, 0, 40, 39, 129, 168, 169, 39, 40, 169, 39, 169, 168, 0, 41, 40, 129, 169, 170, 40, 41, 170, 40, 170, 169, 0, 42, 41, 129, 170, 171, 41, 42, 171, 41, 171, 170, 0, 43, 42, 129, 171, 172, 42, 43, 172, 42, 172, 171, 0, 44, 43, 129, 172, 173, 43, 44, 173, 43, 173, 172, 0, 45, 44, 129, 173, 174, 44, 45, 174, 44, 174, 173, 0, 46, 45, 129, 174, 175, 45, 46, 175, 45, 175, 174, 0, 47, 46, 129, 175, 176, 46, 47, 176, 46, 176, 175, 0, 48, 47, 129, 176, 177, 47, 48, 177, 47, 177, 176, 0, 49, 48, 129, 177, 178, 48, 49, 178, 48, 178, 177, 0, 50, 49, 129, 178, 179, 49, 50, 179, 49, 179, 178, 0, 51, 50, 129, 179, 180, 50, 51, 180, 50, 180, 179, 0, 52, 51, 129, 180, 181, 51, 52, 181, 51, 181, 180, 0, 53, 52, 129, 181, 182, 52, 53, 182, 52, 182, 181, 0, 54, 53, 129, 182, 183, 53, 54, 183, 53, 183, 182, 0, 55, 54, 129, 183, 184, 54, 55, 184, 54, 184, 183, 0, 56, 55, 129, 184, 185, 55, 56, 185, 55, 185, 184, 0, 57, 56, 129, 185, 186, 56, 57, 186, 56, 186, 185, 0, 58, 57, 129, 186, 187, 57, 58, 187, 57, 187, 186, 0, 59, 58, 129, 187, 188, 58, 59, 188, 58, 188, 187, 0, 60, 59, 129, 188, 189, 59, 60, 189, 59, 189, 188, 0, 61, 60, 129, 189, 190, 60, 61, 190, 60, 190, 189, 0, 62, 61, 129, 190, 191, 61, 62, 191, 61, 191, 190, 0, 63, 62, 129, 191, 192, 62, 63, 192, 62, 192, 191, 0, 64, 63, 129, 192, 193, 63, 64, 193, 63, 193, 192, 0, 65, 64, 129, 193, 194, 64, 65, 194, 64, 194, 193, 0, 66, 65, 129, 194, 195, 65, 66, 195, 65, 195, 194, 0, 67, 66, 129, 195, 196, 66, 67, 196, 66, 196, 195, 0, 68, 67, 129, 196, 197, 67, 68, 197, 67, 197, 196, 0, 69, 68, 129, 197, 198, 68, 69, 198, 68, 198, 197, 0, 70, 69, 129, 198, 199, 69, 70, 199, 69, 199, 198, 0, 71, 70, 129, 199, 200, 70, 71, 200, 70, 200, 199, 0, 72, 71, 129, 200, 201, 71, 72, 201, 71, 201, 200, 0, 73, 72, 129, 201, 202, 72, 73, 202, 72, 202, 201, 0, 74, 73, 129, 202, 203, 73, 74, 203, 73, 203, 202, 0, 75, 74, 129, 203, 204, 74, 75, 204, 74, 204, 203, 0, 76, 75, 129, 204, 205, 75, 76, 205, 75, 205, 204, 0, 77, 76, 129, 205, 206, 76, 77, 206, 76, 206, 205, 0, 78, 77, 129, 206, 207, 77, 78, 207, 77, 207, 206, 0, 79, 78, 129, 207, 208, 78, 79, 208, 78, 208, 207, 0, 80, 79, 129, 208, 209, 79, 80, 209, 79, 209, 208, 0, 81, 80, 129, 209, 210, 80, 81, 210, 80, 210, 209, 0, 82, 81, 129, 210, 211, 81, 82, 211, 81, 211, 210, 0, 83, 82, 129, 211, 212, 82, 83, 212, 82, 212, 211, 0, 84, 83, 129, 212, 213, 83, 84, 213, 83, 213, 212, 0, 85, 84, 129, 213, 214, 84, 85, 214, 84, 214, 213, 0, 86, 85, 129, 214, 215, 85, 86, 215, 85, 215, 214, 0, 87, 86, 129, 215, 216, 86, 87, 216, 86, 216, 215, 0, 88, 87, 129, 216, 217, 87, 88, 217, 87, 217, 216, 0, 89, 88, 129, 217, 218, 88, 89, 218, 88, 218, 217, 0, 90, 89, 129, 218, 219, 89, 90, 219, 89, 219, 218, 0, 91, 90, 129, 219, 220, 90, 91, 220, 90, 220, 219, 0, 92, 91, 129, 220, 221, 91, 92, 221, 91, 221, 220, 0, 93, 92, 129, 221, 222, 92, 93, 222, 92, 222, 221, 0, 94, 93, 129, 222, 223, 93, 94, 223, 93, 223, 222, 0, 95, 94, 129, 223, 224, 94, 95, 224, 94, 224, 223, 0, 96, 95, 129, 224, 225, 95, 96, 225, 95, 225, 224, 0, 97, 96, 129, 225, 226, 96, 97, 226, 96, 226, 225, 0, 98, 97, 129, 226, 227, 97, 98, 227, 97, 227, 226, 0, 99, 98, 129, 227, 228, 98, 99, 228, 98, 228, 227, 0, 100, 99, 129, 228, 229, 99, 100, 229, 99, 229, 228, 0, 101, 100, 129, 229, 230, 100, 101, 230, 100, 230, 229, 0, 102, 101, 129, 230, 231, 101, 102, 231, 101, 231, 230, 0, 103, 102, 129, 231, 232, 102, 103, 232, 102, 232, 231, 0, 104, 103, 129, 232, 233, 103, 104, 233, 103, 233, 232, 0, 105, 104, 129, 233, 234, 104, 105, 234, 104, 234, 233, 0, 106, 105, 129, 234, 235, 105, 106, 235, 105, 235, 234, 0, 107, 106, 129, 235, 236, 106, 107, 236, 106, 236, 235, 0, 108, 107, 129, 236, 237, 107, 108, 237, 107, 237, 236, 0, 109, 108, 129, 237, 238, 108, 109, 238, 108, 238, 237, 0, 110, 109, 129, 238, 239, 109, 110, 239, 109, 239, 238, 0, 111, 110, 129, 239, 240, 110, 111, 240, 110, 240, 239, 0, 112, 111, 129, 240, 241, 111, 112, 241, 111, 241, 240, 0, 113, 112, 129, 241, 242, 112, 113, 242, 112, 242, 241, 0, 114, 113, 129, 242, 243, 113, 114, 243, 113, 243, 242, 0, 115, 114, 129, 243, 244, 114, 115, 244, 114, 244, 243, 0, 116, 115, 129, 244, 245, 115, 116, 245, 115, 245, 244, 0, 117, 116, 129, 245, 246, 116, 117, 246, 116, 246, 245, 0, 118, 117, 129, 246, 247, 117, 118, 247, 117, 247, 246, 0, 119, 118, 129, 247, 248, 118, 119, 248, 118, 248, 247, 0, 120, 119, 129, 248, 249, 119, 120, 249, 119, 249, 248, 0, 121, 120, 129, 249, 250, 120, 121, 250, 120, 250, 249, 0, 122, 121, 129, 250, 251, 121, 122, 251, 121, 251, 250, 0, 123, 122, 129, 251, 252, 122, 123, 252, 122, 252, 251, 0, 124, 123, 129, 252, 253, 123, 124, 253, 123, 253, 252, 0, 125, 124, 129, 253, 254, 124, 125, 254, 124, 254, 253, 0, 126, 125, 129, 254, 255, 125, 126, 255, 125, 255, 254, 0, 127, 126, 129, 255, 256, 126, 127, 256, 126, 256, 255, 0, 128, 127, 129, 256, 257, 127, 128, 257, 127, 257, 256, 0, 1, 128, 129, 257, 130, 128, 1, 130, 128, 130, 257]
            point3f[] points = [
                (0, 0, -0.003),
                (0.19, 0, -0.003),
                (0.1897711367, 0.01324827207, -0.003),
                (0.1890850981, 0.02646462789, -0.003),
                (0.1879435369, 0.0396172281, -0.003),
                (0.1863492033, 0.05267438694, -0.003),
                (0.1843059381, 0.06560464857, -0.003),
                (0.1818186638, 0.07837686286, -0.003),
                (0.1788933724, 0.09096026042, -0.003),
                (0.1755371112, 0.1033245267, -0.003),
                (0.1717579657, 0.1154398752, -0.003),
                (0.1675650402, 0.1272771189, -0.003),
                (0.1629684359, 0.1388077409, -0.003),
                (0.1579792263, 0.1500039629, -0.003),
                (0.152609431, 0.1608388122, -0.003),
                (0.1468719861, 0.1712861867, -0.003),
                (0.1407807138, 0.1813209178, -0.003),
                (0.1343502884, 0.1909188309, -0.003),
                (0.1275962014, 0.2000568038, -0.003),
                (0.120534724, 0.2087128224, -0.003),
                (0.1131828679, 0.2168660335, -0.003),
                (0.1055583443, 0.2244967953, -0.003),
                (0.0976795214, 0.2315867247, -0.003),
                (0.08956538, 0.2381187414, -0.003),
                (0.08123546775, 0.2440771091, -0.003),
                (0.07270985215, 0.2494474738, -0.003),
                (0.06400907214, 0.2542168976, -0.003),
                (0.05515408868, 0.2583738906, -0.003),
                (0.04616623418, 0.2619084384, -0.003),
                (0.03706716118, 0.2648120257, -0.003),
                (0.02787879015, 0.2670776577, -0.003),
                (0.01862325666, 0.2686998762, -0.003),
                (0.009322858122, 0.2696747732, -0.003),
                (1.163414459e-17, 0.27, -0.003),
                (-0.009322858122, 0.2696747732, -0.003),
                (-0.01862325666, 0.2686998762, -0.003),
                (-0.02787879015, 0.2670776577, -0.003),
                (-0.03706716118, 0.2648120257, -0.003),
                (-0.04616623418, 0.2619084384, -0.003),
                (-0.05515408868, 0.2583738906, -0.003),
                (-0.06400907214, 0.2542168976, -0.003),
                (-0.07270985215, 0.2494474738, -0.003),
                (-0.08123546775, 0.2440771091, -0.003),
                (-0.08956538, 0.2381187414, -0.003),
                (-0.0976795214, 0.2315867247, -0.003),
                (-0.1055583443, 0.2244967953, -0.003),
                (-0.1131828679, 0.2168660335, -0.003),
                (-0.120534724, 0.2087128224, -0.003),
                (-0.1275962014, 0.2000568038, -0.003),
                (-0.1343502884, 0.1909188309, -0.003),
                (-0.1407807138, 0.1813209178, -0.003),
                (-0.1468719861, 0.1712861867, -0.003),
                (-0.152609431, 0.1608388122, -0.003),
                (-0.1579792263, 0.1500039629, -0.003),
                (-0.1629684359, 0.1388077409, -0.003),
                (-0.1675650402, 0.1272771189, -0.003),
                (-0.1717579657, 0.1154398752, -0.003),
                (-0.1755371112, 0.1033245267, -0.003),
                (-0.1788933724, 0.09096026042, -0.003),
                (-0.1818186638, 0.07837686286, -0.003),
                (-0.1843059381, 0.06560464857, -0.003),
                (-0.1863492033, 0.05267438694, -0.003),
                (-0.1879435369, 0.0396172281, -0.003),
                (-0.1890850981, 0.02646462789, -0.003),
                (-0.1897711367, 0.01324827207, -0.003),
                (-0.19, 3.306546358e-17, -0.003),
                (-0.1897711367, -0.01324827207, -0.003),
                (-0.1890850981, -0.02646462789, -0.003),
                (-0.1879435369, -0.0396172281, -0.003),
                (-0.1863492033, -0.05267438694, -0.003),
                (-0.1843059381, -0.06560464857, -0.003),
                (-0.1818186638, -0.07837686286, -0.003),
                (-0.1788933724, -0.09096026042, -0.003),
                (-0.1755371112, -0.1033245267, -0.003),
                (-0.1717579657, -0.1154398752, -0.003),
                (-0.1675650402, -0.1272771189, -0.003),
                (-0.1629684359, -0.1388077409, -0.003),
                (-0.1579792263, -0.1500039629, -0.003),
                (-0.152609431, -0.1608388122, -0.003),
                (-0.1468719861, -0.1712861867, -0.003),
                (-0.1407807138, -0.1813209178, -0.003),
                (-0.1343502884, -0.1909188309, -0.003),
                (-0.1275962014, -0.2000568038, -0.003),
                (-0.120534724, -0.2087128224, -0.003),
                (-0.1131828679, -0.2168660335, -0.003),
                (-0.1055583443, -0.2244967953, -0.003),
                (-0.0976795214, -0.2315867247, -0.003),
                (-0.08956538, -0.2381187414, -0.003),
                (-0.08123546775, -0.2440771091, -0.003),
                (-0.07270985215, -0.2494474738, -0.003),
                (-0.06400907214, -0.2542168976, -0.003),
                (-0.05515408868, -0.2583738906, -0.003),
                (-0.04616623418, -0.2619084384, -0.003),
                (-0.03706716118, -0.2648120257, -0.003),
                (-0.02787879015, -0.2670776577, -0.003),
                (-0.01862325666, -0.2686998762, -0.003),
                (-0.009322858122, -0.2696747732, -0.003),
                (-3.490243378e-17, -0.27, -0.003),
                (0.009322858122, -0.2696747732, -0.003),
                (0.01862325666, -0.2686998762, -0.003),
                (0.02787879015, -0.2670776577, -0.003),
                (0.03706716118, -0.2648120257, -0.003),
                (0.04616623418, -0.2619084384, -0.003),
                (0.05515408868, -0.2583738906, -0.003),
                (0.06400907214, -0.2542168976, -0.003),
                (0.07270985215, -0.2494474738, -0.003),
                (0.08123546775, -0.2440771091, -0.003),
                (0.08956538, -0.2381187414, -0.003),
                (0.0976795214, -0.2315867247, -0.003),
                (0.1055583443, -0.2244967953, -0.003),
                (0.1131828679, -0.2168660335, -0.003),
                (0.120534724, -0.2087128224, -0.003),
                (0.1275962014, -0.2000568038, -0.003),
                (0.1343502884, -0.1909188309, -0.003),
                (0.1407807138, -0.1813209178, -0.003),
                (0.1468719861, -0.1712861867, -0.003),
                (0.152609431, -0.1608388122, -0.003),
                (0.1579792263, -0.1500039629, -0.003),
                (0.1629684359, -0.1388077409, -0.003),
                (0.1675650402, -0.1272771189, -0.003),
                (0.1717579657, -0.1154398752, -0.003),
                (0.1755371112, -0.1033245267, -0.003),
                (0.1788933724, -0.09096026042, -0.003),
                (0.1818186638, -0.07837686286, -0.003),
                (0.1843059381, -0.06560464857, -0.003),
                (0.1863492033, -0.05267438694, -0.003),
                (0.1879435369, -0.0396172281, -0.003),
                (0.1890850981, -0.02646462789, -0.003),
                (0.1897711367, -0.01324827207, -0.003),
                (0, 0, 0.003),
                (0.19, 0, 0.003),
                (0.1897711367, 0.01324827207, 0.003),
                (0.1890850981, 0.02646462789, 0.003),
                (0.1879435369, 0.0396172281, 0.003),
                (0.1863492033, 0.05267438694, 0.003),
                (0.1843059381, 0.06560464857, 0.003),
                (0.1818186638, 0.07837686286, 0.003),
                (0.1788933724, 0.09096026042, 0.003),
                (0.1755371112, 0.1033245267, 0.003),
                (0.1717579657, 0.1154398752, 0.003),
                (0.1675650402, 0.1272771189, 0.003),
                (0.1629684359, 0.1388077409, 0.003),
                (0.1579792263, 0.1500039629, 0.003),
                (0.152609431, 0.1608388122, 0.003),
                (0.1468719861, 0.1712861867, 0.003),
                (0.1407807138, 0.1813209178, 0.003),
                (0.1343502884, 0.1909188309, 0.003),
                (0.1275962014, 0.2000568038, 0.003),
                (0.120534724, 0.2087128224, 0.003),
                (0.1131828679, 0.2168660335, 0.003),
                (0.1055583443, 0.2244967953, 0.003),
                (0.0976795214, 0.2315867247, 0.003),
                (0.08956538, 0.2381187414, 0.003),
                (0.08123546775, 0.2440771091, 0.003),
                (0.07270985215, 0.2494474738, 0.003),
                (0.06400907214, 0.2542168976, 0.003),
                (0.05515408868, 0.2583738906, 0.003),
                (0.04616623418, 0.2619084384, 0.003),
                (0.03706716118, 0.2648120257, 0.003),
                (0.02787879015, 0.2670776577, 0.003),
                (0.01862325666, 0.2686998762, 0.003),
                (0.009322858122, 0.2696747732, 0.003),
                (1.163414459e-17, 0.27, 0.003),
                (-0.009322858122, 0.2696747732, 0.003),
                (-0.01862325666, 0.2686998762, 0.003),
                (-0.02787879015, 0.2670776577, 0.003),
                (-0.03706716118, 0.2648120257, 0.003),
                (-0.04616623418, 0.2619084384, 0.003),
                (-0.05515408868, 0.2583738906, 0.003),
                (-0.06400907214, 0.2542168976, 0.003),
                (-0.07270985215, 0.2494474738, 0.003),
                (-0.08123546775, 0.2440771091, 0.003),
                (-0.08956538, 0.2381187414, 0.003),
                (-0.0976795214, 0.2315867247, 0.003),
                (-0.1055583443, 0.2244967953, 0.003),
                (-0.1131828679, 0.2168660335, 0.003),
                (-0.120534724, 0.2087128224, 0.003),
                (-0.1275962014, 0.2000568038, 0.003),
                (-0.1343502884, 0.1909188309, 0.003),
                (-0.1407807138, 0.1813209178, 0.003),
                (-0.1468719861, 0.1712861867, 0.003),
                (-0.152609431, 0.1608388122, 0.003),
                (-0.1579792263, 0.1500039629, 0.003),
                (-0.1629684359, 0.1388077409, 0.003),
                (-0.1675650402, 0.1272771189, 0.003),
                (-0.1717579657, 0.1154398752, 0.003),
                (-0.1755371112, 0.1033245267, 0.003),
                (-0.1788933724, 0.09096026042, 0.003),
                (-0.1818186638, 0.07837686286, 0.003),
                (-0.1843059381, 0.06560464857, 0.003),
                (-0.1863492033, 0.05267438694, 0.003),
                (-0.1879435369, 0.0396172281, 0.003),
                (-0.1890850981, 0.02646462789, 0.003),
                (-0.1897711367, 0.01324827207, 0.003),
                (-0.19, 3.306546358e-17, 0.003),
                (-0.1897711367, -0.01324827207, 0.003),
                (-0.1890850981, -0.02646462789, 0.003),
                (-0.1879435369, -0.0396172281, 0.003),
                (-0.1863492033, -0.05267438694, 0.003),
                (-0.1843059381, -0.06560464857, 0.003),
                (-0.1818186638, -0.07837686286, 0.003),
                (-0.1788933724, -0.09096026042, 0.003),
                (-0.1755371112, -0.1033245267, 0.003),
                (-0.1717579657, -0.1154398752, 0.003),
                (-0.1675650402, -0.1272771189, 0.003),
                (-0.1629684359, -0.1388077409, 0.003),
                (-0.1579792263, -0.1500039629, 0.003),
                (-0.152609431, -0.1608388122, 0.003),
                (-0.1468719861, -0.1712861867, 0.003),
                (-0.1407807138, -0.1813209178, 0.003),
                (-0.1343502884, -0.1909188309, 0.003),
                (-0.1275962014, -0.2000568038, 0.003),
                (-0.120534724, -0.2087128224, 0.003),
                (-0.1131828679, -0.2168660335, 0.003),
                (-0.1055583443, -0.2244967953, 0.003),
                (-0.0976795214, -0.2315867247, 0.003),
                (-0.08956538, -0.2381187414, 0.003),
                (-0.08123546775, -0.2440771091, 0.003),
                (-0.07270985215, -0.2494474738, 0.003),
                (-0.06400907214, -0.2542168976, 0.003),
                (-0.05515408868, -0.2583738906, 0.003),
                (-0.04616623418, -0.2619084384, 0.003),
                (-0.03706716118, -0.2648120257, 0.003),
                (-0.02787879015, -0.2670776577, 0.003),
                (-0.01862325666, -0.2686998762, 0.003),
                (-0.009322858122, -0.2696747732, 0.003),
                (-3.490243378e-17, -0.27, 0.003),
                (0.009322858122, -0.2696747732, 0.003),
                (0.01862325666, -0.2686998762, 0.003),
                (0.02787879015, -0.2670776577, 0.003),
                (0.03706716118, -0.2648120257, 0.003),
                (0.04616623418, -0.2619084384, 0.003),
                (0.05515408868, -0.2583738906, 0.003),
                (0.06400907214, -0.2542168976, 0.003),
                (0.07270985215, -0.2494474738, 0.003),
                (0.08123546775, -0.2440771091, 0.003),
                (0.08956538, -0.2381187414, 0.003),
                (0.0976795214, -0.2315867247, 0.003),
                (0.1055583443, -0.2244967953, 0.003),
                (0.1131828679, -0.2168660335, 0.003),
                (0.120534724, -0.2087128224, 0.003),
                (0.1275962014, -0.2000568038, 0.003),
                (0.1343502884, -0.1909188309, 0.003),
                (0.1407807138, -0.1813209178, 0.003),
                (0.1468719861, -0.1712861867, 0.003),
                (0.152609431, -0.1608388122, 0.003),
                (0.1579792263, -0.1500039629, 0.003),
                (0.1629684359, -0.1388077409, 0.003),
                (0.1675650402, -0.1272771189, 0.003),
                (0.1717579657, -0.1154398752, 0.003),
                (0.1755371112, -0.1033245267, 0.003),
                (0.1788933724, -0.09096026042, 0.003),
                (0.1818186638, -0.07837686286, 0.003),
                (0.1843059381, -0.06560464857, 0.003),
                (0.1863492033, -0.05267438694, 0.003),
                (0.1879435369, -0.0396172281, 0.003),
                (0.1890850981, -0.02646462789, 0.003),
                (0.1897711367, -0.01324827207, 0.003)
            ]
            normal3f[] normals = [
                (0, 0, -1),
                (0.7109528011, 8.637909029e-18, -0.7032397277),
                (0.7105327075, 0.02457112524, -0.703235047),
                (0.7092687858, 0.04917356678, -0.7032209822),
                (0.7071500799, 0.07383826224, -0.7031974655),
                (0.7041582212, 0.09859537002, -0.7031643852),
                (0.7002672688, 0.1234738245, -0.7031215876),
                (0.6954434949, 0.1485008231, -0.7030688807),
                (0.6896451233, 0.17370122, -0.7030060385),
                (0.6828220361, 0.1990967988, -0.7029328074),
                (0.6749154678, 0.2247053931, -0.7028489152),
                (0.6658577144, 0.2505398248, -0.7027540825),
                (0.6555718963, 0.2766066231, -0.7026480377),
                (0.6439718257, 0.3029044936, -0.7025305371),
                (0.6309620455, 0.3294225022, -0.7024013897),
                (0.6164381278, 0.3561379517, -0.7022604887),
                (0.6002873409, 0.3830139362, -0.7021078499),
                (0.5823898186, 0.4099965839, -0.701943659),
                (0.5626203902, 0.4370120288, -0.7017683259),
                (0.5408512497, 0.4639632041, -0.7015825474),
                (0.5169556483, 0.4907266094, -0.701387377),
                (0.4908127872, 0.5171492936, -0.7011842954),
                (0.4623140419, 0.5430463906, -0.7009752808),
                (0.4313705631, 0.5681996487, -0.7007628676),
                (0.3979221526, 0.5923574942, -0.7005501835),
                (0.3619471073, 0.6152372225, -0.7003409538),
                (0.323472455, 0.6365298984, -0.700139457),
                (0.2825837113, 0.6559084196, -0.6999504206),
                (0.2394330109, 0.6730389275, -0.6997788475),
                (0.1942442868, 0.6875953271, -0.6996297758),
                (0.1473141828, 0.6992761367, -0.6995079814),
                (0.09900765383, 0.7078223188, -0.6994176502),
                (0.04974776603, 0.7130342734, -0.6993620556),
                (7.898606723e-18, 0.7147859609, -0.6993432849),
                (-0.04974776603, 0.7130342734, -0.6993620556),
                (-0.09900765383, 0.7078223188, -0.6994176502),
                (-0.1473141828, 0.6992761367, -0.6995079814),
                (-0.1942442868, 0.6875953271, -0.6996297758),
                (-0.2394330109, 0.6730389275, -0.6997788475),
                (-0.2825837113, 0.6559084196, -0.6999504206),
                (-0.323472455, 0.6365298984, -0.700139457),
                (-0.3619471073, 0.6152372225, -0.7003409538),
                (-0.3979221526, 0.5923574942, -0.7005501835),
                (-0.4313705631, 0.5681996487, -0.7007628676),
                (-0.4623140419, 0.5430463906, -0.7009752808),
                (-0.4908127872, 0.5171492936, -0.7011842954),
                (-0.5169556483, 0.4907266094, -0.701387377),
                (-0.5408512497, 0.4639632041, -0.7015825474),
                (-0.5626203902, 0.4370120288, -0.7017683259),
                (-0.5823898186, 0.4099965839, -0.701943659),
                (-0.6002873409, 0.3830139362, -0.7021078499),
                (-0.6164381278, 0.3561379517, -0.7022604887),
                (-0.6309620455, 0.3294225022, -0.7024013897),
                (-0.6439718257, 0.3029044936, -0.7025305371),
                (-0.6555718963, 0.2766066231, -0.7026480377),
                (-0.6658577144, 0.2505398248, -0.7027540825),
                (-0.6749154678, 0.2247053931, -0.7028489152),
                (-0.6828220361, 0.1990967988, -0.7029328074),
                (-0.6896451233, 0.17370122, -0.7030060385),
                (-0.6954434949, 0.1485008231, -0.7030688807),
                (-0.7002672688, 0.1234738245, -0.7031215876),
                (-0.7041582212, 0.09859537002, -0.7031643852),
                (-0.7071500799, 0.07383826224, -0.7031974655),
                (-0.7092687858, 0.04917356678, -0.7032209822),
                (-0.7105327075, 0.02457112524, -0.703235047),
                (-0.7109528011, 1.570528914e-18, -0.7032397277),
                (-0.7105327075, -0.02457112524, -0.703235047),
                (-0.7092687858, -0.04917356678, -0.7032209822),
                (-0.7071500799, -0.07383826224, -0.7031974655),
                (-0.7041582212, -0.09859537002, -0.7031643852),
                (-0.7002672688, -0.1234738245, -0.7031215876),
                (-0.6954434949, -0.1485008231, -0.7030688807),
                (-0.6896451233, -0.17370122, -0.7030060385),
                (-0.6828220361, -0.1990967988, -0.7029328074),
                (-0.6749154678, -0.2247053931, -0.7028489152),
                (-0.6658577144, -0.2505398248, -0.7027540825),
                (-0.6555718963, -0.2766066231, -0.7026480377),
                (-0.6439718257, -0.3029044936, -0.7025305371),
                (-0.6309620455, -0.3294225022, -0.7024013897),
                (-0.6164381278, -0.3561379517, -0.7022604887),
                (-0.6002873409, -0.3830139362, -0.7021078499),
                (-0.5823898186, -0.4099965839, -0.701943659),
                (-0.5626203902, -0.4370120288, -0.7017683259),
                (-0.5408512497, -0.4639632041, -0.7015825474),
                (-0.5169556483, -0.4907266094, -0.701387377),
                (-0.4908127872, -0.5171492936, -0.7011842954),
                (-0.4623140419, -0.5430463906, -0.7009752808),
                (-0.4313705631, -0.5681996487, -0.7007628676),
                (-0.3979221526, -0.5923574942, -0.7005501835),
                (-0.3619471073, -0.6152372225, -0.7003409538),
                (-0.323472455, -0.6365298984, -0.700139457),
                (-0.2825837113, -0.6559084196, -0.6999504206),
                (-0.2394330109, -0.6730389275, -0.6997788475),
                (-0.1942442868, -0.6875953271, -0.6996297758),
                (-0.1473141828, -0.6992761367, -0.6995079814),
                (-0.09900765383, -0.7078223188, -0.6994176502),
                (-0.04974776603, -0.7130342734, -0.6993620556),
                (4.739164034e-18, -0.7147859609, -0.6993432849),
                (0.04974776603, -0.7130342734, -0.6993620556),
                (0.09900765383, -0.7078223188, -0.6994176502),
                (0.1473141828, -0.6992761367, -0.6995079814),
                (0.1942442868, -0.6875953271, -0.6996297758),
                (0.2394330109, -0.6730389275, -0.6997788475),
                (0.2825837113, -0.6559084196, -0.6999504206),
                (0.323472455, -0.6365298984, -0.700139457),
                (0.3619471073, -0.6152372225, -0.7003409538),
                (0.3979221526, -0.5923574942, -0.7005501835),
                (0.4313705631, -0.5681996487, -0.7007628676),
                (0.4623140419, -0.5430463906, -0.7009752808),
                (0.4908127872, -0.5171492936, -0.7011842954),
                (0.5169556483, -0.4907266094, -0.701387377),
                (0.5408512497, -0.4639632041, -0.7015825474),
                (0.5626203902, -0.4370120288, -0.7017683259),
                (0.5823898186, -0.4099965839, -0.701943659),
                (0.6002873409, -0.3830139362, -0.7021078499),
                (0.6164381278, -0.3561379517, -0.7022604887),
                (0.6309620455, -0.3294225022, -0.7024013897),
                (0.6439718257, -0.3029044936, -0.7025305371),
                (0.6555718963, -0.2766066231, -0.7026480377),
                (0.6658577144, -0.2505398248, -0.7027540825),
                (0.6749154678, -0.2247053931, -0.7028489152),
                (0.6828220361, -0.1990967988, -0.7029328074),
                (0.6896451233, -0.17370122, -0.7030060385),
                (0.6954434949, -0.1485008231, -0.7030688807),
                (0.7002672688, -0.1234738245, -0.7031215876),
                (0.7041582212, -0.09859537002, -0.7031643852),
                (0.7071500799, -0.07383826224, -0.7031974655),
                (0.7092687858, -0.04917356678, -0.7032209822),
                (0.7105327075, -0.02457112524, -0.703235047),
                (0, 0, 1),
                (0.7109528011, 9.423173486e-18, 0.7032397277),
                (0.7105327075, 0.02457112524, 0.703235047),
                (0.7092687858, 0.04917356678, 0.7032209822),
                (0.7071500799, 0.07383826224, 0.7031974655),
                (0.7041582212, 0.09859537002, 0.7031643852),
                (0.7002672688, 0.1234738245, 0.7031215876),
                (0.6954434949, 0.1485008231, 0.7030688807),
                (0.6896451233, 0.17370122, 0.7030060385),
                (0.6828220361, 0.1990967988, 0.7029328074),
                (0.6749154678, 0.2247053931, 0.7028489152),
                (0.6658577144, 0.2505398248, 0.7027540825),
                (0.6555718963, 0.2766066231, 0.7026480377),
                (0.6439718257, 0.3029044936, 0.7025305371),
                (0.6309620455, 0.3294225022, 0.7024013897),
                (0.6164381278, 0.3561379517, 0.7022604887),
                (0.6002873409, 0.3830139362, 0.7021078499),
                (0.5823898186, 0.4099965839, 0.701943659),
                (0.5626203902, 0.4370120288, 0.7017683259),
                (0.5408512497, 0.4639632041, 0.7015825474),
                (0.5169556483, 0.4907266094, 0.701387377),
                (0.4908127872, 0.5171492936, 0.7011842954),
                (0.4623140419, 0.5430463906, 0.7009752808),
                (0.4313705631, 0.5681996487, 0.7007628676),
                (0.3979221526, 0.5923574942, 0.7005501835),
                (0.3619471073, 0.6152372225, 0.7003409538),
                (0.323472455, 0.6365298984, 0.700139457),
                (0.2825837113, 0.6559084196, 0.6999504206),
                (0.2394330109, 0.6730389275, 0.6997788475),
                (0.1942442868, 0.6875953271, 0.6996297758),
                (0.1473141828, 0.6992761367, 0.6995079814),
                (0.09900765383, 0.7078223188, 0.6994176502),
                (0.04974776603, 0.7130342734, 0.6993620556),
                (0, 0.7147859609, 0.6993432849),
                (-0.04974776603, 0.7130342734, 0.6993620556),
                (-0.09900765383, 0.7078223188, 0.6994176502),
                (-0.1473141828, 0.6992761367, 0.6995079814),
                (-0.1942442868, 0.6875953271, 0.6996297758),
                (-0.2394330109, 0.6730389275, 0.6997788475),
                (-0.2825837113, 0.6559084196, 0.6999504206),
                (-0.323472455, 0.6365298984, 0.700139457),
                (-0.3619471073, 0.6152372225, 0.7003409538),
                (-0.3979221526, 0.5923574942, 0.7005501835),
                (-0.4313705631, 0.5681996487, 0.7007628676),
                (-0.4623140419, 0.5430463906, 0.7009752808),
                (-0.4908127872, 0.5171492936, 0.7011842954),
                (-0.5169556483, 0.4907266094, 0.701387377),
                (-0.5408512497, 0.4639632041, 0.7015825474),
                (-0.5626203902, 0.4370120288, 0.7017683259),
                (-0.5823898186, 0.4099965839, 0.701943659),
                (-0.6002873409, 0.3830139362, 0.7021078499),
                (-0.6164381278, 0.3561379517, 0.7022604887),
                (-0.6309620455, 0.3294225022, 0.7024013897),
                (-0.6439718257, 0.3029044936, 0.7025305371),
                (-0.6555718963, 0.2766066231, 0.7026480377),
                (-0.6658577144, 0.2505398248, 0.7027540825),
                (-0.6749154678, 0.2247053931, 0.7028489152),
                (-0.6828220361, 0.1990967988, 0.7029328074),
                (-0.6896451233, 0.17370122, 0.7030060385),
                (-0.6954434949, 0.1485008231, 0.7030688807),
                (-0.7002672688, 0.1234738245, 0.7031215876),
                (-0.7041582212, 0.09859537002, 0.7031643852),
                (-0.7071500799, 0.07383826224, 0.7031974655),
                (-0.7092687858, 0.04917356678, 0.7032209822),
                (-0.7105327075, 0.02457112524, 0.703235047),
                (-0.7109528011, 0, 0.7032397277),
                (-0.7105327075, -0.02457112524, 0.703235047),
                (-0.7092687858, -0.04917356678, 0.7032209822),
                (-0.7071500799, -0.07383826224, 0.7031974655),
                (-0.7041582212, -0.09859537002, 0.7031643852),
                (-0.7002672688, -0.1234738245, 0.7031215876),
                (-0.6954434949, -0.1485008231, 0.7030688807),
                (-0.6896451233, -0.17370122, 0.7030060385),
                (-0.6828220361, -0.1990967988, 0.7029328074),
                (-0.6749154678, -0.2247053931, 0.7028489152),
                (-0.6658577144, -0.2505398248, 0.7027540825),
                (-0.6555718963, -0.2766066231, 0.7026480377),
                (-0.6439718257, -0.3029044936, 0.7025305371),
                (-0.6309620455, -0.3294225022, 0.7024013897),
                (-0.6164381278, -0.3561379517, 0.7022604887),
                (-0.6002873409, -0.3830139362, 0.7021078499),
                (-0.5823898186, -0.4099965839, 0.701943659),
                (-0.5626203902, -0.4370120288, 0.7017683259),
                (-0.5408512497, -0.4639632041, 0.7015825474),
                (-0.5169556483, -0.4907266094, 0.701387377),
                (-0.4908127872, -0.5171492936, 0.7011842954),
                (-0.4623140419, -0.5430463906, 0.7009752808),
                (-0.4313705631, -0.5681996487, 0.7007628676),
                (-0.3979221526, -0.5923574942, 0.7005501835),
                (-0.3619471073, -0.6152372225, 0.7003409538),
                (-0.323472455, -0.6365298984, 0.700139457),
                (-0.2825837113, -0.6559084196, 0.6999504206),
                (-0.2394330109, -0.6730389275, 0.6997788475),
                (-0.1942442868, -0.6875953271, 0.6996297758),
                (-0.1473141828, -0.6992761367, 0.6995079814),
                (-0.09900765383, -0.7078223188, 0.6994176502),
                (-0.04974776603, -0.7130342734, 0.6993620556),
                (4.739164034e-18, -0.7147859609, 0.6993432849),
                (0.04974776603, -0.7130342734, 0.6993620556),
                (0.09900765383, -0.7078223188, 0.6994176502),
                (0.1473141828, -0.6992761367, 0.6995079814),
                (0.1942442868, -0.6875953271, 0.6996297758),
                (0.2394330109, -0.6730389275, 0.6997788475),
                (0.2825837113, -0.6559084196, 0.6999504206),
                (0.323472455, -0.6365298984, 0.700139457),
                (0.3619471073, -0.6152372225, 0.7003409538),
                (0.3979221526, -0.5923574942, 0.7005501835),
                (0.4313705631, -0.5681996487, 0.7007628676),
                (0.4623140419, -0.5430463906, 0.7009752808),
                (0.4908127872, -0.5171492936, 0.7011842954),
                (0.5169556483, -0.4907266094, 0.701387377),
                (0.5408512497, -0.4639632041, 0.7015825474),
                (0.5626203902, -0.4370120288, 0.7017683259),
                (0.5823898186, -0.4099965839, 0.701943659),
                (0.6002873409, -0.3830139362, 0.7021078499),
                (0.6164381278, -0.3561379517, 0.7022604887),
                (0.6309620455, -0.3294225022, 0.7024013897),
                (0.6439718257, -0.3029044936, 0.7025305371),
                (0.6555718963, -0.2766066231, 0.7026480377),
                (0.6658577144, -0.2505398248, 0.7027540825),
                (0.6749154678, -0.2247053931, 0.7028489152),
                (0.6828220361, -0.1990967988, 0.7029328074),
                (0.6896451233, -0.17370122, 0.7030060385),
                (0.6954434949, -0.1485008231, 0.7030688807),
                (0.7002672688, -0.1234738245, 0.7031215876),
                (0.7041582212, -0.09859537002, 0.7031643852),
                (0.7071500799, -0.07383826224, 0.7031974655),
                (0.7092687858, -0.04917356678, 0.7032209822),
                (0.7105327075, -0.02457112524, 0.703235047)
            ] (
                interpolation = "vertex"
            )
            uniform token subdivisionScheme = "none"
        }
        def Mesh "OpenVisual" (
            prepend apiSchemas = ["MaterialBindingAPI"]
        )
        {
            rel material:binding = </DrAnmarSkin/Looks/Skin>
            custom token[] drAnmar:labels = ["skin", "abdominal_patient", "body_layer"]
            uniform bool doubleSided = false
            float3[] extent = [(-0.19, -0.27, -0.003), (0.19, 0.27, 0.003)]
            int[] faceVertexCounts = [3, 3, 3, 3, 3, 3, 3, 3, 3, 3, 3, 3, 3, 3, 3, 3, 3, 3, 3, 3, 3, 3, 3, 3, 3, 3, 3, 3, 3, 3, 3, 3, 3, 3, 3, 3, 3, 3, 3, 3, 3, 3, 3, 3, 3, 3, 3, 3, 3, 3, 3, 3, 3, 3, 3, 3, 3, 3, 3, 3, 3, 3, 3, 3, 3, 3, 3, 3, 3, 3, 3, 3, 3, 3, 3, 3, 3, 3, 3, 3, 3, 3, 3, 3, 3, 3, 3, 3, 3, 3, 3, 3, 3, 3, 3, 3, 3, 3, 3, 3, 3, 3, 3, 3, 3, 3, 3, 3, 3, 3, 3, 3, 3, 3, 3, 3, 3, 3, 3, 3, 3, 3, 3, 3, 3, 3, 3, 3, 3, 3, 3, 3, 3, 3, 3, 3, 3, 3, 3, 3, 3, 3, 3, 3, 3, 3, 3, 3, 3, 3, 3, 3, 3, 3, 3, 3, 3, 3, 3, 3, 3, 3, 3, 3, 3, 3, 3, 3, 3, 3, 3, 3, 3, 3, 3, 3, 3, 3, 3, 3, 3, 3, 3, 3, 3, 3, 3, 3, 3, 3, 3, 3, 3, 3, 3, 3, 3, 3, 3, 3, 3, 3, 3, 3, 3, 3, 3, 3, 3, 3, 3, 3, 3, 3, 3, 3, 3, 3, 3, 3, 3, 3, 3, 3, 3, 3, 3, 3, 3, 3, 3, 3, 3, 3, 3, 3, 3, 3, 3, 3, 3, 3, 3, 3, 3, 3, 3, 3, 3, 3, 3, 3, 3, 3, 3, 3, 3, 3, 3, 3, 3, 3, 3, 3, 3, 3, 3, 3, 3, 3, 3, 3, 3, 3, 3, 3, 3, 3, 3, 3, 3, 3, 3, 3, 3, 3, 3, 3, 3, 3, 3, 3, 3, 3, 3, 3, 3, 3, 3, 3, 3, 3, 3, 3, 3, 3, 3, 3, 3, 3, 3, 3, 3, 3, 3, 3, 3, 3, 3, 3, 3, 3, 3, 3, 3, 3, 3, 3, 3, 3, 3, 3, 3, 3, 3, 3, 3, 3, 3, 3, 3, 3, 3, 3, 3, 3, 3, 3, 3, 3, 3, 3, 3, 3, 3, 3, 3, 3, 3, 3, 3, 3, 3, 3, 3, 3, 3, 3, 3, 3, 3, 3, 3, 3, 3, 3, 3, 3, 3, 3, 3, 3, 3, 3, 3, 3, 3, 3, 3, 3, 3, 3, 3, 3, 3, 3, 3, 3, 3, 3, 3, 3, 3, 3, 3, 3, 3, 3, 3, 3, 3, 3, 3, 3, 3, 3, 3, 3, 3, 3, 3, 3, 3, 3, 3, 3, 3, 3, 3, 3, 3, 3, 3, 3, 3, 3, 3, 3, 3, 3, 3, 3, 3, 3, 3, 3, 3, 3, 3, 3, 3, 3, 3, 3, 3, 3, 3, 3, 3, 3, 3, 3, 3, 3, 3, 3, 3, 3, 3, 3, 3, 3, 3, 3, 3, 3, 3, 3, 3, 3, 3, 3, 3, 3, 3, 3, 3, 3, 3, 3, 3, 3, 3, 3, 3, 3, 3, 3, 3, 3, 3, 3, 3, 3, 3, 3, 3, 3, 3, 3, 3, 3, 3, 3, 3, 3, 3, 3, 3, 3, 3, 3, 3, 3, 3, 3, 3, 3, 3, 3, 3, 3, 3, 3, 3, 3, 3, 3, 3, 3, 3, 3, 3, 3, 3, 3, 3, 3, 3, 3, 3, 3, 3, 3, 3, 3, 3, 3, 3, 3, 3, 3, 3, 3, 3, 3, 3, 3, 3, 3, 3, 3, 3, 3, 3, 3, 3, 3, 3, 3, 3, 3, 3, 3, 3, 3, 3, 3, 3, 3, 3, 3, 3, 3, 3, 3, 3, 3, 3, 3, 3, 3, 3, 3, 3, 3, 3, 3, 3, 3, 3, 3, 3, 3, 3, 3, 3, 3, 3, 3, 3, 3, 3, 3, 3, 3, 3, 3, 3, 3, 3, 3, 3, 3, 3, 3, 3, 3, 3, 3, 3, 3, 3, 3, 3, 3, 3, 3, 3, 3, 3, 3, 3, 3, 3, 3, 3, 3, 3, 3, 3, 3, 3, 3, 3, 3, 3, 3, 3, 3, 3, 3, 3, 3, 3, 3, 3, 3, 3, 3, 3, 3, 3, 3, 3, 3, 3, 3, 3, 3, 3, 3, 3, 3, 3, 3, 3, 3, 3, 3, 3, 3, 3, 3, 3, 3, 3, 3, 3, 3, 3, 3, 3, 3, 3, 3, 3, 3, 3, 3, 3, 3, 3, 3, 3, 3, 3, 3, 3, 3, 3, 3, 3, 3, 3, 3, 3, 3, 3, 3, 3, 3, 3, 3, 3, 3, 3, 3, 3, 3, 3, 3, 3, 3, 3, 3, 3, 3, 3, 3, 3, 3, 3, 3, 3, 3, 3, 3, 3, 3, 3, 3, 3, 3, 3, 3, 3, 3, 3, 3, 3, 3, 3, 3, 3, 3, 3, 3, 3, 3, 3, 3, 3, 3, 3, 3, 3, 3, 3, 3, 3, 3, 3, 3, 3, 3, 3, 3, 3, 3, 3, 3, 3, 3, 3, 3, 3, 3, 3, 3, 3, 3, 3, 3, 3, 3, 3, 3, 3, 3, 3, 3, 3, 3, 3, 3, 3, 3, 3, 3, 3, 3, 3, 3, 3, 3, 3, 3, 3, 3, 3, 3, 3, 3, 3, 3, 3, 3, 3, 3, 3, 3, 3, 3, 3, 3, 3, 3, 3, 3, 3, 3, 3, 3, 3, 3, 3, 3, 3, 3, 3, 3, 3, 3, 3, 3, 3, 3, 3, 3, 3, 3, 3, 3, 3, 3, 3, 3, 3, 3, 3, 3, 3, 3, 3, 3, 3, 3, 3, 3, 3, 3, 3, 3, 3, 3, 3, 3, 3, 3, 3, 3, 3, 3, 3, 3, 3, 3, 3, 3, 3, 3, 3, 3, 3, 3, 3, 3, 3, 3, 3, 3, 3, 3, 3, 3, 3, 3, 3, 3, 3, 3, 3, 3, 3, 3, 3, 3, 3, 3, 3, 3, 3, 3, 3, 3, 3, 3, 3, 3, 3, 3, 3, 3, 3, 3, 3, 3, 3, 3, 3, 3, 3, 3, 3, 3, 3, 3, 3, 3, 3, 3, 3, 3, 3, 3, 3, 3, 3, 3, 3, 3, 3, 3, 3, 3, 3, 3, 3, 3, 3, 3, 3, 3, 3, 3, 3, 3, 3, 3, 3, 3, 3, 3]
            int[] faceVertexIndices = [129, 1, 0, 128, 129, 0, 257, 385, 256, 385, 384, 256, 1, 257, 0, 257, 256, 0, 385, 129, 128, 384, 385, 128, 130, 2, 1, 129, 130, 1, 258, 386, 257, 386, 385, 257, 2, 258, 1, 258, 257, 1, 386, 130, 129, 385, 386, 129, 131, 3, 2, 130, 131, 2, 259, 387, 258, 387, 386, 258, 3, 259, 2, 259, 258, 2, 387, 131, 130, 386, 387, 130, 132, 4, 3, 131, 132, 3, 260, 388, 259, 388, 387, 259, 4, 260, 3, 260, 259, 3, 388, 132, 131, 387, 388, 131, 133, 5, 4, 132, 133, 4, 261, 389, 260, 389, 388, 260, 5, 261, 4, 261, 260, 4, 389, 133, 132, 388, 389, 132, 134, 6, 5, 133, 134, 5, 262, 390, 261, 390, 389, 261, 6, 262, 5, 262, 261, 5, 390, 134, 133, 389, 390, 133, 135, 7, 6, 134, 135, 6, 263, 391, 262, 391, 390, 262, 7, 263, 6, 263, 262, 6, 391, 135, 134, 390, 391, 134, 136, 8, 7, 135, 136, 7, 264, 392, 263, 392, 391, 263, 8, 264, 7, 264, 263, 7, 392, 136, 135, 391, 392, 135, 137, 9, 8, 136, 137, 8, 265, 393, 264, 393, 392, 264, 9, 265, 8, 265, 264, 8, 393, 137, 136, 392, 393, 136, 138, 10, 9, 137, 138, 9, 266, 394, 265, 394, 393, 265, 10, 266, 9, 266, 265, 9, 394, 138, 137, 393, 394, 137, 139, 11, 10, 138, 139, 10, 267, 395, 266, 395, 394, 266, 11, 267, 10, 267, 266, 10, 395, 139, 138, 394, 395, 138, 140, 12, 11, 139, 140, 11, 268, 396, 267, 396, 395, 267, 12, 268, 11, 268, 267, 11, 396, 140, 139, 395, 396, 139, 141, 13, 12, 140, 141, 12, 269, 397, 268, 397, 396, 268, 13, 269, 12, 269, 268, 12, 397, 141, 140, 396, 397, 140, 142, 14, 13, 141, 142, 13, 270, 398, 269, 398, 397, 269, 14, 270, 13, 270, 269, 13, 398, 142, 141, 397, 398, 141, 143, 15, 14, 142, 143, 14, 271, 399, 270, 399, 398, 270, 15, 271, 14, 271, 270, 14, 399, 143, 142, 398, 399, 142, 144, 16, 15, 143, 144, 15, 272, 400, 271, 400, 399, 271, 16, 272, 15, 272, 271, 15, 400, 144, 143, 399, 400, 143, 145, 17, 16, 144, 145, 16, 273, 401, 272, 401, 400, 272, 17, 273, 16, 273, 272, 16, 401, 145, 144, 400, 401, 144, 146, 18, 17, 145, 146, 17, 274, 402, 273, 402, 401, 273, 18, 274, 17, 274, 273, 17, 402, 146, 145, 401, 402, 145, 147, 19, 18, 146, 147, 18, 275, 403, 274, 403, 402, 274, 19, 275, 18, 275, 274, 18, 403, 147, 146, 402, 403, 146, 148, 20, 19, 147, 148, 19, 276, 404, 275, 404, 403, 275, 20, 276, 19, 276, 275, 19, 404, 148, 147, 403, 404, 147, 149, 21, 20, 148, 149, 20, 277, 405, 276, 405, 404, 276, 21, 277, 20, 277, 276, 20, 405, 149, 148, 404, 405, 148, 150, 22, 21, 149, 150, 21, 278, 406, 277, 406, 405, 277, 22, 278, 21, 278, 277, 21, 406, 150, 149, 405, 406, 149, 151, 23, 22, 150, 151, 22, 279, 407, 278, 407, 406, 278, 23, 279, 22, 279, 278, 22, 407, 151, 150, 406, 407, 150, 152, 24, 23, 151, 152, 23, 280, 408, 279, 408, 407, 279, 24, 280, 23, 280, 279, 23, 408, 152, 151, 407, 408, 151, 153, 25, 24, 152, 153, 24, 281, 409, 280, 409, 408, 280, 25, 281, 24, 281, 280, 24, 409, 153, 152, 408, 409, 152, 154, 26, 25, 153, 154, 25, 282, 410, 281, 410, 409, 281, 26, 282, 25, 282, 281, 25, 410, 154, 153, 409, 410, 153, 155, 27, 26, 154, 155, 26, 283, 411, 282, 411, 410, 282, 27, 283, 26, 283, 282, 26, 411, 155, 154, 410, 411, 154, 156, 28, 27, 155, 156, 27, 284, 412, 283, 412, 411, 283, 28, 284, 27, 284, 283, 27, 412, 156, 155, 411, 412, 155, 157, 29, 28, 156, 157, 28, 285, 413, 284, 413, 412, 284, 29, 285, 28, 285, 284, 28, 413, 157, 156, 412, 413, 156, 158, 30, 29, 157, 158, 29, 286, 414, 285, 414, 413, 285, 30, 286, 29, 286, 285, 29, 414, 158, 157, 413, 414, 157, 159, 31, 30, 158, 159, 30, 287, 415, 286, 415, 414, 286, 31, 287, 30, 287, 286, 30, 415, 159, 158, 414, 415, 158, 160, 32, 31, 159, 160, 31, 288, 416, 287, 416, 415, 287, 32, 288, 31, 288, 287, 31, 416, 160, 159, 415, 416, 159, 161, 33, 32, 160, 161, 32, 289, 417, 288, 417, 416, 288, 33, 289, 32, 289, 288, 32, 417, 161, 160, 416, 417, 160, 162, 34, 33, 161, 162, 33, 290, 418, 289, 418, 417, 289, 34, 290, 33, 290, 289, 33, 418, 162, 161, 417, 418, 161, 163, 35, 34, 162, 163, 34, 291, 419, 290, 419, 418, 290, 35, 291, 34, 291, 290, 34, 419, 163, 162, 418, 419, 162, 164, 36, 35, 163, 164, 35, 292, 420, 291, 420, 419, 291, 36, 292, 35, 292, 291, 35, 420, 164, 163, 419, 420, 163, 165, 37, 36, 164, 165, 36, 293, 421, 292, 421, 420, 292, 37, 293, 36, 293, 292, 36, 421, 165, 164, 420, 421, 164, 166, 38, 37, 165, 166, 37, 294, 422, 293, 422, 421, 293, 38, 294, 37, 294, 293, 37, 422, 166, 165, 421, 422, 165, 167, 39, 38, 166, 167, 38, 295, 423, 294, 423, 422, 294, 39, 295, 38, 295, 294, 38, 423, 167, 166, 422, 423, 166, 168, 40, 39, 167, 168, 39, 296, 424, 295, 424, 423, 295, 40, 296, 39, 296, 295, 39, 424, 168, 167, 423, 424, 167, 169, 41, 40, 168, 169, 40, 297, 425, 296, 425, 424, 296, 41, 297, 40, 297, 296, 40, 425, 169, 168, 424, 425, 168, 170, 42, 41, 169, 170, 41, 298, 426, 297, 426, 425, 297, 42, 298, 41, 298, 297, 41, 426, 170, 169, 425, 426, 169, 171, 43, 42, 170, 171, 42, 299, 427, 298, 427, 426, 298, 43, 299, 42, 299, 298, 42, 427, 171, 170, 426, 427, 170, 172, 44, 43, 171, 172, 43, 300, 428, 299, 428, 427, 299, 44, 300, 43, 300, 299, 43, 428, 172, 171, 427, 428, 171, 173, 45, 44, 172, 173, 44, 301, 429, 300, 429, 428, 300, 45, 301, 44, 301, 300, 44, 429, 173, 172, 428, 429, 172, 174, 46, 45, 173, 174, 45, 302, 430, 301, 430, 429, 301, 46, 302, 45, 302, 301, 45, 430, 174, 173, 429, 430, 173, 175, 47, 46, 174, 175, 46, 303, 431, 302, 431, 430, 302, 47, 303, 46, 303, 302, 46, 431, 175, 174, 430, 431, 174, 176, 48, 47, 175, 176, 47, 304, 432, 303, 432, 431, 303, 48, 304, 47, 304, 303, 47, 432, 176, 175, 431, 432, 175, 177, 49, 48, 176, 177, 48, 305, 433, 304, 433, 432, 304, 49, 305, 48, 305, 304, 48, 433, 177, 176, 432, 433, 176, 178, 50, 49, 177, 178, 49, 306, 434, 305, 434, 433, 305, 50, 306, 49, 306, 305, 49, 434, 178, 177, 433, 434, 177, 179, 51, 50, 178, 179, 50, 307, 435, 306, 435, 434, 306, 51, 307, 50, 307, 306, 50, 435, 179, 178, 434, 435, 178, 180, 52, 51, 179, 180, 51, 308, 436, 307, 436, 435, 307, 52, 308, 51, 308, 307, 51, 436, 180, 179, 435, 436, 179, 181, 53, 52, 180, 181, 52, 309, 437, 308, 437, 436, 308, 53, 309, 52, 309, 308, 52, 437, 181, 180, 436, 437, 180, 182, 54, 53, 181, 182, 53, 310, 438, 309, 438, 437, 309, 54, 310, 53, 310, 309, 53, 438, 182, 181, 437, 438, 181, 183, 55, 54, 182, 183, 54, 311, 439, 310, 439, 438, 310, 55, 311, 54, 311, 310, 54, 439, 183, 182, 438, 439, 182, 184, 56, 55, 183, 184, 55, 312, 440, 311, 440, 439, 311, 56, 312, 55, 312, 311, 55, 440, 184, 183, 439, 440, 183, 185, 57, 56, 184, 185, 56, 313, 441, 312, 441, 440, 312, 57, 313, 56, 313, 312, 56, 441, 185, 184, 440, 441, 184, 186, 58, 57, 185, 186, 57, 314, 442, 313, 442, 441, 313, 58, 314, 57, 314, 313, 57, 442, 186, 185, 441, 442, 185, 187, 59, 58, 186, 187, 58, 315, 443, 314, 443, 442, 314, 59, 315, 58, 315, 314, 58, 443, 187, 186, 442, 443, 186, 188, 60, 59, 187, 188, 59, 316, 444, 315, 444, 443, 315, 60, 316, 59, 316, 315, 59, 444, 188, 187, 443, 444, 187, 189, 61, 60, 188, 189, 60, 317, 445, 316, 445, 444, 316, 61, 317, 60, 317, 316, 60, 445, 189, 188, 444, 445, 188, 190, 62, 61, 189, 190, 61, 318, 446, 317, 446, 445, 317, 62, 318, 61, 318, 317, 61, 446, 190, 189, 445, 446, 189, 191, 63, 62, 190, 191, 62, 319, 447, 318, 447, 446, 318, 63, 319, 62, 319, 318, 62, 447, 191, 190, 446, 447, 190, 192, 64, 63, 191, 192, 63, 320, 448, 319, 448, 447, 319, 64, 320, 63, 320, 319, 63, 448, 192, 191, 447, 448, 191, 193, 65, 64, 192, 193, 64, 321, 449, 320, 449, 448, 320, 65, 321, 64, 321, 320, 64, 449, 193, 192, 448, 449, 192, 194, 66, 65, 193, 194, 65, 322, 450, 321, 450, 449, 321, 66, 322, 65, 322, 321, 65, 450, 194, 193, 449, 450, 193, 195, 67, 66, 194, 195, 66, 323, 451, 322, 451, 450, 322, 67, 323, 66, 323, 322, 66, 451, 195, 194, 450, 451, 194, 196, 68, 67, 195, 196, 67, 324, 452, 323, 452, 451, 323, 68, 324, 67, 324, 323, 67, 452, 196, 195, 451, 452, 195, 197, 69, 68, 196, 197, 68, 325, 453, 324, 453, 452, 324, 69, 325, 68, 325, 324, 68, 453, 197, 196, 452, 453, 196, 198, 70, 69, 197, 198, 69, 326, 454, 325, 454, 453, 325, 70, 326, 69, 326, 325, 69, 454, 198, 197, 453, 454, 197, 199, 71, 70, 198, 199, 70, 327, 455, 326, 455, 454, 326, 71, 327, 70, 327, 326, 70, 455, 199, 198, 454, 455, 198, 200, 72, 71, 199, 200, 71, 328, 456, 327, 456, 455, 327, 72, 328, 71, 328, 327, 71, 456, 200, 199, 455, 456, 199, 201, 73, 72, 200, 201, 72, 329, 457, 328, 457, 456, 328, 73, 329, 72, 329, 328, 72, 457, 201, 200, 456, 457, 200, 202, 74, 73, 201, 202, 73, 330, 458, 329, 458, 457, 329, 74, 330, 73, 330, 329, 73, 458, 202, 201, 457, 458, 201, 203, 75, 74, 202, 203, 74, 331, 459, 330, 459, 458, 330, 75, 331, 74, 331, 330, 74, 459, 203, 202, 458, 459, 202, 204, 76, 75, 203, 204, 75, 332, 460, 331, 460, 459, 331, 76, 332, 75, 332, 331, 75, 460, 204, 203, 459, 460, 203, 205, 77, 76, 204, 205, 76, 333, 461, 332, 461, 460, 332, 77, 333, 76, 333, 332, 76, 461, 205, 204, 460, 461, 204, 206, 78, 77, 205, 206, 77, 334, 462, 333, 462, 461, 333, 78, 334, 77, 334, 333, 77, 462, 206, 205, 461, 462, 205, 207, 79, 78, 206, 207, 78, 335, 463, 334, 463, 462, 334, 79, 335, 78, 335, 334, 78, 463, 207, 206, 462, 463, 206, 208, 80, 79, 207, 208, 79, 336, 464, 335, 464, 463, 335, 80, 336, 79, 336, 335, 79, 464, 208, 207, 463, 464, 207, 209, 81, 80, 208, 209, 80, 337, 465, 336, 465, 464, 336, 81, 337, 80, 337, 336, 80, 465, 209, 208, 464, 465, 208, 210, 82, 81, 209, 210, 81, 338, 466, 337, 466, 465, 337, 82, 338, 81, 338, 337, 81, 466, 210, 209, 465, 466, 209, 211, 83, 82, 210, 211, 82, 339, 467, 338, 467, 466, 338, 83, 339, 82, 339, 338, 82, 467, 211, 210, 466, 467, 210, 212, 84, 83, 211, 212, 83, 340, 468, 339, 468, 467, 339, 84, 340, 83, 340, 339, 83, 468, 212, 211, 467, 468, 211, 213, 85, 84, 212, 213, 84, 341, 469, 340, 469, 468, 340, 85, 341, 84, 341, 340, 84, 469, 213, 212, 468, 469, 212, 214, 86, 85, 213, 214, 85, 342, 470, 341, 470, 469, 341, 86, 342, 85, 342, 341, 85, 470, 214, 213, 469, 470, 213, 215, 87, 86, 214, 215, 86, 343, 471, 342, 471, 470, 342, 87, 343, 86, 343, 342, 86, 471, 215, 214, 470, 471, 214, 216, 88, 87, 215, 216, 87, 344, 472, 343, 472, 471, 343, 88, 344, 87, 344, 343, 87, 472, 216, 215, 471, 472, 215, 217, 89, 88, 216, 217, 88, 345, 473, 344, 473, 472, 344, 89, 345, 88, 345, 344, 88, 473, 217, 216, 472, 473, 216, 218, 90, 89, 217, 218, 89, 346, 474, 345, 474, 473, 345, 90, 346, 89, 346, 345, 89, 474, 218, 217, 473, 474, 217, 219, 91, 90, 218, 219, 90, 347, 475, 346, 475, 474, 346, 91, 347, 90, 347, 346, 90, 475, 219, 218, 474, 475, 218, 220, 92, 91, 219, 220, 91, 348, 476, 347, 476, 475, 347, 92, 348, 91, 348, 347, 91, 476, 220, 219, 475, 476, 219, 221, 93, 92, 220, 221, 92, 349, 477, 348, 477, 476, 348, 93, 349, 92, 349, 348, 92, 477, 221, 220, 476, 477, 220, 222, 94, 93, 221, 222, 93, 350, 478, 349, 478, 477, 349, 94, 350, 93, 350, 349, 93, 478, 222, 221, 477, 478, 221, 223, 95, 94, 222, 223, 94, 351, 479, 350, 479, 478, 350, 95, 351, 94, 351, 350, 94, 479, 223, 222, 478, 479, 222, 224, 96, 95, 223, 224, 95, 352, 480, 351, 480, 479, 351, 96, 352, 95, 352, 351, 95, 480, 224, 223, 479, 480, 223, 225, 97, 96, 224, 225, 96, 353, 481, 352, 481, 480, 352, 97, 353, 96, 353, 352, 96, 481, 225, 224, 480, 481, 224, 226, 98, 97, 225, 226, 97, 354, 482, 353, 482, 481, 353, 98, 354, 97, 354, 353, 97, 482, 226, 225, 481, 482, 225, 227, 99, 98, 226, 227, 98, 355, 483, 354, 483, 482, 354, 99, 355, 98, 355, 354, 98, 483, 227, 226, 482, 483, 226, 228, 100, 99, 227, 228, 99, 356, 484, 355, 484, 483, 355, 100, 356, 99, 356, 355, 99, 484, 228, 227, 483, 484, 227, 229, 101, 100, 228, 229, 100, 357, 485, 356, 485, 484, 356, 101, 357, 100, 357, 356, 100, 485, 229, 228, 484, 485, 228, 230, 102, 101, 229, 230, 101, 358, 486, 357, 486, 485, 357, 102, 358, 101, 358, 357, 101, 486, 230, 229, 485, 486, 229, 231, 103, 102, 230, 231, 102, 359, 487, 358, 487, 486, 358, 103, 359, 102, 359, 358, 102, 487, 231, 230, 486, 487, 230, 232, 104, 103, 231, 232, 103, 360, 488, 359, 488, 487, 359, 104, 360, 103, 360, 359, 103, 488, 232, 231, 487, 488, 231, 233, 105, 104, 232, 233, 104, 361, 489, 360, 489, 488, 360, 105, 361, 104, 361, 360, 104, 489, 233, 232, 488, 489, 232, 234, 106, 105, 233, 234, 105, 362, 490, 361, 490, 489, 361, 106, 362, 105, 362, 361, 105, 490, 234, 233, 489, 490, 233, 235, 107, 106, 234, 235, 106, 363, 491, 362, 491, 490, 362, 107, 363, 106, 363, 362, 106, 491, 235, 234, 490, 491, 234, 236, 108, 107, 235, 236, 107, 364, 492, 363, 492, 491, 363, 108, 364, 107, 364, 363, 107, 492, 236, 235, 491, 492, 235, 237, 109, 108, 236, 237, 108, 365, 493, 364, 493, 492, 364, 109, 365, 108, 365, 364, 108, 493, 237, 236, 492, 493, 236, 238, 110, 109, 237, 238, 109, 366, 494, 365, 494, 493, 365, 110, 366, 109, 366, 365, 109, 494, 238, 237, 493, 494, 237, 239, 111, 110, 238, 239, 110, 367, 495, 366, 495, 494, 366, 111, 367, 110, 367, 366, 110, 495, 239, 238, 494, 495, 238, 240, 112, 111, 239, 240, 111, 368, 496, 367, 496, 495, 367, 112, 368, 111, 368, 367, 111, 496, 240, 239, 495, 496, 239, 241, 113, 112, 240, 241, 112, 369, 497, 368, 497, 496, 368, 113, 369, 112, 369, 368, 112, 497, 241, 240, 496, 497, 240, 242, 114, 113, 241, 242, 113, 370, 498, 369, 498, 497, 369, 114, 370, 113, 370, 369, 113, 498, 242, 241, 497, 498, 241, 243, 115, 114, 242, 243, 114, 371, 499, 370, 499, 498, 370, 115, 371, 114, 371, 370, 114, 499, 243, 242, 498, 499, 242, 244, 116, 115, 243, 244, 115, 372, 500, 371, 500, 499, 371, 116, 372, 115, 372, 371, 115, 500, 244, 243, 499, 500, 243, 245, 117, 116, 244, 245, 116, 373, 501, 372, 501, 500, 372, 117, 373, 116, 373, 372, 116, 501, 245, 244, 500, 501, 244, 246, 118, 117, 245, 246, 117, 374, 502, 373, 502, 501, 373, 118, 374, 117, 374, 373, 117, 502, 246, 245, 501, 502, 245, 247, 119, 118, 246, 247, 118, 375, 503, 374, 503, 502, 374, 119, 375, 118, 375, 374, 118, 503, 247, 246, 502, 503, 246, 248, 120, 119, 247, 248, 119, 376, 504, 375, 504, 503, 375, 120, 376, 119, 376, 375, 119, 504, 248, 247, 503, 504, 247, 249, 121, 120, 248, 249, 120, 377, 505, 376, 505, 504, 376, 121, 377, 120, 377, 376, 120, 505, 249, 248, 504, 505, 248, 250, 122, 121, 249, 250, 121, 378, 506, 377, 506, 505, 377, 122, 378, 121, 378, 377, 121, 506, 250, 249, 505, 506, 249, 251, 123, 122, 250, 251, 122, 379, 507, 378, 507, 506, 378, 123, 379, 122, 379, 378, 122, 507, 251, 250, 506, 507, 250, 252, 124, 123, 251, 252, 123, 380, 508, 379, 508, 507, 379, 124, 380, 123, 380, 379, 123, 508, 252, 251, 507, 508, 251, 253, 125, 124, 252, 253, 124, 381, 509, 380, 509, 508, 380, 125, 381, 124, 381, 380, 124, 509, 253, 252, 508, 509, 252, 254, 126, 125, 253, 254, 125, 382, 510, 381, 510, 509, 381, 126, 382, 125, 382, 381, 125, 510, 254, 253, 509, 510, 253, 255, 127, 126, 254, 255, 126, 383, 511, 382, 511, 510, 382, 127, 383, 126, 383, 382, 126, 511, 255, 254, 510, 511, 254, 128, 0, 127, 255, 128, 127, 256, 384, 383, 384, 511, 383, 0, 256, 127, 256, 383, 127, 384, 128, 255, 511, 384, 255]
            point3f[] points = [
                (0.19, 0, -0.003),
                (0.1897711367, 0.01324827207, -0.003),
                (0.1890850981, 0.02646462789, -0.003),
                (0.1879435369, 0.0396172281, -0.003),
                (0.1863492033, 0.05267438694, -0.003),
                (0.1843059381, 0.06560464857, -0.003),
                (0.1818186638, 0.07837686286, -0.003),
                (0.1788933724, 0.09096026042, -0.003),
                (0.1755371112, 0.1033245267, -0.003),
                (0.1717579657, 0.1154398752, -0.003),
                (0.1675650402, 0.1272771189, -0.003),
                (0.1629684359, 0.1388077409, -0.003),
                (0.1579792263, 0.1500039629, -0.003),
                (0.152609431, 0.1608388122, -0.003),
                (0.1468719861, 0.1712861867, -0.003),
                (0.1407807138, 0.1813209178, -0.003),
                (0.1343502884, 0.1909188309, -0.003),
                (0.1275962014, 0.2000568038, -0.003),
                (0.120534724, 0.2087128224, -0.003),
                (0.1131828679, 0.2168660335, -0.003),
                (0.1055583443, 0.2244967953, -0.003),
                (0.0976795214, 0.2315867247, -0.003),
                (0.08956538, 0.2381187414, -0.003),
                (0.08123546775, 0.2440771091, -0.003),
                (0.07270985215, 0.2494474738, -0.003),
                (0.06400907214, 0.2542168976, -0.003),
                (0.05515408868, 0.2583738906, -0.003),
                (0.04616623418, 0.2619084384, -0.003),
                (0.03706716118, 0.2648120257, -0.003),
                (0.02787879015, 0.2670776577, -0.003),
                (0.01862325666, 0.2686998762, -0.003),
                (0.009322858122, 0.2696747732, -0.003),
                (1.163414459e-17, 0.27, -0.003),
                (-0.009322858122, 0.2696747732, -0.003),
                (-0.01862325666, 0.2686998762, -0.003),
                (-0.02787879015, 0.2670776577, -0.003),
                (-0.03706716118, 0.2648120257, -0.003),
                (-0.04616623418, 0.2619084384, -0.003),
                (-0.05515408868, 0.2583738906, -0.003),
                (-0.06400907214, 0.2542168976, -0.003),
                (-0.07270985215, 0.2494474738, -0.003),
                (-0.08123546775, 0.2440771091, -0.003),
                (-0.08956538, 0.2381187414, -0.003),
                (-0.0976795214, 0.2315867247, -0.003),
                (-0.1055583443, 0.2244967953, -0.003),
                (-0.1131828679, 0.2168660335, -0.003),
                (-0.120534724, 0.2087128224, -0.003),
                (-0.1275962014, 0.2000568038, -0.003),
                (-0.1343502884, 0.1909188309, -0.003),
                (-0.1407807138, 0.1813209178, -0.003),
                (-0.1468719861, 0.1712861867, -0.003),
                (-0.152609431, 0.1608388122, -0.003),
                (-0.1579792263, 0.1500039629, -0.003),
                (-0.1629684359, 0.1388077409, -0.003),
                (-0.1675650402, 0.1272771189, -0.003),
                (-0.1717579657, 0.1154398752, -0.003),
                (-0.1755371112, 0.1033245267, -0.003),
                (-0.1788933724, 0.09096026042, -0.003),
                (-0.1818186638, 0.07837686286, -0.003),
                (-0.1843059381, 0.06560464857, -0.003),
                (-0.1863492033, 0.05267438694, -0.003),
                (-0.1879435369, 0.0396172281, -0.003),
                (-0.1890850981, 0.02646462789, -0.003),
                (-0.1897711367, 0.01324827207, -0.003),
                (-0.19, 3.306546358e-17, -0.003),
                (-0.1897711367, -0.01324827207, -0.003),
                (-0.1890850981, -0.02646462789, -0.003),
                (-0.1879435369, -0.0396172281, -0.003),
                (-0.1863492033, -0.05267438694, -0.003),
                (-0.1843059381, -0.06560464857, -0.003),
                (-0.1818186638, -0.07837686286, -0.003),
                (-0.1788933724, -0.09096026042, -0.003),
                (-0.1755371112, -0.1033245267, -0.003),
                (-0.1717579657, -0.1154398752, -0.003),
                (-0.1675650402, -0.1272771189, -0.003),
                (-0.1629684359, -0.1388077409, -0.003),
                (-0.1579792263, -0.1500039629, -0.003),
                (-0.152609431, -0.1608388122, -0.003),
                (-0.1468719861, -0.1712861867, -0.003),
                (-0.1407807138, -0.1813209178, -0.003),
                (-0.1343502884, -0.1909188309, -0.003),
                (-0.1275962014, -0.2000568038, -0.003),
                (-0.120534724, -0.2087128224, -0.003),
                (-0.1131828679, -0.2168660335, -0.003),
                (-0.1055583443, -0.2244967953, -0.003),
                (-0.0976795214, -0.2315867247, -0.003),
                (-0.08956538, -0.2381187414, -0.003),
                (-0.08123546775, -0.2440771091, -0.003),
                (-0.07270985215, -0.2494474738, -0.003),
                (-0.06400907214, -0.2542168976, -0.003),
                (-0.05515408868, -0.2583738906, -0.003),
                (-0.04616623418, -0.2619084384, -0.003),
                (-0.03706716118, -0.2648120257, -0.003),
                (-0.02787879015, -0.2670776577, -0.003),
                (-0.01862325666, -0.2686998762, -0.003),
                (-0.009322858122, -0.2696747732, -0.003),
                (-3.490243378e-17, -0.27, -0.003),
                (0.009322858122, -0.2696747732, -0.003),
                (0.01862325666, -0.2686998762, -0.003),
                (0.02787879015, -0.2670776577, -0.003),
                (0.03706716118, -0.2648120257, -0.003),
                (0.04616623418, -0.2619084384, -0.003),
                (0.05515408868, -0.2583738906, -0.003),
                (0.06400907214, -0.2542168976, -0.003),
                (0.07270985215, -0.2494474738, -0.003),
                (0.08123546775, -0.2440771091, -0.003),
                (0.08956538, -0.2381187414, -0.003),
                (0.0976795214, -0.2315867247, -0.003),
                (0.1055583443, -0.2244967953, -0.003),
                (0.1131828679, -0.2168660335, -0.003),
                (0.120534724, -0.2087128224, -0.003),
                (0.1275962014, -0.2000568038, -0.003),
                (0.1343502884, -0.1909188309, -0.003),
                (0.1407807138, -0.1813209178, -0.003),
                (0.1468719861, -0.1712861867, -0.003),
                (0.152609431, -0.1608388122, -0.003),
                (0.1579792263, -0.1500039629, -0.003),
                (0.1629684359, -0.1388077409, -0.003),
                (0.1675650402, -0.1272771189, -0.003),
                (0.1717579657, -0.1154398752, -0.003),
                (0.1755371112, -0.1033245267, -0.003),
                (0.1788933724, -0.09096026042, -0.003),
                (0.1818186638, -0.07837686286, -0.003),
                (0.1843059381, -0.06560464857, -0.003),
                (0.1863492033, -0.05267438694, -0.003),
                (0.1879435369, -0.0396172281, -0.003),
                (0.1890850981, -0.02646462789, -0.003),
                (0.1897711367, -0.01324827207, -0.003),
                (0.1, 0, -0.003),
                (0.09987954562, 0.006378797663, -0.003),
                (0.09951847267, 0.01274222824, -0.003),
                (0.098917651, 0.01907496168, -0.003),
                (0.09807852804, 0.02536174186, -0.003),
                (0.09700312532, 0.03158742339, -0.003),
                (0.09569403357, 0.03773700804, -0.003),
                (0.09415440652, 0.04379568094, -0.003),
                (0.09238795325, 0.04974884621, -0.003),
                (0.09039892931, 0.05558216215, -0.003),
                (0.08819212643, 0.06128157579, -0.003),
                (0.085772861, 0.06683335675, -0.003),
                (0.08314696123, 0.07222413029, -0.003),
                (0.08032075315, 0.07744090958, -0.003),
                (0.07730104534, 0.08247112694, -0.003),
                (0.07409511254, 0.08730266413, -0.003),
                (0.07071067812, 0.09192388155, -0.003),
                (0.06715589548, 0.0963236463, -0.003),
                (0.06343932842, 0.1004913589, -0.003),
                (0.05956993045, 0.1044169791, -0.003),
                (0.0555570233, 0.1080910496, -0.003),
                (0.05141027442, 0.1115047193, -0.003),
                (0.04713967368, 0.1146497644, -0.003),
                (0.04275550934, 0.1175186081, -0.003),
                (0.03826834324, 0.1201043392, -0.003),
                (0.03368898534, 0.1224007285, -0.003),
                (0.02902846773, 0.1244022436, -0.003),
                (0.02429801799, 0.1261040629, -0.003),
                (0.0195090322, 0.1275020865, -0.003),
                (0.01467304745, 0.1285929463, -0.003),
                (0.009801714033, 0.1293740145, -0.003),
                (0.004906767433, 0.1298434093, -0.003),
                (6.123233996e-18, 0.13, -0.003),
                (-0.004906767433, 0.1298434093, -0.003),
                (-0.009801714033, 0.1293740145, -0.003),
                (-0.01467304745, 0.1285929463, -0.003),
                (-0.0195090322, 0.1275020865, -0.003),
                (-0.02429801799, 0.1261040629, -0.003),
                (-0.02902846773, 0.1244022436, -0.003),
                (-0.03368898534, 0.1224007285, -0.003),
                (-0.03826834324, 0.1201043392, -0.003),
                (-0.04275550934, 0.1175186081, -0.003),
                (-0.04713967368, 0.1146497644, -0.003),
                (-0.05141027442, 0.1115047193, -0.003),
                (-0.0555570233, 0.1080910496, -0.003),
                (-0.05956993045, 0.1044169791, -0.003),
                (-0.06343932842, 0.1004913589, -0.003),
                (-0.06715589548, 0.0963236463, -0.003),
                (-0.07071067812, 0.09192388155, -0.003),
                (-0.07409511254, 0.08730266413, -0.003),
                (-0.07730104534, 0.08247112694, -0.003),
                (-0.08032075315, 0.07744090958, -0.003),
                (-0.08314696123, 0.07222413029, -0.003),
                (-0.085772861, 0.06683335675, -0.003),
                (-0.08819212643, 0.06128157579, -0.003),
                (-0.09039892931, 0.05558216215, -0.003),
                (-0.09238795325, 0.04974884621, -0.003),
                (-0.09415440652, 0.04379568094, -0.003),
                (-0.09569403357, 0.03773700804, -0.003),
                (-0.09700312532, 0.03158742339, -0.003),
                (-0.09807852804, 0.02536174186, -0.003),
                (-0.098917651, 0.01907496168, -0.003),
                (-0.09951847267, 0.01274222824, -0.003),
                (-0.09987954562, 0.006378797663, -0.003),
                (-0.1, 1.592040839e-17, -0.003),
                (-0.09987954562, -0.006378797663, -0.003),
                (-0.09951847267, -0.01274222824, -0.003),
                (-0.098917651, -0.01907496168, -0.003),
                (-0.09807852804, -0.02536174186, -0.003),
                (-0.09700312532, -0.03158742339, -0.003),
                (-0.09569403357, -0.03773700804, -0.003),
                (-0.09415440652, -0.04379568094, -0.003),
                (-0.09238795325, -0.04974884621, -0.003),
                (-0.09039892931, -0.05558216215, -0.003),
                (-0.08819212643, -0.06128157579, -0.003),
                (-0.085772861, -0.06683335675, -0.003),
                (-0.08314696123, -0.07222413029, -0.003),
                (-0.08032075315, -0.07744090958, -0.003),
                (-0.07730104534, -0.08247112694, -0.003),
                (-0.07409511254, -0.08730266413, -0.003),
                (-0.07071067812, -0.09192388155, -0.003),
                (-0.06715589548, -0.0963236463, -0.003),
                (-0.06343932842, -0.1004913589, -0.003),
                (-0.05956993045, -0.1044169791, -0.003),
                (-0.0555570233, -0.1080910496, -0.003),
                (-0.05141027442, -0.1115047193, -0.003),
                (-0.04713967368, -0.1146497644, -0.003),
                (-0.04275550934, -0.1175186081, -0.003),
                (-0.03826834324, -0.1201043392, -0.003),
                (-0.03368898534, -0.1224007285, -0.003),
                (-0.02902846773, -0.1244022436, -0.003),
                (-0.02429801799, -0.1261040629, -0.003),
                (-0.0195090322, -0.1275020865, -0.003),
                (-0.01467304745, -0.1285929463, -0.003),
                (-0.009801714033, -0.1293740145, -0.003),
                (-0.004906767433, -0.1298434093, -0.003),
                (-1.836970199e-17, -0.13, -0.003),
                (0.004906767433, -0.1298434093, -0.003),
                (0.009801714033, -0.1293740145, -0.003),
                (0.01467304745, -0.1285929463, -0.003),
                (0.0195090322, -0.1275020865, -0.003),
                (0.02429801799, -0.1261040629, -0.003),
                (0.02902846773, -0.1244022436, -0.003),
                (0.03368898534, -0.1224007285, -0.003),
                (0.03826834324, -0.1201043392, -0.003),
                (0.04275550934, -0.1175186081, -0.003),
                (0.04713967368, -0.1146497644, -0.003),
                (0.05141027442, -0.1115047193, -0.003),
                (0.0555570233, -0.1080910496, -0.003),
                (0.05956993045, -0.1044169791, -0.003),
                (0.06343932842, -0.1004913589, -0.003),
                (0.06715589548, -0.0963236463, -0.003),
                (0.07071067812, -0.09192388155, -0.003),
                (0.07409511254, -0.08730266413, -0.003),
                (0.07730104534, -0.08247112694, -0.003),
                (0.08032075315, -0.07744090958, -0.003),
                (0.08314696123, -0.07222413029, -0.003),
                (0.085772861, -0.06683335675, -0.003),
                (0.08819212643, -0.06128157579, -0.003),
                (0.09039892931, -0.05558216215, -0.003),
                (0.09238795325, -0.04974884621, -0.003),
                (0.09415440652, -0.04379568094, -0.003),
                (0.09569403357, -0.03773700804, -0.003),
                (0.09700312532, -0.03158742339, -0.003),
                (0.09807852804, -0.02536174186, -0.003),
                (0.098917651, -0.01907496168, -0.003),
                (0.09951847267, -0.01274222824, -0.003),
                (0.09987954562, -0.006378797663, -0.003),
                (0.19, 0, 0.003),
                (0.1897711367, 0.01324827207, 0.003),
                (0.1890850981, 0.02646462789, 0.003),
                (0.1879435369, 0.0396172281, 0.003),
                (0.1863492033, 0.05267438694, 0.003),
                (0.1843059381, 0.06560464857, 0.003),
                (0.1818186638, 0.07837686286, 0.003),
                (0.1788933724, 0.09096026042, 0.003),
                (0.1755371112, 0.1033245267, 0.003),
                (0.1717579657, 0.1154398752, 0.003),
                (0.1675650402, 0.1272771189, 0.003),
                (0.1629684359, 0.1388077409, 0.003),
                (0.1579792263, 0.1500039629, 0.003),
                (0.152609431, 0.1608388122, 0.003),
                (0.1468719861, 0.1712861867, 0.003),
                (0.1407807138, 0.1813209178, 0.003),
                (0.1343502884, 0.1909188309, 0.003),
                (0.1275962014, 0.2000568038, 0.003),
                (0.120534724, 0.2087128224, 0.003),
                (0.1131828679, 0.2168660335, 0.003),
                (0.1055583443, 0.2244967953, 0.003),
                (0.0976795214, 0.2315867247, 0.003),
                (0.08956538, 0.2381187414, 0.003),
                (0.08123546775, 0.2440771091, 0.003),
                (0.07270985215, 0.2494474738, 0.003),
                (0.06400907214, 0.2542168976, 0.003),
                (0.05515408868, 0.2583738906, 0.003),
                (0.04616623418, 0.2619084384, 0.003),
                (0.03706716118, 0.2648120257, 0.003),
                (0.02787879015, 0.2670776577, 0.003),
                (0.01862325666, 0.2686998762, 0.003),
                (0.009322858122, 0.2696747732, 0.003),
                (1.163414459e-17, 0.27, 0.003),
                (-0.009322858122, 0.2696747732, 0.003),
                (-0.01862325666, 0.2686998762, 0.003),
                (-0.02787879015, 0.2670776577, 0.003),
                (-0.03706716118, 0.2648120257, 0.003),
                (-0.04616623418, 0.2619084384, 0.003),
                (-0.05515408868, 0.2583738906, 0.003),
                (-0.06400907214, 0.2542168976, 0.003),
                (-0.07270985215, 0.2494474738, 0.003),
                (-0.08123546775, 0.2440771091, 0.003),
                (-0.08956538, 0.2381187414, 0.003),
                (-0.0976795214, 0.2315867247, 0.003),
                (-0.1055583443, 0.2244967953, 0.003),
                (-0.1131828679, 0.2168660335, 0.003),
                (-0.120534724, 0.2087128224, 0.003),
                (-0.1275962014, 0.2000568038, 0.003),
                (-0.1343502884, 0.1909188309, 0.003),
                (-0.1407807138, 0.1813209178, 0.003),
                (-0.1468719861, 0.1712861867, 0.003),
                (-0.152609431, 0.1608388122, 0.003),
                (-0.1579792263, 0.1500039629, 0.003),
                (-0.1629684359, 0.1388077409, 0.003),
                (-0.1675650402, 0.1272771189, 0.003),
                (-0.1717579657, 0.1154398752, 0.003),
                (-0.1755371112, 0.1033245267, 0.003),
                (-0.1788933724, 0.09096026042, 0.003),
                (-0.1818186638, 0.07837686286, 0.003),
                (-0.1843059381, 0.06560464857, 0.003),
                (-0.1863492033, 0.05267438694, 0.003),
                (-0.1879435369, 0.0396172281, 0.003),
                (-0.1890850981, 0.02646462789, 0.003),
                (-0.1897711367, 0.01324827207, 0.003),
                (-0.19, 3.306546358e-17, 0.003),
                (-0.1897711367, -0.01324827207, 0.003),
                (-0.1890850981, -0.02646462789, 0.003),
                (-0.1879435369, -0.0396172281, 0.003),
                (-0.1863492033, -0.05267438694, 0.003),
                (-0.1843059381, -0.06560464857, 0.003),
                (-0.1818186638, -0.07837686286, 0.003),
                (-0.1788933724, -0.09096026042, 0.003),
                (-0.1755371112, -0.1033245267, 0.003),
                (-0.1717579657, -0.1154398752, 0.003),
                (-0.1675650402, -0.1272771189, 0.003),
                (-0.1629684359, -0.1388077409, 0.003),
                (-0.1579792263, -0.1500039629, 0.003),
                (-0.152609431, -0.1608388122, 0.003),
                (-0.1468719861, -0.1712861867, 0.003),
                (-0.1407807138, -0.1813209178, 0.003),
                (-0.1343502884, -0.1909188309, 0.003),
                (-0.1275962014, -0.2000568038, 0.003),
                (-0.120534724, -0.2087128224, 0.003),
                (-0.1131828679, -0.2168660335, 0.003),
                (-0.1055583443, -0.2244967953, 0.003),
                (-0.0976795214, -0.2315867247, 0.003),
                (-0.08956538, -0.2381187414, 0.003),
                (-0.08123546775, -0.2440771091, 0.003),
                (-0.07270985215, -0.2494474738, 0.003),
                (-0.06400907214, -0.2542168976, 0.003),
                (-0.05515408868, -0.2583738906, 0.003),
                (-0.04616623418, -0.2619084384, 0.003),
                (-0.03706716118, -0.2648120257, 0.003),
                (-0.02787879015, -0.2670776577, 0.003),
                (-0.01862325666, -0.2686998762, 0.003),
                (-0.009322858122, -0.2696747732, 0.003),
                (-3.490243378e-17, -0.27, 0.003),
                (0.009322858122, -0.2696747732, 0.003),
                (0.01862325666, -0.2686998762, 0.003),
                (0.02787879015, -0.2670776577, 0.003),
                (0.03706716118, -0.2648120257, 0.003),
                (0.04616623418, -0.2619084384, 0.003),
                (0.05515408868, -0.2583738906, 0.003),
                (0.06400907214, -0.2542168976, 0.003),
                (0.07270985215, -0.2494474738, 0.003),
                (0.08123546775, -0.2440771091, 0.003),
                (0.08956538, -0.2381187414, 0.003),
                (0.0976795214, -0.2315867247, 0.003),
                (0.1055583443, -0.2244967953, 0.003),
                (0.1131828679, -0.2168660335, 0.003),
                (0.120534724, -0.2087128224, 0.003),
                (0.1275962014, -0.2000568038, 0.003),
                (0.1343502884, -0.1909188309, 0.003),
                (0.1407807138, -0.1813209178, 0.003),
                (0.1468719861, -0.1712861867, 0.003),
                (0.152609431, -0.1608388122, 0.003),
                (0.1579792263, -0.1500039629, 0.003),
                (0.1629684359, -0.1388077409, 0.003),
                (0.1675650402, -0.1272771189, 0.003),
                (0.1717579657, -0.1154398752, 0.003),
                (0.1755371112, -0.1033245267, 0.003),
                (0.1788933724, -0.09096026042, 0.003),
                (0.1818186638, -0.07837686286, 0.003),
                (0.1843059381, -0.06560464857, 0.003),
                (0.1863492033, -0.05267438694, 0.003),
                (0.1879435369, -0.0396172281, 0.003),
                (0.1890850981, -0.02646462789, 0.003),
                (0.1897711367, -0.01324827207, 0.003),
                (0.1, 0, 0.003),
                (0.09987954562, 0.006378797663, 0.003),
                (0.09951847267, 0.01274222824, 0.003),
                (0.098917651, 0.01907496168, 0.003),
                (0.09807852804, 0.02536174186, 0.003),
                (0.09700312532, 0.03158742339, 0.003),
                (0.09569403357, 0.03773700804, 0.003),
                (0.09415440652, 0.04379568094, 0.003),
                (0.09238795325, 0.04974884621, 0.003),
                (0.09039892931, 0.05558216215, 0.003),
                (0.08819212643, 0.06128157579, 0.003),
                (0.085772861, 0.06683335675, 0.003),
                (0.08314696123, 0.07222413029, 0.003),
                (0.08032075315, 0.07744090958, 0.003),
                (0.07730104534, 0.08247112694, 0.003),
                (0.07409511254, 0.08730266413, 0.003),
                (0.07071067812, 0.09192388155, 0.003),
                (0.06715589548, 0.0963236463, 0.003),
                (0.06343932842, 0.1004913589, 0.003),
                (0.05956993045, 0.1044169791, 0.003),
                (0.0555570233, 0.1080910496, 0.003),
                (0.05141027442, 0.1115047193, 0.003),
                (0.04713967368, 0.1146497644, 0.003),
                (0.04275550934, 0.1175186081, 0.003),
                (0.03826834324, 0.1201043392, 0.003),
                (0.03368898534, 0.1224007285, 0.003),
                (0.02902846773, 0.1244022436, 0.003),
                (0.02429801799, 0.1261040629, 0.003),
                (0.0195090322, 0.1275020865, 0.003),
                (0.01467304745, 0.1285929463, 0.003),
                (0.009801714033, 0.1293740145, 0.003),
                (0.004906767433, 0.1298434093, 0.003),
                (6.123233996e-18, 0.13, 0.003),
                (-0.004906767433, 0.1298434093, 0.003),
                (-0.009801714033, 0.1293740145, 0.003),
                (-0.01467304745, 0.1285929463, 0.003),
                (-0.0195090322, 0.1275020865, 0.003),
                (-0.02429801799, 0.1261040629, 0.003),
                (-0.02902846773, 0.1244022436, 0.003),
                (-0.03368898534, 0.1224007285, 0.003),
                (-0.03826834324, 0.1201043392, 0.003),
                (-0.04275550934, 0.1175186081, 0.003),
                (-0.04713967368, 0.1146497644, 0.003),
                (-0.05141027442, 0.1115047193, 0.003),
                (-0.0555570233, 0.1080910496, 0.003),
                (-0.05956993045, 0.1044169791, 0.003),
                (-0.06343932842, 0.1004913589, 0.003),
                (-0.06715589548, 0.0963236463, 0.003),
                (-0.07071067812, 0.09192388155, 0.003),
                (-0.07409511254, 0.08730266413, 0.003),
                (-0.07730104534, 0.08247112694, 0.003),
                (-0.08032075315, 0.07744090958, 0.003),
                (-0.08314696123, 0.07222413029, 0.003),
                (-0.085772861, 0.06683335675, 0.003),
                (-0.08819212643, 0.06128157579, 0.003),
                (-0.09039892931, 0.05558216215, 0.003),
                (-0.09238795325, 0.04974884621, 0.003),
                (-0.09415440652, 0.04379568094, 0.003),
                (-0.09569403357, 0.03773700804, 0.003),
                (-0.09700312532, 0.03158742339, 0.003),
                (-0.09807852804, 0.02536174186, 0.003),
                (-0.098917651, 0.01907496168, 0.003),
                (-0.09951847267, 0.01274222824, 0.003),
                (-0.09987954562, 0.006378797663, 0.003),
                (-0.1, 1.592040839e-17, 0.003),
                (-0.09987954562, -0.006378797663, 0.003),
                (-0.09951847267, -0.01274222824, 0.003),
                (-0.098917651, -0.01907496168, 0.003),
                (-0.09807852804, -0.02536174186, 0.003),
                (-0.09700312532, -0.03158742339, 0.003),
                (-0.09569403357, -0.03773700804, 0.003),
                (-0.09415440652, -0.04379568094, 0.003),
                (-0.09238795325, -0.04974884621, 0.003),
                (-0.09039892931, -0.05558216215, 0.003),
                (-0.08819212643, -0.06128157579, 0.003),
                (-0.085772861, -0.06683335675, 0.003),
                (-0.08314696123, -0.07222413029, 0.003),
                (-0.08032075315, -0.07744090958, 0.003),
                (-0.07730104534, -0.08247112694, 0.003),
                (-0.07409511254, -0.08730266413, 0.003),
                (-0.07071067812, -0.09192388155, 0.003),
                (-0.06715589548, -0.0963236463, 0.003),
                (-0.06343932842, -0.1004913589, 0.003),
                (-0.05956993045, -0.1044169791, 0.003),
                (-0.0555570233, -0.1080910496, 0.003),
                (-0.05141027442, -0.1115047193, 0.003),
                (-0.04713967368, -0.1146497644, 0.003),
                (-0.04275550934, -0.1175186081, 0.003),
                (-0.03826834324, -0.1201043392, 0.003),
                (-0.03368898534, -0.1224007285, 0.003),
                (-0.02902846773, -0.1244022436, 0.003),
                (-0.02429801799, -0.1261040629, 0.003),
                (-0.0195090322, -0.1275020865, 0.003),
                (-0.01467304745, -0.1285929463, 0.003),
                (-0.009801714033, -0.1293740145, 0.003),
                (-0.004906767433, -0.1298434093, 0.003),
                (-1.836970199e-17, -0.13, 0.003),
                (0.004906767433, -0.1298434093, 0.003),
                (0.009801714033, -0.1293740145, 0.003),
                (0.01467304745, -0.1285929463, 0.003),
                (0.0195090322, -0.1275020865, 0.003),
                (0.02429801799, -0.1261040629, 0.003),
                (0.02902846773, -0.1244022436, 0.003),
                (0.03368898534, -0.1224007285, 0.003),
                (0.03826834324, -0.1201043392, 0.003),
                (0.04275550934, -0.1175186081, 0.003),
                (0.04713967368, -0.1146497644, 0.003),
                (0.05141027442, -0.1115047193, 0.003),
                (0.0555570233, -0.1080910496, 0.003),
                (0.05956993045, -0.1044169791, 0.003),
                (0.06343932842, -0.1004913589, 0.003),
                (0.06715589548, -0.0963236463, 0.003),
                (0.07071067812, -0.09192388155, 0.003),
                (0.07409511254, -0.08730266413, 0.003),
                (0.07730104534, -0.08247112694, 0.003),
                (0.08032075315, -0.07744090958, 0.003),
                (0.08314696123, -0.07222413029, 0.003),
                (0.085772861, -0.06683335675, 0.003),
                (0.08819212643, -0.06128157579, 0.003),
                (0.09039892931, -0.05558216215, 0.003),
                (0.09238795325, -0.04974884621, 0.003),
                (0.09415440652, -0.04379568094, 0.003),
                (0.09569403357, -0.03773700804, 0.003),
                (0.09700312532, -0.03158742339, 0.003),
                (0.09807852804, -0.02536174186, 0.003),
                (0.098917651, -0.01907496168, 0.003),
                (0.09951847267, -0.01274222824, 0.003),
                (0.09987954562, -0.006378797663, 0.003)
            ]
            normal3f[] normals = [
                (0.7109528011, 7.852644572e-18, -0.7032397277),
                (0.7105327075, 0.02457112524, -0.703235047),
                (0.7092687858, 0.04917356678, -0.7032209822),
                (0.7071500799, 0.07383826224, -0.7031974655),
                (0.7041582212, 0.09859537002, -0.7031643852),
                (0.7002672688, 0.1234738245, -0.7031215876),
                (0.6954434949, 0.1485008231, -0.7030688807),
                (0.6896451233, 0.17370122, -0.7030060385),
                (0.6828220361, 0.1990967988, -0.7029328074),
                (0.6749154678, 0.2247053931, -0.7028489152),
                (0.6658577144, 0.2505398248, -0.7027540825),
                (0.6555718963, 0.2766066231, -0.7026480377),
                (0.6439718257, 0.3029044936, -0.7025305371),
                (0.6309620455, 0.3294225022, -0.7024013897),
                (0.6164381278, 0.3561379517, -0.7022604887),
                (0.6002873409, 0.3830139362, -0.7021078499),
                (0.5823898186, 0.4099965839, -0.701943659),
                (0.5626203902, 0.4370120288, -0.7017683259),
                (0.5408512497, 0.4639632041, -0.7015825474),
                (0.5169556483, 0.4907266094, -0.701387377),
                (0.4908127872, 0.5171492936, -0.7011842954),
                (0.4623140419, 0.5430463906, -0.7009752808),
                (0.4313705631, 0.5681996487, -0.7007628676),
                (0.3979221526, 0.5923574942, -0.7005501835),
                (0.3619471073, 0.6152372225, -0.7003409538),
                (0.323472455, 0.6365298984, -0.700139457),
                (0.2825837113, 0.6559084196, -0.6999504206),
                (0.2394330109, 0.6730389275, -0.6997788475),
                (0.1942442868, 0.6875953271, -0.6996297758),
                (0.1473141828, 0.6992761367, -0.6995079814),
                (0.09900765383, 0.7078223188, -0.6994176502),
                (0.04974776603, 0.7130342734, -0.6993620556),
                (1.579721345e-18, 0.7147859609, -0.6993432849),
                (-0.04974776603, 0.7130342734, -0.6993620556),
                (-0.09900765383, 0.7078223188, -0.6994176502),
                (-0.1473141828, 0.6992761367, -0.6995079814),
                (-0.1942442868, 0.6875953271, -0.6996297758),
                (-0.2394330109, 0.6730389275, -0.6997788475),
                (-0.2825837113, 0.6559084196, -0.6999504206),
                (-0.323472455, 0.6365298984, -0.700139457),
                (-0.3619471073, 0.6152372225, -0.7003409538),
                (-0.3979221526, 0.5923574942, -0.7005501835),
                (-0.4313705631, 0.5681996487, -0.7007628676),
                (-0.4623140419, 0.5430463906, -0.7009752808),
                (-0.4908127872, 0.5171492936, -0.7011842954),
                (-0.5169556483, 0.4907266094, -0.701387377),
                (-0.5408512497, 0.4639632041, -0.7015825474),
                (-0.5626203902, 0.4370120288, -0.7017683259),
                (-0.5823898186, 0.4099965839, -0.701943659),
                (-0.6002873409, 0.3830139362, -0.7021078499),
                (-0.6164381278, 0.3561379517, -0.7022604887),
                (-0.6309620455, 0.3294225022, -0.7024013897),
                (-0.6439718257, 0.3029044936, -0.7025305371),
                (-0.6555718963, 0.2766066231, -0.7026480377),
                (-0.6658577144, 0.2505398248, -0.7027540825),
                (-0.6749154678, 0.2247053931, -0.7028489152),
                (-0.6828220361, 0.1990967988, -0.7029328074),
                (-0.6896451233, 0.17370122, -0.7030060385),
                (-0.6954434949, 0.1485008231, -0.7030688807),
                (-0.7002672688, 0.1234738245, -0.7031215876),
                (-0.7041582212, 0.09859537002, -0.7031643852),
                (-0.7071500799, 0.07383826224, -0.7031974655),
                (-0.7092687858, 0.04917356678, -0.7032209822),
                (-0.7105327075, 0.02457112524, -0.703235047),
                (-0.7109528011, 0, -0.7032397277),
                (-0.7105327075, -0.02457112524, -0.703235047),
                (-0.7092687858, -0.04917356678, -0.7032209822),
                (-0.7071500799, -0.07383826224, -0.7031974655),
                (-0.7041582212, -0.09859537002, -0.7031643852),
                (-0.7002672688, -0.1234738245, -0.7031215876),
                (-0.6954434949, -0.1485008231, -0.7030688807),
                (-0.6896451233, -0.17370122, -0.7030060385),
                (-0.6828220361, -0.1990967988, -0.7029328074),
                (-0.6749154678, -0.2247053931, -0.7028489152),
                (-0.6658577144, -0.2505398248, -0.7027540825),
                (-0.6555718963, -0.2766066231, -0.7026480377),
                (-0.6439718257, -0.3029044936, -0.7025305371),
                (-0.6309620455, -0.3294225022, -0.7024013897),
                (-0.6164381278, -0.3561379517, -0.7022604887),
                (-0.6002873409, -0.3830139362, -0.7021078499),
                (-0.5823898186, -0.4099965839, -0.701943659),
                (-0.5626203902, -0.4370120288, -0.7017683259),
                (-0.5408512497, -0.4639632041, -0.7015825474),
                (-0.5169556483, -0.4907266094, -0.701387377),
                (-0.4908127872, -0.5171492936, -0.7011842954),
                (-0.4623140419, -0.5430463906, -0.7009752808),
                (-0.4313705631, -0.5681996487, -0.7007628676),
                (-0.3979221526, -0.5923574942, -0.7005501835),
                (-0.3619471073, -0.6152372225, -0.7003409538),
                (-0.323472455, -0.6365298984, -0.700139457),
                (-0.2825837113, -0.6559084196, -0.6999504206),
                (-0.2394330109, -0.6730389275, -0.6997788475),
                (-0.1942442868, -0.6875953271, -0.6996297758),
                (-0.1473141828, -0.6992761367, -0.6995079814),
                (-0.09900765383, -0.7078223188, -0.6994176502),
                (-0.04974776603, -0.7130342734, -0.6993620556),
                (6.318885378e-18, -0.7147859609, -0.6993432849),
                (0.04974776603, -0.7130342734, -0.6993620556),
                (0.09900765383, -0.7078223188, -0.6994176502),
                (0.1473141828, -0.6992761367, -0.6995079814),
                (0.1942442868, -0.6875953271, -0.6996297758),
                (0.2394330109, -0.6730389275, -0.6997788475),
                (0.2825837113, -0.6559084196, -0.6999504206),
                (0.323472455, -0.6365298984, -0.700139457),
                (0.3619471073, -0.6152372225, -0.7003409538),
                (0.3979221526, -0.5923574942, -0.7005501835),
                (0.4313705631, -0.5681996487, -0.7007628676),
                (0.4623140419, -0.5430463906, -0.7009752808),
                (0.4908127872, -0.5171492936, -0.7011842954),
                (0.5169556483, -0.4907266094, -0.701387377),
                (0.5408512497, -0.4639632041, -0.7015825474),
                (0.5626203902, -0.4370120288, -0.7017683259),
                (0.5823898186, -0.4099965839, -0.701943659),
                (0.6002873409, -0.3830139362, -0.7021078499),
                (0.6164381278, -0.3561379517, -0.7022604887),
                (0.6309620455, -0.3294225022, -0.7024013897),
                (0.6439718257, -0.3029044936, -0.7025305371),
                (0.6555718963, -0.2766066231, -0.7026480377),
                (0.6658577144, -0.2505398248, -0.7027540825),
                (0.6749154678, -0.2247053931, -0.7028489152),
                (0.6828220361, -0.1990967988, -0.7029328074),
                (0.6896451233, -0.17370122, -0.7030060385),
                (0.6954434949, -0.1485008231, -0.7030688807),
                (0.7002672688, -0.1234738245, -0.7031215876),
                (0.7041582212, -0.09859537002, -0.7031643852),
                (0.7071500799, -0.07383826224, -0.7031974655),
                (0.7092687858, -0.04917356678, -0.7032209822),
                (0.7105327075, -0.02457112524, -0.703235047),
                (-0.7028064402, -9.315470091e-18, -0.7113811268),
                (-0.7023006217, -0.02654639346, -0.7113853567),
                (-0.7007799622, -0.05310603463, -0.7113980557),
                (-0.6982348464, -0.07969158163, -0.7114192512),
                (-0.6946492397, -0.1063144972, -0.7114489873),
                (-0.6900006799, -0.1329844102, -0.7114873213),
                (-0.6842602783, -0.1597084293, -0.7115343204),
                (-0.6773927419, -0.1864903916, -0.7115900555),
                (-0.6693564341, -0.2133300329, -0.711654594),
                (-0.6601034969, -0.2402220651, -0.7117279908),
                (-0.6495800615, -0.26715515, -0.7118102763),
                (-0.6377265834, -0.294110761, -0.7119014434),
                (-0.6244783419, -0.3210619329, -0.7120014296),
                (-0.6097661541, -0.347971903, -0.7121100983),
                (-0.5935173575, -0.3747926628, -0.7122272154),
                (-0.5756571221, -0.4014634508, -0.7123524237),
                (-0.5561101538, -0.4279092383, -0.7124852143),
                (-0.53480285, -0.454039281, -0.7126248964),
                (-0.5116659569, -0.4797458377, -0.712770566),
                (-0.4866377618, -0.5049031869, -0.7129210761),
                (-0.4596678176, -0.5293670998, -0.7130750108),
                (-0.430721157, -0.5529749551, -0.7132306667),
                (-0.3997828847, -0.5755466927, -0.7133860453),
                (-0.3668629689, -0.596886803, -0.7135388612),
                (-0.3320009627, -0.6167875154, -0.7136865709),
                (-0.2952703071, -0.6350332913, -0.7138264247),
                (-0.2567817982, -0.6514066225, -0.713955545),
                (-0.2166857682, -0.6656950072, -0.7140710295),
                (-0.1751725429, -0.6776988134, -0.7141700767),
                (-0.1324708248, -0.68723958, -0.7142501245),
                (-0.08884379821, -0.6941681663, -0.7143089923),
                (-0.04458296977, -0.6983720796, -0.7143450128),
                (0, -0.6997813076, -0.7143571387),
                (0.04458296977, -0.6983720796, -0.7143450128),
                (0.08884379821, -0.6941681663, -0.7143089923),
                (0.1324708248, -0.68723958, -0.7142501245),
                (0.1751725429, -0.6776988134, -0.7141700767),
                (0.2166857682, -0.6656950072, -0.7140710295),
                (0.2567817982, -0.6514066225, -0.713955545),
                (0.2952703071, -0.6350332913, -0.7138264247),
                (0.3320009627, -0.6167875154, -0.7136865709),
                (0.3668629689, -0.596886803, -0.7135388612),
                (0.3997828847, -0.5755466927, -0.7133860453),
                (0.430721157, -0.5529749551, -0.7132306667),
                (0.4596678176, -0.5293670998, -0.7130750108),
                (0.4866377618, -0.5049031869, -0.7129210761),
                (0.5116659569, -0.4797458377, -0.712770566),
                (0.53480285, -0.454039281, -0.7126248964),
                (0.5561101538, -0.4279092383, -0.7124852143),
                (0.5756571221, -0.4014634508, -0.7123524237),
                (0.5935173575, -0.3747926628, -0.7122272154),
                (0.6097661541, -0.347971903, -0.7121100983),
                (0.6244783419, -0.3210619329, -0.7120014296),
                (0.6377265834, -0.294110761, -0.7119014434),
                (0.6495800615, -0.26715515, -0.7118102763),
                (0.6601034969, -0.2402220651, -0.7117279908),
                (0.6693564341, -0.2133300329, -0.711654594),
                (0.6773927419, -0.1864903916, -0.7115900555),
                (0.6842602783, -0.1597084293, -0.7115343204),
                (0.6900006799, -0.1329844102, -0.7114873213),
                (0.6946492397, -0.1063144972, -0.7114489873),
                (0.6982348464, -0.07969158163, -0.7114192512),
                (0.7007799622, -0.05310603463, -0.7113980557),
                (0.7023006217, -0.02654639346, -0.7113853567),
                (0.7028064402, 0, -0.7113811268),
                (0.7023006217, 0.02654639346, -0.7113853567),
                (0.7007799622, 0.05310603463, -0.7113980557),
                (0.6982348464, 0.07969158163, -0.7114192512),
                (0.6946492397, 0.1063144972, -0.7114489873),
                (0.6900006799, 0.1329844102, -0.7114873213),
                (0.6842602783, 0.1597084293, -0.7115343204),
                (0.6773927419, 0.1864903916, -0.7115900555),
                (0.6693564341, 0.2133300329, -0.711654594),
                (0.6601034969, 0.2402220651, -0.7117279908),
                (0.6495800615, 0.26715515, -0.7118102763),
                (0.6377265834, 0.294110761, -0.7119014434),
                (0.6244783419, 0.3210619329, -0.7120014296),
                (0.6097661541, 0.347971903, -0.7121100983),
                (0.5935173575, 0.3747926628, -0.7122272154),
                (0.5756571221, 0.4014634508, -0.7123524237),
                (0.5561101538, 0.4279092383, -0.7124852143),
                (0.53480285, 0.454039281, -0.7126248964),
                (0.5116659569, 0.4797458377, -0.712770566),
                (0.4866377618, 0.5049031869, -0.7129210761),
                (0.4596678176, 0.5293670998, -0.7130750108),
                (0.430721157, 0.5529749551, -0.7132306667),
                (0.3997828847, 0.5755466927, -0.7133860453),
                (0.3668629689, 0.596886803, -0.7135388612),
                (0.3320009627, 0.6167875154, -0.7136865709),
                (0.2952703071, 0.6350332913, -0.7138264247),
                (0.2567817982, 0.6514066225, -0.713955545),
                (0.2166857682, 0.6656950072, -0.7140710295),
                (0.1751725429, 0.6776988134, -0.7141700767),
                (0.1324708248, 0.68723958, -0.7142501245),
                (0.08884379821, 0.6941681663, -0.7143089923),
                (0.04458296977, 0.6983720796, -0.7143450128),
                (-1.54640681e-18, 0.6997813076, -0.7143571387),
                (-0.04458296977, 0.6983720796, -0.7143450128),
                (-0.08884379821, 0.6941681663, -0.7143089923),
                (-0.1324708248, 0.68723958, -0.7142501245),
                (-0.1751725429, 0.6776988134, -0.7141700767),
                (-0.2166857682, 0.6656950072, -0.7140710295),
                (-0.2567817982, 0.6514066225, -0.713955545),
                (-0.2952703071, 0.6350332913, -0.7138264247),
                (-0.3320009627, 0.6167875154, -0.7136865709),
                (-0.3668629689, 0.596886803, -0.7135388612),
                (-0.3997828847, 0.5755466927, -0.7133860453),
                (-0.430721157, 0.5529749551, -0.7132306667),
                (-0.4596678176, 0.5293670998, -0.7130750108),
                (-0.4866377618, 0.5049031869, -0.7129210761),
                (-0.5116659569, 0.4797458377, -0.712770566),
                (-0.53480285, 0.454039281, -0.7126248964),
                (-0.5561101538, 0.4279092383, -0.7124852143),
                (-0.5756571221, 0.4014634508, -0.7123524237),
                (-0.5935173575, 0.3747926628, -0.7122272154),
                (-0.6097661541, 0.347971903, -0.7121100983),
                (-0.6244783419, 0.3210619329, -0.7120014296),
                (-0.6377265834, 0.294110761, -0.7119014434),
                (-0.6495800615, 0.26715515, -0.7118102763),
                (-0.6601034969, 0.2402220651, -0.7117279908),
                (-0.6693564341, 0.2133300329, -0.711654594),
                (-0.6773927419, 0.1864903916, -0.7115900555),
                (-0.6842602783, 0.1597084293, -0.7115343204),
                (-0.6900006799, 0.1329844102, -0.7114873213),
                (-0.6946492397, 0.1063144972, -0.7114489873),
                (-0.6982348464, 0.07969158163, -0.7114192512),
                (-0.7007799622, 0.05310603463, -0.7113980557),
                (-0.7023006217, 0.02654639346, -0.7113853567),
                (0.7109528011, 1.020843794e-17, 0.7032397277),
                (0.7105327075, 0.02457112524, 0.703235047),
                (0.7092687858, 0.04917356678, 0.7032209822),
                (0.7071500799, 0.07383826224, 0.7031974655),
                (0.7041582212, 0.09859537002, 0.7031643852),
                (0.7002672688, 0.1234738245, 0.7031215876),
                (0.6954434949, 0.1485008231, 0.7030688807),
                (0.6896451233, 0.17370122, 0.7030060385),
                (0.6828220361, 0.1990967988, 0.7029328074),
                (0.6749154678, 0.2247053931, 0.7028489152),
                (0.6658577144, 0.2505398248, 0.7027540825),
                (0.6555718963, 0.2766066231, 0.7026480377),
                (0.6439718257, 0.3029044936, 0.7025305371),
                (0.6309620455, 0.3294225022, 0.7024013897),
                (0.6164381278, 0.3561379517, 0.7022604887),
                (0.6002873409, 0.3830139362, 0.7021078499),
                (0.5823898186, 0.4099965839, 0.701943659),
                (0.5626203902, 0.4370120288, 0.7017683259),
                (0.5408512497, 0.4639632041, 0.7015825474),
                (0.5169556483, 0.4907266094, 0.701387377),
                (0.4908127872, 0.5171492936, 0.7011842954),
                (0.4623140419, 0.5430463906, 0.7009752808),
                (0.4313705631, 0.5681996487, 0.7007628676),
                (0.3979221526, 0.5923574942, 0.7005501835),
                (0.3619471073, 0.6152372225, 0.7003409538),
                (0.323472455, 0.6365298984, 0.700139457),
                (0.2825837113, 0.6559084196, 0.6999504206),
                (0.2394330109, 0.6730389275, 0.6997788475),
                (0.1942442868, 0.6875953271, 0.6996297758),
                (0.1473141828, 0.6992761367, 0.6995079814),
                (0.09900765383, 0.7078223188, 0.6994176502),
                (0.04974776603, 0.7130342734, 0.6993620556),
                (4.739164034e-18, 0.7147859609, 0.6993432849),
                (-0.04974776603, 0.7130342734, 0.6993620556),
                (-0.09900765383, 0.7078223188, 0.6994176502),
                (-0.1473141828, 0.6992761367, 0.6995079814),
                (-0.1942442868, 0.6875953271, 0.6996297758),
                (-0.2394330109, 0.6730389275, 0.6997788475),
                (-0.2825837113, 0.6559084196, 0.6999504206),
                (-0.323472455, 0.6365298984, 0.700139457),
                (-0.3619471073, 0.6152372225, 0.7003409538),
                (-0.3979221526, 0.5923574942, 0.7005501835),
                (-0.4313705631, 0.5681996487, 0.7007628676),
                (-0.4623140419, 0.5430463906, 0.7009752808),
                (-0.4908127872, 0.5171492936, 0.7011842954),
                (-0.5169556483, 0.4907266094, 0.701387377),
                (-0.5408512497, 0.4639632041, 0.7015825474),
                (-0.5626203902, 0.4370120288, 0.7017683259),
                (-0.5823898186, 0.4099965839, 0.701943659),
                (-0.6002873409, 0.3830139362, 0.7021078499),
                (-0.6164381278, 0.3561379517, 0.7022604887),
                (-0.6309620455, 0.3294225022, 0.7024013897),
                (-0.6439718257, 0.3029044936, 0.7025305371),
                (-0.6555718963, 0.2766066231, 0.7026480377),
                (-0.6658577144, 0.2505398248, 0.7027540825),
                (-0.6749154678, 0.2247053931, 0.7028489152),
                (-0.6828220361, 0.1990967988, 0.7029328074),
                (-0.6896451233, 0.17370122, 0.7030060385),
                (-0.6954434949, 0.1485008231, 0.7030688807),
                (-0.7002672688, 0.1234738245, 0.7031215876),
                (-0.7041582212, 0.09859537002, 0.7031643852),
                (-0.7071500799, 0.07383826224, 0.7031974655),
                (-0.7092687858, 0.04917356678, 0.7032209822),
                (-0.7105327075, 0.02457112524, 0.703235047),
                (-0.7109528011, 0, 0.7032397277),
                (-0.7105327075, -0.02457112524, 0.703235047),
                (-0.7092687858, -0.04917356678, 0.7032209822),
                (-0.7071500799, -0.07383826224, 0.7031974655),
                (-0.7041582212, -0.09859537002, 0.7031643852),
                (-0.7002672688, -0.1234738245, 0.7031215876),
                (-0.6954434949, -0.1485008231, 0.7030688807),
                (-0.6896451233, -0.17370122, 0.7030060385),
                (-0.6828220361, -0.1990967988, 0.7029328074),
                (-0.6749154678, -0.2247053931, 0.7028489152),
                (-0.6658577144, -0.2505398248, 0.7027540825),
                (-0.6555718963, -0.2766066231, 0.7026480377),
                (-0.6439718257, -0.3029044936, 0.7025305371),
                (-0.6309620455, -0.3294225022, 0.7024013897),
                (-0.6164381278, -0.3561379517, 0.7022604887),
                (-0.6002873409, -0.3830139362, 0.7021078499),
                (-0.5823898186, -0.4099965839, 0.701943659),
                (-0.5626203902, -0.4370120288, 0.7017683259),
                (-0.5408512497, -0.4639632041, 0.7015825474),
                (-0.5169556483, -0.4907266094, 0.701387377),
                (-0.4908127872, -0.5171492936, 0.7011842954),
                (-0.4623140419, -0.5430463906, 0.7009752808),
                (-0.4313705631, -0.5681996487, 0.7007628676),
                (-0.3979221526, -0.5923574942, 0.7005501835),
                (-0.3619471073, -0.6152372225, 0.7003409538),
                (-0.323472455, -0.6365298984, 0.700139457),
                (-0.2825837113, -0.6559084196, 0.6999504206),
                (-0.2394330109, -0.6730389275, 0.6997788475),
                (-0.1942442868, -0.6875953271, 0.6996297758),
                (-0.1473141828, -0.6992761367, 0.6995079814),
                (-0.09900765383, -0.7078223188, 0.6994176502),
                (-0.04974776603, -0.7130342734, 0.6993620556),
                (1.579721345e-18, -0.7147859609, 0.6993432849),
                (0.04974776603, -0.7130342734, 0.6993620556),
                (0.09900765383, -0.7078223188, 0.6994176502),
                (0.1473141828, -0.6992761367, 0.6995079814),
                (0.1942442868, -0.6875953271, 0.6996297758),
                (0.2394330109, -0.6730389275, 0.6997788475),
                (0.2825837113, -0.6559084196, 0.6999504206),
                (0.323472455, -0.6365298984, 0.700139457),
                (0.3619471073, -0.6152372225, 0.7003409538),
                (0.3979221526, -0.5923574942, 0.7005501835),
                (0.4313705631, -0.5681996487, 0.7007628676),
                (0.4623140419, -0.5430463906, 0.7009752808),
                (0.4908127872, -0.5171492936, 0.7011842954),
                (0.5169556483, -0.4907266094, 0.701387377),
                (0.5408512497, -0.4639632041, 0.7015825474),
                (0.5626203902, -0.4370120288, 0.7017683259),
                (0.5823898186, -0.4099965839, 0.701943659),
                (0.6002873409, -0.3830139362, 0.7021078499),
                (0.6164381278, -0.3561379517, 0.7022604887),
                (0.6309620455, -0.3294225022, 0.7024013897),
                (0.6439718257, -0.3029044936, 0.7025305371),
                (0.6555718963, -0.2766066231, 0.7026480377),
                (0.6658577144, -0.2505398248, 0.7027540825),
                (0.6749154678, -0.2247053931, 0.7028489152),
                (0.6828220361, -0.1990967988, 0.7029328074),
                (0.6896451233, -0.17370122, 0.7030060385),
                (0.6954434949, -0.1485008231, 0.7030688807),
                (0.7002672688, -0.1234738245, 0.7031215876),
                (0.7041582212, -0.09859537002, 0.7031643852),
                (0.7071500799, -0.07383826224, 0.7031974655),
                (0.7092687858, -0.04917356678, 0.7032209822),
                (0.7105327075, -0.02457112524, 0.703235047),
                (-0.7028064402, -9.315470091e-18, 0.7113811268),
                (-0.7023006217, -0.02654639346, 0.7113853567),
                (-0.7007799622, -0.05310603463, 0.7113980557),
                (-0.6982348464, -0.07969158163, 0.7114192512),
                (-0.6946492397, -0.1063144972, 0.7114489873),
                (-0.6900006799, -0.1329844102, 0.7114873213),
                (-0.6842602783, -0.1597084293, 0.7115343204),
                (-0.6773927419, -0.1864903916, 0.7115900555),
                (-0.6693564341, -0.2133300329, 0.711654594),
                (-0.6601034969, -0.2402220651, 0.7117279908),
                (-0.6495800615, -0.26715515, 0.7118102763),
                (-0.6377265834, -0.294110761, 0.7119014434),
                (-0.6244783419, -0.3210619329, 0.7120014296),
                (-0.6097661541, -0.347971903, 0.7121100983),
                (-0.5935173575, -0.3747926628, 0.7122272154),
                (-0.5756571221, -0.4014634508, 0.7123524237),
                (-0.5561101538, -0.4279092383, 0.7124852143),
                (-0.53480285, -0.454039281, 0.7126248964),
                (-0.5116659569, -0.4797458377, 0.712770566),
                (-0.4866377618, -0.5049031869, 0.7129210761),
                (-0.4596678176, -0.5293670998, 0.7130750108),
                (-0.430721157, -0.5529749551, 0.7132306667),
                (-0.3997828847, -0.5755466927, 0.7133860453),
                (-0.3668629689, -0.596886803, 0.7135388612),
                (-0.3320009627, -0.6167875154, 0.7136865709),
                (-0.2952703071, -0.6350332913, 0.7138264247),
                (-0.2567817982, -0.6514066225, 0.713955545),
                (-0.2166857682, -0.6656950072, 0.7140710295),
                (-0.1751725429, -0.6776988134, 0.7141700767),
                (-0.1324708248, -0.68723958, 0.7142501245),
                (-0.08884379821, -0.6941681663, 0.7143089923),
                (-0.04458296977, -0.6983720796, 0.7143450128),
                (0, -0.6997813076, 0.7143571387),
                (0.04458296977, -0.6983720796, 0.7143450128),
                (0.08884379821, -0.6941681663, 0.7143089923),
                (0.1324708248, -0.68723958, 0.7142501245),
                (0.1751725429, -0.6776988134, 0.7141700767),
                (0.2166857682, -0.6656950072, 0.7140710295),
                (0.2567817982, -0.6514066225, 0.713955545),
                (0.2952703071, -0.6350332913, 0.7138264247),
                (0.3320009627, -0.6167875154, 0.7136865709),
                (0.3668629689, -0.596886803, 0.7135388612),
                (0.3997828847, -0.5755466927, 0.7133860453),
                (0.430721157, -0.5529749551, 0.7132306667),
                (0.4596678176, -0.5293670998, 0.7130750108),
                (0.4866377618, -0.5049031869, 0.7129210761),
                (0.5116659569, -0.4797458377, 0.712770566),
                (0.53480285, -0.454039281, 0.7126248964),
                (0.5561101538, -0.4279092383, 0.7124852143),
                (0.5756571221, -0.4014634508, 0.7123524237),
                (0.5935173575, -0.3747926628, 0.7122272154),
                (0.6097661541, -0.347971903, 0.7121100983),
                (0.6244783419, -0.3210619329, 0.7120014296),
                (0.6377265834, -0.294110761, 0.7119014434),
                (0.6495800615, -0.26715515, 0.7118102763),
                (0.6601034969, -0.2402220651, 0.7117279908),
                (0.6693564341, -0.2133300329, 0.711654594),
                (0.6773927419, -0.1864903916, 0.7115900555),
                (0.6842602783, -0.1597084293, 0.7115343204),
                (0.6900006799, -0.1329844102, 0.7114873213),
                (0.6946492397, -0.1063144972, 0.7114489873),
                (0.6982348464, -0.07969158163, 0.7114192512),
                (0.7007799622, -0.05310603463, 0.7113980557),
                (0.7023006217, -0.02654639346, 0.7113853567),
                (0.7028064402, 0, 0.7113811268),
                (0.7023006217, 0.02654639346, 0.7113853567),
                (0.7007799622, 0.05310603463, 0.7113980557),
                (0.6982348464, 0.07969158163, 0.7114192512),
                (0.6946492397, 0.1063144972, 0.7114489873),
                (0.6900006799, 0.1329844102, 0.7114873213),
                (0.6842602783, 0.1597084293, 0.7115343204),
                (0.6773927419, 0.1864903916, 0.7115900555),
                (0.6693564341, 0.2133300329, 0.711654594),
                (0.6601034969, 0.2402220651, 0.7117279908),
                (0.6495800615, 0.26715515, 0.7118102763),
                (0.6377265834, 0.294110761, 0.7119014434),
                (0.6244783419, 0.3210619329, 0.7120014296),
                (0.6097661541, 0.347971903, 0.7121100983),
                (0.5935173575, 0.3747926628, 0.7122272154),
                (0.5756571221, 0.4014634508, 0.7123524237),
                (0.5561101538, 0.4279092383, 0.7124852143),
                (0.53480285, 0.454039281, 0.7126248964),
                (0.5116659569, 0.4797458377, 0.712770566),
                (0.4866377618, 0.5049031869, 0.7129210761),
                (0.4596678176, 0.5293670998, 0.7130750108),
                (0.430721157, 0.5529749551, 0.7132306667),
                (0.3997828847, 0.5755466927, 0.7133860453),
                (0.3668629689, 0.596886803, 0.7135388612),
                (0.3320009627, 0.6167875154, 0.7136865709),
                (0.2952703071, 0.6350332913, 0.7138264247),
                (0.2567817982, 0.6514066225, 0.713955545),
                (0.2166857682, 0.6656950072, 0.7140710295),
                (0.1751725429, 0.6776988134, 0.7141700767),
                (0.1324708248, 0.68723958, 0.7142501245),
                (0.08884379821, 0.6941681663, 0.7143089923),
                (0.04458296977, 0.6983720796, 0.7143450128),
                (1.54640681e-18, 0.6997813076, 0.7143571387),
                (-0.04458296977, 0.6983720796, 0.7143450128),
                (-0.08884379821, 0.6941681663, 0.7143089923),
                (-0.1324708248, 0.68723958, 0.7142501245),
                (-0.1751725429, 0.6776988134, 0.7141700767),
                (-0.2166857682, 0.6656950072, 0.7140710295),
                (-0.2567817982, 0.6514066225, 0.713955545),
                (-0.2952703071, 0.6350332913, 0.7138264247),
                (-0.3320009627, 0.6167875154, 0.7136865709),
                (-0.3668629689, 0.596886803, 0.7135388612),
                (-0.3997828847, 0.5755466927, 0.7133860453),
                (-0.430721157, 0.5529749551, 0.7132306667),
                (-0.4596678176, 0.5293670998, 0.7130750108),
                (-0.4866377618, 0.5049031869, 0.7129210761),
                (-0.5116659569, 0.4797458377, 0.712770566),
                (-0.53480285, 0.454039281, 0.7126248964),
                (-0.5561101538, 0.4279092383, 0.7124852143),
                (-0.5756571221, 0.4014634508, 0.7123524237),
                (-0.5935173575, 0.3747926628, 0.7122272154),
                (-0.6097661541, 0.347971903, 0.7121100983),
                (-0.6244783419, 0.3210619329, 0.7120014296),
                (-0.6377265834, 0.294110761, 0.7119014434),
                (-0.6495800615, 0.26715515, 0.7118102763),
                (-0.6601034969, 0.2402220651, 0.7117279908),
                (-0.6693564341, 0.2133300329, 0.711654594),
                (-0.6773927419, 0.1864903916, 0.7115900555),
                (-0.6842602783, 0.1597084293, 0.7115343204),
                (-0.6900006799, 0.1329844102, 0.7114873213),
                (-0.6946492397, 0.1063144972, 0.7114489873),
                (-0.6982348464, 0.07969158163, 0.7114192512),
                (-0.7007799622, 0.05310603463, 0.7113980557),
                (-0.7023006217, 0.02654639346, 0.7113853567)
            ] (
                interpolation = "vertex"
            )
            uniform token subdivisionScheme = "none"
        }
    }
    def Scope "Frames"
    {
        def Xform "center"
        {
            custom string drAnmar:role = "skin_center"
            double3 xformOp:translate = (0, 0, 0)
            quatf xformOp:orient = (1, 0, 0, 0)
            uniform token[] xformOpOrder = ["xformOp:translate", "xformOp:orient"]
        }
    }

    variantSet "access_state" = {
        "intact" {
            over "Geometry"
            {
                over "Visual"
                {
                    token visibility = "inherited"
                }
                over "OpenVisual"
                {
                    token visibility = "invisible"
                }
            }
        }
        "open" {
            over "Geometry"
            {
                over "Visual"
                {
                    token visibility = "invisible"
                }
                over "OpenVisual"
                {
                    token visibility = "inherited"
                }
            }
        }
    }
}
