#usda 1.0
(
    defaultPrim = "DrAnmarSuturableTissueTet"
    doc = "DrAnmar Suturable Tissue: explicit backend-neutral tetrahedral simulation mesh; not clinically validated."
    kilogramsPerUnit = 1
    metersPerUnit = 1
    upAxis = "Z"
)

def Xform "DrAnmarSuturableTissueTet" (
    customData = {
        string drAnmarAssetId = "dr-anmar-suturable-tissue"
        string drAnmarAssetName = "DrAnmar Suturable Tissue"
        string drAnmarAssetVersion = "1.0.0"
        string drAnmarAuthorship = "Independent Dr.Anmar procedural geometry, topology, mechanics and calibration contract"
        bool drAnmarClinicalValidation = false
        int drAnmarConnectedComponents = 2
        string drAnmarProfileId = "dr-anmar-suturable-tissue-v1"
        string drAnmarRepresentation = "explicit_openusd_tetmesh_with_surface_visualization"
        int drAnmarSimToRealGapCount = 10
        int drAnmarSurfaceTriangleCount = 2688
        int drAnmarTetrahedronCount = 10368
        int drAnmarVertexCount = 2470
        string drAnmarWoundTopology = "two_disconnected_watertight_flaps_with_open_incision"
        string drAnmarStatus = "research_informed_engineering_model_pending_bench_and_clinical_validation"
    }
)
{
    def Scope "Materials"
    {
        def Material "Surface"
        {
            def Shader "PreviewSurface"
            {
                uniform token info:id = "UsdPreviewSurface"
                color3f inputs:diffuseColor = (0.58, 0.18, 0.16)
                float inputs:metallic = 0
                float inputs:roughness = 0.58
                token outputs:surface
            }
            token outputs:surface.connect = </DrAnmarSuturableTissueTet/Materials/Surface/PreviewSurface.outputs:surface>
        }

        def Material "Bulk"
        {
            def Shader "PreviewSurface"
            {
                uniform token info:id = "UsdPreviewSurface"
                color3f inputs:diffuseColor = (0.72, 0.31, 0.26)
                float inputs:metallic = 0
                float inputs:roughness = 0.58
                token outputs:surface
            }
            token outputs:surface.connect = </DrAnmarSuturableTissueTet/Materials/Bulk/PreviewSurface.outputs:surface>
        }

        def Material "Fascia"
        {
            def Shader "PreviewSurface"
            {
                uniform token info:id = "UsdPreviewSurface"
                color3f inputs:diffuseColor = (0.82, 0.66, 0.45)
                float inputs:metallic = 0
                float inputs:roughness = 0.58
                token outputs:surface
            }
            token outputs:surface.connect = </DrAnmarSuturableTissueTet/Materials/Fascia/PreviewSurface.outputs:surface>
        }

        def Material "Wound"
        {
            def Shader "PreviewSurface"
            {
                uniform token info:id = "UsdPreviewSurface"
                color3f inputs:diffuseColor = (0.36, 0.035, 0.025)
                float inputs:metallic = 0
                float inputs:roughness = 0.58
                token outputs:surface
            }
            token outputs:surface.connect = </DrAnmarSuturableTissueTet/Materials/Wound/PreviewSurface.outputs:surface>
        }
    }

    def TetMesh "Simulation"
    {
        float3[] extent = [(-0.035, -0.0225, -0.003), (0.035, 0.0225, 0.003)]
        point3f[] points = [
            (-0.035, -0.0225, -0.003),
            (-0.03225, -0.0225, -0.003),
            (-0.0295, -0.0225, -0.003),
            (-0.02675, -0.0225, -0.003),
            (-0.024, -0.0225, -0.003),
            (-0.02125, -0.0225, -0.003),
            (-0.0185, -0.0225, -0.003),
            (-0.01575, -0.0225, -0.003),
            (-0.013, -0.0225, -0.003),
            (-0.01025, -0.0225, -0.003),
            (-0.0075, -0.0225, -0.003),
            (-0.00475, -0.0225, -0.003),
            (-0.002, -0.0225, -0.003),
            (-0.035, -0.02, -0.003),
            (-0.0322212733334, -0.02, -0.003),
            (-0.0294425466668, -0.02, -0.003),
            (-0.0266638200001, -0.02, -0.003),
            (-0.0238850933335, -0.02, -0.003),
            (-0.0211063666669, -0.02, -0.003),
            (-0.0183276400003, -0.02, -0.003),
            (-0.0155489133337, -0.02, -0.003),
            (-0.0127701866671, -0.02, -0.003),
            (-0.00999146000045, -0.02, -0.003),
            (-0.00721273333383, -0.02, -0.003),
            (-0.00443400666721, -0.02, -0.003),
            (-0.0016552800006, -0.02, -0.003),
            (-0.035, -0.0175, -0.003),
            (-0.0322130697093, -0.0175, -0.003),
            (-0.0294261394185, -0.0175, -0.003),
            (-0.0266392091278, -0.0175, -0.003),
            (-0.023852278837, -0.0175, -0.003),
            (-0.0210653485463, -0.0175, -0.003),
            (-0.0182784182556, -0.0175, -0.003),
            (-0.0154914879648, -0.0175, -0.003),
            (-0.0127045576741, -0.0175, -0.003),
            (-0.00991762738336, -0.0175, -0.003),
            (-0.00713069709262, -0.0175, -0.003),
            (-0.00434376680188, -0.0175, -0.003),
            (-0.00155683651114, -0.0175, -0.003),
            (-0.035, -0.015, -0.003),
            (-0.03223125, -0.015, -0.003),
            (-0.0294625, -0.015, -0.003),
            (-0.02669375, -0.015, -0.003),
            (-0.023925, -0.015, -0.003),
            (-0.02115625, -0.015, -0.003),
            (-0.0183875, -0.015, -0.003),
            (-0.01561875, -0.015, -0.003),
            (-0.01285, -0.015, -0.003),
            (-0.01008125, -0.015, -0.003),
            (-0.0073125, -0.015, -0.003),
            (-0.00454375, -0.015, -0.003),
            (-0.001775, -0.015, -0.003),
            (-0.035, -0.0125, -0.003),
            (-0.0322628257554, -0.0125, -0.003),
            (-0.0295256515107, -0.0125, -0.003),
            (-0.0267884772661, -0.0125, -0.003),
            (-0.0240513030215, -0.0125, -0.003),
            (-0.0213141287769, -0.0125, -0.003),
            (-0.0185769545322, -0.0125, -0.003),
            (-0.0158397802876, -0.0125, -0.003),
            (-0.013102606043, -0.0125, -0.003),
            (-0.0103654317984, -0.0125, -0.003),
            (-0.00762825755375, -0.0125, -0.003),
            (-0.00489108330912, -0.0125, -0.003),
            (-0.0021539090645, -0.0125, -0.003),
            (-0.035, -0.01, -0.003),
            (-0.0322852384733, -0.01, -0.003),
            (-0.0295704769466, -0.01, -0.003),
            (-0.0268557154198, -0.01, -0.003),
            (-0.0241409538931, -0.01, -0.003),
            (-0.0214261923664, -0.01, -0.003),
            (-0.0187114308397, -0.01, -0.003),
            (-0.015996669313, -0.01, -0.003),
            (-0.0132819077862, -0.01, -0.003),
            (-0.0105671462595, -0.01, -0.003),
            (-0.00785238473279, -0.01, -0.003),
            (-0.00513762320607, -0.01, -0.003),
            (-0.00242286167935, -0.01, -0.003),
            (-0.035, -0.0075, -0.003),
            (-0.0322824759526, -0.0075, -0.003),
            (-0.0295649519053, -0.0075, -0.003),
            (-0.0268474278579, -0.0075, -0.003),
            (-0.0241299038106, -0.0075, -0.003),
            (-0.0214123797632, -0.0075, -0.003),
            (-0.0186948557159, -0.0075, -0.003),
            (-0.0159773316685, -0.0075, -0.003),
            (-0.0132598076211, -0.0075, -0.003),
            (-0.0105422835738, -0.0075, -0.003),
            (-0.00782475952642, -0.0075, -0.003),
            (-0.00510723547906, -0.0075, -0.003),
            (-0.0023897114317, -0.0075, -0.003),
            (-0.035, -0.005, -0.003),
            (-0.0322565118067, -0.005, -0.003),
            (-0.0295130236133, -0.005, -0.003),
            (-0.02676953542, -0.005, -0.003),
            (-0.0240260472267, -0.005, -0.003),
            (-0.0212825590333, -0.005, -0.003),
            (-0.01853907084, -0.005, -0.003),
            (-0.0157955826466, -0.005, -0.003),
            (-0.0130520944533, -0.005, -0.003),
            (-0.01030860626, -0.005, -0.003),
            (-0.00756511806663, -0.005, -0.003),
            (-0.00482162987329, -0.005, -0.003),
            (-0.00207814167995, -0.005, -0.003),
            (-0.035, -0.0025, -0.003),
            (-0.0322258954646, -0.0025, -0.003),
            (-0.0294517909293, -0.0025, -0.003),
            (-0.0266776863939, -0.0025, -0.003),
            (-0.0239035818585, -0.0025, -0.003),
            (-0.0211294773232, -0.0025, -0.003),
            (-0.0183553727878, -0.0025, -0.003),
            (-0.0155812682525, -0.0025, -0.003),
            (-0.0128071637171, -0.0025, -0.003),
            (-0.0100330591817, -0.0025, -0.003),
            (-0.00725895464637, -0.0025, -0.003),
            (-0.004484850111, -0.0025, -0.003),
            (-0.00171074557564, -0.0025, -0.003),
            (-0.035, 0, -0.003),
            (-0.0322125, 0, -0.003),
            (-0.029425, 0, -0.003),
            (-0.0266375, 0, -0.003),
            (-0.02385, 0, -0.003),
            (-0.0210625, 0, -0.003),
            (-0.018275, 0, -0.003),
            (-0.0154875, 0, -0.003),
            (-0.0127, 0, -0.003),
            (-0.0099125, 0, -0.003),
            (-0.007125, 0, -0.003),
            (-0.0043375, 0, -0.003),
            (-0.00155, 0, -0.003),
            (-0.035, 0.0025, -0.003),
            (-0.0322258954646, 0.0025, -0.003),
            (-0.0294517909293, 0.0025, -0.003),
            (-0.0266776863939, 0.0025, -0.003),
            (-0.0239035818585, 0.0025, -0.003),
            (-0.0211294773232, 0.0025, -0.003),
            (-0.0183553727878, 0.0025, -0.003),
            (-0.0155812682525, 0.0025, -0.003),
            (-0.0128071637171, 0.0025, -0.003),
            (-0.0100330591817, 0.0025, -0.003),
            (-0.00725895464637, 0.0025, -0.003),
            (-0.004484850111, 0.0025, -0.003),
            (-0.00171074557564, 0.0025, -0.003),
            (-0.035, 0.005, -0.003),
            (-0.0322565118067, 0.005, -0.003),
            (-0.0295130236133, 0.005, -0.003),
            (-0.02676953542, 0.005, -0.003),
            (-0.0240260472267, 0.005, -0.003),
            (-0.0212825590333, 0.005, -0.003),
            (-0.01853907084, 0.005, -0.003),
            (-0.0157955826466, 0.005, -0.003),
            (-0.0130520944533, 0.005, -0.003),
            (-0.01030860626, 0.005, -0.003),
            (-0.00756511806663, 0.005, -0.003),
            (-0.00482162987329, 0.005, -0.003),
            (-0.00207814167995, 0.005, -0.003),
            (-0.035, 0.0075, -0.003),
            (-0.0322824759526, 0.0075, -0.003),
            (-0.0295649519053, 0.0075, -0.003),
            (-0.0268474278579, 0.0075, -0.003),
            (-0.0241299038106, 0.0075, -0.003),
            (-0.0214123797632, 0.0075, -0.003),
            (-0.0186948557159, 0.0075, -0.003),
            (-0.0159773316685, 0.0075, -0.003),
            (-0.0132598076211, 0.0075, -0.003),
            (-0.0105422835738, 0.0075, -0.003),
            (-0.00782475952642, 0.0075, -0.003),
            (-0.00510723547906, 0.0075, -0.003),
            (-0.0023897114317, 0.0075, -0.003),
            (-0.035, 0.01, -0.003),
            (-0.0322852384733, 0.01, -0.003),
            (-0.0295704769466, 0.01, -0.003),
            (-0.0268557154198, 0.01, -0.003),
            (-0.0241409538931, 0.01, -0.003),
            (-0.0214261923664, 0.01, -0.003),
            (-0.0187114308397, 0.01, -0.003),
            (-0.015996669313, 0.01, -0.003),
            (-0.0132819077862, 0.01, -0.003),
            (-0.0105671462595, 0.01, -0.003),
            (-0.00785238473279, 0.01, -0.003),
            (-0.00513762320607, 0.01, -0.003),
            (-0.00242286167935, 0.01, -0.003),
            (-0.035, 0.0125, -0.003),
            (-0.0322628257554, 0.0125, -0.003),
            (-0.0295256515107, 0.0125, -0.003),
            (-0.0267884772661, 0.0125, -0.003),
            (-0.0240513030215, 0.0125, -0.003),
            (-0.0213141287769, 0.0125, -0.003),
            (-0.0185769545322, 0.0125, -0.003),
            (-0.0158397802876, 0.0125, -0.003),
            (-0.013102606043, 0.0125, -0.003),
            (-0.0103654317984, 0.0125, -0.003),
            (-0.00762825755375, 0.0125, -0.003),
            (-0.00489108330912, 0.0125, -0.003),
            (-0.0021539090645, 0.0125, -0.003),
            (-0.035, 0.015, -0.003),
            (-0.03223125, 0.015, -0.003),
            (-0.0294625, 0.015, -0.003),
            (-0.02669375, 0.015, -0.003),
            (-0.023925, 0.015, -0.003),
            (-0.02115625, 0.015, -0.003),
            (-0.0183875, 0.015, -0.003),
            (-0.01561875, 0.015, -0.003),
            (-0.01285, 0.015, -0.003),
            (-0.01008125, 0.015, -0.003),
            (-0.0073125, 0.015, -0.003),
            (-0.00454375, 0.015, -0.003),
            (-0.001775, 0.015, -0.003),
            (-0.035, 0.0175, -0.003),
            (-0.0322130697093, 0.0175, -0.003),
            (-0.0294261394185, 0.0175, -0.003),
            (-0.0266392091278, 0.0175, -0.003),
            (-0.023852278837, 0.0175, -0.003),
            (-0.0210653485463, 0.0175, -0.003),
            (-0.0182784182556, 0.0175, -0.003),
            (-0.0154914879648, 0.0175, -0.003),
            (-0.0127045576741, 0.0175, -0.003),
            (-0.00991762738336, 0.0175, -0.003),
            (-0.00713069709262, 0.0175, -0.003),
            (-0.00434376680188, 0.0175, -0.003),
            (-0.00155683651114, 0.0175, -0.003),
            (-0.035, 0.02, -0.003),
            (-0.0322212733334, 0.02, -0.003),
            (-0.0294425466668, 0.02, -0.003),
            (-0.0266638200001, 0.02, -0.003),
            (-0.0238850933335, 0.02, -0.003),
            (-0.0211063666669, 0.02, -0.003),
            (-0.0183276400003, 0.02, -0.003),
            (-0.0155489133337, 0.02, -0.003),
            (-0.0127701866671, 0.02, -0.003),
            (-0.00999146000045, 0.02, -0.003),
            (-0.00721273333383, 0.02, -0.003),
            (-0.00443400666721, 0.02, -0.003),
            (-0.0016552800006, 0.02, -0.003),
            (-0.035, 0.0225, -0.003),
            (-0.03225, 0.0225, -0.003),
            (-0.0295, 0.0225, -0.003),
            (-0.02675, 0.0225, -0.003),
            (-0.024, 0.0225, -0.003),
            (-0.02125, 0.0225, -0.003),
            (-0.0185, 0.0225, -0.003),
            (-0.01575, 0.0225, -0.003),
            (-0.013, 0.0225, -0.003),
            (-0.01025, 0.0225, -0.003),
            (-0.0075, 0.0225, -0.003),
            (-0.00475, 0.0225, -0.003),
            (-0.002, 0.0225, -0.003),
            (-0.035, -0.0225, -0.0015),
            (-0.0322708333333, -0.0225, -0.0015),
            (-0.0295416666667, -0.0225, -0.0015),
            (-0.0268125, -0.0225, -0.0015),
            (-0.0240833333333, -0.0225, -0.0015),
            (-0.0213541666667, -0.0225, -0.0015),
            (-0.018625, -0.0225, -0.0015),
            (-0.0158958333333, -0.0225, -0.0015),
            (-0.0131666666667, -0.0225, -0.0015),
            (-0.0104375, -0.0225, -0.0015),
            (-0.00770833333333, -0.0225, -0.0015),
            (-0.00497916666667, -0.0225, -0.0015),
            (-0.00225, -0.0225, -0.0015),
            (-0.035, -0.02, -0.0015),
            (-0.0322421066667, -0.02, -0.0015),
            (-0.0294842133334, -0.02, -0.0015),
            (-0.0267263200001, -0.02, -0.0015),
            (-0.0239684266669, -0.02, -0.0015),
            (-0.0212105333336, -0.02, -0.0015),
            (-0.0184526400003, -0.02, -0.0015),
            (-0.015694746667, -0.02, -0.0015),
            (-0.0129368533337, -0.02, -0.0015),
            (-0.0101789600004, -0.02, -0.0015),
            (-0.00742106666716, -0.02, -0.0015),
            (-0.00466317333388, -0.02, -0.0015),
            (-0.0019052800006, -0.02, -0.0015),
            (-0.035, -0.0175, -0.0015),
            (-0.0322339030426, -0.0175, -0.0015),
            (-0.0294678060852, -0.0175, -0.0015),
            (-0.0267017091278, -0.0175, -0.0015),
            (-0.0239356121704, -0.0175, -0.0015),
            (-0.021169515213, -0.0175, -0.0015),
            (-0.0184034182556, -0.0175, -0.0015),
            (-0.0156373212982, -0.0175, -0.0015),
            (-0.0128712243408, -0.0175, -0.0015),
            (-0.0101051273834, -0.0175, -0.0015),
            (-0.00733903042595, -0.0175, -0.0015),
            (-0.00457293346855, -0.0175, -0.0015),
            (-0.00180683651114, -0.0175, -0.0015),
            (-0.035, -0.015, -0.0015),
            (-0.0322520833333, -0.015, -0.0015),
            (-0.0295041666667, -0.015, -0.0015),
            (-0.02675625, -0.015, -0.0015),
            (-0.0240083333333, -0.015, -0.0015),
            (-0.0212604166667, -0.015, -0.0015),
            (-0.0185125, -0.015, -0.0015),
            (-0.0157645833333, -0.015, -0.0015),
            (-0.0130166666667, -0.015, -0.0015),
            (-0.01026875, -0.015, -0.0015),
            (-0.00752083333333, -0.015, -0.0015),
            (-0.00477291666667, -0.015, -0.0015),
            (-0.002025, -0.015, -0.0015),
            (-0.035, -0.0125, -0.0015),
            (-0.0322836590887, -0.0125, -0.0015),
            (-0.0295673181774, -0.0125, -0.0015),
            (-0.0268509772661, -0.0125, -0.0015),
            (-0.0241346363548, -0.0125, -0.0015),
            (-0.0214182954435, -0.0125, -0.0015),
            (-0.0187019545322, -0.0125, -0.0015),
            (-0.015985613621, -0.0125, -0.0015),
            (-0.0132692727097, -0.0125, -0.0015),
            (-0.0105529317984, -0.0125, -0.0015),
            (-0.00783659088708, -0.0125, -0.0015),
            (-0.00512024997579, -0.0125, -0.0015),
            (-0.0024039090645, -0.0125, -0.0015),
            (-0.035, -0.01, -0.0015),
            (-0.0323060718066, -0.01, -0.0015),
            (-0.0296121436132, -0.01, -0.0015),
            (-0.0269182154198, -0.01, -0.0015),
            (-0.0242242872265, -0.01, -0.0015),
            (-0.0215303590331, -0.01, -0.0015),
            (-0.0188364308397, -0.01, -0.0015),
            (-0.0161425026463, -0.01, -0.0015),
            (-0.0134485744529, -0.01, -0.0015),
            (-0.0107546462595, -0.01, -0.0015),
            (-0.00806071806613, -0.01, -0.0015),
            (-0.00536678987274, -0.01, -0.0015),
            (-0.00267286167935, -0.01, -0.0015),
            (-0.035, -0.0075, -0.0015),
            (-0.032303309286, -0.0075, -0.0015),
            (-0.029606618572, -0.0075, -0.0015),
            (-0.0269099278579, -0.0075, -0.0015),
            (-0.0242132371439, -0.0075, -0.0015),
            (-0.0215165464299, -0.0075, -0.0015),
            (-0.0188198557159, -0.0075, -0.0015),
            (-0.0161231650018, -0.0075, -0.0015),
            (-0.0134264742878, -0.0075, -0.0015),
            (-0.0107297835738, -0.0075, -0.0015),
            (-0.00803309285975, -0.0075, -0.0015),
            (-0.00533640214573, -0.0075, -0.0015),
            (-0.0026397114317, -0.0075, -0.0015),
            (-0.035, -0.005, -0.0015),
            (-0.03227734514, -0.005, -0.0015),
            (-0.02955469028, -0.005, -0.0015),
            (-0.02683203542, -0.005, -0.0015),
            (-0.02410938056, -0.005, -0.0015),
            (-0.0213867257, -0.005, -0.0015),
            (-0.01866407084, -0.005, -0.0015),
            (-0.01594141598, -0.005, -0.0015),
            (-0.01321876112, -0.005, -0.0015),
            (-0.01049610626, -0.005, -0.0015),
            (-0.00777345139996, -0.005, -0.0015),
            (-0.00505079653995, -0.005, -0.0015),
            (-0.00232814167995, -0.005, -0.0015),
            (-0.035, -0.0025, -0.0015),
            (-0.032246728798, -0.0025, -0.0015),
            (-0.0294934575959, -0.0025, -0.0015),
            (-0.0267401863939, -0.0025, -0.0015),
            (-0.0239869151919, -0.0025, -0.0015),
            (-0.0212336439899, -0.0025, -0.0015),
            (-0.0184803727878, -0.0025, -0.0015),
            (-0.0157271015858, -0.0025, -0.0015),
            (-0.0129738303838, -0.0025, -0.0015),
            (-0.0102205591817, -0.0025, -0.0015),
            (-0.0074672879797, -0.0025, -0.0015),
            (-0.00471401677767, -0.0025, -0.0015),
            (-0.00196074557564, -0.0025, -0.0015),
            (-0.035, 0, -0.0015),
            (-0.0322333333333, 0, -0.0015),
            (-0.0294666666667, 0, -0.0015),
            (-0.0267, 0, -0.0015),
            (-0.0239333333333, 0, -0.0015),
            (-0.0211666666667, 0, -0.0015),
            (-0.0184, 0, -0.0015),
            (-0.0156333333333, 0, -0.0015),
            (-0.0128666666667, 0, -0.0015),
            (-0.0101, 0, -0.0015),
            (-0.00733333333333, 0, -0.0015),
            (-0.00456666666667, 0, -0.0015),
            (-0.0018, 0, -0.0015),
            (-0.035, 0.0025, -0.0015),
            (-0.032246728798, 0.0025, -0.0015),
            (-0.0294934575959, 0.0025, -0.0015),
            (-0.0267401863939, 0.0025, -0.0015),
            (-0.0239869151919, 0.0025, -0.0015),
            (-0.0212336439899, 0.0025, -0.0015),
            (-0.0184803727878, 0.0025, -0.0015),
            (-0.0157271015858, 0.0025, -0.0015),
            (-0.0129738303838, 0.0025, -0.0015),
            (-0.0102205591817, 0.0025, -0.0015),
            (-0.0074672879797, 0.0025, -0.0015),
            (-0.00471401677767, 0.0025, -0.0015),
            (-0.00196074557564, 0.0025, -0.0015),
            (-0.035, 0.005, -0.0015),
            (-0.03227734514, 0.005, -0.0015),
            (-0.02955469028, 0.005, -0.0015),
            (-0.02683203542, 0.005, -0.0015),
            (-0.02410938056, 0.005, -0.0015),
            (-0.0213867257, 0.005, -0.0015),
            (-0.01866407084, 0.005, -0.0015),
            (-0.01594141598, 0.005, -0.0015),
            (-0.01321876112, 0.005, -0.0015),
            (-0.01049610626, 0.005, -0.0015),
            (-0.00777345139996, 0.005, -0.0015),
            (-0.00505079653995, 0.005, -0.0015),
            (-0.00232814167995, 0.005, -0.0015),
            (-0.035, 0.0075, -0.0015),
            (-0.032303309286, 0.0075, -0.0015),
            (-0.029606618572, 0.0075, -0.0015),
            (-0.0269099278579, 0.0075, -0.0015),
            (-0.0242132371439, 0.0075, -0.0015),
            (-0.0215165464299, 0.0075, -0.0015),
            (-0.0188198557159, 0.0075, -0.0015),
            (-0.0161231650018, 0.0075, -0.0015),
            (-0.0134264742878, 0.0075, -0.0015),
            (-0.0107297835738, 0.0075, -0.0015),
            (-0.00803309285975, 0.0075, -0.0015),
            (-0.00533640214573, 0.0075, -0.0015),
            (-0.0026397114317, 0.0075, -0.0015),
            (-0.035, 0.01, -0.0015),
            (-0.0323060718066, 0.01, -0.0015),
            (-0.0296121436132, 0.01, -0.0015),
            (-0.0269182154198, 0.01, -0.0015),
            (-0.0242242872265, 0.01, -0.0015),
            (-0.0215303590331, 0.01, -0.0015),
            (-0.0188364308397, 0.01, -0.0015),
            (-0.0161425026463, 0.01, -0.0015),
            (-0.0134485744529, 0.01, -0.0015),
            (-0.0107546462595, 0.01, -0.0015),
            (-0.00806071806613, 0.01, -0.0015),
            (-0.00536678987274, 0.01, -0.0015),
            (-0.00267286167935, 0.01, -0.0015),
            (-0.035, 0.0125, -0.0015),
            (-0.0322836590887, 0.0125, -0.0015),
            (-0.0295673181774, 0.0125, -0.0015),
            (-0.0268509772661, 0.0125, -0.0015),
            (-0.0241346363548, 0.0125, -0.0015),
            (-0.0214182954435, 0.0125, -0.0015),
            (-0.0187019545322, 0.0125, -0.0015),
            (-0.015985613621, 0.0125, -0.0015),
            (-0.0132692727097, 0.0125, -0.0015),
            (-0.0105529317984, 0.0125, -0.0015),
            (-0.00783659088708, 0.0125, -0.0015),
            (-0.00512024997579, 0.0125, -0.0015),
            (-0.0024039090645, 0.0125, -0.0015),
            (-0.035, 0.015, -0.0015),
            (-0.0322520833333, 0.015, -0.0015),
            (-0.0295041666667, 0.015, -0.0015),
            (-0.02675625, 0.015, -0.0015),
            (-0.0240083333333, 0.015, -0.0015),
            (-0.0212604166667, 0.015, -0.0015),
            (-0.0185125, 0.015, -0.0015),
            (-0.0157645833333, 0.015, -0.0015),
            (-0.0130166666667, 0.015, -0.0015),
            (-0.01026875, 0.015, -0.0015),
            (-0.00752083333333, 0.015, -0.0015),
            (-0.00477291666667, 0.015, -0.0015),
            (-0.002025, 0.015, -0.0015),
            (-0.035, 0.0175, -0.0015),
            (-0.0322339030426, 0.0175, -0.0015),
            (-0.0294678060852, 0.0175, -0.0015),
            (-0.0267017091278, 0.0175, -0.0015),
            (-0.0239356121704, 0.0175, -0.0015),
            (-0.021169515213, 0.0175, -0.0015),
            (-0.0184034182556, 0.0175, -0.0015),
            (-0.0156373212982, 0.0175, -0.0015),
            (-0.0128712243408, 0.0175, -0.0015),
            (-0.0101051273834, 0.0175, -0.0015),
            (-0.00733903042595, 0.0175, -0.0015),
            (-0.00457293346855, 0.0175, -0.0015),
            (-0.00180683651114, 0.0175, -0.0015),
            (-0.035, 0.02, -0.0015),
            (-0.0322421066667, 0.02, -0.0015),
            (-0.0294842133334, 0.02, -0.0015),
            (-0.0267263200001, 0.02, -0.0015),
            (-0.0239684266669, 0.02, -0.0015),
            (-0.0212105333336, 0.02, -0.0015),
            (-0.0184526400003, 0.02, -0.0015),
            (-0.015694746667, 0.02, -0.0015),
            (-0.0129368533337, 0.02, -0.0015),
            (-0.0101789600004, 0.02, -0.0015),
            (-0.00742106666716, 0.02, -0.0015),
            (-0.00466317333388, 0.02, -0.0015),
            (-0.0019052800006, 0.02, -0.0015),
            (-0.035, 0.0225, -0.0015),
            (-0.0322708333333, 0.0225, -0.0015),
            (-0.0295416666667, 0.0225, -0.0015),
            (-0.0268125, 0.0225, -0.0015),
            (-0.0240833333333, 0.0225, -0.0015),
            (-0.0213541666667, 0.0225, -0.0015),
            (-0.018625, 0.0225, -0.0015),
            (-0.0158958333333, 0.0225, -0.0015),
            (-0.0131666666667, 0.0225, -0.0015),
            (-0.0104375, 0.0225, -0.0015),
            (-0.00770833333333, 0.0225, -0.0015),
            (-0.00497916666667, 0.0225, -0.0015),
            (-0.00225, 0.0225, -0.0015),
            (-0.035, -0.0225, 0),
            (-0.0322916666667, -0.0225, 0),
            (-0.0295833333333, -0.0225, 0),
            (-0.026875, -0.0225, 0),
            (-0.0241666666667, -0.0225, 0),
            (-0.0214583333333, -0.0225, 0),
            (-0.01875, -0.0225, 0),
            (-0.0160416666667, -0.0225, 0),
            (-0.0133333333333, -0.0225, 0),
            (-0.010625, -0.0225, 0),
            (-0.00791666666667, -0.0225, 0),
            (-0.00520833333333, -0.0225, 0),
            (-0.0025, -0.0225, 0),
            (-0.035, -0.02, 0),
            (-0.03226294, -0.02, 0),
            (-0.0295258800001, -0.02, 0),
            (-0.0267888200001, -0.02, 0),
            (-0.0240517600002, -0.02, 0),
            (-0.0213147000002, -0.02, 0),
            (-0.0185776400003, -0.02, 0),
            (-0.0158405800003, -0.02, 0),
            (-0.0131035200004, -0.02, 0),
            (-0.0103664600004, -0.02, 0),
            (-0.0076294000005, -0.02, 0),
            (-0.00489234000055, -0.02, 0),
            (-0.0021552800006, -0.02, 0),
            (-0.035, -0.0175, 0),
            (-0.0322547363759, -0.0175, 0),
            (-0.0295094727519, -0.0175, 0),
            (-0.0267642091278, -0.0175, 0),
            (-0.0240189455037, -0.0175, 0),
            (-0.0212736818796, -0.0175, 0),
            (-0.0185284182556, -0.0175, 0),
            (-0.0157831546315, -0.0175, 0),
            (-0.0130378910074, -0.0175, 0),
            (-0.0102926273834, -0.0175, 0),
            (-0.00754736375929, -0.0175, 0),
            (-0.00480210013522, -0.0175, 0),
            (-0.00205683651114, -0.0175, 0),
            (-0.035, -0.015, 0),
            (-0.0322729166667, -0.015, 0),
            (-0.0295458333333, -0.015, 0),
            (-0.02681875, -0.015, 0),
            (-0.0240916666667, -0.015, 0),
            (-0.0213645833333, -0.015, 0),
            (-0.0186375, -0.015, 0),
            (-0.0159104166667, -0.015, 0),
            (-0.0131833333333, -0.015, 0),
            (-0.01045625, -0.015, 0),
            (-0.00772916666667, -0.015, 0),
            (-0.00500208333333, -0.015, 0),
            (-0.002275, -0.015, 0),
            (-0.035, -0.0125, 0),
            (-0.032304492422, -0.0125, 0),
            (-0.0296089848441, -0.0125, 0),
            (-0.0269134772661, -0.0125, 0),
            (-0.0242179696882, -0.0125, 0),
            (-0.0215224621102, -0.0125, 0),
            (-0.0188269545322, -0.0125, 0),
            (-0.0161314469543, -0.0125, 0),
            (-0.0134359393763, -0.0125, 0),
            (-0.0107404317984, -0.0125, 0),
            (-0.00804492422041, -0.0125, 0),
            (-0.00534941664246, -0.0125, 0),
            (-0.0026539090645, -0.0125, 0),
            (-0.035, -0.01, 0),
            (-0.0323269051399, -0.01, 0),
            (-0.0296538102799, -0.01, 0),
            (-0.0269807154198, -0.01, 0),
            (-0.0243076205598, -0.01, 0),
            (-0.0216345256997, -0.01, 0),
            (-0.0189614308397, -0.01, 0),
            (-0.0162883359796, -0.01, 0),
            (-0.0136152411196, -0.01, 0),
            (-0.0109421462595, -0.01, 0),
            (-0.00826905139946, -0.01, 0),
            (-0.00559595653941, -0.01, 0),
            (-0.00292286167935, -0.01, 0),
            (-0.035, -0.0075, 0),
            (-0.0323241426193, -0.0075, 0),
            (-0.0296482852386, -0.0075, 0),
            (-0.0269724278579, -0.0075, 0),
            (-0.0242965704772, -0.0075, 0),
            (-0.0216207130965, -0.0075, 0),
            (-0.0189448557159, -0.0075, 0),
            (-0.0162689983352, -0.0075, 0),
            (-0.0135931409545, -0.0075, 0),
            (-0.0109172835738, -0.0075, 0),
            (-0.00824142619309, -0.0075, 0),
            (-0.00556556881239, -0.0075, 0),
            (-0.0028897114317, -0.0075, 0),
            (-0.035, -0.005, 0),
            (-0.0322981784733, -0.005, 0),
            (-0.0295963569467, -0.005, 0),
            (-0.02689453542, -0.005, 0),
            (-0.0241927138933, -0.005, 0),
            (-0.0214908923666, -0.005, 0),
            (-0.01878907084, -0.005, 0),
            (-0.0160872493133, -0.005, 0),
            (-0.0133854277866, -0.005, 0),
            (-0.01068360626, -0.005, 0),
            (-0.00798178473329, -0.005, 0),
            (-0.00527996320662, -0.005, 0),
            (-0.00257814167995, -0.005, 0),
            (-0.035, -0.0025, 0),
            (-0.0322675621313, -0.0025, 0),
            (-0.0295351242626, -0.0025, 0),
            (-0.0268026863939, -0.0025, 0),
            (-0.0240702485252, -0.0025, 0),
            (-0.0213378106565, -0.0025, 0),
            (-0.0186053727878, -0.0025, 0),
            (-0.0158729349191, -0.0025, 0),
            (-0.0131404970504, -0.0025, 0),
            (-0.0104080591817, -0.0025, 0),
            (-0.00767562131303, -0.0025, 0),
            (-0.00494318344434, -0.0025, 0),
            (-0.00221074557564, -0.0025, 0),
            (-0.035, 0, 0),
            (-0.0322541666667, 0, 0),
            (-0.0295083333333, 0, 0),
            (-0.0267625, 0, 0),
            (-0.0240166666667, 0, 0),
            (-0.0212708333333, 0, 0),
            (-0.018525, 0, 0),
            (-0.0157791666667, 0, 0),
            (-0.0130333333333, 0, 0),
            (-0.0102875, 0, 0),
            (-0.00754166666667, 0, 0),
            (-0.00479583333333, 0, 0),
            (-0.00205, 0, 0),
            (-0.035, 0.0025, 0),
            (-0.0322675621313, 0.0025, 0),
            (-0.0295351242626, 0.0025, 0),
            (-0.0268026863939, 0.0025, 0),
            (-0.0240702485252, 0.0025, 0),
            (-0.0213378106565, 0.0025, 0),
            (-0.0186053727878, 0.0025, 0),
            (-0.0158729349191, 0.0025, 0),
            (-0.0131404970504, 0.0025, 0),
            (-0.0104080591817, 0.0025, 0),
            (-0.00767562131303, 0.0025, 0),
            (-0.00494318344434, 0.0025, 0),
            (-0.00221074557564, 0.0025, 0),
            (-0.035, 0.005, 0),
            (-0.0322981784733, 0.005, 0),
            (-0.0295963569467, 0.005, 0),
            (-0.02689453542, 0.005, 0),
            (-0.0241927138933, 0.005, 0),
            (-0.0214908923666, 0.005, 0),
            (-0.01878907084, 0.005, 0),
            (-0.0160872493133, 0.005, 0),
            (-0.0133854277866, 0.005, 0),
            (-0.01068360626, 0.005, 0),
            (-0.00798178473329, 0.005, 0),
            (-0.00527996320662, 0.005, 0),
            (-0.00257814167995, 0.005, 0),
            (-0.035, 0.0075, 0),
            (-0.0323241426193, 0.0075, 0),
            (-0.0296482852386, 0.0075, 0),
            (-0.0269724278579, 0.0075, 0),
            (-0.0242965704772, 0.0075, 0),
            (-0.0216207130965, 0.0075, 0),
            (-0.0189448557159, 0.0075, 0),
            (-0.0162689983352, 0.0075, 0),
            (-0.0135931409545, 0.0075, 0),
            (-0.0109172835738, 0.0075, 0),
            (-0.00824142619309, 0.0075, 0),
            (-0.00556556881239, 0.0075, 0),
            (-0.0028897114317, 0.0075, 0),
            (-0.035, 0.01, 0),
            (-0.0323269051399, 0.01, 0),
            (-0.0296538102799, 0.01, 0),
            (-0.0269807154198, 0.01, 0),
            (-0.0243076205598, 0.01, 0),
            (-0.0216345256997, 0.01, 0),
            (-0.0189614308397, 0.01, 0),
            (-0.0162883359796, 0.01, 0),
            (-0.0136152411196, 0.01, 0),
            (-0.0109421462595, 0.01, 0),
            (-0.00826905139946, 0.01, 0),
            (-0.00559595653941, 0.01, 0),
            (-0.00292286167935, 0.01, 0),
            (-0.035, 0.0125, 0),
            (-0.032304492422, 0.0125, 0),
            (-0.0296089848441, 0.0125, 0),
            (-0.0269134772661, 0.0125, 0),
            (-0.0242179696882, 0.0125, 0),
            (-0.0215224621102, 0.0125, 0),
            (-0.0188269545322, 0.0125, 0),
            (-0.0161314469543, 0.0125, 0),
            (-0.0134359393763, 0.0125, 0),
            (-0.0107404317984, 0.0125, 0),
            (-0.00804492422041, 0.0125, 0),
            (-0.00534941664246, 0.0125, 0),
            (-0.0026539090645, 0.0125, 0),
            (-0.035, 0.015, 0),
            (-0.0322729166667, 0.015, 0),
            (-0.0295458333333, 0.015, 0),
            (-0.02681875, 0.015, 0),
            (-0.0240916666667, 0.015, 0),
            (-0.0213645833333, 0.015, 0),
            (-0.0186375, 0.015, 0),
            (-0.0159104166667, 0.015, 0),
            (-0.0131833333333, 0.015, 0),
            (-0.01045625, 0.015, 0),
            (-0.00772916666667, 0.015, 0),
            (-0.00500208333333, 0.015, 0),
            (-0.002275, 0.015, 0),
            (-0.035, 0.0175, 0),
            (-0.0322547363759, 0.0175, 0),
            (-0.0295094727519, 0.0175, 0),
            (-0.0267642091278, 0.0175, 0),
            (-0.0240189455037, 0.0175, 0),
            (-0.0212736818796, 0.0175, 0),
            (-0.0185284182556, 0.0175, 0),
            (-0.0157831546315, 0.0175, 0),
            (-0.0130378910074, 0.0175, 0),
            (-0.0102926273834, 0.0175, 0),
            (-0.00754736375929, 0.0175, 0),
            (-0.00480210013522, 0.0175, 0),
            (-0.00205683651114, 0.0175, 0),
            (-0.035, 0.02, 0),
            (-0.03226294, 0.02, 0),
            (-0.0295258800001, 0.02, 0),
            (-0.0267888200001, 0.02, 0),
            (-0.0240517600002, 0.02, 0),
            (-0.0213147000002, 0.02, 0),
            (-0.0185776400003, 0.02, 0),
            (-0.0158405800003, 0.02, 0),
            (-0.0131035200004, 0.02, 0),
            (-0.0103664600004, 0.02, 0),
            (-0.0076294000005, 0.02, 0),
            (-0.00489234000055, 0.02, 0),
            (-0.0021552800006, 0.02, 0),
            (-0.035, 0.0225, 0),
            (-0.0322916666667, 0.0225, 0),
            (-0.0295833333333, 0.0225, 0),
            (-0.026875, 0.0225, 0),
            (-0.0241666666667, 0.0225, 0),
            (-0.0214583333333, 0.0225, 0),
            (-0.01875, 0.0225, 0),
            (-0.0160416666667, 0.0225, 0),
            (-0.0133333333333, 0.0225, 0),
            (-0.010625, 0.0225, 0),
            (-0.00791666666667, 0.0225, 0),
            (-0.00520833333333, 0.0225, 0),
            (-0.0025, 0.0225, 0),
            (-0.035, -0.0225, 0.0015),
            (-0.0323125, -0.0225, 0.0015),
            (-0.029625, -0.0225, 0.0015),
            (-0.0269375, -0.0225, 0.0015),
            (-0.02425, -0.0225, 0.0015),
            (-0.0215625, -0.0225, 0.0015),
            (-0.018875, -0.0225, 0.0015),
            (-0.0161875, -0.0225, 0.0015),
            (-0.0135, -0.0225, 0.0015),
            (-0.0108125, -0.0225, 0.0015),
            (-0.008125, -0.0225, 0.0015),
            (-0.0054375, -0.0225, 0.0015),
            (-0.00275, -0.0225, 0.0015),
            (-0.035, -0.02, 0.0015),
            (-0.0322837733334, -0.02, 0.0015),
            (-0.0295675466668, -0.02, 0.0015),
            (-0.0268513200001, -0.02, 0.0015),
            (-0.0241350933335, -0.02, 0.0015),
            (-0.0214188666669, -0.02, 0.0015),
            (-0.0187026400003, -0.02, 0.0015),
            (-0.0159864133337, -0.02, 0.0015),
            (-0.0132701866671, -0.02, 0.0015),
            (-0.0105539600004, -0.02, 0.0015),
            (-0.00783773333383, -0.02, 0.0015),
            (-0.00512150666721, -0.02, 0.0015),
            (-0.0024052800006, -0.02, 0.0015),
            (-0.035, -0.0175, 0.0015),
            (-0.0322755697093, -0.0175, 0.0015),
            (-0.0295511394185, -0.0175, 0.0015),
            (-0.0268267091278, -0.0175, 0.0015),
            (-0.024102278837, -0.0175, 0.0015),
            (-0.0213778485463, -0.0175, 0.0015),
            (-0.0186534182556, -0.0175, 0.0015),
            (-0.0159289879648, -0.0175, 0.0015),
            (-0.0132045576741, -0.0175, 0.0015),
            (-0.0104801273834, -0.0175, 0.0015),
            (-0.00775569709262, -0.0175, 0.0015),
            (-0.00503126680188, -0.0175, 0.0015),
            (-0.00230683651114, -0.0175, 0.0015),
            (-0.035, -0.015, 0.0015),
            (-0.03229375, -0.015, 0.0015),
            (-0.0295875, -0.015, 0.0015),
            (-0.02688125, -0.015, 0.0015),
            (-0.024175, -0.015, 0.0015),
            (-0.02146875, -0.015, 0.0015),
            (-0.0187625, -0.015, 0.0015),
            (-0.01605625, -0.015, 0.0015),
            (-0.01335, -0.015, 0.0015),
            (-0.01064375, -0.015, 0.0015),
            (-0.0079375, -0.015, 0.0015),
            (-0.00523125, -0.015, 0.0015),
            (-0.002525, -0.015, 0.0015),
            (-0.035, -0.0125, 0.0015),
            (-0.0323253257554, -0.0125, 0.0015),
            (-0.0296506515107, -0.0125, 0.0015),
            (-0.0269759772661, -0.0125, 0.0015),
            (-0.0243013030215, -0.0125, 0.0015),
            (-0.0216266287769, -0.0125, 0.0015),
            (-0.0189519545322, -0.0125, 0.0015),
            (-0.0162772802876, -0.0125, 0.0015),
            (-0.013602606043, -0.0125, 0.0015),
            (-0.0109279317984, -0.0125, 0.0015),
            (-0.00825325755375, -0.0125, 0.0015),
            (-0.00557858330912, -0.0125, 0.0015),
            (-0.0029039090645, -0.0125, 0.0015),
            (-0.035, -0.01, 0.0015),
            (-0.0323477384733, -0.01, 0.0015),
            (-0.0296954769466, -0.01, 0.0015),
            (-0.0270432154198, -0.01, 0.0015),
            (-0.0243909538931, -0.01, 0.0015),
            (-0.0217386923664, -0.01, 0.0015),
            (-0.0190864308397, -0.01, 0.0015),
            (-0.016434169313, -0.01, 0.0015),
            (-0.0137819077862, -0.01, 0.0015),
            (-0.0111296462595, -0.01, 0.0015),
            (-0.00847738473279, -0.01, 0.0015),
            (-0.00582512320607, -0.01, 0.0015),
            (-0.00317286167935, -0.01, 0.0015),
            (-0.035, -0.0075, 0.0015),
            (-0.0323449759526, -0.0075, 0.0015),
            (-0.0296899519053, -0.0075, 0.0015),
            (-0.0270349278579, -0.0075, 0.0015),
            (-0.0243799038106, -0.0075, 0.0015),
            (-0.0217248797632, -0.0075, 0.0015),
            (-0.0190698557159, -0.0075, 0.0015),
            (-0.0164148316685, -0.0075, 0.0015),
            (-0.0137598076211, -0.0075, 0.0015),
            (-0.0111047835738, -0.0075, 0.0015),
            (-0.00844975952642, -0.0075, 0.0015),
            (-0.00579473547906, -0.0075, 0.0015),
            (-0.0031397114317, -0.0075, 0.0015),
            (-0.035, -0.005, 0.0015),
            (-0.0323190118067, -0.005, 0.0015),
            (-0.0296380236133, -0.005, 0.0015),
            (-0.02695703542, -0.005, 0.0015),
            (-0.0242760472267, -0.005, 0.0015),
            (-0.0215950590333, -0.005, 0.0015),
            (-0.01891407084, -0.005, 0.0015),
            (-0.0162330826466, -0.005, 0.0015),
            (-0.0135520944533, -0.005, 0.0015),
            (-0.01087110626, -0.005, 0.0015),
            (-0.00819011806663, -0.005, 0.0015),
            (-0.00550912987329, -0.005, 0.0015),
            (-0.00282814167995, -0.005, 0.0015),
            (-0.035, -0.0025, 0.0015),
            (-0.0322883954646, -0.0025, 0.0015),
            (-0.0295767909293, -0.0025, 0.0015),
            (-0.0268651863939, -0.0025, 0.0015),
            (-0.0241535818585, -0.0025, 0.0015),
            (-0.0214419773232, -0.0025, 0.0015),
            (-0.0187303727878, -0.0025, 0.0015),
            (-0.0160187682525, -0.0025, 0.0015),
            (-0.0133071637171, -0.0025, 0.0015),
            (-0.0105955591817, -0.0025, 0.0015),
            (-0.00788395464637, -0.0025, 0.0015),
            (-0.005172350111, -0.0025, 0.0015),
            (-0.00246074557564, -0.0025, 0.0015),
            (-0.035, 0, 0.0015),
            (-0.032275, 0, 0.0015),
            (-0.02955, 0, 0.0015),
            (-0.026825, 0, 0.0015),
            (-0.0241, 0, 0.0015),
            (-0.021375, 0, 0.0015),
            (-0.01865, 0, 0.0015),
            (-0.015925, 0, 0.0015),
            (-0.0132, 0, 0.0015),
            (-0.010475, 0, 0.0015),
            (-0.00775, 0, 0.0015),
            (-0.005025, 0, 0.0015),
            (-0.0023, 0, 0.0015),
            (-0.035, 0.0025, 0.0015),
            (-0.0322883954646, 0.0025, 0.0015),
            (-0.0295767909293, 0.0025, 0.0015),
            (-0.0268651863939, 0.0025, 0.0015),
            (-0.0241535818585, 0.0025, 0.0015),
            (-0.0214419773232, 0.0025, 0.0015),
            (-0.0187303727878, 0.0025, 0.0015),
            (-0.0160187682525, 0.0025, 0.0015),
            (-0.0133071637171, 0.0025, 0.0015),
            (-0.0105955591817, 0.0025, 0.0015),
            (-0.00788395464637, 0.0025, 0.0015),
            (-0.005172350111, 0.0025, 0.0015),
            (-0.00246074557564, 0.0025, 0.0015),
            (-0.035, 0.005, 0.0015),
            (-0.0323190118067, 0.005, 0.0015),
            (-0.0296380236133, 0.005, 0.0015),
            (-0.02695703542, 0.005, 0.0015),
            (-0.0242760472267, 0.005, 0.0015),
            (-0.0215950590333, 0.005, 0.0015),
            (-0.01891407084, 0.005, 0.0015),
            (-0.0162330826466, 0.005, 0.0015),
            (-0.0135520944533, 0.005, 0.0015),
            (-0.01087110626, 0.005, 0.0015),
            (-0.00819011806663, 0.005, 0.0015),
            (-0.00550912987329, 0.005, 0.0015),
            (-0.00282814167995, 0.005, 0.0015),
            (-0.035, 0.0075, 0.0015),
            (-0.0323449759526, 0.0075, 0.0015),
            (-0.0296899519053, 0.0075, 0.0015),
            (-0.0270349278579, 0.0075, 0.0015),
            (-0.0243799038106, 0.0075, 0.0015),
            (-0.0217248797632, 0.0075, 0.0015),
            (-0.0190698557159, 0.0075, 0.0015),
            (-0.0164148316685, 0.0075, 0.0015),
            (-0.0137598076211, 0.0075, 0.0015),
            (-0.0111047835738, 0.0075, 0.0015),
            (-0.00844975952642, 0.0075, 0.0015),
            (-0.00579473547906, 0.0075, 0.0015),
            (-0.0031397114317, 0.0075, 0.0015),
            (-0.035, 0.01, 0.0015),
            (-0.0323477384733, 0.01, 0.0015),
            (-0.0296954769466, 0.01, 0.0015),
            (-0.0270432154198, 0.01, 0.0015),
            (-0.0243909538931, 0.01, 0.0015),
            (-0.0217386923664, 0.01, 0.0015),
            (-0.0190864308397, 0.01, 0.0015),
            (-0.016434169313, 0.01, 0.0015),
            (-0.0137819077862, 0.01, 0.0015),
            (-0.0111296462595, 0.01, 0.0015),
            (-0.00847738473279, 0.01, 0.0015),
            (-0.00582512320607, 0.01, 0.0015),
            (-0.00317286167935, 0.01, 0.0015),
            (-0.035, 0.0125, 0.0015),
            (-0.0323253257554, 0.0125, 0.0015),
            (-0.0296506515107, 0.0125, 0.0015),
            (-0.0269759772661, 0.0125, 0.0015),
            (-0.0243013030215, 0.0125, 0.0015),
            (-0.0216266287769, 0.0125, 0.0015),
            (-0.0189519545322, 0.0125, 0.0015),
            (-0.0162772802876, 0.0125, 0.0015),
            (-0.013602606043, 0.0125, 0.0015),
            (-0.0109279317984, 0.0125, 0.0015),
            (-0.00825325755375, 0.0125, 0.0015),
            (-0.00557858330912, 0.0125, 0.0015),
            (-0.0029039090645, 0.0125, 0.0015),
            (-0.035, 0.015, 0.0015),
            (-0.03229375, 0.015, 0.0015),
            (-0.0295875, 0.015, 0.0015),
            (-0.02688125, 0.015, 0.0015),
            (-0.024175, 0.015, 0.0015),
            (-0.02146875, 0.015, 0.0015),
            (-0.0187625, 0.015, 0.0015),
            (-0.01605625, 0.015, 0.0015),
            (-0.01335, 0.015, 0.0015),
            (-0.01064375, 0.015, 0.0015),
            (-0.0079375, 0.015, 0.0015),
            (-0.00523125, 0.015, 0.0015),
            (-0.002525, 0.015, 0.0015),
            (-0.035, 0.0175, 0.0015),
            (-0.0322755697093, 0.0175, 0.0015),
            (-0.0295511394185, 0.0175, 0.0015),
            (-0.0268267091278, 0.0175, 0.0015),
            (-0.024102278837, 0.0175, 0.0015),
            (-0.0213778485463, 0.0175, 0.0015),
            (-0.0186534182556, 0.0175, 0.0015),
            (-0.0159289879648, 0.0175, 0.0015),
            (-0.0132045576741, 0.0175, 0.0015),
            (-0.0104801273834, 0.0175, 0.0015),
            (-0.00775569709262, 0.0175, 0.0015),
            (-0.00503126680188, 0.0175, 0.0015),
            (-0.00230683651114, 0.0175, 0.0015),
            (-0.035, 0.02, 0.0015),
            (-0.0322837733334, 0.02, 0.0015),
            (-0.0295675466668, 0.02, 0.0015),
            (-0.0268513200001, 0.02, 0.0015),
            (-0.0241350933335, 0.02, 0.0015),
            (-0.0214188666669, 0.02, 0.0015),
            (-0.0187026400003, 0.02, 0.0015),
            (-0.0159864133337, 0.02, 0.0015),
            (-0.0132701866671, 0.02, 0.0015),
            (-0.0105539600004, 0.02, 0.0015),
            (-0.00783773333383, 0.02, 0.0015),
            (-0.00512150666721, 0.02, 0.0015),
            (-0.0024052800006, 0.02, 0.0015),
            (-0.035, 0.0225, 0.0015),
            (-0.0323125, 0.0225, 0.0015),
            (-0.029625, 0.0225, 0.0015),
            (-0.0269375, 0.0225, 0.0015),
            (-0.02425, 0.0225, 0.0015),
            (-0.0215625, 0.0225, 0.0015),
            (-0.018875, 0.0225, 0.0015),
            (-0.0161875, 0.0225, 0.0015),
            (-0.0135, 0.0225, 0.0015),
            (-0.0108125, 0.0225, 0.0015),
            (-0.008125, 0.0225, 0.0015),
            (-0.0054375, 0.0225, 0.0015),
            (-0.00275, 0.0225, 0.0015),
            (-0.035, -0.0225, 0.003),
            (-0.0323333333333, -0.0225, 0.003),
            (-0.0296666666667, -0.0225, 0.003),
            (-0.027, -0.0225, 0.003),
            (-0.0243333333333, -0.0225, 0.003),
            (-0.0216666666667, -0.0225, 0.003),
            (-0.019, -0.0225, 0.003),
            (-0.0163333333333, -0.0225, 0.003),
            (-0.0136666666667, -0.0225, 0.003),
            (-0.011, -0.0225, 0.003),
            (-0.00833333333333, -0.0225, 0.003),
            (-0.00566666666667, -0.0225, 0.003),
            (-0.003, -0.0225, 0.003),
            (-0.035, -0.02, 0.003),
            (-0.0323046066667, -0.02, 0.003),
            (-0.0296092133334, -0.02, 0.003),
            (-0.0269138200001, -0.02, 0.003),
            (-0.0242184266669, -0.02, 0.003),
            (-0.0215230333336, -0.02, 0.003),
            (-0.0188276400003, -0.02, 0.003),
            (-0.016132246667, -0.02, 0.003),
            (-0.0134368533337, -0.02, 0.003),
            (-0.0107414600004, -0.02, 0.003),
            (-0.00804606666716, -0.02, 0.003),
            (-0.00535067333388, -0.02, 0.003),
            (-0.0026552800006, -0.02, 0.003),
            (-0.035, -0.0175, 0.003),
            (-0.0322964030426, -0.0175, 0.003),
            (-0.0295928060852, -0.0175, 0.003),
            (-0.0268892091278, -0.0175, 0.003),
            (-0.0241856121704, -0.0175, 0.003),
            (-0.021482015213, -0.0175, 0.003),
            (-0.0187784182556, -0.0175, 0.003),
            (-0.0160748212982, -0.0175, 0.003),
            (-0.0133712243408, -0.0175, 0.003),
            (-0.0106676273834, -0.0175, 0.003),
            (-0.00796403042595, -0.0175, 0.003),
            (-0.00526043346855, -0.0175, 0.003),
            (-0.00255683651114, -0.0175, 0.003),
            (-0.035, -0.015, 0.003),
            (-0.0323145833333, -0.015, 0.003),
            (-0.0296291666667, -0.015, 0.003),
            (-0.02694375, -0.015, 0.003),
            (-0.0242583333333, -0.015, 0.003),
            (-0.0215729166667, -0.015, 0.003),
            (-0.0188875, -0.015, 0.003),
            (-0.0162020833333, -0.015, 0.003),
            (-0.0135166666667, -0.015, 0.003),
            (-0.01083125, -0.015, 0.003),
            (-0.00814583333333, -0.015, 0.003),
            (-0.00546041666667, -0.015, 0.003),
            (-0.002775, -0.015, 0.003),
            (-0.035, -0.0125, 0.003),
            (-0.0323461590887, -0.0125, 0.003),
            (-0.0296923181774, -0.0125, 0.003),
            (-0.0270384772661, -0.0125, 0.003),
            (-0.0243846363548, -0.0125, 0.003),
            (-0.0217307954435, -0.0125, 0.003),
            (-0.0190769545322, -0.0125, 0.003),
            (-0.016423113621, -0.0125, 0.003),
            (-0.0137692727097, -0.0125, 0.003),
            (-0.0111154317984, -0.0125, 0.003),
            (-0.00846159088708, -0.0125, 0.003),
            (-0.00580774997579, -0.0125, 0.003),
            (-0.0031539090645, -0.0125, 0.003),
            (-0.035, -0.01, 0.003),
            (-0.0323685718066, -0.01, 0.003),
            (-0.0297371436132, -0.01, 0.003),
            (-0.0271057154198, -0.01, 0.003),
            (-0.0244742872265, -0.01, 0.003),
            (-0.0218428590331, -0.01, 0.003),
            (-0.0192114308397, -0.01, 0.003),
            (-0.0165800026463, -0.01, 0.003),
            (-0.0139485744529, -0.01, 0.003),
            (-0.0113171462595, -0.01, 0.003),
            (-0.00868571806613, -0.01, 0.003),
            (-0.00605428987274, -0.01, 0.003),
            (-0.00342286167935, -0.01, 0.003),
            (-0.035, -0.0075, 0.003),
            (-0.032365809286, -0.0075, 0.003),
            (-0.029731618572, -0.0075, 0.003),
            (-0.0270974278579, -0.0075, 0.003),
            (-0.0244632371439, -0.0075, 0.003),
            (-0.0218290464299, -0.0075, 0.003),
            (-0.0191948557159, -0.0075, 0.003),
            (-0.0165606650018, -0.0075, 0.003),
            (-0.0139264742878, -0.0075, 0.003),
            (-0.0112922835738, -0.0075, 0.003),
            (-0.00865809285975, -0.0075, 0.003),
            (-0.00602390214573, -0.0075, 0.003),
            (-0.0033897114317, -0.0075, 0.003),
            (-0.035, -0.005, 0.003),
            (-0.03233984514, -0.005, 0.003),
            (-0.02967969028, -0.005, 0.003),
            (-0.02701953542, -0.005, 0.003),
            (-0.02435938056, -0.005, 0.003),
            (-0.0216992257, -0.005, 0.003),
            (-0.01903907084, -0.005, 0.003),
            (-0.01637891598, -0.005, 0.003),
            (-0.01371876112, -0.005, 0.003),
            (-0.01105860626, -0.005, 0.003),
            (-0.00839845139996, -0.005, 0.003),
            (-0.00573829653995, -0.005, 0.003),
            (-0.00307814167995, -0.005, 0.003),
            (-0.035, -0.0025, 0.003),
            (-0.032309228798, -0.0025, 0.003),
            (-0.0296184575959, -0.0025, 0.003),
            (-0.0269276863939, -0.0025, 0.003),
            (-0.0242369151919, -0.0025, 0.003),
            (-0.0215461439899, -0.0025, 0.003),
            (-0.0188553727878, -0.0025, 0.003),
            (-0.0161646015858, -0.0025, 0.003),
            (-0.0134738303838, -0.0025, 0.003),
            (-0.0107830591817, -0.0025, 0.003),
            (-0.0080922879797, -0.0025, 0.003),
            (-0.00540151677767, -0.0025, 0.003),
            (-0.00271074557564, -0.0025, 0.003),
            (-0.035, 0, 0.003),
            (-0.0322958333333, 0, 0.003),
            (-0.0295916666667, 0, 0.003),
            (-0.0268875, 0, 0.003),
            (-0.0241833333333, 0, 0.003),
            (-0.0214791666667, 0, 0.003),
            (-0.018775, 0, 0.003),
            (-0.0160708333333, 0, 0.003),
            (-0.0133666666667, 0, 0.003),
            (-0.0106625, 0, 0.003),
            (-0.00795833333333, 0, 0.003),
            (-0.00525416666667, 0, 0.003),
            (-0.00255, 0, 0.003),
            (-0.035, 0.0025, 0.003),
            (-0.032309228798, 0.0025, 0.003),
            (-0.0296184575959, 0.0025, 0.003),
            (-0.0269276863939, 0.0025, 0.003),
            (-0.0242369151919, 0.0025, 0.003),
            (-0.0215461439899, 0.0025, 0.003),
            (-0.0188553727878, 0.0025, 0.003),
            (-0.0161646015858, 0.0025, 0.003),
            (-0.0134738303838, 0.0025, 0.003),
            (-0.0107830591817, 0.0025, 0.003),
            (-0.0080922879797, 0.0025, 0.003),
            (-0.00540151677767, 0.0025, 0.003),
            (-0.00271074557564, 0.0025, 0.003),
            (-0.035, 0.005, 0.003),
            (-0.03233984514, 0.005, 0.003),
            (-0.02967969028, 0.005, 0.003),
            (-0.02701953542, 0.005, 0.003),
            (-0.02435938056, 0.005, 0.003),
            (-0.0216992257, 0.005, 0.003),
            (-0.01903907084, 0.005, 0.003),
            (-0.01637891598, 0.005, 0.003),
            (-0.01371876112, 0.005, 0.003),
            (-0.01105860626, 0.005, 0.003),
            (-0.00839845139996, 0.005, 0.003),
            (-0.00573829653995, 0.005, 0.003),
            (-0.00307814167995, 0.005, 0.003),
            (-0.035, 0.0075, 0.003),
            (-0.032365809286, 0.0075, 0.003),
            (-0.029731618572, 0.0075, 0.003),
            (-0.0270974278579, 0.0075, 0.003),
            (-0.0244632371439, 0.0075, 0.003),
            (-0.0218290464299, 0.0075, 0.003),
            (-0.0191948557159, 0.0075, 0.003),
            (-0.0165606650018, 0.0075, 0.003),
            (-0.0139264742878, 0.0075, 0.003),
            (-0.0112922835738, 0.0075, 0.003),
            (-0.00865809285975, 0.0075, 0.003),
            (-0.00602390214573, 0.0075, 0.003),
            (-0.0033897114317, 0.0075, 0.003),
            (-0.035, 0.01, 0.003),
            (-0.0323685718066, 0.01, 0.003),
            (-0.0297371436132, 0.01, 0.003),
            (-0.0271057154198, 0.01, 0.003),
            (-0.0244742872265, 0.01, 0.003),
            (-0.0218428590331, 0.01, 0.003),
            (-0.0192114308397, 0.01, 0.003),
            (-0.0165800026463, 0.01, 0.003),
            (-0.0139485744529, 0.01, 0.003),
            (-0.0113171462595, 0.01, 0.003),
            (-0.00868571806613, 0.01, 0.003),
            (-0.00605428987274, 0.01, 0.003),
            (-0.00342286167935, 0.01, 0.003),
            (-0.035, 0.0125, 0.003),
            (-0.0323461590887, 0.0125, 0.003),
            (-0.0296923181774, 0.0125, 0.003),
            (-0.0270384772661, 0.0125, 0.003),
            (-0.0243846363548, 0.0125, 0.003),
            (-0.0217307954435, 0.0125, 0.003),
            (-0.0190769545322, 0.0125, 0.003),
            (-0.016423113621, 0.0125, 0.003),
            (-0.0137692727097, 0.0125, 0.003),
            (-0.0111154317984, 0.0125, 0.003),
            (-0.00846159088708, 0.0125, 0.003),
            (-0.00580774997579, 0.0125, 0.003),
            (-0.0031539090645, 0.0125, 0.003),
            (-0.035, 0.015, 0.003),
            (-0.0323145833333, 0.015, 0.003),
            (-0.0296291666667, 0.015, 0.003),
            (-0.02694375, 0.015, 0.003),
            (-0.0242583333333, 0.015, 0.003),
            (-0.0215729166667, 0.015, 0.003),
            (-0.0188875, 0.015, 0.003),
            (-0.0162020833333, 0.015, 0.003),
            (-0.0135166666667, 0.015, 0.003),
            (-0.01083125, 0.015, 0.003),
            (-0.00814583333333, 0.015, 0.003),
            (-0.00546041666667, 0.015, 0.003),
            (-0.002775, 0.015, 0.003),
            (-0.035, 0.0175, 0.003),
            (-0.0322964030426, 0.0175, 0.003),
            (-0.0295928060852, 0.0175, 0.003),
            (-0.0268892091278, 0.0175, 0.003),
            (-0.0241856121704, 0.0175, 0.003),
            (-0.021482015213, 0.0175, 0.003),
            (-0.0187784182556, 0.0175, 0.003),
            (-0.0160748212982, 0.0175, 0.003),
            (-0.0133712243408, 0.0175, 0.003),
            (-0.0106676273834, 0.0175, 0.003),
            (-0.00796403042595, 0.0175, 0.003),
            (-0.00526043346855, 0.0175, 0.003),
            (-0.00255683651114, 0.0175, 0.003),
            (-0.035, 0.02, 0.003),
            (-0.0323046066667, 0.02, 0.003),
            (-0.0296092133334, 0.02, 0.003),
            (-0.0269138200001, 0.02, 0.003),
            (-0.0242184266669, 0.02, 0.003),
            (-0.0215230333336, 0.02, 0.003),
            (-0.0188276400003, 0.02, 0.003),
            (-0.016132246667, 0.02, 0.003),
            (-0.0134368533337, 0.02, 0.003),
            (-0.0107414600004, 0.02, 0.003),
            (-0.00804606666716, 0.02, 0.003),
            (-0.00535067333388, 0.02, 0.003),
            (-0.0026552800006, 0.02, 0.003),
            (-0.035, 0.0225, 0.003),
            (-0.0323333333333, 0.0225, 0.003),
            (-0.0296666666667, 0.0225, 0.003),
            (-0.027, 0.0225, 0.003),
            (-0.0243333333333, 0.0225, 0.003),
            (-0.0216666666667, 0.0225, 0.003),
            (-0.019, 0.0225, 0.003),
            (-0.0163333333333, 0.0225, 0.003),
            (-0.0136666666667, 0.0225, 0.003),
            (-0.011, 0.0225, 0.003),
            (-0.00833333333333, 0.0225, 0.003),
            (-0.00566666666667, 0.0225, 0.003),
            (-0.003, 0.0225, 0.003),
            (0.002, -0.0225, -0.003),
            (0.00475, -0.0225, -0.003),
            (0.0075, -0.0225, -0.003),
            (0.01025, -0.0225, -0.003),
            (0.013, -0.0225, -0.003),
            (0.01575, -0.0225, -0.003),
            (0.0185, -0.0225, -0.003),
            (0.02125, -0.0225, -0.003),
            (0.024, -0.0225, -0.003),
            (0.02675, -0.0225, -0.003),
            (0.0295, -0.0225, -0.003),
            (0.03225, -0.0225, -0.003),
            (0.035, -0.0225, -0.003),
            (0.0023447199994, -0.02, -0.003),
            (0.00506599333279, -0.02, -0.003),
            (0.00778726666617, -0.02, -0.003),
            (0.0105085399996, -0.02, -0.003),
            (0.0132298133329, -0.02, -0.003),
            (0.0159510866663, -0.02, -0.003),
            (0.0186723599997, -0.02, -0.003),
            (0.0213936333331, -0.02, -0.003),
            (0.0241149066665, -0.02, -0.003),
            (0.0268361799999, -0.02, -0.003),
            (0.0295574533332, -0.02, -0.003),
            (0.0322787266666, -0.02, -0.003),
            (0.035, -0.02, -0.003),
            (0.00244316348886, -0.0175, -0.003),
            (0.00515623319812, -0.0175, -0.003),
            (0.00786930290738, -0.0175, -0.003),
            (0.0105823726166, -0.0175, -0.003),
            (0.0132954423259, -0.0175, -0.003),
            (0.0160085120352, -0.0175, -0.003),
            (0.0187215817444, -0.0175, -0.003),
            (0.0214346514537, -0.0175, -0.003),
            (0.024147721163, -0.0175, -0.003),
            (0.0268607908722, -0.0175, -0.003),
            (0.0295738605815, -0.0175, -0.003),
            (0.0322869302907, -0.0175, -0.003),
            (0.035, -0.0175, -0.003),
            (0.002225, -0.015, -0.003),
            (0.00495625, -0.015, -0.003),
            (0.0076875, -0.015, -0.003),
            (0.01041875, -0.015, -0.003),
            (0.01315, -0.015, -0.003),
            (0.01588125, -0.015, -0.003),
            (0.0186125, -0.015, -0.003),
            (0.02134375, -0.015, -0.003),
            (0.024075, -0.015, -0.003),
            (0.02680625, -0.015, -0.003),
            (0.0295375, -0.015, -0.003),
            (0.03226875, -0.015, -0.003),
            (0.035, -0.015, -0.003),
            (0.0018460909355, -0.0125, -0.003),
            (0.00460891669088, -0.0125, -0.003),
            (0.00737174244625, -0.0125, -0.003),
            (0.0101345682016, -0.0125, -0.003),
            (0.012897393957, -0.0125, -0.003),
            (0.0156602197124, -0.0125, -0.003),
            (0.0184230454678, -0.0125, -0.003),
            (0.0211858712231, -0.0125, -0.003),
            (0.0239486969785, -0.0125, -0.003),
            (0.0267115227339, -0.0125, -0.003),
            (0.0294743484893, -0.0125, -0.003),
            (0.0322371742446, -0.0125, -0.003),
            (0.035, -0.0125, -0.003),
            (0.00157713832065, -0.01, -0.003),
            (0.00436237679393, -0.01, -0.003),
            (0.00714761526721, -0.01, -0.003),
            (0.00993285374048, -0.01, -0.003),
            (0.0127180922138, -0.01, -0.003),
            (0.015503330687, -0.01, -0.003),
            (0.0182885691603, -0.01, -0.003),
            (0.0210738076336, -0.01, -0.003),
            (0.0238590461069, -0.01, -0.003),
            (0.0266442845802, -0.01, -0.003),
            (0.0294295230534, -0.01, -0.003),
            (0.0322147615267, -0.01, -0.003),
            (0.035, -0.01, -0.003),
            (0.0016102885683, -0.0075, -0.003),
            (0.00439276452094, -0.0075, -0.003),
            (0.00717524047358, -0.0075, -0.003),
            (0.00995771642622, -0.0075, -0.003),
            (0.0127401923789, -0.0075, -0.003),
            (0.0155226683315, -0.0075, -0.003),
            (0.0183051442841, -0.0075, -0.003),
            (0.0210876202368, -0.0075, -0.003),
            (0.0238700961894, -0.0075, -0.003),
            (0.0266525721421, -0.0075, -0.003),
            (0.0294350480947, -0.0075, -0.003),
            (0.0322175240474, -0.0075, -0.003),
            (0.035, -0.0075, -0.003),
            (0.00192185832005, -0.005, -0.003),
            (0.00467837012671, -0.005, -0.003),
            (0.00743488193337, -0.005, -0.003),
            (0.01019139374, -0.005, -0.003),
            (0.0129479055467, -0.005, -0.003),
            (0.0157044173534, -0.005, -0.003),
            (0.01846092916, -0.005, -0.003),
            (0.0212174409667, -0.005, -0.003),
            (0.0239739527733, -0.005, -0.003),
            (0.02673046458, -0.005, -0.003),
            (0.0294869763867, -0.005, -0.003),
            (0.0322434881933, -0.005, -0.003),
            (0.035, -0.005, -0.003),
            (0.00228925442436, -0.0025, -0.003),
            (0.005015149889, -0.0025, -0.003),
            (0.00774104535363, -0.0025, -0.003),
            (0.0104669408183, -0.0025, -0.003),
            (0.0131928362829, -0.0025, -0.003),
            (0.0159187317475, -0.0025, -0.003),
            (0.0186446272122, -0.0025, -0.003),
            (0.0213705226768, -0.0025, -0.003),
            (0.0240964181415, -0.0025, -0.003),
            (0.0268223136061, -0.0025, -0.003),
            (0.0295482090707, -0.0025, -0.003),
            (0.0322741045354, -0.0025, -0.003),
            (0.035, -0.0025, -0.003),
            (0.00245, 0, -0.003),
            (0.0051625, 0, -0.003),
            (0.007875, 0, -0.003),
            (0.0105875, 0, -0.003),
            (0.0133, 0, -0.003),
            (0.0160125, 0, -0.003),
            (0.018725, 0, -0.003),
            (0.0214375, 0, -0.003),
            (0.02415, 0, -0.003),
            (0.0268625, 0, -0.003),
            (0.029575, 0, -0.003),
            (0.0322875, 0, -0.003),
            (0.035, 0, -0.003),
            (0.00228925442436, 0.0025, -0.003),
            (0.005015149889, 0.0025, -0.003),
            (0.00774104535363, 0.0025, -0.003),
            (0.0104669408183, 0.0025, -0.003),
            (0.0131928362829, 0.0025, -0.003),
            (0.0159187317475, 0.0025, -0.003),
            (0.0186446272122, 0.0025, -0.003),
            (0.0213705226768, 0.0025, -0.003),
            (0.0240964181415, 0.0025, -0.003),
            (0.0268223136061, 0.0025, -0.003),
            (0.0295482090707, 0.0025, -0.003),
            (0.0322741045354, 0.0025, -0.003),
            (0.035, 0.0025, -0.003),
            (0.00192185832005, 0.005, -0.003),
            (0.00467837012671, 0.005, -0.003),
            (0.00743488193337, 0.005, -0.003),
            (0.01019139374, 0.005, -0.003),
            (0.0129479055467, 0.005, -0.003),
            (0.0157044173534, 0.005, -0.003),
            (0.01846092916, 0.005, -0.003),
            (0.0212174409667, 0.005, -0.003),
            (0.0239739527733, 0.005, -0.003),
            (0.02673046458, 0.005, -0.003),
            (0.0294869763867, 0.005, -0.003),
            (0.0322434881933, 0.005, -0.003),
            (0.035, 0.005, -0.003),
            (0.0016102885683, 0.0075, -0.003),
            (0.00439276452094, 0.0075, -0.003),
            (0.00717524047358, 0.0075, -0.003),
            (0.00995771642622, 0.0075, -0.003),
            (0.0127401923789, 0.0075, -0.003),
            (0.0155226683315, 0.0075, -0.003),
            (0.0183051442841, 0.0075, -0.003),
            (0.0210876202368, 0.0075, -0.003),
            (0.0238700961894, 0.0075, -0.003),
            (0.0266525721421, 0.0075, -0.003),
            (0.0294350480947, 0.0075, -0.003),
            (0.0322175240474, 0.0075, -0.003),
            (0.035, 0.0075, -0.003),
            (0.00157713832065, 0.01, -0.003),
            (0.00436237679393, 0.01, -0.003),
            (0.00714761526721, 0.01, -0.003),
            (0.00993285374048, 0.01, -0.003),
            (0.0127180922138, 0.01, -0.003),
            (0.015503330687, 0.01, -0.003),
            (0.0182885691603, 0.01, -0.003),
            (0.0210738076336, 0.01, -0.003),
            (0.0238590461069, 0.01, -0.003),
            (0.0266442845802, 0.01, -0.003),
            (0.0294295230534, 0.01, -0.003),
            (0.0322147615267, 0.01, -0.003),
            (0.035, 0.01, -0.003),
            (0.0018460909355, 0.0125, -0.003),
            (0.00460891669088, 0.0125, -0.003),
            (0.00737174244625, 0.0125, -0.003),
            (0.0101345682016, 0.0125, -0.003),
            (0.012897393957, 0.0125, -0.003),
            (0.0156602197124, 0.0125, -0.003),
            (0.0184230454678, 0.0125, -0.003),
            (0.0211858712231, 0.0125, -0.003),
            (0.0239486969785, 0.0125, -0.003),
            (0.0267115227339, 0.0125, -0.003),
            (0.0294743484893, 0.0125, -0.003),
            (0.0322371742446, 0.0125, -0.003),
            (0.035, 0.0125, -0.003),
            (0.002225, 0.015, -0.003),
            (0.00495625, 0.015, -0.003),
            (0.0076875, 0.015, -0.003),
            (0.01041875, 0.015, -0.003),
            (0.01315, 0.015, -0.003),
            (0.01588125, 0.015, -0.003),
            (0.0186125, 0.015, -0.003),
            (0.02134375, 0.015, -0.003),
            (0.024075, 0.015, -0.003),
            (0.02680625, 0.015, -0.003),
            (0.0295375, 0.015, -0.003),
            (0.03226875, 0.015, -0.003),
            (0.035, 0.015, -0.003),
            (0.00244316348886, 0.0175, -0.003),
            (0.00515623319812, 0.0175, -0.003),
            (0.00786930290738, 0.0175, -0.003),
            (0.0105823726166, 0.0175, -0.003),
            (0.0132954423259, 0.0175, -0.003),
            (0.0160085120352, 0.0175, -0.003),
            (0.0187215817444, 0.0175, -0.003),
            (0.0214346514537, 0.0175, -0.003),
            (0.024147721163, 0.0175, -0.003),
            (0.0268607908722, 0.0175, -0.003),
            (0.0295738605815, 0.0175, -0.003),
            (0.0322869302907, 0.0175, -0.003),
            (0.035, 0.0175, -0.003),
            (0.0023447199994, 0.02, -0.003),
            (0.00506599333279, 0.02, -0.003),
            (0.00778726666617, 0.02, -0.003),
            (0.0105085399996, 0.02, -0.003),
            (0.0132298133329, 0.02, -0.003),
            (0.0159510866663, 0.02, -0.003),
            (0.0186723599997, 0.02, -0.003),
            (0.0213936333331, 0.02, -0.003),
            (0.0241149066665, 0.02, -0.003),
            (0.0268361799999, 0.02, -0.003),
            (0.0295574533332, 0.02, -0.003),
            (0.0322787266666, 0.02, -0.003),
            (0.035, 0.02, -0.003),
            (0.002, 0.0225, -0.003),
            (0.00475, 0.0225, -0.003),
            (0.0075, 0.0225, -0.003),
            (0.01025, 0.0225, -0.003),
            (0.013, 0.0225, -0.003),
            (0.01575, 0.0225, -0.003),
            (0.0185, 0.0225, -0.003),
            (0.02125, 0.0225, -0.003),
            (0.024, 0.0225, -0.003),
            (0.02675, 0.0225, -0.003),
            (0.0295, 0.0225, -0.003),
            (0.03225, 0.0225, -0.003),
            (0.035, 0.0225, -0.003),
            (0.00225, -0.0225, -0.0015),
            (0.00497916666667, -0.0225, -0.0015),
            (0.00770833333333, -0.0225, -0.0015),
            (0.0104375, -0.0225, -0.0015),
            (0.0131666666667, -0.0225, -0.0015),
            (0.0158958333333, -0.0225, -0.0015),
            (0.018625, -0.0225, -0.0015),
            (0.0213541666667, -0.0225, -0.0015),
            (0.0240833333333, -0.0225, -0.0015),
            (0.0268125, -0.0225, -0.0015),
            (0.0295416666667, -0.0225, -0.0015),
            (0.0322708333333, -0.0225, -0.0015),
            (0.035, -0.0225, -0.0015),
            (0.0025947199994, -0.02, -0.0015),
            (0.00529515999945, -0.02, -0.0015),
            (0.0079955999995, -0.02, -0.0015),
            (0.0106960399996, -0.02, -0.0015),
            (0.0133964799996, -0.02, -0.0015),
            (0.0160969199997, -0.02, -0.0015),
            (0.0187973599997, -0.02, -0.0015),
            (0.0214977999998, -0.02, -0.0015),
            (0.0241982399998, -0.02, -0.0015),
            (0.0268986799999, -0.02, -0.0015),
            (0.0295991199999, -0.02, -0.0015),
            (0.03229956, -0.02, -0.0015),
            (0.035, -0.02, -0.0015),
            (0.00269316348886, -0.0175, -0.0015),
            (0.00538539986478, -0.0175, -0.0015),
            (0.00807763624071, -0.0175, -0.0015),
            (0.0107698726166, -0.0175, -0.0015),
            (0.0134621089926, -0.0175, -0.0015),
            (0.0161543453685, -0.0175, -0.0015),
            (0.0188465817444, -0.0175, -0.0015),
            (0.0215388181204, -0.0175, -0.0015),
            (0.0242310544963, -0.0175, -0.0015),
            (0.0269232908722, -0.0175, -0.0015),
            (0.0296155272481, -0.0175, -0.0015),
            (0.0323077636241, -0.0175, -0.0015),
            (0.035, -0.0175, -0.0015),
            (0.002475, -0.015, -0.0015),
            (0.00518541666667, -0.015, -0.0015),
            (0.00789583333333, -0.015, -0.0015),
            (0.01060625, -0.015, -0.0015),
            (0.0133166666667, -0.015, -0.0015),
            (0.0160270833333, -0.015, -0.0015),
            (0.0187375, -0.015, -0.0015),
            (0.0214479166667, -0.015, -0.0015),
            (0.0241583333333, -0.015, -0.0015),
            (0.02686875, -0.015, -0.0015),
            (0.0295791666667, -0.015, -0.0015),
            (0.0322895833333, -0.015, -0.0015),
            (0.035, -0.015, -0.0015),
            (0.0020960909355, -0.0125, -0.0015),
            (0.00483808335754, -0.0125, -0.0015),
            (0.00758007577959, -0.0125, -0.0015),
            (0.0103220682016, -0.0125, -0.0015),
            (0.0130640606237, -0.0125, -0.0015),
            (0.0158060530457, -0.0125, -0.0015),
            (0.0185480454678, -0.0125, -0.0015),
            (0.0212900378898, -0.0125, -0.0015),
            (0.0240320303118, -0.0125, -0.0015),
            (0.0267740227339, -0.0125, -0.0015),
            (0.0295160151559, -0.0125, -0.0015),
            (0.032258007578, -0.0125, -0.0015),
            (0.035, -0.0125, -0.0015),
            (0.00182713832065, -0.01, -0.0015),
            (0.00459154346059, -0.01, -0.0015),
            (0.00735594860054, -0.01, -0.0015),
            (0.0101203537405, -0.01, -0.0015),
            (0.0128847588804, -0.01, -0.0015),
            (0.0156491640204, -0.01, -0.0015),
            (0.0184135691603, -0.01, -0.0015),
            (0.0211779743003, -0.01, -0.0015),
            (0.0239423794402, -0.01, -0.0015),
            (0.0267067845802, -0.01, -0.0015),
            (0.0294711897201, -0.01, -0.0015),
            (0.0322355948601, -0.01, -0.0015),
            (0.035, -0.01, -0.0015),
            (0.0018602885683, -0.0075, -0.0015),
            (0.00462193118761, -0.0075, -0.0015),
            (0.00738357380691, -0.0075, -0.0015),
            (0.0101452164262, -0.0075, -0.0015),
            (0.0129068590455, -0.0075, -0.0015),
            (0.0156685016648, -0.0075, -0.0015),
            (0.0184301442841, -0.0075, -0.0015),
            (0.0211917869035, -0.0075, -0.0015),
            (0.0239534295228, -0.0075, -0.0015),
            (0.0267150721421, -0.0075, -0.0015),
            (0.0294767147614, -0.0075, -0.0015),
            (0.0322383573807, -0.0075, -0.0015),
            (0.035, -0.0075, -0.0015),
            (0.00217185832005, -0.005, -0.0015),
            (0.00490753679338, -0.005, -0.0015),
            (0.00764321526671, -0.005, -0.0015),
            (0.01037889374, -0.005, -0.0015),
            (0.0131145722134, -0.005, -0.0015),
            (0.0158502506867, -0.005, -0.0015),
            (0.01858592916, -0.005, -0.0015),
            (0.0213216076334, -0.005, -0.0015),
            (0.0240572861067, -0.005, -0.0015),
            (0.02679296458, -0.005, -0.0015),
            (0.0295286430533, -0.005, -0.0015),
            (0.0322643215267, -0.005, -0.0015),
            (0.035, -0.005, -0.0015),
            (0.00253925442436, -0.0025, -0.0015),
            (0.00524431655566, -0.0025, -0.0015),
            (0.00794937868697, -0.0025, -0.0015),
            (0.0106544408183, -0.0025, -0.0015),
            (0.0133595029496, -0.0025, -0.0015),
            (0.0160645650809, -0.0025, -0.0015),
            (0.0187696272122, -0.0025, -0.0015),
            (0.0214746893435, -0.0025, -0.0015),
            (0.0241797514748, -0.0025, -0.0015),
            (0.0268848136061, -0.0025, -0.0015),
            (0.0295898757374, -0.0025, -0.0015),
            (0.0322949378687, -0.0025, -0.0015),
            (0.035, -0.0025, -0.0015),
            (0.0027, 0, -0.0015),
            (0.00539166666667, 0, -0.0015),
            (0.00808333333333, 0, -0.0015),
            (0.010775, 0, -0.0015),
            (0.0134666666667, 0, -0.0015),
            (0.0161583333333, 0, -0.0015),
            (0.01885, 0, -0.0015),
            (0.0215416666667, 0, -0.0015),
            (0.0242333333333, 0, -0.0015),
            (0.026925, 0, -0.0015),
            (0.0296166666667, 0, -0.0015),
            (0.0323083333333, 0, -0.0015),
            (0.035, 0, -0.0015),
            (0.00253925442436, 0.0025, -0.0015),
            (0.00524431655566, 0.0025, -0.0015),
            (0.00794937868697, 0.0025, -0.0015),
            (0.0106544408183, 0.0025, -0.0015),
            (0.0133595029496, 0.0025, -0.0015),
            (0.0160645650809, 0.0025, -0.0015),
            (0.0187696272122, 0.0025, -0.0015),
            (0.0214746893435, 0.0025, -0.0015),
            (0.0241797514748, 0.0025, -0.0015),
            (0.0268848136061, 0.0025, -0.0015),
            (0.0295898757374, 0.0025, -0.0015),
            (0.0322949378687, 0.0025, -0.0015),
            (0.035, 0.0025, -0.0015),
            (0.00217185832005, 0.005, -0.0015),
            (0.00490753679338, 0.005, -0.0015),
            (0.00764321526671, 0.005, -0.0015),
            (0.01037889374, 0.005, -0.0015),
            (0.0131145722134, 0.005, -0.0015),
            (0.0158502506867, 0.005, -0.0015),
            (0.01858592916, 0.005, -0.0015),
            (0.0213216076334, 0.005, -0.0015),
            (0.0240572861067, 0.005, -0.0015),
            (0.02679296458, 0.005, -0.0015),
            (0.0295286430533, 0.005, -0.0015),
            (0.0322643215267, 0.005, -0.0015),
            (0.035, 0.005, -0.0015),
            (0.0018602885683, 0.0075, -0.0015),
            (0.00462193118761, 0.0075, -0.0015),
            (0.00738357380691, 0.0075, -0.0015),
            (0.0101452164262, 0.0075, -0.0015),
            (0.0129068590455, 0.0075, -0.0015),
            (0.0156685016648, 0.0075, -0.0015),
            (0.0184301442841, 0.0075, -0.0015),
            (0.0211917869035, 0.0075, -0.0015),
            (0.0239534295228, 0.0075, -0.0015),
            (0.0267150721421, 0.0075, -0.0015),
            (0.0294767147614, 0.0075, -0.0015),
            (0.0322383573807, 0.0075, -0.0015),
            (0.035, 0.0075, -0.0015),
            (0.00182713832065, 0.01, -0.0015),
            (0.00459154346059, 0.01, -0.0015),
            (0.00735594860054, 0.01, -0.0015),
            (0.0101203537405, 0.01, -0.0015),
            (0.0128847588804, 0.01, -0.0015),
            (0.0156491640204, 0.01, -0.0015),
            (0.0184135691603, 0.01, -0.0015),
            (0.0211779743003, 0.01, -0.0015),
            (0.0239423794402, 0.01, -0.0015),
            (0.0267067845802, 0.01, -0.0015),
            (0.0294711897201, 0.01, -0.0015),
            (0.0322355948601, 0.01, -0.0015),
            (0.035, 0.01, -0.0015),
            (0.0020960909355, 0.0125, -0.0015),
            (0.00483808335754, 0.0125, -0.0015),
            (0.00758007577959, 0.0125, -0.0015),
            (0.0103220682016, 0.0125, -0.0015),
            (0.0130640606237, 0.0125, -0.0015),
            (0.0158060530457, 0.0125, -0.0015),
            (0.0185480454678, 0.0125, -0.0015),
            (0.0212900378898, 0.0125, -0.0015),
            (0.0240320303118, 0.0125, -0.0015),
            (0.0267740227339, 0.0125, -0.0015),
            (0.0295160151559, 0.0125, -0.0015),
            (0.032258007578, 0.0125, -0.0015),
            (0.035, 0.0125, -0.0015),
            (0.002475, 0.015, -0.0015),
            (0.00518541666667, 0.015, -0.0015),
            (0.00789583333333, 0.015, -0.0015),
            (0.01060625, 0.015, -0.0015),
            (0.0133166666667, 0.015, -0.0015),
            (0.0160270833333, 0.015, -0.0015),
            (0.0187375, 0.015, -0.0015),
            (0.0214479166667, 0.015, -0.0015),
            (0.0241583333333, 0.015, -0.0015),
            (0.02686875, 0.015, -0.0015),
            (0.0295791666667, 0.015, -0.0015),
            (0.0322895833333, 0.015, -0.0015),
            (0.035, 0.015, -0.0015),
            (0.00269316348886, 0.0175, -0.0015),
            (0.00538539986478, 0.0175, -0.0015),
            (0.00807763624071, 0.0175, -0.0015),
            (0.0107698726166, 0.0175, -0.0015),
            (0.0134621089926, 0.0175, -0.0015),
            (0.0161543453685, 0.0175, -0.0015),
            (0.0188465817444, 0.0175, -0.0015),
            (0.0215388181204, 0.0175, -0.0015),
            (0.0242310544963, 0.0175, -0.0015),
            (0.0269232908722, 0.0175, -0.0015),
            (0.0296155272481, 0.0175, -0.0015),
            (0.0323077636241, 0.0175, -0.0015),
            (0.035, 0.0175, -0.0015),
            (0.0025947199994, 0.02, -0.0015),
            (0.00529515999945, 0.02, -0.0015),
            (0.0079955999995, 0.02, -0.0015),
            (0.0106960399996, 0.02, -0.0015),
            (0.0133964799996, 0.02, -0.0015),
            (0.0160969199997, 0.02, -0.0015),
            (0.0187973599997, 0.02, -0.0015),
            (0.0214977999998, 0.02, -0.0015),
            (0.0241982399998, 0.02, -0.0015),
            (0.0268986799999, 0.02, -0.0015),
            (0.0295991199999, 0.02, -0.0015),
            (0.03229956, 0.02, -0.0015),
            (0.035, 0.02, -0.0015),
            (0.00225, 0.0225, -0.0015),
            (0.00497916666667, 0.0225, -0.0015),
            (0.00770833333333, 0.0225, -0.0015),
            (0.0104375, 0.0225, -0.0015),
            (0.0131666666667, 0.0225, -0.0015),
            (0.0158958333333, 0.0225, -0.0015),
            (0.018625, 0.0225, -0.0015),
            (0.0213541666667, 0.0225, -0.0015),
            (0.0240833333333, 0.0225, -0.0015),
            (0.0268125, 0.0225, -0.0015),
            (0.0295416666667, 0.0225, -0.0015),
            (0.0322708333333, 0.0225, -0.0015),
            (0.035, 0.0225, -0.0015),
            (0.0025, -0.0225, 0),
            (0.00520833333333, -0.0225, 0),
            (0.00791666666667, -0.0225, 0),
            (0.010625, -0.0225, 0),
            (0.0133333333333, -0.0225, 0),
            (0.0160416666667, -0.0225, 0),
            (0.01875, -0.0225, 0),
            (0.0214583333333, -0.0225, 0),
            (0.0241666666667, -0.0225, 0),
            (0.026875, -0.0225, 0),
            (0.0295833333333, -0.0225, 0),
            (0.0322916666667, -0.0225, 0),
            (0.035, -0.0225, 0),
            (0.0028447199994, -0.02, 0),
            (0.00552432666612, -0.02, 0),
            (0.00820393333284, -0.02, 0),
            (0.0108835399996, -0.02, 0),
            (0.0135631466663, -0.02, 0),
            (0.016242753333, -0.02, 0),
            (0.0189223599997, -0.02, 0),
            (0.0216019666664, -0.02, 0),
            (0.0242815733331, -0.02, 0),
            (0.0269611799999, -0.02, 0),
            (0.0296407866666, -0.02, 0),
            (0.0323203933333, -0.02, 0),
            (0.035, -0.02, 0),
            (0.00294316348886, -0.0175, 0),
            (0.00561456653145, -0.0175, 0),
            (0.00828596957405, -0.0175, 0),
            (0.0109573726166, -0.0175, 0),
            (0.0136287756592, -0.0175, 0),
            (0.0163001787018, -0.0175, 0),
            (0.0189715817444, -0.0175, 0),
            (0.021642984787, -0.0175, 0),
            (0.0243143878296, -0.0175, 0),
            (0.0269857908722, -0.0175, 0),
            (0.0296571939148, -0.0175, 0),
            (0.0323285969574, -0.0175, 0),
            (0.035, -0.0175, 0),
            (0.002725, -0.015, 0),
            (0.00541458333333, -0.015, 0),
            (0.00810416666667, -0.015, 0),
            (0.01079375, -0.015, 0),
            (0.0134833333333, -0.015, 0),
            (0.0161729166667, -0.015, 0),
            (0.0188625, -0.015, 0),
            (0.0215520833333, -0.015, 0),
            (0.0242416666667, -0.015, 0),
            (0.02693125, -0.015, 0),
            (0.0296208333333, -0.015, 0),
            (0.0323104166667, -0.015, 0),
            (0.035, -0.015, 0),
            (0.0023460909355, -0.0125, 0),
            (0.00506725002421, -0.0125, 0),
            (0.00778840911292, -0.0125, 0),
            (0.0105095682016, -0.0125, 0),
            (0.0132307272903, -0.0125, 0),
            (0.015951886379, -0.0125, 0),
            (0.0186730454678, -0.0125, 0),
            (0.0213942045565, -0.0125, 0),
            (0.0241153636452, -0.0125, 0),
            (0.0268365227339, -0.0125, 0),
            (0.0295576818226, -0.0125, 0),
            (0.0322788409113, -0.0125, 0),
            (0.035, -0.0125, 0),
            (0.00207713832065, -0.01, 0),
            (0.00482071012726, -0.01, 0),
            (0.00756428193387, -0.01, 0),
            (0.0103078537405, -0.01, 0),
            (0.0130514255471, -0.01, 0),
            (0.0157949973537, -0.01, 0),
            (0.0185385691603, -0.01, 0),
            (0.0212821409669, -0.01, 0),
            (0.0240257127735, -0.01, 0),
            (0.0267692845802, -0.01, 0),
            (0.0295128563868, -0.01, 0),
            (0.0322564281934, -0.01, 0),
            (0.035, -0.01, 0),
            (0.0021102885683, -0.0075, 0),
            (0.00485109785427, -0.0075, 0),
            (0.00759190714025, -0.0075, 0),
            (0.0103327164262, -0.0075, 0),
            (0.0130735257122, -0.0075, 0),
            (0.0158143349982, -0.0075, 0),
            (0.0185551442841, -0.0075, 0),
            (0.0212959535701, -0.0075, 0),
            (0.0240367628561, -0.0075, 0),
            (0.0267775721421, -0.0075, 0),
            (0.029518381428, -0.0075, 0),
            (0.032259190714, -0.0075, 0),
            (0.035, -0.0075, 0),
            (0.00242185832005, -0.005, 0),
            (0.00513670346005, -0.005, 0),
            (0.00785154860004, -0.005, 0),
            (0.01056639374, -0.005, 0),
            (0.01328123888, -0.005, 0),
            (0.01599608402, -0.005, 0),
            (0.01871092916, -0.005, 0),
            (0.0214257743, -0.005, 0),
            (0.02414061944, -0.005, 0),
            (0.02685546458, -0.005, 0),
            (0.02957030972, -0.005, 0),
            (0.03228515486, -0.005, 0),
            (0.035, -0.005, 0),
            (0.00278925442436, -0.0025, 0),
            (0.00547348322233, -0.0025, 0),
            (0.0081577120203, -0.0025, 0),
            (0.0108419408183, -0.0025, 0),
            (0.0135261696162, -0.0025, 0),
            (0.0162103984142, -0.0025, 0),
            (0.0188946272122, -0.0025, 0),
            (0.0215788560101, -0.0025, 0),
            (0.0242630848081, -0.0025, 0),
            (0.0269473136061, -0.0025, 0),
            (0.0296315424041, -0.0025, 0),
            (0.032315771202, -0.0025, 0),
            (0.035, -0.0025, 0),
            (0.00295, 0, 0),
            (0.00562083333333, 0, 0),
            (0.00829166666667, 0, 0),
            (0.0109625, 0, 0),
            (0.0136333333333, 0, 0),
            (0.0163041666667, 0, 0),
            (0.018975, 0, 0),
            (0.0216458333333, 0, 0),
            (0.0243166666667, 0, 0),
            (0.0269875, 0, 0),
            (0.0296583333333, 0, 0),
            (0.0323291666667, 0, 0),
            (0.035, 0, 0),
            (0.00278925442436, 0.0025, 0),
            (0.00547348322233, 0.0025, 0),
            (0.0081577120203, 0.0025, 0),
            (0.0108419408183, 0.0025, 0),
            (0.0135261696162, 0.0025, 0),
            (0.0162103984142, 0.0025, 0),
            (0.0188946272122, 0.0025, 0),
            (0.0215788560101, 0.0025, 0),
            (0.0242630848081, 0.0025, 0),
            (0.0269473136061, 0.0025, 0),
            (0.0296315424041, 0.0025, 0),
            (0.032315771202, 0.0025, 0),
            (0.035, 0.0025, 0),
            (0.00242185832005, 0.005, 0),
            (0.00513670346005, 0.005, 0),
            (0.00785154860004, 0.005, 0),
            (0.01056639374, 0.005, 0),
            (0.01328123888, 0.005, 0),
            (0.01599608402, 0.005, 0),
            (0.01871092916, 0.005, 0),
            (0.0214257743, 0.005, 0),
            (0.02414061944, 0.005, 0),
            (0.02685546458, 0.005, 0),
            (0.02957030972, 0.005, 0),
            (0.03228515486, 0.005, 0),
            (0.035, 0.005, 0),
            (0.0021102885683, 0.0075, 0),
            (0.00485109785427, 0.0075, 0),
            (0.00759190714025, 0.0075, 0),
            (0.0103327164262, 0.0075, 0),
            (0.0130735257122, 0.0075, 0),
            (0.0158143349982, 0.0075, 0),
            (0.0185551442841, 0.0075, 0),
            (0.0212959535701, 0.0075, 0),
            (0.0240367628561, 0.0075, 0),
            (0.0267775721421, 0.0075, 0),
            (0.029518381428, 0.0075, 0),
            (0.032259190714, 0.0075, 0),
            (0.035, 0.0075, 0),
            (0.00207713832065, 0.01, 0),
            (0.00482071012726, 0.01, 0),
            (0.00756428193387, 0.01, 0),
            (0.0103078537405, 0.01, 0),
            (0.0130514255471, 0.01, 0),
            (0.0157949973537, 0.01, 0),
            (0.0185385691603, 0.01, 0),
            (0.0212821409669, 0.01, 0),
            (0.0240257127735, 0.01, 0),
            (0.0267692845802, 0.01, 0),
            (0.0295128563868, 0.01, 0),
            (0.0322564281934, 0.01, 0),
            (0.035, 0.01, 0),
            (0.0023460909355, 0.0125, 0),
            (0.00506725002421, 0.0125, 0),
            (0.00778840911292, 0.0125, 0),
            (0.0105095682016, 0.0125, 0),
            (0.0132307272903, 0.0125, 0),
            (0.015951886379, 0.0125, 0),
            (0.0186730454678, 0.0125, 0),
            (0.0213942045565, 0.0125, 0),
            (0.0241153636452, 0.0125, 0),
            (0.0268365227339, 0.0125, 0),
            (0.0295576818226, 0.0125, 0),
            (0.0322788409113, 0.0125, 0),
            (0.035, 0.0125, 0),
            (0.002725, 0.015, 0),
            (0.00541458333333, 0.015, 0),
            (0.00810416666667, 0.015, 0),
            (0.01079375, 0.015, 0),
            (0.0134833333333, 0.015, 0),
            (0.0161729166667, 0.015, 0),
            (0.0188625, 0.015, 0),
            (0.0215520833333, 0.015, 0),
            (0.0242416666667, 0.015, 0),
            (0.02693125, 0.015, 0),
            (0.0296208333333, 0.015, 0),
            (0.0323104166667, 0.015, 0),
            (0.035, 0.015, 0),
            (0.00294316348886, 0.0175, 0),
            (0.00561456653145, 0.0175, 0),
            (0.00828596957405, 0.0175, 0),
            (0.0109573726166, 0.0175, 0),
            (0.0136287756592, 0.0175, 0),
            (0.0163001787018, 0.0175, 0),
            (0.0189715817444, 0.0175, 0),
            (0.021642984787, 0.0175, 0),
            (0.0243143878296, 0.0175, 0),
            (0.0269857908722, 0.0175, 0),
            (0.0296571939148, 0.0175, 0),
            (0.0323285969574, 0.0175, 0),
            (0.035, 0.0175, 0),
            (0.0028447199994, 0.02, 0),
            (0.00552432666612, 0.02, 0),
            (0.00820393333284, 0.02, 0),
            (0.0108835399996, 0.02, 0),
            (0.0135631466663, 0.02, 0),
            (0.016242753333, 0.02, 0),
            (0.0189223599997, 0.02, 0),
            (0.0216019666664, 0.02, 0),
            (0.0242815733331, 0.02, 0),
            (0.0269611799999, 0.02, 0),
            (0.0296407866666, 0.02, 0),
            (0.0323203933333, 0.02, 0),
            (0.035, 0.02, 0),
            (0.0025, 0.0225, 0),
            (0.00520833333333, 0.0225, 0),
            (0.00791666666667, 0.0225, 0),
            (0.010625, 0.0225, 0),
            (0.0133333333333, 0.0225, 0),
            (0.0160416666667, 0.0225, 0),
            (0.01875, 0.0225, 0),
            (0.0214583333333, 0.0225, 0),
            (0.0241666666667, 0.0225, 0),
            (0.026875, 0.0225, 0),
            (0.0295833333333, 0.0225, 0),
            (0.0322916666667, 0.0225, 0),
            (0.035, 0.0225, 0),
            (0.00275, -0.0225, 0.0015),
            (0.0054375, -0.0225, 0.0015),
            (0.008125, -0.0225, 0.0015),
            (0.0108125, -0.0225, 0.0015),
            (0.0135, -0.0225, 0.0015),
            (0.0161875, -0.0225, 0.0015),
            (0.018875, -0.0225, 0.0015),
            (0.0215625, -0.0225, 0.0015),
            (0.02425, -0.0225, 0.0015),
            (0.0269375, -0.0225, 0.0015),
            (0.029625, -0.0225, 0.0015),
            (0.0323125, -0.0225, 0.0015),
            (0.035, -0.0225, 0.0015),
            (0.0030947199994, -0.02, 0.0015),
            (0.00575349333279, -0.02, 0.0015),
            (0.00841226666617, -0.02, 0.0015),
            (0.0110710399996, -0.02, 0.0015),
            (0.0137298133329, -0.02, 0.0015),
            (0.0163885866663, -0.02, 0.0015),
            (0.0190473599997, -0.02, 0.0015),
            (0.0217061333331, -0.02, 0.0015),
            (0.0243649066665, -0.02, 0.0015),
            (0.0270236799999, -0.02, 0.0015),
            (0.0296824533332, -0.02, 0.0015),
            (0.0323412266666, -0.02, 0.0015),
            (0.035, -0.02, 0.0015),
            (0.00319316348886, -0.0175, 0.0015),
            (0.00584373319812, -0.0175, 0.0015),
            (0.00849430290738, -0.0175, 0.0015),
            (0.0111448726166, -0.0175, 0.0015),
            (0.0137954423259, -0.0175, 0.0015),
            (0.0164460120352, -0.0175, 0.0015),
            (0.0190965817444, -0.0175, 0.0015),
            (0.0217471514537, -0.0175, 0.0015),
            (0.024397721163, -0.0175, 0.0015),
            (0.0270482908722, -0.0175, 0.0015),
            (0.0296988605815, -0.0175, 0.0015),
            (0.0323494302907, -0.0175, 0.0015),
            (0.035, -0.0175, 0.0015),
            (0.002975, -0.015, 0.0015),
            (0.00564375, -0.015, 0.0015),
            (0.0083125, -0.015, 0.0015),
            (0.01098125, -0.015, 0.0015),
            (0.01365, -0.015, 0.0015),
            (0.01631875, -0.015, 0.0015),
            (0.0189875, -0.015, 0.0015),
            (0.02165625, -0.015, 0.0015),
            (0.024325, -0.015, 0.0015),
            (0.02699375, -0.015, 0.0015),
            (0.0296625, -0.015, 0.0015),
            (0.03233125, -0.015, 0.0015),
            (0.035, -0.015, 0.0015),
            (0.0025960909355, -0.0125, 0.0015),
            (0.00529641669088, -0.0125, 0.0015),
            (0.00799674244625, -0.0125, 0.0015),
            (0.0106970682016, -0.0125, 0.0015),
            (0.013397393957, -0.0125, 0.0015),
            (0.0160977197124, -0.0125, 0.0015),
            (0.0187980454678, -0.0125, 0.0015),
            (0.0214983712231, -0.0125, 0.0015),
            (0.0241986969785, -0.0125, 0.0015),
            (0.0268990227339, -0.0125, 0.0015),
            (0.0295993484893, -0.0125, 0.0015),
            (0.0322996742446, -0.0125, 0.0015),
            (0.035, -0.0125, 0.0015),
            (0.00232713832065, -0.01, 0.0015),
            (0.00504987679393, -0.01, 0.0015),
            (0.00777261526721, -0.01, 0.0015),
            (0.0104953537405, -0.01, 0.0015),
            (0.0132180922138, -0.01, 0.0015),
            (0.015940830687, -0.01, 0.0015),
            (0.0186635691603, -0.01, 0.0015),
            (0.0213863076336, -0.01, 0.0015),
            (0.0241090461069, -0.01, 0.0015),
            (0.0268317845802, -0.01, 0.0015),
            (0.0295545230534, -0.01, 0.0015),
            (0.0322772615267, -0.01, 0.0015),
            (0.035, -0.01, 0.0015),
            (0.0023602885683, -0.0075, 0.0015),
            (0.00508026452094, -0.0075, 0.0015),
            (0.00780024047358, -0.0075, 0.0015),
            (0.0105202164262, -0.0075, 0.0015),
            (0.0132401923789, -0.0075, 0.0015),
            (0.0159601683315, -0.0075, 0.0015),
            (0.0186801442841, -0.0075, 0.0015),
            (0.0214001202368, -0.0075, 0.0015),
            (0.0241200961894, -0.0075, 0.0015),
            (0.0268400721421, -0.0075, 0.0015),
            (0.0295600480947, -0.0075, 0.0015),
            (0.0322800240474, -0.0075, 0.0015),
            (0.035, -0.0075, 0.0015),
            (0.00267185832005, -0.005, 0.0015),
            (0.00536587012671, -0.005, 0.0015),
            (0.00805988193337, -0.005, 0.0015),
            (0.01075389374, -0.005, 0.0015),
            (0.0134479055467, -0.005, 0.0015),
            (0.0161419173534, -0.005, 0.0015),
            (0.01883592916, -0.005, 0.0015),
            (0.0215299409667, -0.005, 0.0015),
            (0.0242239527733, -0.005, 0.0015),
            (0.02691796458, -0.005, 0.0015),
            (0.0296119763867, -0.005, 0.0015),
            (0.0323059881933, -0.005, 0.0015),
            (0.035, -0.005, 0.0015),
            (0.00303925442436, -0.0025, 0.0015),
            (0.005702649889, -0.0025, 0.0015),
            (0.00836604535363, -0.0025, 0.0015),
            (0.0110294408183, -0.0025, 0.0015),
            (0.0136928362829, -0.0025, 0.0015),
            (0.0163562317475, -0.0025, 0.0015),
            (0.0190196272122, -0.0025, 0.0015),
            (0.0216830226768, -0.0025, 0.0015),
            (0.0243464181415, -0.0025, 0.0015),
            (0.0270098136061, -0.0025, 0.0015),
            (0.0296732090707, -0.0025, 0.0015),
            (0.0323366045354, -0.0025, 0.0015),
            (0.035, -0.0025, 0.0015),
            (0.0032, 0, 0.0015),
            (0.00585, 0, 0.0015),
            (0.0085, 0, 0.0015),
            (0.01115, 0, 0.0015),
            (0.0138, 0, 0.0015),
            (0.01645, 0, 0.0015),
            (0.0191, 0, 0.0015),
            (0.02175, 0, 0.0015),
            (0.0244, 0, 0.0015),
            (0.02705, 0, 0.0015),
            (0.0297, 0, 0.0015),
            (0.03235, 0, 0.0015),
            (0.035, 0, 0.0015),
            (0.00303925442436, 0.0025, 0.0015),
            (0.005702649889, 0.0025, 0.0015),
            (0.00836604535363, 0.0025, 0.0015),
            (0.0110294408183, 0.0025, 0.0015),
            (0.0136928362829, 0.0025, 0.0015),
            (0.0163562317475, 0.0025, 0.0015),
            (0.0190196272122, 0.0025, 0.0015),
            (0.0216830226768, 0.0025, 0.0015),
            (0.0243464181415, 0.0025, 0.0015),
            (0.0270098136061, 0.0025, 0.0015),
            (0.0296732090707, 0.0025, 0.0015),
            (0.0323366045354, 0.0025, 0.0015),
            (0.035, 0.0025, 0.0015),
            (0.00267185832005, 0.005, 0.0015),
            (0.00536587012671, 0.005, 0.0015),
            (0.00805988193337, 0.005, 0.0015),
            (0.01075389374, 0.005, 0.0015),
            (0.0134479055467, 0.005, 0.0015),
            (0.0161419173534, 0.005, 0.0015),
            (0.01883592916, 0.005, 0.0015),
            (0.0215299409667, 0.005, 0.0015),
            (0.0242239527733, 0.005, 0.0015),
            (0.02691796458, 0.005, 0.0015),
            (0.0296119763867, 0.005, 0.0015),
            (0.0323059881933, 0.005, 0.0015),
            (0.035, 0.005, 0.0015),
            (0.0023602885683, 0.0075, 0.0015),
            (0.00508026452094, 0.0075, 0.0015),
            (0.00780024047358, 0.0075, 0.0015),
            (0.0105202164262, 0.0075, 0.0015),
            (0.0132401923789, 0.0075, 0.0015),
            (0.0159601683315, 0.0075, 0.0015),
            (0.0186801442841, 0.0075, 0.0015),
            (0.0214001202368, 0.0075, 0.0015),
            (0.0241200961894, 0.0075, 0.0015),
            (0.0268400721421, 0.0075, 0.0015),
            (0.0295600480947, 0.0075, 0.0015),
            (0.0322800240474, 0.0075, 0.0015),
            (0.035, 0.0075, 0.0015),
            (0.00232713832065, 0.01, 0.0015),
            (0.00504987679393, 0.01, 0.0015),
            (0.00777261526721, 0.01, 0.0015),
            (0.0104953537405, 0.01, 0.0015),
            (0.0132180922138, 0.01, 0.0015),
            (0.015940830687, 0.01, 0.0015),
            (0.0186635691603, 0.01, 0.0015),
            (0.0213863076336, 0.01, 0.0015),
            (0.0241090461069, 0.01, 0.0015),
            (0.0268317845802, 0.01, 0.0015),
            (0.0295545230534, 0.01, 0.0015),
            (0.0322772615267, 0.01, 0.0015),
            (0.035, 0.01, 0.0015),
            (0.0025960909355, 0.0125, 0.0015),
            (0.00529641669088, 0.0125, 0.0015),
            (0.00799674244625, 0.0125, 0.0015),
            (0.0106970682016, 0.0125, 0.0015),
            (0.013397393957, 0.0125, 0.0015),
            (0.0160977197124, 0.0125, 0.0015),
            (0.0187980454678, 0.0125, 0.0015),
            (0.0214983712231, 0.0125, 0.0015),
            (0.0241986969785, 0.0125, 0.0015),
            (0.0268990227339, 0.0125, 0.0015),
            (0.0295993484893, 0.0125, 0.0015),
            (0.0322996742446, 0.0125, 0.0015),
            (0.035, 0.0125, 0.0015),
            (0.002975, 0.015, 0.0015),
            (0.00564375, 0.015, 0.0015),
            (0.0083125, 0.015, 0.0015),
            (0.01098125, 0.015, 0.0015),
            (0.01365, 0.015, 0.0015),
            (0.01631875, 0.015, 0.0015),
            (0.0189875, 0.015, 0.0015),
            (0.02165625, 0.015, 0.0015),
            (0.024325, 0.015, 0.0015),
            (0.02699375, 0.015, 0.0015),
            (0.0296625, 0.015, 0.0015),
            (0.03233125, 0.015, 0.0015),
            (0.035, 0.015, 0.0015),
            (0.00319316348886, 0.0175, 0.0015),
            (0.00584373319812, 0.0175, 0.0015),
            (0.00849430290738, 0.0175, 0.0015),
            (0.0111448726166, 0.0175, 0.0015),
            (0.0137954423259, 0.0175, 0.0015),
            (0.0164460120352, 0.0175, 0.0015),
            (0.0190965817444, 0.0175, 0.0015),
            (0.0217471514537, 0.0175, 0.0015),
            (0.024397721163, 0.0175, 0.0015),
            (0.0270482908722, 0.0175, 0.0015),
            (0.0296988605815, 0.0175, 0.0015),
            (0.0323494302907, 0.0175, 0.0015),
            (0.035, 0.0175, 0.0015),
            (0.0030947199994, 0.02, 0.0015),
            (0.00575349333279, 0.02, 0.0015),
            (0.00841226666617, 0.02, 0.0015),
            (0.0110710399996, 0.02, 0.0015),
            (0.0137298133329, 0.02, 0.0015),
            (0.0163885866663, 0.02, 0.0015),
            (0.0190473599997, 0.02, 0.0015),
            (0.0217061333331, 0.02, 0.0015),
            (0.0243649066665, 0.02, 0.0015),
            (0.0270236799999, 0.02, 0.0015),
            (0.0296824533332, 0.02, 0.0015),
            (0.0323412266666, 0.02, 0.0015),
            (0.035, 0.02, 0.0015),
            (0.00275, 0.0225, 0.0015),
            (0.0054375, 0.0225, 0.0015),
            (0.008125, 0.0225, 0.0015),
            (0.0108125, 0.0225, 0.0015),
            (0.0135, 0.0225, 0.0015),
            (0.0161875, 0.0225, 0.0015),
            (0.018875, 0.0225, 0.0015),
            (0.0215625, 0.0225, 0.0015),
            (0.02425, 0.0225, 0.0015),
            (0.0269375, 0.0225, 0.0015),
            (0.029625, 0.0225, 0.0015),
            (0.0323125, 0.0225, 0.0015),
            (0.035, 0.0225, 0.0015),
            (0.003, -0.0225, 0.003),
            (0.00566666666667, -0.0225, 0.003),
            (0.00833333333333, -0.0225, 0.003),
            (0.011, -0.0225, 0.003),
            (0.0136666666667, -0.0225, 0.003),
            (0.0163333333333, -0.0225, 0.003),
            (0.019, -0.0225, 0.003),
            (0.0216666666667, -0.0225, 0.003),
            (0.0243333333333, -0.0225, 0.003),
            (0.027, -0.0225, 0.003),
            (0.0296666666667, -0.0225, 0.003),
            (0.0323333333333, -0.0225, 0.003),
            (0.035, -0.0225, 0.003),
            (0.0033447199994, -0.02, 0.003),
            (0.00598265999945, -0.02, 0.003),
            (0.0086205999995, -0.02, 0.003),
            (0.0112585399996, -0.02, 0.003),
            (0.0138964799996, -0.02, 0.003),
            (0.0165344199997, -0.02, 0.003),
            (0.0191723599997, -0.02, 0.003),
            (0.0218102999998, -0.02, 0.003),
            (0.0244482399998, -0.02, 0.003),
            (0.0270861799999, -0.02, 0.003),
            (0.0297241199999, -0.02, 0.003),
            (0.03236206, -0.02, 0.003),
            (0.035, -0.02, 0.003),
            (0.00344316348886, -0.0175, 0.003),
            (0.00607289986478, -0.0175, 0.003),
            (0.00870263624071, -0.0175, 0.003),
            (0.0113323726166, -0.0175, 0.003),
            (0.0139621089926, -0.0175, 0.003),
            (0.0165918453685, -0.0175, 0.003),
            (0.0192215817444, -0.0175, 0.003),
            (0.0218513181204, -0.0175, 0.003),
            (0.0244810544963, -0.0175, 0.003),
            (0.0271107908722, -0.0175, 0.003),
            (0.0297405272481, -0.0175, 0.003),
            (0.0323702636241, -0.0175, 0.003),
            (0.035, -0.0175, 0.003),
            (0.003225, -0.015, 0.003),
            (0.00587291666667, -0.015, 0.003),
            (0.00852083333333, -0.015, 0.003),
            (0.01116875, -0.015, 0.003),
            (0.0138166666667, -0.015, 0.003),
            (0.0164645833333, -0.015, 0.003),
            (0.0191125, -0.015, 0.003),
            (0.0217604166667, -0.015, 0.003),
            (0.0244083333333, -0.015, 0.003),
            (0.02705625, -0.015, 0.003),
            (0.0297041666667, -0.015, 0.003),
            (0.0323520833333, -0.015, 0.003),
            (0.035, -0.015, 0.003),
            (0.0028460909355, -0.0125, 0.003),
            (0.00552558335754, -0.0125, 0.003),
            (0.00820507577959, -0.0125, 0.003),
            (0.0108845682016, -0.0125, 0.003),
            (0.0135640606237, -0.0125, 0.003),
            (0.0162435530457, -0.0125, 0.003),
            (0.0189230454678, -0.0125, 0.003),
            (0.0216025378898, -0.0125, 0.003),
            (0.0242820303118, -0.0125, 0.003),
            (0.0269615227339, -0.0125, 0.003),
            (0.0296410151559, -0.0125, 0.003),
            (0.032320507578, -0.0125, 0.003),
            (0.035, -0.0125, 0.003),
            (0.00257713832065, -0.01, 0.003),
            (0.00527904346059, -0.01, 0.003),
            (0.00798094860054, -0.01, 0.003),
            (0.0106828537405, -0.01, 0.003),
            (0.0133847588804, -0.01, 0.003),
            (0.0160866640204, -0.01, 0.003),
            (0.0187885691603, -0.01, 0.003),
            (0.0214904743003, -0.01, 0.003),
            (0.0241923794402, -0.01, 0.003),
            (0.0268942845802, -0.01, 0.003),
            (0.0295961897201, -0.01, 0.003),
            (0.0322980948601, -0.01, 0.003),
            (0.035, -0.01, 0.003),
            (0.0026102885683, -0.0075, 0.003),
            (0.00530943118761, -0.0075, 0.003),
            (0.00800857380691, -0.0075, 0.003),
            (0.0107077164262, -0.0075, 0.003),
            (0.0134068590455, -0.0075, 0.003),
            (0.0161060016648, -0.0075, 0.003),
            (0.0188051442841, -0.0075, 0.003),
            (0.0215042869035, -0.0075, 0.003),
            (0.0242034295228, -0.0075, 0.003),
            (0.0269025721421, -0.0075, 0.003),
            (0.0296017147614, -0.0075, 0.003),
            (0.0323008573807, -0.0075, 0.003),
            (0.035, -0.0075, 0.003),
            (0.00292185832005, -0.005, 0.003),
            (0.00559503679338, -0.005, 0.003),
            (0.00826821526671, -0.005, 0.003),
            (0.01094139374, -0.005, 0.003),
            (0.0136145722134, -0.005, 0.003),
            (0.0162877506867, -0.005, 0.003),
            (0.01896092916, -0.005, 0.003),
            (0.0216341076334, -0.005, 0.003),
            (0.0243072861067, -0.005, 0.003),
            (0.02698046458, -0.005, 0.003),
            (0.0296536430533, -0.005, 0.003),
            (0.0323268215267, -0.005, 0.003),
            (0.035, -0.005, 0.003),
            (0.00328925442436, -0.0025, 0.003),
            (0.00593181655566, -0.0025, 0.003),
            (0.00857437868697, -0.0025, 0.003),
            (0.0112169408183, -0.0025, 0.003),
            (0.0138595029496, -0.0025, 0.003),
            (0.0165020650809, -0.0025, 0.003),
            (0.0191446272122, -0.0025, 0.003),
            (0.0217871893435, -0.0025, 0.003),
            (0.0244297514748, -0.0025, 0.003),
            (0.0270723136061, -0.0025, 0.003),
            (0.0297148757374, -0.0025, 0.003),
            (0.0323574378687, -0.0025, 0.003),
            (0.035, -0.0025, 0.003),
            (0.00345, 0, 0.003),
            (0.00607916666667, 0, 0.003),
            (0.00870833333333, 0, 0.003),
            (0.0113375, 0, 0.003),
            (0.0139666666667, 0, 0.003),
            (0.0165958333333, 0, 0.003),
            (0.019225, 0, 0.003),
            (0.0218541666667, 0, 0.003),
            (0.0244833333333, 0, 0.003),
            (0.0271125, 0, 0.003),
            (0.0297416666667, 0, 0.003),
            (0.0323708333333, 0, 0.003),
            (0.035, 0, 0.003),
            (0.00328925442436, 0.0025, 0.003),
            (0.00593181655566, 0.0025, 0.003),
            (0.00857437868697, 0.0025, 0.003),
            (0.0112169408183, 0.0025, 0.003),
            (0.0138595029496, 0.0025, 0.003),
            (0.0165020650809, 0.0025, 0.003),
            (0.0191446272122, 0.0025, 0.003),
            (0.0217871893435, 0.0025, 0.003),
            (0.0244297514748, 0.0025, 0.003),
            (0.0270723136061, 0.0025, 0.003),
            (0.0297148757374, 0.0025, 0.003),
            (0.0323574378687, 0.0025, 0.003),
            (0.035, 0.0025, 0.003),
            (0.00292185832005, 0.005, 0.003),
            (0.00559503679338, 0.005, 0.003),
            (0.00826821526671, 0.005, 0.003),
            (0.01094139374, 0.005, 0.003),
            (0.0136145722134, 0.005, 0.003),
            (0.0162877506867, 0.005, 0.003),
            (0.01896092916, 0.005, 0.003),
            (0.0216341076334, 0.005, 0.003),
            (0.0243072861067, 0.005, 0.003),
            (0.02698046458, 0.005, 0.003),
            (0.0296536430533, 0.005, 0.003),
            (0.0323268215267, 0.005, 0.003),
            (0.035, 0.005, 0.003),
            (0.0026102885683, 0.0075, 0.003),
            (0.00530943118761, 0.0075, 0.003),
            (0.00800857380691, 0.0075, 0.003),
            (0.0107077164262, 0.0075, 0.003),
            (0.0134068590455, 0.0075, 0.003),
            (0.0161060016648, 0.0075, 0.003),
            (0.0188051442841, 0.0075, 0.003),
            (0.0215042869035, 0.0075, 0.003),
            (0.0242034295228, 0.0075, 0.003),
            (0.0269025721421, 0.0075, 0.003),
            (0.0296017147614, 0.0075, 0.003),
            (0.0323008573807, 0.0075, 0.003),
            (0.035, 0.0075, 0.003),
            (0.00257713832065, 0.01, 0.003),
            (0.00527904346059, 0.01, 0.003),
            (0.00798094860054, 0.01, 0.003),
            (0.0106828537405, 0.01, 0.003),
            (0.0133847588804, 0.01, 0.003),
            (0.0160866640204, 0.01, 0.003),
            (0.0187885691603, 0.01, 0.003),
            (0.0214904743003, 0.01, 0.003),
            (0.0241923794402, 0.01, 0.003),
            (0.0268942845802, 0.01, 0.003),
            (0.0295961897201, 0.01, 0.003),
            (0.0322980948601, 0.01, 0.003),
            (0.035, 0.01, 0.003),
            (0.0028460909355, 0.0125, 0.003),
            (0.00552558335754, 0.0125, 0.003),
            (0.00820507577959, 0.0125, 0.003),
            (0.0108845682016, 0.0125, 0.003),
            (0.0135640606237, 0.0125, 0.003),
            (0.0162435530457, 0.0125, 0.003),
            (0.0189230454678, 0.0125, 0.003),
            (0.0216025378898, 0.0125, 0.003),
            (0.0242820303118, 0.0125, 0.003),
            (0.0269615227339, 0.0125, 0.003),
            (0.0296410151559, 0.0125, 0.003),
            (0.032320507578, 0.0125, 0.003),
            (0.035, 0.0125, 0.003),
            (0.003225, 0.015, 0.003),
            (0.00587291666667, 0.015, 0.003),
            (0.00852083333333, 0.015, 0.003),
            (0.01116875, 0.015, 0.003),
            (0.0138166666667, 0.015, 0.003),
            (0.0164645833333, 0.015, 0.003),
            (0.0191125, 0.015, 0.003),
            (0.0217604166667, 0.015, 0.003),
            (0.0244083333333, 0.015, 0.003),
            (0.02705625, 0.015, 0.003),
            (0.0297041666667, 0.015, 0.003),
            (0.0323520833333, 0.015, 0.003),
            (0.035, 0.015, 0.003),
            (0.00344316348886, 0.0175, 0.003),
            (0.00607289986478, 0.0175, 0.003),
            (0.00870263624071, 0.0175, 0.003),
            (0.0113323726166, 0.0175, 0.003),
            (0.0139621089926, 0.0175, 0.003),
            (0.0165918453685, 0.0175, 0.003),
            (0.0192215817444, 0.0175, 0.003),
            (0.0218513181204, 0.0175, 0.003),
            (0.0244810544963, 0.0175, 0.003),
            (0.0271107908722, 0.0175, 0.003),
            (0.0297405272481, 0.0175, 0.003),
            (0.0323702636241, 0.0175, 0.003),
            (0.035, 0.0175, 0.003),
            (0.0033447199994, 0.02, 0.003),
            (0.00598265999945, 0.02, 0.003),
            (0.0086205999995, 0.02, 0.003),
            (0.0112585399996, 0.02, 0.003),
            (0.0138964799996, 0.02, 0.003),
            (0.0165344199997, 0.02, 0.003),
            (0.0191723599997, 0.02, 0.003),
            (0.0218102999998, 0.02, 0.003),
            (0.0244482399998, 0.02, 0.003),
            (0.0270861799999, 0.02, 0.003),
            (0.0297241199999, 0.02, 0.003),
            (0.03236206, 0.02, 0.003),
            (0.035, 0.02, 0.003),
            (0.003, 0.0225, 0.003),
            (0.00566666666667, 0.0225, 0.003),
            (0.00833333333333, 0.0225, 0.003),
            (0.011, 0.0225, 0.003),
            (0.0136666666667, 0.0225, 0.003),
            (0.0163333333333, 0.0225, 0.003),
            (0.019, 0.0225, 0.003),
            (0.0216666666667, 0.0225, 0.003),
            (0.0243333333333, 0.0225, 0.003),
            (0.027, 0.0225, 0.003),
            (0.0296666666667, 0.0225, 0.003),
            (0.0323333333333, 0.0225, 0.003),
            (0.035, 0.0225, 0.003)
        ]
        int3[] surfaceFaceVertexIndices = [
            (0, 14, 1),
            (0, 1, 248),
            (0, 13, 14),
            (0, 260, 13),
            (0, 248, 247),
            (0, 247, 260),
            (1, 15, 2),
            (1, 2, 249),
            (1, 14, 15),
            (1, 249, 248),
            (2, 16, 3),
            (2, 3, 250),
            (2, 15, 16),
            (2, 250, 249),
            (3, 17, 4),
            (3, 4, 251),
            (3, 16, 17),
            (3, 251, 250),
            (4, 18, 5),
            (4, 5, 252),
            (4, 17, 18),
            (4, 252, 251),
            (5, 19, 6),
            (5, 6, 253),
            (5, 18, 19),
            (5, 253, 252),
            (6, 20, 7),
            (6, 7, 254),
            (6, 19, 20),
            (6, 254, 253),
            (7, 21, 8),
            (7, 8, 255),
            (7, 20, 21),
            (7, 255, 254),
            (8, 22, 9),
            (8, 9, 256),
            (8, 21, 22),
            (8, 256, 255),
            (9, 23, 10),
            (9, 10, 257),
            (9, 22, 23),
            (9, 257, 256),
            (10, 24, 11),
            (10, 11, 258),
            (10, 23, 24),
            (10, 258, 257),
            (11, 25, 12),
            (11, 12, 259),
            (11, 24, 25),
            (11, 259, 258),
            (12, 25, 272),
            (259, 12, 272),
            (13, 27, 14),
            (13, 26, 27),
            (13, 273, 26),
            (13, 260, 273),
            (14, 28, 15),
            (14, 27, 28),
            (15, 29, 16),
            (15, 28, 29),
            (16, 30, 17),
            (16, 29, 30),
            (17, 31, 18),
            (17, 30, 31),
            (18, 32, 19),
            (18, 31, 32),
            (19, 33, 20),
            (19, 32, 33),
            (20, 34, 21),
            (20, 33, 34),
            (21, 35, 22),
            (21, 34, 35),
            (22, 36, 23),
            (22, 35, 36),
            (23, 37, 24),
            (23, 36, 37),
            (24, 38, 25),
            (24, 37, 38),
            (25, 38, 285),
            (272, 25, 285),
            (26, 40, 27),
            (26, 39, 40),
            (26, 286, 39),
            (26, 273, 286),
            (27, 41, 28),
            (27, 40, 41),
            (28, 42, 29),
            (28, 41, 42),
            (29, 43, 30),
            (29, 42, 43),
            (30, 44, 31),
            (30, 43, 44),
            (31, 45, 32),
            (31, 44, 45),
            (32, 46, 33),
            (32, 45, 46),
            (33, 47, 34),
            (33, 46, 47),
            (34, 48, 35),
            (34, 47, 48),
            (35, 49, 36),
            (35, 48, 49),
            (36, 50, 37),
            (36, 49, 50),
            (37, 51, 38),
            (37, 50, 51),
            (38, 51, 298),
            (285, 38, 298),
            (39, 53, 40),
            (39, 52, 53),
            (39, 299, 52),
            (39, 286, 299),
            (40, 54, 41),
            (40, 53, 54),
            (41, 55, 42),
            (41, 54, 55),
            (42, 56, 43),
            (42, 55, 56),
            (43, 57, 44),
            (43, 56, 57),
            (44, 58, 45),
            (44, 57, 58),
            (45, 59, 46),
            (45, 58, 59),
            (46, 60, 47),
            (46, 59, 60),
            (47, 61, 48),
            (47, 60, 61),
            (48, 62, 49),
            (48, 61, 62),
            (49, 63, 50),
            (49, 62, 63),
            (50, 64, 51),
            (50, 63, 64),
            (51, 64, 311),
            (298, 51, 311),
            (52, 66, 53),
            (52, 65, 66),
            (52, 312, 65),
            (52, 299, 312),
            (53, 67, 54),
            (53, 66, 67),
            (54, 68, 55),
            (54, 67, 68),
            (55, 69, 56),
            (55, 68, 69),
            (56, 70, 57),
            (56, 69, 70),
            (57, 71, 58),
            (57, 70, 71),
            (58, 72, 59),
            (58, 71, 72),
            (59, 73, 60),
            (59, 72, 73),
            (60, 74, 61),
            (60, 73, 74),
            (61, 75, 62),
            (61, 74, 75),
            (62, 76, 63),
            (62, 75, 76),
            (63, 77, 64),
            (63, 76, 77),
            (64, 77, 324),
            (311, 64, 324),
            (65, 79, 66),
            (65, 78, 79),
            (65, 325, 78),
            (65, 312, 325),
            (66, 80, 67),
            (66, 79, 80),
            (67, 81, 68),
            (67, 80, 81),
            (68, 82, 69),
            (68, 81, 82),
            (69, 83, 70),
            (69, 82, 83),
            (70, 84, 71),
            (70, 83, 84),
            (71, 85, 72),
            (71, 84, 85),
            (72, 86, 73),
            (72, 85, 86),
            (73, 87, 74),
            (73, 86, 87),
            (74, 88, 75),
            (74, 87, 88),
            (75, 89, 76),
            (75, 88, 89),
            (76, 90, 77),
            (76, 89, 90),
            (77, 90, 337),
            (324, 77, 337),
            (78, 92, 79),
            (78, 91, 92),
            (78, 338, 91),
            (78, 325, 338),
            (79, 93, 80),
            (79, 92, 93),
            (80, 94, 81),
            (80, 93, 94),
            (81, 95, 82),
            (81, 94, 95),
            (82, 96, 83),
            (82, 95, 96),
            (83, 97, 84),
            (83, 96, 97),
            (84, 98, 85),
            (84, 97, 98),
            (85, 99, 86),
            (85, 98, 99),
            (86, 100, 87),
            (86, 99, 100),
            (87, 101, 88),
            (87, 100, 101),
            (88, 102, 89),
            (88, 101, 102),
            (89, 103, 90),
            (89, 102, 103),
            (90, 103, 350),
            (337, 90, 350),
            (91, 105, 92),
            (91, 104, 105),
            (91, 351, 104),
            (91, 338, 351),
            (92, 106, 93),
            (92, 105, 106),
            (93, 107, 94),
            (93, 106, 107),
            (94, 108, 95),
            (94, 107, 108),
            (95, 109, 96),
            (95, 108, 109),
            (96, 110, 97),
            (96, 109, 110),
            (97, 111, 98),
            (97, 110, 111),
            (98, 112, 99),
            (98, 111, 112),
            (99, 113, 100),
            (99, 112, 113),
            (100, 114, 101),
            (100, 113, 114),
            (101, 115, 102),
            (101, 114, 115),
            (102, 116, 103),
            (102, 115, 116),
            (103, 116, 363),
            (350, 103, 363),
            (104, 118, 105),
            (104, 117, 118),
            (104, 364, 117),
            (104, 351, 364),
            (105, 119, 106),
            (105, 118, 119),
            (106, 120, 107),
            (106, 119, 120),
            (107, 121, 108),
            (107, 120, 121),
            (108, 122, 109),
            (108, 121, 122),
            (109, 123, 110),
            (109, 122, 123),
            (110, 124, 111),
            (110, 123, 124),
            (111, 125, 112),
            (111, 124, 125),
            (112, 126, 113),
            (112, 125, 126),
            (113, 127, 114),
            (113, 126, 127),
            (114, 128, 115),
            (114, 127, 128),
            (115, 129, 116),
            (115, 128, 129),
            (116, 129, 376),
            (363, 116, 376),
            (117, 131, 118),
            (117, 130, 131),
            (117, 377, 130),
            (117, 364, 377),
            (118, 132, 119),
            (118, 131, 132),
            (119, 133, 120),
            (119, 132, 133),
            (120, 134, 121),
            (120, 133, 134),
            (121, 135, 122),
            (121, 134, 135),
            (122, 136, 123),
            (122, 135, 136),
            (123, 137, 124),
            (123, 136, 137),
            (124, 138, 125),
            (124, 137, 138),
            (125, 139, 126),
            (125, 138, 139),
            (126, 140, 127),
            (126, 139, 140),
            (127, 141, 128),
            (127, 140, 141),
            (128, 142, 129),
            (128, 141, 142),
            (129, 142, 389),
            (376, 129, 389),
            (130, 144, 131),
            (130, 143, 144),
            (130, 390, 143),
            (130, 377, 390),
            (131, 145, 132),
            (131, 144, 145),
            (132, 146, 133),
            (132, 145, 146),
            (133, 147, 134),
            (133, 146, 147),
            (134, 148, 135),
            (134, 147, 148),
            (135, 149, 136),
            (135, 148, 149),
            (136, 150, 137),
            (136, 149, 150),
            (137, 151, 138),
            (137, 150, 151),
            (138, 152, 139),
            (138, 151, 152),
            (139, 153, 140),
            (139, 152, 153),
            (140, 154, 141),
            (140, 153, 154),
            (141, 155, 142),
            (141, 154, 155),
            (142, 155, 402),
            (389, 142, 402),
            (143, 157, 144),
            (143, 156, 157),
            (143, 403, 156),
            (143, 390, 403),
            (144, 158, 145),
            (144, 157, 158),
            (145, 159, 146),
            (145, 158, 159),
            (146, 160, 147),
            (146, 159, 160),
            (147, 161, 148),
            (147, 160, 161),
            (148, 162, 149),
            (148, 161, 162),
            (149, 163, 150),
            (149, 162, 163),
            (150, 164, 151),
            (150, 163, 164),
            (151, 165, 152),
            (151, 164, 165),
            (152, 166, 153),
            (152, 165, 166),
            (153, 167, 154),
            (153, 166, 167),
            (154, 168, 155),
            (154, 167, 168),
            (155, 168, 415),
            (402, 155, 415),
            (156, 170, 157),
            (156, 169, 170),
            (156, 416, 169),
            (156, 403, 416),
            (157, 171, 158),
            (157, 170, 171),
            (158, 172, 159),
            (158, 171, 172),
            (159, 173, 160),
            (159, 172, 173),
            (160, 174, 161),
            (160, 173, 174),
            (161, 175, 162),
            (161, 174, 175),
            (162, 176, 163),
            (162, 175, 176),
            (163, 177, 164),
            (163, 176, 177),
            (164, 178, 165),
            (164, 177, 178),
            (165, 179, 166),
            (165, 178, 179),
            (166, 180, 167),
            (166, 179, 180),
            (167, 181, 168),
            (167, 180, 181),
            (168, 181, 428),
            (415, 168, 428),
            (169, 183, 170),
            (169, 182, 183),
            (169, 429, 182),
            (169, 416, 429),
            (170, 184, 171),
            (170, 183, 184),
            (171, 185, 172),
            (171, 184, 185),
            (172, 186, 173),
            (172, 185, 186),
            (173, 187, 174),
            (173, 186, 187),
            (174, 188, 175),
            (174, 187, 188),
            (175, 189, 176),
            (175, 188, 189),
            (176, 190, 177),
            (176, 189, 190),
            (177, 191, 178),
            (177, 190, 191),
            (178, 192, 179),
            (178, 191, 192),
            (179, 193, 180),
            (179, 192, 193),
            (180, 194, 181),
            (180, 193, 194),
            (181, 194, 441),
            (428, 181, 441),
            (182, 196, 183),
            (182, 195, 196),
            (182, 442, 195),
            (182, 429, 442),
            (183, 197, 184),
            (183, 196, 197),
            (184, 198, 185),
            (184, 197, 198),
            (185, 199, 186),
            (185, 198, 199),
            (186, 200, 187),
            (186, 199, 200),
            (187, 201, 188),
            (187, 200, 201),
            (188, 202, 189),
            (188, 201, 202),
            (189, 203, 190),
            (189, 202, 203),
            (190, 204, 191),
            (190, 203, 204),
            (191, 205, 192),
            (191, 204, 205),
            (192, 206, 193),
            (192, 205, 206),
            (193, 207, 194),
            (193, 206, 207),
            (194, 207, 454),
            (441, 194, 454),
            (195, 209, 196),
            (195, 208, 209),
            (195, 455, 208),
            (195, 442, 455),
            (196, 210, 197),
            (196, 209, 210),
            (197, 211, 198),
            (197, 210, 211),
            (198, 212, 199),
            (198, 211, 212),
            (199, 213, 200),
            (199, 212, 213),
            (200, 214, 201),
            (200, 213, 214),
            (201, 215, 202),
            (201, 214, 215),
            (202, 216, 203),
            (202, 215, 216),
            (203, 217, 204),
            (203, 216, 217),
            (204, 218, 205),
            (204, 217, 218),
            (205, 219, 206),
            (205, 218, 219),
            (206, 220, 207),
            (206, 219, 220),
            (207, 220, 467),
            (454, 207, 467),
            (208, 222, 209),
            (208, 221, 222),
            (208, 468, 221),
            (208, 455, 468),
            (209, 223, 210),
            (209, 222, 223),
            (210, 224, 211),
            (210, 223, 224),
            (211, 225, 212),
            (211, 224, 225),
            (212, 226, 213),
            (212, 225, 226),
            (213, 227, 214),
            (213, 226, 227),
            (214, 228, 215),
            (214, 227, 228),
            (215, 229, 216),
            (215, 228, 229),
            (216, 230, 217),
            (216, 229, 230),
            (217, 231, 218),
            (217, 230, 231),
            (218, 232, 219),
            (218, 231, 232),
            (219, 233, 220),
            (219, 232, 233),
            (220, 233, 480),
            (467, 220, 480),
            (221, 235, 222),
            (221, 234, 235),
            (221, 481, 234),
            (221, 468, 481),
            (222, 236, 223),
            (222, 235, 236),
            (223, 237, 224),
            (223, 236, 237),
            (224, 238, 225),
            (224, 237, 238),
            (225, 239, 226),
            (225, 238, 239),
            (226, 240, 227),
            (226, 239, 240),
            (227, 241, 228),
            (227, 240, 241),
            (228, 242, 229),
            (228, 241, 242),
            (229, 243, 230),
            (229, 242, 243),
            (230, 244, 231),
            (230, 243, 244),
            (231, 245, 232),
            (231, 244, 245),
            (232, 246, 233),
            (232, 245, 246),
            (233, 246, 493),
            (480, 233, 493),
            (235, 234, 482),
            (234, 481, 482),
            (236, 235, 483),
            (235, 482, 483),
            (237, 236, 484),
            (236, 483, 484),
            (238, 237, 485),
            (237, 484, 485),
            (239, 238, 486),
            (238, 485, 486),
            (240, 239, 487),
            (239, 486, 487),
            (241, 240, 488),
            (240, 487, 488),
            (242, 241, 489),
            (241, 488, 489),
            (243, 242, 490),
            (242, 489, 490),
            (244, 243, 491),
            (243, 490, 491),
            (245, 244, 492),
            (244, 491, 492),
            (246, 245, 493),
            (245, 492, 493),
            (247, 248, 495),
            (247, 507, 260),
            (247, 495, 494),
            (247, 494, 507),
            (248, 249, 496),
            (248, 496, 495),
            (249, 250, 497),
            (249, 497, 496),
            (250, 251, 498),
            (250, 498, 497),
            (251, 252, 499),
            (251, 499, 498),
            (252, 253, 500),
            (252, 500, 499),
            (253, 254, 501),
            (253, 501, 500),
            (254, 255, 502),
            (254, 502, 501),
            (255, 256, 503),
            (255, 503, 502),
            (256, 257, 504),
            (256, 504, 503),
            (257, 258, 505),
            (257, 505, 504),
            (258, 259, 506),
            (258, 506, 505),
            (259, 272, 519),
            (506, 259, 519),
            (260, 520, 273),
            (260, 507, 520),
            (272, 285, 532),
            (519, 272, 532),
            (273, 533, 286),
            (273, 520, 533),
            (285, 298, 545),
            (532, 285, 545),
            (286, 546, 299),
            (286, 533, 546),
            (298, 311, 558),
            (545, 298, 558),
            (299, 559, 312),
            (299, 546, 559),
            (311, 324, 571),
            (558, 311, 571),
            (312, 572, 325),
            (312, 559, 572),
            (324, 337, 584),
            (571, 324, 584),
            (325, 585, 338),
            (325, 572, 585),
            (337, 350, 597),
            (584, 337, 597),
            (338, 598, 351),
            (338, 585, 598),
            (350, 363, 610),
            (597, 350, 610),
            (351, 611, 364),
            (351, 598, 611),
            (363, 376, 623),
            (610, 363, 623),
            (364, 624, 377),
            (364, 611, 624),
            (376, 389, 636),
            (623, 376, 636),
            (377, 637, 390),
            (377, 624, 637),
            (389, 402, 649),
            (636, 389, 649),
            (390, 650, 403),
            (390, 637, 650),
            (402, 415, 662),
            (649, 402, 662),
            (403, 663, 416),
            (403, 650, 663),
            (415, 428, 675),
            (662, 415, 675),
            (416, 676, 429),
            (416, 663, 676),
            (428, 441, 688),
            (675, 428, 688),
            (429, 689, 442),
            (429, 676, 689),
            (441, 454, 701),
            (688, 441, 701),
            (442, 702, 455),
            (442, 689, 702),
            (454, 467, 714),
            (701, 454, 714),
            (455, 715, 468),
            (455, 702, 715),
            (467, 480, 727),
            (714, 467, 727),
            (468, 728, 481),
            (468, 715, 728),
            (480, 493, 740),
            (727, 480, 740),
            (482, 481, 729),
            (481, 728, 729),
            (483, 482, 730),
            (482, 729, 730),
            (484, 483, 731),
            (483, 730, 731),
            (485, 484, 732),
            (484, 731, 732),
            (486, 485, 733),
            (485, 732, 733),
            (487, 486, 734),
            (486, 733, 734),
            (488, 487, 735),
            (487, 734, 735),
            (489, 488, 736),
            (488, 735, 736),
            (490, 489, 737),
            (489, 736, 737),
            (491, 490, 738),
            (490, 737, 738),
            (492, 491, 739),
            (491, 738, 739),
            (493, 492, 740),
            (492, 739, 740),
            (494, 495, 742),
            (494, 754, 507),
            (494, 742, 741),
            (494, 741, 754),
            (495, 496, 743),
            (495, 743, 742),
            (496, 497, 744),
            (496, 744, 743),
            (497, 498, 745),
            (497, 745, 744),
            (498, 499, 746),
            (498, 746, 745),
            (499, 500, 747),
            (499, 747, 746),
            (500, 501, 748),
            (500, 748, 747),
            (501, 502, 749),
            (501, 749, 748),
            (502, 503, 750),
            (502, 750, 749),
            (503, 504, 751),
            (503, 751, 750),
            (504, 505, 752),
            (504, 752, 751),
            (505, 506, 753),
            (505, 753, 752),
            (506, 519, 766),
            (753, 506, 766),
            (507, 767, 520),
            (507, 754, 767),
            (519, 532, 779),
            (766, 519, 779),
            (520, 780, 533),
            (520, 767, 780),
            (532, 545, 792),
            (779, 532, 792),
            (533, 793, 546),
            (533, 780, 793),
            (545, 558, 805),
            (792, 545, 805),
            (546, 806, 559),
            (546, 793, 806),
            (558, 571, 818),
            (805, 558, 818),
            (559, 819, 572),
            (559, 806, 819),
            (571, 584, 831),
            (818, 571, 831),
            (572, 832, 585),
            (572, 819, 832),
            (584, 597, 844),
            (831, 584, 844),
            (585, 845, 598),
            (585, 832, 845),
            (597, 610, 857),
            (844, 597, 857),
            (598, 858, 611),
            (598, 845, 858),
            (610, 623, 870),
            (857, 610, 870),
            (611, 871, 624),
            (611, 858, 871),
            (623, 636, 883),
            (870, 623, 883),
            (624, 884, 637),
            (624, 871, 884),
            (636, 649, 896),
            (883, 636, 896),
            (637, 897, 650),
            (637, 884, 897),
            (649, 662, 909),
            (896, 649, 909),
            (650, 910, 663),
            (650, 897, 910),
            (662, 675, 922),
            (909, 662, 922),
            (663, 923, 676),
            (663, 910, 923),
            (675, 688, 935),
            (922, 675, 935),
            (676, 936, 689),
            (676, 923, 936),
            (688, 701, 948),
            (935, 688, 948),
            (689, 949, 702),
            (689, 936, 949),
            (701, 714, 961),
            (948, 701, 961),
            (702, 962, 715),
            (702, 949, 962),
            (714, 727, 974),
            (961, 714, 974),
            (715, 975, 728),
            (715, 962, 975),
            (727, 740, 987),
            (974, 727, 987),
            (729, 728, 976),
            (728, 975, 976),
            (730, 729, 977),
            (729, 976, 977),
            (731, 730, 978),
            (730, 977, 978),
            (732, 731, 979),
            (731, 978, 979),
            (733, 732, 980),
            (732, 979, 980),
            (734, 733, 981),
            (733, 980, 981),
            (735, 734, 982),
            (734, 981, 982),
            (736, 735, 983),
            (735, 982, 983),
            (737, 736, 984),
            (736, 983, 984),
            (738, 737, 985),
            (737, 984, 985),
            (739, 738, 986),
            (738, 985, 986),
            (740, 739, 987),
            (739, 986, 987),
            (741, 742, 989),
            (741, 1001, 754),
            (741, 989, 988),
            (741, 988, 1001),
            (742, 743, 990),
            (742, 990, 989),
            (743, 744, 991),
            (743, 991, 990),
            (744, 745, 992),
            (744, 992, 991),
            (745, 746, 993),
            (745, 993, 992),
            (746, 747, 994),
            (746, 994, 993),
            (747, 748, 995),
            (747, 995, 994),
            (748, 749, 996),
            (748, 996, 995),
            (749, 750, 997),
            (749, 997, 996),
            (750, 751, 998),
            (750, 998, 997),
            (751, 752, 999),
            (751, 999, 998),
            (752, 753, 1000),
            (752, 1000, 999),
            (753, 766, 1013),
            (1000, 753, 1013),
            (754, 1014, 767),
            (754, 1001, 1014),
            (766, 779, 1026),
            (1013, 766, 1026),
            (767, 1027, 780),
            (767, 1014, 1027),
            (779, 792, 1039),
            (1026, 779, 1039),
            (780, 1040, 793),
            (780, 1027, 1040),
            (792, 805, 1052),
            (1039, 792, 1052),
            (793, 1053, 806),
            (793, 1040, 1053),
            (805, 818, 1065),
            (1052, 805, 1065),
            (806, 1066, 819),
            (806, 1053, 1066),
            (818, 831, 1078),
            (1065, 818, 1078),
            (819, 1079, 832),
            (819, 1066, 1079),
            (831, 844, 1091),
            (1078, 831, 1091),
            (832, 1092, 845),
            (832, 1079, 1092),
            (844, 857, 1104),
            (1091, 844, 1104),
            (845, 1105, 858),
            (845, 1092, 1105),
            (857, 870, 1117),
            (1104, 857, 1117),
            (858, 1118, 871),
            (858, 1105, 1118),
            (870, 883, 1130),
            (1117, 870, 1130),
            (871, 1131, 884),
            (871, 1118, 1131),
            (883, 896, 1143),
            (1130, 883, 1143),
            (884, 1144, 897),
            (884, 1131, 1144),
            (896, 909, 1156),
            (1143, 896, 1156),
            (897, 1157, 910),
            (897, 1144, 1157),
            (909, 922, 1169),
            (1156, 909, 1169),
            (910, 1170, 923),
            (910, 1157, 1170),
            (922, 935, 1182),
            (1169, 922, 1182),
            (923, 1183, 936),
            (923, 1170, 1183),
            (935, 948, 1195),
            (1182, 935, 1195),
            (936, 1196, 949),
            (936, 1183, 1196),
            (948, 961, 1208),
            (1195, 948, 1208),
            (949, 1209, 962),
            (949, 1196, 1209),
            (961, 974, 1221),
            (1208, 961, 1221),
            (962, 1222, 975),
            (962, 1209, 1222),
            (974, 987, 1234),
            (1221, 974, 1234),
            (976, 975, 1223),
            (975, 1222, 1223),
            (977, 976, 1224),
            (976, 1223, 1224),
            (978, 977, 1225),
            (977, 1224, 1225),
            (979, 978, 1226),
            (978, 1225, 1226),
            (980, 979, 1227),
            (979, 1226, 1227),
            (981, 980, 1228),
            (980, 1227, 1228),
            (982, 981, 1229),
            (981, 1228, 1229),
            (983, 982, 1230),
            (982, 1229, 1230),
            (984, 983, 1231),
            (983, 1230, 1231),
            (985, 984, 1232),
            (984, 1231, 1232),
            (986, 985, 1233),
            (985, 1232, 1233),
            (987, 986, 1234),
            (986, 1233, 1234),
            (988, 989, 1002),
            (1001, 988, 1002),
            (989, 990, 1003),
            (1002, 989, 1003),
            (990, 991, 1004),
            (1003, 990, 1004),
            (991, 992, 1005),
            (1004, 991, 1005),
            (992, 993, 1006),
            (1005, 992, 1006),
            (993, 994, 1007),
            (1006, 993, 1007),
            (994, 995, 1008),
            (1007, 994, 1008),
            (995, 996, 1009),
            (1008, 995, 1009),
            (996, 997, 1010),
            (1009, 996, 1010),
            (997, 998, 1011),
            (1010, 997, 1011),
            (998, 999, 1012),
            (1011, 998, 1012),
            (999, 1000, 1013),
            (1012, 999, 1013),
            (1001, 1002, 1015),
            (1014, 1001, 1015),
            (1002, 1003, 1016),
            (1015, 1002, 1016),
            (1003, 1004, 1017),
            (1016, 1003, 1017),
            (1004, 1005, 1018),
            (1017, 1004, 1018),
            (1005, 1006, 1019),
            (1018, 1005, 1019),
            (1006, 1007, 1020),
            (1019, 1006, 1020),
            (1007, 1008, 1021),
            (1020, 1007, 1021),
            (1008, 1009, 1022),
            (1021, 1008, 1022),
            (1009, 1010, 1023),
            (1022, 1009, 1023),
            (1010, 1011, 1024),
            (1023, 1010, 1024),
            (1011, 1012, 1025),
            (1024, 1011, 1025),
            (1012, 1013, 1026),
            (1025, 1012, 1026),
            (1014, 1015, 1028),
            (1027, 1014, 1028),
            (1015, 1016, 1029),
            (1028, 1015, 1029),
            (1016, 1017, 1030),
            (1029, 1016, 1030),
            (1017, 1018, 1031),
            (1030, 1017, 1031),
            (1018, 1019, 1032),
            (1031, 1018, 1032),
            (1019, 1020, 1033),
            (1032, 1019, 1033),
            (1020, 1021, 1034),
            (1033, 1020, 1034),
            (1021, 1022, 1035),
            (1034, 1021, 1035),
            (1022, 1023, 1036),
            (1035, 1022, 1036),
            (1023, 1024, 1037),
            (1036, 1023, 1037),
            (1024, 1025, 1038),
            (1037, 1024, 1038),
            (1025, 1026, 1039),
            (1038, 1025, 1039),
            (1027, 1028, 1041),
            (1040, 1027, 1041),
            (1028, 1029, 1042),
            (1041, 1028, 1042),
            (1029, 1030, 1043),
            (1042, 1029, 1043),
            (1030, 1031, 1044),
            (1043, 1030, 1044),
            (1031, 1032, 1045),
            (1044, 1031, 1045),
            (1032, 1033, 1046),
            (1045, 1032, 1046),
            (1033, 1034, 1047),
            (1046, 1033, 1047),
            (1034, 1035, 1048),
            (1047, 1034, 1048),
            (1035, 1036, 1049),
            (1048, 1035, 1049),
            (1036, 1037, 1050),
            (1049, 1036, 1050),
            (1037, 1038, 1051),
            (1050, 1037, 1051),
            (1038, 1039, 1052),
            (1051, 1038, 1052),
            (1040, 1041, 1054),
            (1053, 1040, 1054),
            (1041, 1042, 1055),
            (1054, 1041, 1055),
            (1042, 1043, 1056),
            (1055, 1042, 1056),
            (1043, 1044, 1057),
            (1056, 1043, 1057),
            (1044, 1045, 1058),
            (1057, 1044, 1058),
            (1045, 1046, 1059),
            (1058, 1045, 1059),
            (1046, 1047, 1060),
            (1059, 1046, 1060),
            (1047, 1048, 1061),
            (1060, 1047, 1061),
            (1048, 1049, 1062),
            (1061, 1048, 1062),
            (1049, 1050, 1063),
            (1062, 1049, 1063),
            (1050, 1051, 1064),
            (1063, 1050, 1064),
            (1051, 1052, 1065),
            (1064, 1051, 1065),
            (1053, 1054, 1067),
            (1066, 1053, 1067),
            (1054, 1055, 1068),
            (1067, 1054, 1068),
            (1055, 1056, 1069),
            (1068, 1055, 1069),
            (1056, 1057, 1070),
            (1069, 1056, 1070),
            (1057, 1058, 1071),
            (1070, 1057, 1071),
            (1058, 1059, 1072),
            (1071, 1058, 1072),
            (1059, 1060, 1073),
            (1072, 1059, 1073),
            (1060, 1061, 1074),
            (1073, 1060, 1074),
            (1061, 1062, 1075),
            (1074, 1061, 1075),
            (1062, 1063, 1076),
            (1075, 1062, 1076),
            (1063, 1064, 1077),
            (1076, 1063, 1077),
            (1064, 1065, 1078),
            (1077, 1064, 1078),
            (1066, 1067, 1080),
            (1079, 1066, 1080),
            (1067, 1068, 1081),
            (1080, 1067, 1081),
            (1068, 1069, 1082),
            (1081, 1068, 1082),
            (1069, 1070, 1083),
            (1082, 1069, 1083),
            (1070, 1071, 1084),
            (1083, 1070, 1084),
            (1071, 1072, 1085),
            (1084, 1071, 1085),
            (1072, 1073, 1086),
            (1085, 1072, 1086),
            (1073, 1074, 1087),
            (1086, 1073, 1087),
            (1074, 1075, 1088),
            (1087, 1074, 1088),
            (1075, 1076, 1089),
            (1088, 1075, 1089),
            (1076, 1077, 1090),
            (1089, 1076, 1090),
            (1077, 1078, 1091),
            (1090, 1077, 1091),
            (1079, 1080, 1093),
            (1092, 1079, 1093),
            (1080, 1081, 1094),
            (1093, 1080, 1094),
            (1081, 1082, 1095),
            (1094, 1081, 1095),
            (1082, 1083, 1096),
            (1095, 1082, 1096),
            (1083, 1084, 1097),
            (1096, 1083, 1097),
            (1084, 1085, 1098),
            (1097, 1084, 1098),
            (1085, 1086, 1099),
            (1098, 1085, 1099),
            (1086, 1087, 1100),
            (1099, 1086, 1100),
            (1087, 1088, 1101),
            (1100, 1087, 1101),
            (1088, 1089, 1102),
            (1101, 1088, 1102),
            (1089, 1090, 1103),
            (1102, 1089, 1103),
            (1090, 1091, 1104),
            (1103, 1090, 1104),
            (1092, 1093, 1106),
            (1105, 1092, 1106),
            (1093, 1094, 1107),
            (1106, 1093, 1107),
            (1094, 1095, 1108),
            (1107, 1094, 1108),
            (1095, 1096, 1109),
            (1108, 1095, 1109),
            (1096, 1097, 1110),
            (1109, 1096, 1110),
            (1097, 1098, 1111),
            (1110, 1097, 1111),
            (1098, 1099, 1112),
            (1111, 1098, 1112),
            (1099, 1100, 1113),
            (1112, 1099, 1113),
            (1100, 1101, 1114),
            (1113, 1100, 1114),
            (1101, 1102, 1115),
            (1114, 1101, 1115),
            (1102, 1103, 1116),
            (1115, 1102, 1116),
            (1103, 1104, 1117),
            (1116, 1103, 1117),
            (1105, 1106, 1119),
            (1118, 1105, 1119),
            (1106, 1107, 1120),
            (1119, 1106, 1120),
            (1107, 1108, 1121),
            (1120, 1107, 1121),
            (1108, 1109, 1122),
            (1121, 1108, 1122),
            (1109, 1110, 1123),
            (1122, 1109, 1123),
            (1110, 1111, 1124),
            (1123, 1110, 1124),
            (1111, 1112, 1125),
            (1124, 1111, 1125),
            (1112, 1113, 1126),
            (1125, 1112, 1126),
            (1113, 1114, 1127),
            (1126, 1113, 1127),
            (1114, 1115, 1128),
            (1127, 1114, 1128),
            (1115, 1116, 1129),
            (1128, 1115, 1129),
            (1116, 1117, 1130),
            (1129, 1116, 1130),
            (1118, 1119, 1132),
            (1131, 1118, 1132),
            (1119, 1120, 1133),
            (1132, 1119, 1133),
            (1120, 1121, 1134),
            (1133, 1120, 1134),
            (1121, 1122, 1135),
            (1134, 1121, 1135),
            (1122, 1123, 1136),
            (1135, 1122, 1136),
            (1123, 1124, 1137),
            (1136, 1123, 1137),
            (1124, 1125, 1138),
            (1137, 1124, 1138),
            (1125, 1126, 1139),
            (1138, 1125, 1139),
            (1126, 1127, 1140),
            (1139, 1126, 1140),
            (1127, 1128, 1141),
            (1140, 1127, 1141),
            (1128, 1129, 1142),
            (1141, 1128, 1142),
            (1129, 1130, 1143),
            (1142, 1129, 1143),
            (1131, 1132, 1145),
            (1144, 1131, 1145),
            (1132, 1133, 1146),
            (1145, 1132, 1146),
            (1133, 1134, 1147),
            (1146, 1133, 1147),
            (1134, 1135, 1148),
            (1147, 1134, 1148),
            (1135, 1136, 1149),
            (1148, 1135, 1149),
            (1136, 1137, 1150),
            (1149, 1136, 1150),
            (1137, 1138, 1151),
            (1150, 1137, 1151),
            (1138, 1139, 1152),
            (1151, 1138, 1152),
            (1139, 1140, 1153),
            (1152, 1139, 1153),
            (1140, 1141, 1154),
            (1153, 1140, 1154),
            (1141, 1142, 1155),
            (1154, 1141, 1155),
            (1142, 1143, 1156),
            (1155, 1142, 1156),
            (1144, 1145, 1158),
            (1157, 1144, 1158),
            (1145, 1146, 1159),
            (1158, 1145, 1159),
            (1146, 1147, 1160),
            (1159, 1146, 1160),
            (1147, 1148, 1161),
            (1160, 1147, 1161),
            (1148, 1149, 1162),
            (1161, 1148, 1162),
            (1149, 1150, 1163),
            (1162, 1149, 1163),
            (1150, 1151, 1164),
            (1163, 1150, 1164),
            (1151, 1152, 1165),
            (1164, 1151, 1165),
            (1152, 1153, 1166),
            (1165, 1152, 1166),
            (1153, 1154, 1167),
            (1166, 1153, 1167),
            (1154, 1155, 1168),
            (1167, 1154, 1168),
            (1155, 1156, 1169),
            (1168, 1155, 1169),
            (1157, 1158, 1171),
            (1170, 1157, 1171),
            (1158, 1159, 1172),
            (1171, 1158, 1172),
            (1159, 1160, 1173),
            (1172, 1159, 1173),
            (1160, 1161, 1174),
            (1173, 1160, 1174),
            (1161, 1162, 1175),
            (1174, 1161, 1175),
            (1162, 1163, 1176),
            (1175, 1162, 1176),
            (1163, 1164, 1177),
            (1176, 1163, 1177),
            (1164, 1165, 1178),
            (1177, 1164, 1178),
            (1165, 1166, 1179),
            (1178, 1165, 1179),
            (1166, 1167, 1180),
            (1179, 1166, 1180),
            (1167, 1168, 1181),
            (1180, 1167, 1181),
            (1168, 1169, 1182),
            (1181, 1168, 1182),
            (1170, 1171, 1184),
            (1183, 1170, 1184),
            (1171, 1172, 1185),
            (1184, 1171, 1185),
            (1172, 1173, 1186),
            (1185, 1172, 1186),
            (1173, 1174, 1187),
            (1186, 1173, 1187),
            (1174, 1175, 1188),
            (1187, 1174, 1188),
            (1175, 1176, 1189),
            (1188, 1175, 1189),
            (1176, 1177, 1190),
            (1189, 1176, 1190),
            (1177, 1178, 1191),
            (1190, 1177, 1191),
            (1178, 1179, 1192),
            (1191, 1178, 1192),
            (1179, 1180, 1193),
            (1192, 1179, 1193),
            (1180, 1181, 1194),
            (1193, 1180, 1194),
            (1181, 1182, 1195),
            (1194, 1181, 1195),
            (1183, 1184, 1197),
            (1196, 1183, 1197),
            (1184, 1185, 1198),
            (1197, 1184, 1198),
            (1185, 1186, 1199),
            (1198, 1185, 1199),
            (1186, 1187, 1200),
            (1199, 1186, 1200),
            (1187, 1188, 1201),
            (1200, 1187, 1201),
            (1188, 1189, 1202),
            (1201, 1188, 1202),
            (1189, 1190, 1203),
            (1202, 1189, 1203),
            (1190, 1191, 1204),
            (1203, 1190, 1204),
            (1191, 1192, 1205),
            (1204, 1191, 1205),
            (1192, 1193, 1206),
            (1205, 1192, 1206),
            (1193, 1194, 1207),
            (1206, 1193, 1207),
            (1194, 1195, 1208),
            (1207, 1194, 1208),
            (1196, 1197, 1210),
            (1209, 1196, 1210),
            (1197, 1198, 1211),
            (1210, 1197, 1211),
            (1198, 1199, 1212),
            (1211, 1198, 1212),
            (1199, 1200, 1213),
            (1212, 1199, 1213),
            (1200, 1201, 1214),
            (1213, 1200, 1214),
            (1201, 1202, 1215),
            (1214, 1201, 1215),
            (1202, 1203, 1216),
            (1215, 1202, 1216),
            (1203, 1204, 1217),
            (1216, 1203, 1217),
            (1204, 1205, 1218),
            (1217, 1204, 1218),
            (1205, 1206, 1219),
            (1218, 1205, 1219),
            (1206, 1207, 1220),
            (1219, 1206, 1220),
            (1207, 1208, 1221),
            (1220, 1207, 1221),
            (1209, 1210, 1223),
            (1222, 1209, 1223),
            (1210, 1211, 1224),
            (1223, 1210, 1224),
            (1211, 1212, 1225),
            (1224, 1211, 1225),
            (1212, 1213, 1226),
            (1225, 1212, 1226),
            (1213, 1214, 1227),
            (1226, 1213, 1227),
            (1214, 1215, 1228),
            (1227, 1214, 1228),
            (1215, 1216, 1229),
            (1228, 1215, 1229),
            (1216, 1217, 1230),
            (1229, 1216, 1230),
            (1217, 1218, 1231),
            (1230, 1217, 1231),
            (1218, 1219, 1232),
            (1231, 1218, 1232),
            (1219, 1220, 1233),
            (1232, 1219, 1233),
            (1220, 1221, 1234),
            (1233, 1220, 1234),
            (1235, 1249, 1236),
            (1235, 1236, 1483),
            (1235, 1248, 1249),
            (1235, 1495, 1248),
            (1235, 1483, 1482),
            (1235, 1482, 1495),
            (1236, 1250, 1237),
            (1236, 1237, 1484),
            (1236, 1249, 1250),
            (1236, 1484, 1483),
            (1237, 1251, 1238),
            (1237, 1238, 1485),
            (1237, 1250, 1251),
            (1237, 1485, 1484),
            (1238, 1252, 1239),
            (1238, 1239, 1486),
            (1238, 1251, 1252),
            (1238, 1486, 1485),
            (1239, 1253, 1240),
            (1239, 1240, 1487),
            (1239, 1252, 1253),
            (1239, 1487, 1486),
            (1240, 1254, 1241),
            (1240, 1241, 1488),
            (1240, 1253, 1254),
            (1240, 1488, 1487),
            (1241, 1255, 1242),
            (1241, 1242, 1489),
            (1241, 1254, 1255),
            (1241, 1489, 1488),
            (1242, 1256, 1243),
            (1242, 1243, 1490),
            (1242, 1255, 1256),
            (1242, 1490, 1489),
            (1243, 1257, 1244),
            (1243, 1244, 1491),
            (1243, 1256, 1257),
            (1243, 1491, 1490),
            (1244, 1258, 1245),
            (1244, 1245, 1492),
            (1244, 1257, 1258),
            (1244, 1492, 1491),
            (1245, 1259, 1246),
            (1245, 1246, 1493),
            (1245, 1258, 1259),
            (1245, 1493, 1492),
            (1246, 1260, 1247),
            (1246, 1247, 1494),
            (1246, 1259, 1260),
            (1246, 1494, 1493),
            (1247, 1260, 1507),
            (1494, 1247, 1507),
            (1248, 1262, 1249),
            (1248, 1261, 1262),
            (1248, 1508, 1261),
            (1248, 1495, 1508),
            (1249, 1263, 1250),
            (1249, 1262, 1263),
            (1250, 1264, 1251),
            (1250, 1263, 1264),
            (1251, 1265, 1252),
            (1251, 1264, 1265),
            (1252, 1266, 1253),
            (1252, 1265, 1266),
            (1253, 1267, 1254),
            (1253, 1266, 1267),
            (1254, 1268, 1255),
            (1254, 1267, 1268),
            (1255, 1269, 1256),
            (1255, 1268, 1269),
            (1256, 1270, 1257),
            (1256, 1269, 1270),
            (1257, 1271, 1258),
            (1257, 1270, 1271),
            (1258, 1272, 1259),
            (1258, 1271, 1272),
            (1259, 1273, 1260),
            (1259, 1272, 1273),
            (1260, 1273, 1520),
            (1507, 1260, 1520),
            (1261, 1275, 1262),
            (1261, 1274, 1275),
            (1261, 1521, 1274),
            (1261, 1508, 1521),
            (1262, 1276, 1263),
            (1262, 1275, 1276),
            (1263, 1277, 1264),
            (1263, 1276, 1277),
            (1264, 1278, 1265),
            (1264, 1277, 1278),
            (1265, 1279, 1266),
            (1265, 1278, 1279),
            (1266, 1280, 1267),
            (1266, 1279, 1280),
            (1267, 1281, 1268),
            (1267, 1280, 1281),
            (1268, 1282, 1269),
            (1268, 1281, 1282),
            (1269, 1283, 1270),
            (1269, 1282, 1283),
            (1270, 1284, 1271),
            (1270, 1283, 1284),
            (1271, 1285, 1272),
            (1271, 1284, 1285),
            (1272, 1286, 1273),
            (1272, 1285, 1286),
            (1273, 1286, 1533),
            (1520, 1273, 1533),
            (1274, 1288, 1275),
            (1274, 1287, 1288),
            (1274, 1534, 1287),
            (1274, 1521, 1534),
            (1275, 1289, 1276),
            (1275, 1288, 1289),
            (1276, 1290, 1277),
            (1276, 1289, 1290),
            (1277, 1291, 1278),
            (1277, 1290, 1291),
            (1278, 1292, 1279),
            (1278, 1291, 1292),
            (1279, 1293, 1280),
            (1279, 1292, 1293),
            (1280, 1294, 1281),
            (1280, 1293, 1294),
            (1281, 1295, 1282),
            (1281, 1294, 1295),
            (1282, 1296, 1283),
            (1282, 1295, 1296),
            (1283, 1297, 1284),
            (1283, 1296, 1297),
            (1284, 1298, 1285),
            (1284, 1297, 1298),
            (1285, 1299, 1286),
            (1285, 1298, 1299),
            (1286, 1299, 1546),
            (1533, 1286, 1546),
            (1287, 1301, 1288),
            (1287, 1300, 1301),
            (1287, 1547, 1300),
            (1287, 1534, 1547),
            (1288, 1302, 1289),
            (1288, 1301, 1302),
            (1289, 1303, 1290),
            (1289, 1302, 1303),
            (1290, 1304, 1291),
            (1290, 1303, 1304),
            (1291, 1305, 1292),
            (1291, 1304, 1305),
            (1292, 1306, 1293),
            (1292, 1305, 1306),
            (1293, 1307, 1294),
            (1293, 1306, 1307),
            (1294, 1308, 1295),
            (1294, 1307, 1308),
            (1295, 1309, 1296),
            (1295, 1308, 1309),
            (1296, 1310, 1297),
            (1296, 1309, 1310),
            (1297, 1311, 1298),
            (1297, 1310, 1311),
            (1298, 1312, 1299),
            (1298, 1311, 1312),
            (1299, 1312, 1559),
            (1546, 1299, 1559),
            (1300, 1314, 1301),
            (1300, 1313, 1314),
            (1300, 1560, 1313),
            (1300, 1547, 1560),
            (1301, 1315, 1302),
            (1301, 1314, 1315),
            (1302, 1316, 1303),
            (1302, 1315, 1316),
            (1303, 1317, 1304),
            (1303, 1316, 1317),
            (1304, 1318, 1305),
            (1304, 1317, 1318),
            (1305, 1319, 1306),
            (1305, 1318, 1319),
            (1306, 1320, 1307),
            (1306, 1319, 1320),
            (1307, 1321, 1308),
            (1307, 1320, 1321),
            (1308, 1322, 1309),
            (1308, 1321, 1322),
            (1309, 1323, 1310),
            (1309, 1322, 1323),
            (1310, 1324, 1311),
            (1310, 1323, 1324),
            (1311, 1325, 1312),
            (1311, 1324, 1325),
            (1312, 1325, 1572),
            (1559, 1312, 1572),
            (1313, 1327, 1314),
            (1313, 1326, 1327),
            (1313, 1573, 1326),
            (1313, 1560, 1573),
            (1314, 1328, 1315),
            (1314, 1327, 1328),
            (1315, 1329, 1316),
            (1315, 1328, 1329),
            (1316, 1330, 1317),
            (1316, 1329, 1330),
            (1317, 1331, 1318),
            (1317, 1330, 1331),
            (1318, 1332, 1319),
            (1318, 1331, 1332),
            (1319, 1333, 1320),
            (1319, 1332, 1333),
            (1320, 1334, 1321),
            (1320, 1333, 1334),
            (1321, 1335, 1322),
            (1321, 1334, 1335),
            (1322, 1336, 1323),
            (1322, 1335, 1336),
            (1323, 1337, 1324),
            (1323, 1336, 1337),
            (1324, 1338, 1325),
            (1324, 1337, 1338),
            (1325, 1338, 1585),
            (1572, 1325, 1585),
            (1326, 1340, 1327),
            (1326, 1339, 1340),
            (1326, 1586, 1339),
            (1326, 1573, 1586),
            (1327, 1341, 1328),
            (1327, 1340, 1341),
            (1328, 1342, 1329),
            (1328, 1341, 1342),
            (1329, 1343, 1330),
            (1329, 1342, 1343),
            (1330, 1344, 1331),
            (1330, 1343, 1344),
            (1331, 1345, 1332),
            (1331, 1344, 1345),
            (1332, 1346, 1333),
            (1332, 1345, 1346),
            (1333, 1347, 1334),
            (1333, 1346, 1347),
            (1334, 1348, 1335),
            (1334, 1347, 1348),
            (1335, 1349, 1336),
            (1335, 1348, 1349),
            (1336, 1350, 1337),
            (1336, 1349, 1350),
            (1337, 1351, 1338),
            (1337, 1350, 1351),
            (1338, 1351, 1598),
            (1585, 1338, 1598),
            (1339, 1353, 1340),
            (1339, 1352, 1353),
            (1339, 1599, 1352),
            (1339, 1586, 1599),
            (1340, 1354, 1341),
            (1340, 1353, 1354),
            (1341, 1355, 1342),
            (1341, 1354, 1355),
            (1342, 1356, 1343),
            (1342, 1355, 1356),
            (1343, 1357, 1344),
            (1343, 1356, 1357),
            (1344, 1358, 1345),
            (1344, 1357, 1358),
            (1345, 1359, 1346),
            (1345, 1358, 1359),
            (1346, 1360, 1347),
            (1346, 1359, 1360),
            (1347, 1361, 1348),
            (1347, 1360, 1361),
            (1348, 1362, 1349),
            (1348, 1361, 1362),
            (1349, 1363, 1350),
            (1349, 1362, 1363),
            (1350, 1364, 1351),
            (1350, 1363, 1364),
            (1351, 1364, 1611),
            (1598, 1351, 1611),
            (1352, 1366, 1353),
            (1352, 1365, 1366),
            (1352, 1612, 1365),
            (1352, 1599, 1612),
            (1353, 1367, 1354),
            (1353, 1366, 1367),
            (1354, 1368, 1355),
            (1354, 1367, 1368),
            (1355, 1369, 1356),
            (1355, 1368, 1369),
            (1356, 1370, 1357),
            (1356, 1369, 1370),
            (1357, 1371, 1358),
            (1357, 1370, 1371),
            (1358, 1372, 1359),
            (1358, 1371, 1372),
            (1359, 1373, 1360),
            (1359, 1372, 1373),
            (1360, 1374, 1361),
            (1360, 1373, 1374),
            (1361, 1375, 1362),
            (1361, 1374, 1375),
            (1362, 1376, 1363),
            (1362, 1375, 1376),
            (1363, 1377, 1364),
            (1363, 1376, 1377),
            (1364, 1377, 1624),
            (1611, 1364, 1624),
            (1365, 1379, 1366),
            (1365, 1378, 1379),
            (1365, 1625, 1378),
            (1365, 1612, 1625),
            (1366, 1380, 1367),
            (1366, 1379, 1380),
            (1367, 1381, 1368),
            (1367, 1380, 1381),
            (1368, 1382, 1369),
            (1368, 1381, 1382),
            (1369, 1383, 1370),
            (1369, 1382, 1383),
            (1370, 1384, 1371),
            (1370, 1383, 1384),
            (1371, 1385, 1372),
            (1371, 1384, 1385),
            (1372, 1386, 1373),
            (1372, 1385, 1386),
            (1373, 1387, 1374),
            (1373, 1386, 1387),
            (1374, 1388, 1375),
            (1374, 1387, 1388),
            (1375, 1389, 1376),
            (1375, 1388, 1389),
            (1376, 1390, 1377),
            (1376, 1389, 1390),
            (1377, 1390, 1637),
            (1624, 1377, 1637),
            (1378, 1392, 1379),
            (1378, 1391, 1392),
            (1378, 1638, 1391),
            (1378, 1625, 1638),
            (1379, 1393, 1380),
            (1379, 1392, 1393),
            (1380, 1394, 1381),
            (1380, 1393, 1394),
            (1381, 1395, 1382),
            (1381, 1394, 1395),
            (1382, 1396, 1383),
            (1382, 1395, 1396),
            (1383, 1397, 1384),
            (1383, 1396, 1397),
            (1384, 1398, 1385),
            (1384, 1397, 1398),
            (1385, 1399, 1386),
            (1385, 1398, 1399),
            (1386, 1400, 1387),
            (1386, 1399, 1400),
            (1387, 1401, 1388),
            (1387, 1400, 1401),
            (1388, 1402, 1389),
            (1388, 1401, 1402),
            (1389, 1403, 1390),
            (1389, 1402, 1403),
            (1390, 1403, 1650),
            (1637, 1390, 1650),
            (1391, 1405, 1392),
            (1391, 1404, 1405),
            (1391, 1651, 1404),
            (1391, 1638, 1651),
            (1392, 1406, 1393),
            (1392, 1405, 1406),
            (1393, 1407, 1394),
            (1393, 1406, 1407),
            (1394, 1408, 1395),
            (1394, 1407, 1408),
            (1395, 1409, 1396),
            (1395, 1408, 1409),
            (1396, 1410, 1397),
            (1396, 1409, 1410),
            (1397, 1411, 1398),
            (1397, 1410, 1411),
            (1398, 1412, 1399),
            (1398, 1411, 1412),
            (1399, 1413, 1400),
            (1399, 1412, 1413),
            (1400, 1414, 1401),
            (1400, 1413, 1414),
            (1401, 1415, 1402),
            (1401, 1414, 1415),
            (1402, 1416, 1403),
            (1402, 1415, 1416),
            (1403, 1416, 1663),
            (1650, 1403, 1663),
            (1404, 1418, 1405),
            (1404, 1417, 1418),
            (1404, 1664, 1417),
            (1404, 1651, 1664),
            (1405, 1419, 1406),
            (1405, 1418, 1419),
            (1406, 1420, 1407),
            (1406, 1419, 1420),
            (1407, 1421, 1408),
            (1407, 1420, 1421),
            (1408, 1422, 1409),
            (1408, 1421, 1422),
            (1409, 1423, 1410),
            (1409, 1422, 1423),
            (1410, 1424, 1411),
            (1410, 1423, 1424),
            (1411, 1425, 1412),
            (1411, 1424, 1425),
            (1412, 1426, 1413),
            (1412, 1425, 1426),
            (1413, 1427, 1414),
            (1413, 1426, 1427),
            (1414, 1428, 1415),
            (1414, 1427, 1428),
            (1415, 1429, 1416),
            (1415, 1428, 1429),
            (1416, 1429, 1676),
            (1663, 1416, 1676),
            (1417, 1431, 1418),
            (1417, 1430, 1431),
            (1417, 1677, 1430),
            (1417, 1664, 1677),
            (1418, 1432, 1419),
            (1418, 1431, 1432),
            (1419, 1433, 1420),
            (1419, 1432, 1433),
            (1420, 1434, 1421),
            (1420, 1433, 1434),
            (1421, 1435, 1422),
            (1421, 1434, 1435),
            (1422, 1436, 1423),
            (1422, 1435, 1436),
            (1423, 1437, 1424),
            (1423, 1436, 1437),
            (1424, 1438, 1425),
            (1424, 1437, 1438),
            (1425, 1439, 1426),
            (1425, 1438, 1439),
            (1426, 1440, 1427),
            (1426, 1439, 1440),
            (1427, 1441, 1428),
            (1427, 1440, 1441),
            (1428, 1442, 1429),
            (1428, 1441, 1442),
            (1429, 1442, 1689),
            (1676, 1429, 1689),
            (1430, 1444, 1431),
            (1430, 1443, 1444),
            (1430, 1690, 1443),
            (1430, 1677, 1690),
            (1431, 1445, 1432),
            (1431, 1444, 1445),
            (1432, 1446, 1433),
            (1432, 1445, 1446),
            (1433, 1447, 1434),
            (1433, 1446, 1447),
            (1434, 1448, 1435),
            (1434, 1447, 1448),
            (1435, 1449, 1436),
            (1435, 1448, 1449),
            (1436, 1450, 1437),
            (1436, 1449, 1450),
            (1437, 1451, 1438),
            (1437, 1450, 1451),
            (1438, 1452, 1439),
            (1438, 1451, 1452),
            (1439, 1453, 1440),
            (1439, 1452, 1453),
            (1440, 1454, 1441),
            (1440, 1453, 1454),
            (1441, 1455, 1442),
            (1441, 1454, 1455),
            (1442, 1455, 1702),
            (1689, 1442, 1702),
            (1443, 1457, 1444),
            (1443, 1456, 1457),
            (1443, 1703, 1456),
            (1443, 1690, 1703),
            (1444, 1458, 1445),
            (1444, 1457, 1458),
            (1445, 1459, 1446),
            (1445, 1458, 1459),
            (1446, 1460, 1447),
            (1446, 1459, 1460),
            (1447, 1461, 1448),
            (1447, 1460, 1461),
            (1448, 1462, 1449),
            (1448, 1461, 1462),
            (1449, 1463, 1450),
            (1449, 1462, 1463),
            (1450, 1464, 1451),
            (1450, 1463, 1464),
            (1451, 1465, 1452),
            (1451, 1464, 1465),
            (1452, 1466, 1453),
            (1452, 1465, 1466),
            (1453, 1467, 1454),
            (1453, 1466, 1467),
            (1454, 1468, 1455),
            (1454, 1467, 1468),
            (1455, 1468, 1715),
            (1702, 1455, 1715),
            (1456, 1470, 1457),
            (1456, 1469, 1470),
            (1456, 1716, 1469),
            (1456, 1703, 1716),
            (1457, 1471, 1458),
            (1457, 1470, 1471),
            (1458, 1472, 1459),
            (1458, 1471, 1472),
            (1459, 1473, 1460),
            (1459, 1472, 1473),
            (1460, 1474, 1461),
            (1460, 1473, 1474),
            (1461, 1475, 1462),
            (1461, 1474, 1475),
            (1462, 1476, 1463),
            (1462, 1475, 1476),
            (1463, 1477, 1464),
            (1463, 1476, 1477),
            (1464, 1478, 1465),
            (1464, 1477, 1478),
            (1465, 1479, 1466),
            (1465, 1478, 1479),
            (1466, 1480, 1467),
            (1466, 1479, 1480),
            (1467, 1481, 1468),
            (1467, 1480, 1481),
            (1468, 1481, 1728),
            (1715, 1468, 1728),
            (1470, 1469, 1717),
            (1469, 1716, 1717),
            (1471, 1470, 1718),
            (1470, 1717, 1718),
            (1472, 1471, 1719),
            (1471, 1718, 1719),
            (1473, 1472, 1720),
            (1472, 1719, 1720),
            (1474, 1473, 1721),
            (1473, 1720, 1721),
            (1475, 1474, 1722),
            (1474, 1721, 1722),
            (1476, 1475, 1723),
            (1475, 1722, 1723),
            (1477, 1476, 1724),
            (1476, 1723, 1724),
            (1478, 1477, 1725),
            (1477, 1724, 1725),
            (1479, 1478, 1726),
            (1478, 1725, 1726),
            (1480, 1479, 1727),
            (1479, 1726, 1727),
            (1481, 1480, 1728),
            (1480, 1727, 1728),
            (1482, 1483, 1730),
            (1482, 1742, 1495),
            (1482, 1730, 1729),
            (1482, 1729, 1742),
            (1483, 1484, 1731),
            (1483, 1731, 1730),
            (1484, 1485, 1732),
            (1484, 1732, 1731),
            (1485, 1486, 1733),
            (1485, 1733, 1732),
            (1486, 1487, 1734),
            (1486, 1734, 1733),
            (1487, 1488, 1735),
            (1487, 1735, 1734),
            (1488, 1489, 1736),
            (1488, 1736, 1735),
            (1489, 1490, 1737),
            (1489, 1737, 1736),
            (1490, 1491, 1738),
            (1490, 1738, 1737),
            (1491, 1492, 1739),
            (1491, 1739, 1738),
            (1492, 1493, 1740),
            (1492, 1740, 1739),
            (1493, 1494, 1741),
            (1493, 1741, 1740),
            (1494, 1507, 1754),
            (1741, 1494, 1754),
            (1495, 1755, 1508),
            (1495, 1742, 1755),
            (1507, 1520, 1767),
            (1754, 1507, 1767),
            (1508, 1768, 1521),
            (1508, 1755, 1768),
            (1520, 1533, 1780),
            (1767, 1520, 1780),
            (1521, 1781, 1534),
            (1521, 1768, 1781),
            (1533, 1546, 1793),
            (1780, 1533, 1793),
            (1534, 1794, 1547),
            (1534, 1781, 1794),
            (1546, 1559, 1806),
            (1793, 1546, 1806),
            (1547, 1807, 1560),
            (1547, 1794, 1807),
            (1559, 1572, 1819),
            (1806, 1559, 1819),
            (1560, 1820, 1573),
            (1560, 1807, 1820),
            (1572, 1585, 1832),
            (1819, 1572, 1832),
            (1573, 1833, 1586),
            (1573, 1820, 1833),
            (1585, 1598, 1845),
            (1832, 1585, 1845),
            (1586, 1846, 1599),
            (1586, 1833, 1846),
            (1598, 1611, 1858),
            (1845, 1598, 1858),
            (1599, 1859, 1612),
            (1599, 1846, 1859),
            (1611, 1624, 1871),
            (1858, 1611, 1871),
            (1612, 1872, 1625),
            (1612, 1859, 1872),
            (1624, 1637, 1884),
            (1871, 1624, 1884),
            (1625, 1885, 1638),
            (1625, 1872, 1885),
            (1637, 1650, 1897),
            (1884, 1637, 1897),
            (1638, 1898, 1651),
            (1638, 1885, 1898),
            (1650, 1663, 1910),
            (1897, 1650, 1910),
            (1651, 1911, 1664),
            (1651, 1898, 1911),
            (1663, 1676, 1923),
            (1910, 1663, 1923),
            (1664, 1924, 1677),
            (1664, 1911, 1924),
            (1676, 1689, 1936),
            (1923, 1676, 1936),
            (1677, 1937, 1690),
            (1677, 1924, 1937),
            (1689, 1702, 1949),
            (1936, 1689, 1949),
            (1690, 1950, 1703),
            (1690, 1937, 1950),
            (1702, 1715, 1962),
            (1949, 1702, 1962),
            (1703, 1963, 1716),
            (1703, 1950, 1963),
            (1715, 1728, 1975),
            (1962, 1715, 1975),
            (1717, 1716, 1964),
            (1716, 1963, 1964),
            (1718, 1717, 1965),
            (1717, 1964, 1965),
            (1719, 1718, 1966),
            (1718, 1965, 1966),
            (1720, 1719, 1967),
            (1719, 1966, 1967),
            (1721, 1720, 1968),
            (1720, 1967, 1968),
            (1722, 1721, 1969),
            (1721, 1968, 1969),
            (1723, 1722, 1970),
            (1722, 1969, 1970),
            (1724, 1723, 1971),
            (1723, 1970, 1971),
            (1725, 1724, 1972),
            (1724, 1971, 1972),
            (1726, 1725, 1973),
            (1725, 1972, 1973),
            (1727, 1726, 1974),
            (1726, 1973, 1974),
            (1728, 1727, 1975),
            (1727, 1974, 1975),
            (1729, 1730, 1977),
            (1729, 1989, 1742),
            (1729, 1977, 1976),
            (1729, 1976, 1989),
            (1730, 1731, 1978),
            (1730, 1978, 1977),
            (1731, 1732, 1979),
            (1731, 1979, 1978),
            (1732, 1733, 1980),
            (1732, 1980, 1979),
            (1733, 1734, 1981),
            (1733, 1981, 1980),
            (1734, 1735, 1982),
            (1734, 1982, 1981),
            (1735, 1736, 1983),
            (1735, 1983, 1982),
            (1736, 1737, 1984),
            (1736, 1984, 1983),
            (1737, 1738, 1985),
            (1737, 1985, 1984),
            (1738, 1739, 1986),
            (1738, 1986, 1985),
            (1739, 1740, 1987),
            (1739, 1987, 1986),
            (1740, 1741, 1988),
            (1740, 1988, 1987),
            (1741, 1754, 2001),
            (1988, 1741, 2001),
            (1742, 2002, 1755),
            (1742, 1989, 2002),
            (1754, 1767, 2014),
            (2001, 1754, 2014),
            (1755, 2015, 1768),
            (1755, 2002, 2015),
            (1767, 1780, 2027),
            (2014, 1767, 2027),
            (1768, 2028, 1781),
            (1768, 2015, 2028),
            (1780, 1793, 2040),
            (2027, 1780, 2040),
            (1781, 2041, 1794),
            (1781, 2028, 2041),
            (1793, 1806, 2053),
            (2040, 1793, 2053),
            (1794, 2054, 1807),
            (1794, 2041, 2054),
            (1806, 1819, 2066),
            (2053, 1806, 2066),
            (1807, 2067, 1820),
            (1807, 2054, 2067),
            (1819, 1832, 2079),
            (2066, 1819, 2079),
            (1820, 2080, 1833),
            (1820, 2067, 2080),
            (1832, 1845, 2092),
            (2079, 1832, 2092),
            (1833, 2093, 1846),
            (1833, 2080, 2093),
            (1845, 1858, 2105),
            (2092, 1845, 2105),
            (1846, 2106, 1859),
            (1846, 2093, 2106),
            (1858, 1871, 2118),
            (2105, 1858, 2118),
            (1859, 2119, 1872),
            (1859, 2106, 2119),
            (1871, 1884, 2131),
            (2118, 1871, 2131),
            (1872, 2132, 1885),
            (1872, 2119, 2132),
            (1884, 1897, 2144),
            (2131, 1884, 2144),
            (1885, 2145, 1898),
            (1885, 2132, 2145),
            (1897, 1910, 2157),
            (2144, 1897, 2157),
            (1898, 2158, 1911),
            (1898, 2145, 2158),
            (1910, 1923, 2170),
            (2157, 1910, 2170),
            (1911, 2171, 1924),
            (1911, 2158, 2171),
            (1923, 1936, 2183),
            (2170, 1923, 2183),
            (1924, 2184, 1937),
            (1924, 2171, 2184),
            (1936, 1949, 2196),
            (2183, 1936, 2196),
            (1937, 2197, 1950),
            (1937, 2184, 2197),
            (1949, 1962, 2209),
            (2196, 1949, 2209),
            (1950, 2210, 1963),
            (1950, 2197, 2210),
            (1962, 1975, 2222),
            (2209, 1962, 2222),
            (1964, 1963, 2211),
            (1963, 2210, 2211),
            (1965, 1964, 2212),
            (1964, 2211, 2212),
            (1966, 1965, 2213),
            (1965, 2212, 2213),
            (1967, 1966, 2214),
            (1966, 2213, 2214),
            (1968, 1967, 2215),
            (1967, 2214, 2215),
            (1969, 1968, 2216),
            (1968, 2215, 2216),
            (1970, 1969, 2217),
            (1969, 2216, 2217),
            (1971, 1970, 2218),
            (1970, 2217, 2218),
            (1972, 1971, 2219),
            (1971, 2218, 2219),
            (1973, 1972, 2220),
            (1972, 2219, 2220),
            (1974, 1973, 2221),
            (1973, 2220, 2221),
            (1975, 1974, 2222),
            (1974, 2221, 2222),
            (1976, 1977, 2224),
            (1976, 2236, 1989),
            (1976, 2224, 2223),
            (1976, 2223, 2236),
            (1977, 1978, 2225),
            (1977, 2225, 2224),
            (1978, 1979, 2226),
            (1978, 2226, 2225),
            (1979, 1980, 2227),
            (1979, 2227, 2226),
            (1980, 1981, 2228),
            (1980, 2228, 2227),
            (1981, 1982, 2229),
            (1981, 2229, 2228),
            (1982, 1983, 2230),
            (1982, 2230, 2229),
            (1983, 1984, 2231),
            (1983, 2231, 2230),
            (1984, 1985, 2232),
            (1984, 2232, 2231),
            (1985, 1986, 2233),
            (1985, 2233, 2232),
            (1986, 1987, 2234),
            (1986, 2234, 2233),
            (1987, 1988, 2235),
            (1987, 2235, 2234),
            (1988, 2001, 2248),
            (2235, 1988, 2248),
            (1989, 2249, 2002),
            (1989, 2236, 2249),
            (2001, 2014, 2261),
            (2248, 2001, 2261),
            (2002, 2262, 2015),
            (2002, 2249, 2262),
            (2014, 2027, 2274),
            (2261, 2014, 2274),
            (2015, 2275, 2028),
            (2015, 2262, 2275),
            (2027, 2040, 2287),
            (2274, 2027, 2287),
            (2028, 2288, 2041),
            (2028, 2275, 2288),
            (2040, 2053, 2300),
            (2287, 2040, 2300),
            (2041, 2301, 2054),
            (2041, 2288, 2301),
            (2053, 2066, 2313),
            (2300, 2053, 2313),
            (2054, 2314, 2067),
            (2054, 2301, 2314),
            (2066, 2079, 2326),
            (2313, 2066, 2326),
            (2067, 2327, 2080),
            (2067, 2314, 2327),
            (2079, 2092, 2339),
            (2326, 2079, 2339),
            (2080, 2340, 2093),
            (2080, 2327, 2340),
            (2092, 2105, 2352),
            (2339, 2092, 2352),
            (2093, 2353, 2106),
            (2093, 2340, 2353),
            (2105, 2118, 2365),
            (2352, 2105, 2365),
            (2106, 2366, 2119),
            (2106, 2353, 2366),
            (2118, 2131, 2378),
            (2365, 2118, 2378),
            (2119, 2379, 2132),
            (2119, 2366, 2379),
            (2131, 2144, 2391),
            (2378, 2131, 2391),
            (2132, 2392, 2145),
            (2132, 2379, 2392),
            (2144, 2157, 2404),
            (2391, 2144, 2404),
            (2145, 2405, 2158),
            (2145, 2392, 2405),
            (2157, 2170, 2417),
            (2404, 2157, 2417),
            (2158, 2418, 2171),
            (2158, 2405, 2418),
            (2170, 2183, 2430),
            (2417, 2170, 2430),
            (2171, 2431, 2184),
            (2171, 2418, 2431),
            (2183, 2196, 2443),
            (2430, 2183, 2443),
            (2184, 2444, 2197),
            (2184, 2431, 2444),
            (2196, 2209, 2456),
            (2443, 2196, 2456),
            (2197, 2457, 2210),
            (2197, 2444, 2457),
            (2209, 2222, 2469),
            (2456, 2209, 2469),
            (2211, 2210, 2458),
            (2210, 2457, 2458),
            (2212, 2211, 2459),
            (2211, 2458, 2459),
            (2213, 2212, 2460),
            (2212, 2459, 2460),
            (2214, 2213, 2461),
            (2213, 2460, 2461),
            (2215, 2214, 2462),
            (2214, 2461, 2462),
            (2216, 2215, 2463),
            (2215, 2462, 2463),
            (2217, 2216, 2464),
            (2216, 2463, 2464),
            (2218, 2217, 2465),
            (2217, 2464, 2465),
            (2219, 2218, 2466),
            (2218, 2465, 2466),
            (2220, 2219, 2467),
            (2219, 2466, 2467),
            (2221, 2220, 2468),
            (2220, 2467, 2468),
            (2222, 2221, 2469),
            (2221, 2468, 2469),
            (2223, 2224, 2237),
            (2236, 2223, 2237),
            (2224, 2225, 2238),
            (2237, 2224, 2238),
            (2225, 2226, 2239),
            (2238, 2225, 2239),
            (2226, 2227, 2240),
            (2239, 2226, 2240),
            (2227, 2228, 2241),
            (2240, 2227, 2241),
            (2228, 2229, 2242),
            (2241, 2228, 2242),
            (2229, 2230, 2243),
            (2242, 2229, 2243),
            (2230, 2231, 2244),
            (2243, 2230, 2244),
            (2231, 2232, 2245),
            (2244, 2231, 2245),
            (2232, 2233, 2246),
            (2245, 2232, 2246),
            (2233, 2234, 2247),
            (2246, 2233, 2247),
            (2234, 2235, 2248),
            (2247, 2234, 2248),
            (2236, 2237, 2250),
            (2249, 2236, 2250),
            (2237, 2238, 2251),
            (2250, 2237, 2251),
            (2238, 2239, 2252),
            (2251, 2238, 2252),
            (2239, 2240, 2253),
            (2252, 2239, 2253),
            (2240, 2241, 2254),
            (2253, 2240, 2254),
            (2241, 2242, 2255),
            (2254, 2241, 2255),
            (2242, 2243, 2256),
            (2255, 2242, 2256),
            (2243, 2244, 2257),
            (2256, 2243, 2257),
            (2244, 2245, 2258),
            (2257, 2244, 2258),
            (2245, 2246, 2259),
            (2258, 2245, 2259),
            (2246, 2247, 2260),
            (2259, 2246, 2260),
            (2247, 2248, 2261),
            (2260, 2247, 2261),
            (2249, 2250, 2263),
            (2262, 2249, 2263),
            (2250, 2251, 2264),
            (2263, 2250, 2264),
            (2251, 2252, 2265),
            (2264, 2251, 2265),
            (2252, 2253, 2266),
            (2265, 2252, 2266),
            (2253, 2254, 2267),
            (2266, 2253, 2267),
            (2254, 2255, 2268),
            (2267, 2254, 2268),
            (2255, 2256, 2269),
            (2268, 2255, 2269),
            (2256, 2257, 2270),
            (2269, 2256, 2270),
            (2257, 2258, 2271),
            (2270, 2257, 2271),
            (2258, 2259, 2272),
            (2271, 2258, 2272),
            (2259, 2260, 2273),
            (2272, 2259, 2273),
            (2260, 2261, 2274),
            (2273, 2260, 2274),
            (2262, 2263, 2276),
            (2275, 2262, 2276),
            (2263, 2264, 2277),
            (2276, 2263, 2277),
            (2264, 2265, 2278),
            (2277, 2264, 2278),
            (2265, 2266, 2279),
            (2278, 2265, 2279),
            (2266, 2267, 2280),
            (2279, 2266, 2280),
            (2267, 2268, 2281),
            (2280, 2267, 2281),
            (2268, 2269, 2282),
            (2281, 2268, 2282),
            (2269, 2270, 2283),
            (2282, 2269, 2283),
            (2270, 2271, 2284),
            (2283, 2270, 2284),
            (2271, 2272, 2285),
            (2284, 2271, 2285),
            (2272, 2273, 2286),
            (2285, 2272, 2286),
            (2273, 2274, 2287),
            (2286, 2273, 2287),
            (2275, 2276, 2289),
            (2288, 2275, 2289),
            (2276, 2277, 2290),
            (2289, 2276, 2290),
            (2277, 2278, 2291),
            (2290, 2277, 2291),
            (2278, 2279, 2292),
            (2291, 2278, 2292),
            (2279, 2280, 2293),
            (2292, 2279, 2293),
            (2280, 2281, 2294),
            (2293, 2280, 2294),
            (2281, 2282, 2295),
            (2294, 2281, 2295),
            (2282, 2283, 2296),
            (2295, 2282, 2296),
            (2283, 2284, 2297),
            (2296, 2283, 2297),
            (2284, 2285, 2298),
            (2297, 2284, 2298),
            (2285, 2286, 2299),
            (2298, 2285, 2299),
            (2286, 2287, 2300),
            (2299, 2286, 2300),
            (2288, 2289, 2302),
            (2301, 2288, 2302),
            (2289, 2290, 2303),
            (2302, 2289, 2303),
            (2290, 2291, 2304),
            (2303, 2290, 2304),
            (2291, 2292, 2305),
            (2304, 2291, 2305),
            (2292, 2293, 2306),
            (2305, 2292, 2306),
            (2293, 2294, 2307),
            (2306, 2293, 2307),
            (2294, 2295, 2308),
            (2307, 2294, 2308),
            (2295, 2296, 2309),
            (2308, 2295, 2309),
            (2296, 2297, 2310),
            (2309, 2296, 2310),
            (2297, 2298, 2311),
            (2310, 2297, 2311),
            (2298, 2299, 2312),
            (2311, 2298, 2312),
            (2299, 2300, 2313),
            (2312, 2299, 2313),
            (2301, 2302, 2315),
            (2314, 2301, 2315),
            (2302, 2303, 2316),
            (2315, 2302, 2316),
            (2303, 2304, 2317),
            (2316, 2303, 2317),
            (2304, 2305, 2318),
            (2317, 2304, 2318),
            (2305, 2306, 2319),
            (2318, 2305, 2319),
            (2306, 2307, 2320),
            (2319, 2306, 2320),
            (2307, 2308, 2321),
            (2320, 2307, 2321),
            (2308, 2309, 2322),
            (2321, 2308, 2322),
            (2309, 2310, 2323),
            (2322, 2309, 2323),
            (2310, 2311, 2324),
            (2323, 2310, 2324),
            (2311, 2312, 2325),
            (2324, 2311, 2325),
            (2312, 2313, 2326),
            (2325, 2312, 2326),
            (2314, 2315, 2328),
            (2327, 2314, 2328),
            (2315, 2316, 2329),
            (2328, 2315, 2329),
            (2316, 2317, 2330),
            (2329, 2316, 2330),
            (2317, 2318, 2331),
            (2330, 2317, 2331),
            (2318, 2319, 2332),
            (2331, 2318, 2332),
            (2319, 2320, 2333),
            (2332, 2319, 2333),
            (2320, 2321, 2334),
            (2333, 2320, 2334),
            (2321, 2322, 2335),
            (2334, 2321, 2335),
            (2322, 2323, 2336),
            (2335, 2322, 2336),
            (2323, 2324, 2337),
            (2336, 2323, 2337),
            (2324, 2325, 2338),
            (2337, 2324, 2338),
            (2325, 2326, 2339),
            (2338, 2325, 2339),
            (2327, 2328, 2341),
            (2340, 2327, 2341),
            (2328, 2329, 2342),
            (2341, 2328, 2342),
            (2329, 2330, 2343),
            (2342, 2329, 2343),
            (2330, 2331, 2344),
            (2343, 2330, 2344),
            (2331, 2332, 2345),
            (2344, 2331, 2345),
            (2332, 2333, 2346),
            (2345, 2332, 2346),
            (2333, 2334, 2347),
            (2346, 2333, 2347),
            (2334, 2335, 2348),
            (2347, 2334, 2348),
            (2335, 2336, 2349),
            (2348, 2335, 2349),
            (2336, 2337, 2350),
            (2349, 2336, 2350),
            (2337, 2338, 2351),
            (2350, 2337, 2351),
            (2338, 2339, 2352),
            (2351, 2338, 2352),
            (2340, 2341, 2354),
            (2353, 2340, 2354),
            (2341, 2342, 2355),
            (2354, 2341, 2355),
            (2342, 2343, 2356),
            (2355, 2342, 2356),
            (2343, 2344, 2357),
            (2356, 2343, 2357),
            (2344, 2345, 2358),
            (2357, 2344, 2358),
            (2345, 2346, 2359),
            (2358, 2345, 2359),
            (2346, 2347, 2360),
            (2359, 2346, 2360),
            (2347, 2348, 2361),
            (2360, 2347, 2361),
            (2348, 2349, 2362),
            (2361, 2348, 2362),
            (2349, 2350, 2363),
            (2362, 2349, 2363),
            (2350, 2351, 2364),
            (2363, 2350, 2364),
            (2351, 2352, 2365),
            (2364, 2351, 2365),
            (2353, 2354, 2367),
            (2366, 2353, 2367),
            (2354, 2355, 2368),
            (2367, 2354, 2368),
            (2355, 2356, 2369),
            (2368, 2355, 2369),
            (2356, 2357, 2370),
            (2369, 2356, 2370),
            (2357, 2358, 2371),
            (2370, 2357, 2371),
            (2358, 2359, 2372),
            (2371, 2358, 2372),
            (2359, 2360, 2373),
            (2372, 2359, 2373),
            (2360, 2361, 2374),
            (2373, 2360, 2374),
            (2361, 2362, 2375),
            (2374, 2361, 2375),
            (2362, 2363, 2376),
            (2375, 2362, 2376),
            (2363, 2364, 2377),
            (2376, 2363, 2377),
            (2364, 2365, 2378),
            (2377, 2364, 2378),
            (2366, 2367, 2380),
            (2379, 2366, 2380),
            (2367, 2368, 2381),
            (2380, 2367, 2381),
            (2368, 2369, 2382),
            (2381, 2368, 2382),
            (2369, 2370, 2383),
            (2382, 2369, 2383),
            (2370, 2371, 2384),
            (2383, 2370, 2384),
            (2371, 2372, 2385),
            (2384, 2371, 2385),
            (2372, 2373, 2386),
            (2385, 2372, 2386),
            (2373, 2374, 2387),
            (2386, 2373, 2387),
            (2374, 2375, 2388),
            (2387, 2374, 2388),
            (2375, 2376, 2389),
            (2388, 2375, 2389),
            (2376, 2377, 2390),
            (2389, 2376, 2390),
            (2377, 2378, 2391),
            (2390, 2377, 2391),
            (2379, 2380, 2393),
            (2392, 2379, 2393),
            (2380, 2381, 2394),
            (2393, 2380, 2394),
            (2381, 2382, 2395),
            (2394, 2381, 2395),
            (2382, 2383, 2396),
            (2395, 2382, 2396),
            (2383, 2384, 2397),
            (2396, 2383, 2397),
            (2384, 2385, 2398),
            (2397, 2384, 2398),
            (2385, 2386, 2399),
            (2398, 2385, 2399),
            (2386, 2387, 2400),
            (2399, 2386, 2400),
            (2387, 2388, 2401),
            (2400, 2387, 2401),
            (2388, 2389, 2402),
            (2401, 2388, 2402),
            (2389, 2390, 2403),
            (2402, 2389, 2403),
            (2390, 2391, 2404),
            (2403, 2390, 2404),
            (2392, 2393, 2406),
            (2405, 2392, 2406),
            (2393, 2394, 2407),
            (2406, 2393, 2407),
            (2394, 2395, 2408),
            (2407, 2394, 2408),
            (2395, 2396, 2409),
            (2408, 2395, 2409),
            (2396, 2397, 2410),
            (2409, 2396, 2410),
            (2397, 2398, 2411),
            (2410, 2397, 2411),
            (2398, 2399, 2412),
            (2411, 2398, 2412),
            (2399, 2400, 2413),
            (2412, 2399, 2413),
            (2400, 2401, 2414),
            (2413, 2400, 2414),
            (2401, 2402, 2415),
            (2414, 2401, 2415),
            (2402, 2403, 2416),
            (2415, 2402, 2416),
            (2403, 2404, 2417),
            (2416, 2403, 2417),
            (2405, 2406, 2419),
            (2418, 2405, 2419),
            (2406, 2407, 2420),
            (2419, 2406, 2420),
            (2407, 2408, 2421),
            (2420, 2407, 2421),
            (2408, 2409, 2422),
            (2421, 2408, 2422),
            (2409, 2410, 2423),
            (2422, 2409, 2423),
            (2410, 2411, 2424),
            (2423, 2410, 2424),
            (2411, 2412, 2425),
            (2424, 2411, 2425),
            (2412, 2413, 2426),
            (2425, 2412, 2426),
            (2413, 2414, 2427),
            (2426, 2413, 2427),
            (2414, 2415, 2428),
            (2427, 2414, 2428),
            (2415, 2416, 2429),
            (2428, 2415, 2429),
            (2416, 2417, 2430),
            (2429, 2416, 2430),
            (2418, 2419, 2432),
            (2431, 2418, 2432),
            (2419, 2420, 2433),
            (2432, 2419, 2433),
            (2420, 2421, 2434),
            (2433, 2420, 2434),
            (2421, 2422, 2435),
            (2434, 2421, 2435),
            (2422, 2423, 2436),
            (2435, 2422, 2436),
            (2423, 2424, 2437),
            (2436, 2423, 2437),
            (2424, 2425, 2438),
            (2437, 2424, 2438),
            (2425, 2426, 2439),
            (2438, 2425, 2439),
            (2426, 2427, 2440),
            (2439, 2426, 2440),
            (2427, 2428, 2441),
            (2440, 2427, 2441),
            (2428, 2429, 2442),
            (2441, 2428, 2442),
            (2429, 2430, 2443),
            (2442, 2429, 2443),
            (2431, 2432, 2445),
            (2444, 2431, 2445),
            (2432, 2433, 2446),
            (2445, 2432, 2446),
            (2433, 2434, 2447),
            (2446, 2433, 2447),
            (2434, 2435, 2448),
            (2447, 2434, 2448),
            (2435, 2436, 2449),
            (2448, 2435, 2449),
            (2436, 2437, 2450),
            (2449, 2436, 2450),
            (2437, 2438, 2451),
            (2450, 2437, 2451),
            (2438, 2439, 2452),
            (2451, 2438, 2452),
            (2439, 2440, 2453),
            (2452, 2439, 2453),
            (2440, 2441, 2454),
            (2453, 2440, 2454),
            (2441, 2442, 2455),
            (2454, 2441, 2455),
            (2442, 2443, 2456),
            (2455, 2442, 2456),
            (2444, 2445, 2458),
            (2457, 2444, 2458),
            (2445, 2446, 2459),
            (2458, 2445, 2459),
            (2446, 2447, 2460),
            (2459, 2446, 2460),
            (2447, 2448, 2461),
            (2460, 2447, 2461),
            (2448, 2449, 2462),
            (2461, 2448, 2462),
            (2449, 2450, 2463),
            (2462, 2449, 2463),
            (2450, 2451, 2464),
            (2463, 2450, 2464),
            (2451, 2452, 2465),
            (2464, 2451, 2465),
            (2452, 2453, 2466),
            (2465, 2452, 2466),
            (2453, 2454, 2467),
            (2466, 2453, 2467),
            (2454, 2455, 2468),
            (2467, 2454, 2468),
            (2455, 2456, 2469),
            (2468, 2455, 2469)
        ]
        int4[] tetVertexIndices = [
            (0, 1, 14, 261),
            (0, 14, 13, 261),
            (0, 13, 260, 261),
            (0, 260, 247, 261),
            (0, 247, 248, 261),
            (0, 248, 1, 261),
            (1, 2, 15, 262),
            (1, 15, 14, 262),
            (1, 14, 261, 262),
            (1, 261, 248, 262),
            (1, 248, 249, 262),
            (1, 249, 2, 262),
            (2, 3, 16, 263),
            (2, 16, 15, 263),
            (2, 15, 262, 263),
            (2, 262, 249, 263),
            (2, 249, 250, 263),
            (2, 250, 3, 263),
            (3, 4, 17, 264),
            (3, 17, 16, 264),
            (3, 16, 263, 264),
            (3, 263, 250, 264),
            (3, 250, 251, 264),
            (3, 251, 4, 264),
            (4, 5, 18, 265),
            (4, 18, 17, 265),
            (4, 17, 264, 265),
            (4, 264, 251, 265),
            (4, 251, 252, 265),
            (4, 252, 5, 265),
            (5, 6, 19, 266),
            (5, 19, 18, 266),
            (5, 18, 265, 266),
            (5, 265, 252, 266),
            (5, 252, 253, 266),
            (5, 253, 6, 266),
            (6, 7, 20, 267),
            (6, 20, 19, 267),
            (6, 19, 266, 267),
            (6, 266, 253, 267),
            (6, 253, 254, 267),
            (6, 254, 7, 267),
            (7, 8, 21, 268),
            (7, 21, 20, 268),
            (7, 20, 267, 268),
            (7, 267, 254, 268),
            (7, 254, 255, 268),
            (7, 255, 8, 268),
            (8, 9, 22, 269),
            (8, 22, 21, 269),
            (8, 21, 268, 269),
            (8, 268, 255, 269),
            (8, 255, 256, 269),
            (8, 256, 9, 269),
            (9, 10, 23, 270),
            (9, 23, 22, 270),
            (9, 22, 269, 270),
            (9, 269, 256, 270),
            (9, 256, 257, 270),
            (9, 257, 10, 270),
            (10, 11, 24, 271),
            (10, 24, 23, 271),
            (10, 23, 270, 271),
            (10, 270, 257, 271),
            (10, 257, 258, 271),
            (10, 258, 11, 271),
            (11, 12, 25, 272),
            (11, 25, 24, 272),
            (11, 24, 271, 272),
            (11, 271, 258, 272),
            (11, 258, 259, 272),
            (11, 259, 12, 272),
            (13, 14, 27, 274),
            (13, 27, 26, 274),
            (13, 26, 273, 274),
            (13, 273, 260, 274),
            (13, 260, 261, 274),
            (13, 261, 14, 274),
            (14, 15, 28, 275),
            (14, 28, 27, 275),
            (14, 27, 274, 275),
            (14, 274, 261, 275),
            (14, 261, 262, 275),
            (14, 262, 15, 275),
            (15, 16, 29, 276),
            (15, 29, 28, 276),
            (15, 28, 275, 276),
            (15, 275, 262, 276),
            (15, 262, 263, 276),
            (15, 263, 16, 276),
            (16, 17, 30, 277),
            (16, 30, 29, 277),
            (16, 29, 276, 277),
            (16, 276, 263, 277),
            (16, 263, 264, 277),
            (16, 264, 17, 277),
            (17, 18, 31, 278),
            (17, 31, 30, 278),
            (17, 30, 277, 278),
            (17, 277, 264, 278),
            (17, 264, 265, 278),
            (17, 265, 18, 278),
            (18, 19, 32, 279),
            (18, 32, 31, 279),
            (18, 31, 278, 279),
            (18, 278, 265, 279),
            (18, 265, 266, 279),
            (18, 266, 19, 279),
            (19, 20, 33, 280),
            (19, 33, 32, 280),
            (19, 32, 279, 280),
            (19, 279, 266, 280),
            (19, 266, 267, 280),
            (19, 267, 20, 280),
            (20, 21, 34, 281),
            (20, 34, 33, 281),
            (20, 33, 280, 281),
            (20, 280, 267, 281),
            (20, 267, 268, 281),
            (20, 268, 21, 281),
            (21, 22, 35, 282),
            (21, 35, 34, 282),
            (21, 34, 281, 282),
            (21, 281, 268, 282),
            (21, 268, 269, 282),
            (21, 269, 22, 282),
            (22, 23, 36, 283),
            (22, 36, 35, 283),
            (22, 35, 282, 283),
            (22, 282, 269, 283),
            (22, 269, 270, 283),
            (22, 270, 23, 283),
            (23, 24, 37, 284),
            (23, 37, 36, 284),
            (23, 36, 283, 284),
            (23, 283, 270, 284),
            (23, 270, 271, 284),
            (23, 271, 24, 284),
            (24, 25, 38, 285),
            (24, 38, 37, 285),
            (24, 37, 284, 285),
            (24, 284, 271, 285),
            (24, 271, 272, 285),
            (24, 272, 25, 285),
            (26, 27, 40, 287),
            (26, 40, 39, 287),
            (26, 39, 286, 287),
            (26, 286, 273, 287),
            (26, 273, 274, 287),
            (26, 274, 27, 287),
            (27, 28, 41, 288),
            (27, 41, 40, 288),
            (27, 40, 287, 288),
            (27, 287, 274, 288),
            (27, 274, 275, 288),
            (27, 275, 28, 288),
            (28, 29, 42, 289),
            (28, 42, 41, 289),
            (28, 41, 288, 289),
            (28, 288, 275, 289),
            (28, 275, 276, 289),
            (28, 276, 29, 289),
            (29, 30, 43, 290),
            (29, 43, 42, 290),
            (29, 42, 289, 290),
            (29, 289, 276, 290),
            (29, 276, 277, 290),
            (29, 277, 30, 290),
            (30, 31, 44, 291),
            (30, 44, 43, 291),
            (30, 43, 290, 291),
            (30, 290, 277, 291),
            (30, 277, 278, 291),
            (30, 278, 31, 291),
            (31, 32, 45, 292),
            (31, 45, 44, 292),
            (31, 44, 291, 292),
            (31, 291, 278, 292),
            (31, 278, 279, 292),
            (31, 279, 32, 292),
            (32, 33, 46, 293),
            (32, 46, 45, 293),
            (32, 45, 292, 293),
            (32, 292, 279, 293),
            (32, 279, 280, 293),
            (32, 280, 33, 293),
            (33, 34, 47, 294),
            (33, 47, 46, 294),
            (33, 46, 293, 294),
            (33, 293, 280, 294),
            (33, 280, 281, 294),
            (33, 281, 34, 294),
            (34, 35, 48, 295),
            (34, 48, 47, 295),
            (34, 47, 294, 295),
            (34, 294, 281, 295),
            (34, 281, 282, 295),
            (34, 282, 35, 295),
            (35, 36, 49, 296),
            (35, 49, 48, 296),
            (35, 48, 295, 296),
            (35, 295, 282, 296),
            (35, 282, 283, 296),
            (35, 283, 36, 296),
            (36, 37, 50, 297),
            (36, 50, 49, 297),
            (36, 49, 296, 297),
            (36, 296, 283, 297),
            (36, 283, 284, 297),
            (36, 284, 37, 297),
            (37, 38, 51, 298),
            (37, 51, 50, 298),
            (37, 50, 297, 298),
            (37, 297, 284, 298),
            (37, 284, 285, 298),
            (37, 285, 38, 298),
            (39, 40, 53, 300),
            (39, 53, 52, 300),
            (39, 52, 299, 300),
            (39, 299, 286, 300),
            (39, 286, 287, 300),
            (39, 287, 40, 300),
            (40, 41, 54, 301),
            (40, 54, 53, 301),
            (40, 53, 300, 301),
            (40, 300, 287, 301),
            (40, 287, 288, 301),
            (40, 288, 41, 301),
            (41, 42, 55, 302),
            (41, 55, 54, 302),
            (41, 54, 301, 302),
            (41, 301, 288, 302),
            (41, 288, 289, 302),
            (41, 289, 42, 302),
            (42, 43, 56, 303),
            (42, 56, 55, 303),
            (42, 55, 302, 303),
            (42, 302, 289, 303),
            (42, 289, 290, 303),
            (42, 290, 43, 303),
            (43, 44, 57, 304),
            (43, 57, 56, 304),
            (43, 56, 303, 304),
            (43, 303, 290, 304),
            (43, 290, 291, 304),
            (43, 291, 44, 304),
            (44, 45, 58, 305),
            (44, 58, 57, 305),
            (44, 57, 304, 305),
            (44, 304, 291, 305),
            (44, 291, 292, 305),
            (44, 292, 45, 305),
            (45, 46, 59, 306),
            (45, 59, 58, 306),
            (45, 58, 305, 306),
            (45, 305, 292, 306),
            (45, 292, 293, 306),
            (45, 293, 46, 306),
            (46, 47, 60, 307),
            (46, 60, 59, 307),
            (46, 59, 306, 307),
            (46, 306, 293, 307),
            (46, 293, 294, 307),
            (46, 294, 47, 307),
            (47, 48, 61, 308),
            (47, 61, 60, 308),
            (47, 60, 307, 308),
            (47, 307, 294, 308),
            (47, 294, 295, 308),
            (47, 295, 48, 308),
            (48, 49, 62, 309),
            (48, 62, 61, 309),
            (48, 61, 308, 309),
            (48, 308, 295, 309),
            (48, 295, 296, 309),
            (48, 296, 49, 309),
            (49, 50, 63, 310),
            (49, 63, 62, 310),
            (49, 62, 309, 310),
            (49, 309, 296, 310),
            (49, 296, 297, 310),
            (49, 297, 50, 310),
            (50, 51, 64, 311),
            (50, 64, 63, 311),
            (50, 63, 310, 311),
            (50, 310, 297, 311),
            (50, 297, 298, 311),
            (50, 298, 51, 311),
            (52, 53, 66, 313),
            (52, 66, 65, 313),
            (52, 65, 312, 313),
            (52, 312, 299, 313),
            (52, 299, 300, 313),
            (52, 300, 53, 313),
            (53, 54, 67, 314),
            (53, 67, 66, 314),
            (53, 66, 313, 314),
            (53, 313, 300, 314),
            (53, 300, 301, 314),
            (53, 301, 54, 314),
            (54, 55, 68, 315),
            (54, 68, 67, 315),
            (54, 67, 314, 315),
            (54, 314, 301, 315),
            (54, 301, 302, 315),
            (54, 302, 55, 315),
            (55, 56, 69, 316),
            (55, 69, 68, 316),
            (55, 68, 315, 316),
            (55, 315, 302, 316),
            (55, 302, 303, 316),
            (55, 303, 56, 316),
            (56, 57, 70, 317),
            (56, 70, 69, 317),
            (56, 69, 316, 317),
            (56, 316, 303, 317),
            (56, 303, 304, 317),
            (56, 304, 57, 317),
            (57, 58, 71, 318),
            (57, 71, 70, 318),
            (57, 70, 317, 318),
            (57, 317, 304, 318),
            (57, 304, 305, 318),
            (57, 305, 58, 318),
            (58, 59, 72, 319),
            (58, 72, 71, 319),
            (58, 71, 318, 319),
            (58, 318, 305, 319),
            (58, 305, 306, 319),
            (58, 306, 59, 319),
            (59, 60, 73, 320),
            (59, 73, 72, 320),
            (59, 72, 319, 320),
            (59, 319, 306, 320),
            (59, 306, 307, 320),
            (59, 307, 60, 320),
            (60, 61, 74, 321),
            (60, 74, 73, 321),
            (60, 73, 320, 321),
            (60, 320, 307, 321),
            (60, 307, 308, 321),
            (60, 308, 61, 321),
            (61, 62, 75, 322),
            (61, 75, 74, 322),
            (61, 74, 321, 322),
            (61, 321, 308, 322),
            (61, 308, 309, 322),
            (61, 309, 62, 322),
            (62, 63, 76, 323),
            (62, 76, 75, 323),
            (62, 75, 322, 323),
            (62, 322, 309, 323),
            (62, 309, 310, 323),
            (62, 310, 63, 323),
            (63, 64, 77, 324),
            (63, 77, 76, 324),
            (63, 76, 323, 324),
            (63, 323, 310, 324),
            (63, 310, 311, 324),
            (63, 311, 64, 324),
            (65, 66, 79, 326),
            (65, 79, 78, 326),
            (65, 78, 325, 326),
            (65, 325, 312, 326),
            (65, 312, 313, 326),
            (65, 313, 66, 326),
            (66, 67, 80, 327),
            (66, 80, 79, 327),
            (66, 79, 326, 327),
            (66, 326, 313, 327),
            (66, 313, 314, 327),
            (66, 314, 67, 327),
            (67, 68, 81, 328),
            (67, 81, 80, 328),
            (67, 80, 327, 328),
            (67, 327, 314, 328),
            (67, 314, 315, 328),
            (67, 315, 68, 328),
            (68, 69, 82, 329),
            (68, 82, 81, 329),
            (68, 81, 328, 329),
            (68, 328, 315, 329),
            (68, 315, 316, 329),
            (68, 316, 69, 329),
            (69, 70, 83, 330),
            (69, 83, 82, 330),
            (69, 82, 329, 330),
            (69, 329, 316, 330),
            (69, 316, 317, 330),
            (69, 317, 70, 330),
            (70, 71, 84, 331),
            (70, 84, 83, 331),
            (70, 83, 330, 331),
            (70, 330, 317, 331),
            (70, 317, 318, 331),
            (70, 318, 71, 331),
            (71, 72, 85, 332),
            (71, 85, 84, 332),
            (71, 84, 331, 332),
            (71, 331, 318, 332),
            (71, 318, 319, 332),
            (71, 319, 72, 332),
            (72, 73, 86, 333),
            (72, 86, 85, 333),
            (72, 85, 332, 333),
            (72, 332, 319, 333),
            (72, 319, 320, 333),
            (72, 320, 73, 333),
            (73, 74, 87, 334),
            (73, 87, 86, 334),
            (73, 86, 333, 334),
            (73, 333, 320, 334),
            (73, 320, 321, 334),
            (73, 321, 74, 334),
            (74, 75, 88, 335),
            (74, 88, 87, 335),
            (74, 87, 334, 335),
            (74, 334, 321, 335),
            (74, 321, 322, 335),
            (74, 322, 75, 335),
            (75, 76, 89, 336),
            (75, 89, 88, 336),
            (75, 88, 335, 336),
            (75, 335, 322, 336),
            (75, 322, 323, 336),
            (75, 323, 76, 336),
            (76, 77, 90, 337),
            (76, 90, 89, 337),
            (76, 89, 336, 337),
            (76, 336, 323, 337),
            (76, 323, 324, 337),
            (76, 324, 77, 337),
            (78, 79, 92, 339),
            (78, 92, 91, 339),
            (78, 91, 338, 339),
            (78, 338, 325, 339),
            (78, 325, 326, 339),
            (78, 326, 79, 339),
            (79, 80, 93, 340),
            (79, 93, 92, 340),
            (79, 92, 339, 340),
            (79, 339, 326, 340),
            (79, 326, 327, 340),
            (79, 327, 80, 340),
            (80, 81, 94, 341),
            (80, 94, 93, 341),
            (80, 93, 340, 341),
            (80, 340, 327, 341),
            (80, 327, 328, 341),
            (80, 328, 81, 341),
            (81, 82, 95, 342),
            (81, 95, 94, 342),
            (81, 94, 341, 342),
            (81, 341, 328, 342),
            (81, 328, 329, 342),
            (81, 329, 82, 342),
            (82, 83, 96, 343),
            (82, 96, 95, 343),
            (82, 95, 342, 343),
            (82, 342, 329, 343),
            (82, 329, 330, 343),
            (82, 330, 83, 343),
            (83, 84, 97, 344),
            (83, 97, 96, 344),
            (83, 96, 343, 344),
            (83, 343, 330, 344),
            (83, 330, 331, 344),
            (83, 331, 84, 344),
            (84, 85, 98, 345),
            (84, 98, 97, 345),
            (84, 97, 344, 345),
            (84, 344, 331, 345),
            (84, 331, 332, 345),
            (84, 332, 85, 345),
            (85, 86, 99, 346),
            (85, 99, 98, 346),
            (85, 98, 345, 346),
            (85, 345, 332, 346),
            (85, 332, 333, 346),
            (85, 333, 86, 346),
            (86, 87, 100, 347),
            (86, 100, 99, 347),
            (86, 99, 346, 347),
            (86, 346, 333, 347),
            (86, 333, 334, 347),
            (86, 334, 87, 347),
            (87, 88, 101, 348),
            (87, 101, 100, 348),
            (87, 100, 347, 348),
            (87, 347, 334, 348),
            (87, 334, 335, 348),
            (87, 335, 88, 348),
            (88, 89, 102, 349),
            (88, 102, 101, 349),
            (88, 101, 348, 349),
            (88, 348, 335, 349),
            (88, 335, 336, 349),
            (88, 336, 89, 349),
            (89, 90, 103, 350),
            (89, 103, 102, 350),
            (89, 102, 349, 350),
            (89, 349, 336, 350),
            (89, 336, 337, 350),
            (89, 337, 90, 350),
            (91, 92, 105, 352),
            (91, 105, 104, 352),
            (91, 104, 351, 352),
            (91, 351, 338, 352),
            (91, 338, 339, 352),
            (91, 339, 92, 352),
            (92, 93, 106, 353),
            (92, 106, 105, 353),
            (92, 105, 352, 353),
            (92, 352, 339, 353),
            (92, 339, 340, 353),
            (92, 340, 93, 353),
            (93, 94, 107, 354),
            (93, 107, 106, 354),
            (93, 106, 353, 354),
            (93, 353, 340, 354),
            (93, 340, 341, 354),
            (93, 341, 94, 354),
            (94, 95, 108, 355),
            (94, 108, 107, 355),
            (94, 107, 354, 355),
            (94, 354, 341, 355),
            (94, 341, 342, 355),
            (94, 342, 95, 355),
            (95, 96, 109, 356),
            (95, 109, 108, 356),
            (95, 108, 355, 356),
            (95, 355, 342, 356),
            (95, 342, 343, 356),
            (95, 343, 96, 356),
            (96, 97, 110, 357),
            (96, 110, 109, 357),
            (96, 109, 356, 357),
            (96, 356, 343, 357),
            (96, 343, 344, 357),
            (96, 344, 97, 357),
            (97, 98, 111, 358),
            (97, 111, 110, 358),
            (97, 110, 357, 358),
            (97, 357, 344, 358),
            (97, 344, 345, 358),
            (97, 345, 98, 358),
            (98, 99, 112, 359),
            (98, 112, 111, 359),
            (98, 111, 358, 359),
            (98, 358, 345, 359),
            (98, 345, 346, 359),
            (98, 346, 99, 359),
            (99, 100, 113, 360),
            (99, 113, 112, 360),
            (99, 112, 359, 360),
            (99, 359, 346, 360),
            (99, 346, 347, 360),
            (99, 347, 100, 360),
            (100, 101, 114, 361),
            (100, 114, 113, 361),
            (100, 113, 360, 361),
            (100, 360, 347, 361),
            (100, 347, 348, 361),
            (100, 348, 101, 361),
            (101, 102, 115, 362),
            (101, 115, 114, 362),
            (101, 114, 361, 362),
            (101, 361, 348, 362),
            (101, 348, 349, 362),
            (101, 349, 102, 362),
            (102, 103, 116, 363),
            (102, 116, 115, 363),
            (102, 115, 362, 363),
            (102, 362, 349, 363),
            (102, 349, 350, 363),
            (102, 350, 103, 363),
            (104, 105, 118, 365),
            (104, 118, 117, 365),
            (104, 117, 364, 365),
            (104, 364, 351, 365),
            (104, 351, 352, 365),
            (104, 352, 105, 365),
            (105, 106, 119, 366),
            (105, 119, 118, 366),
            (105, 118, 365, 366),
            (105, 365, 352, 366),
            (105, 352, 353, 366),
            (105, 353, 106, 366),
            (106, 107, 120, 367),
            (106, 120, 119, 367),
            (106, 119, 366, 367),
            (106, 366, 353, 367),
            (106, 353, 354, 367),
            (106, 354, 107, 367),
            (107, 108, 121, 368),
            (107, 121, 120, 368),
            (107, 120, 367, 368),
            (107, 367, 354, 368),
            (107, 354, 355, 368),
            (107, 355, 108, 368),
            (108, 109, 122, 369),
            (108, 122, 121, 369),
            (108, 121, 368, 369),
            (108, 368, 355, 369),
            (108, 355, 356, 369),
            (108, 356, 109, 369),
            (109, 110, 123, 370),
            (109, 123, 122, 370),
            (109, 122, 369, 370),
            (109, 369, 356, 370),
            (109, 356, 357, 370),
            (109, 357, 110, 370),
            (110, 111, 124, 371),
            (110, 124, 123, 371),
            (110, 123, 370, 371),
            (110, 370, 357, 371),
            (110, 357, 358, 371),
            (110, 358, 111, 371),
            (111, 112, 125, 372),
            (111, 125, 124, 372),
            (111, 124, 371, 372),
            (111, 371, 358, 372),
            (111, 358, 359, 372),
            (111, 359, 112, 372),
            (112, 113, 126, 373),
            (112, 126, 125, 373),
            (112, 125, 372, 373),
            (112, 372, 359, 373),
            (112, 359, 360, 373),
            (112, 360, 113, 373),
            (113, 114, 127, 374),
            (113, 127, 126, 374),
            (113, 126, 373, 374),
            (113, 373, 360, 374),
            (113, 360, 361, 374),
            (113, 361, 114, 374),
            (114, 115, 128, 375),
            (114, 128, 127, 375),
            (114, 127, 374, 375),
            (114, 374, 361, 375),
            (114, 361, 362, 375),
            (114, 362, 115, 375),
            (115, 116, 129, 376),
            (115, 129, 128, 376),
            (115, 128, 375, 376),
            (115, 375, 362, 376),
            (115, 362, 363, 376),
            (115, 363, 116, 376),
            (117, 118, 131, 378),
            (117, 131, 130, 378),
            (117, 130, 377, 378),
            (117, 377, 364, 378),
            (117, 364, 365, 378),
            (117, 365, 118, 378),
            (118, 119, 132, 379),
            (118, 132, 131, 379),
            (118, 131, 378, 379),
            (118, 378, 365, 379),
            (118, 365, 366, 379),
            (118, 366, 119, 379),
            (119, 120, 133, 380),
            (119, 133, 132, 380),
            (119, 132, 379, 380),
            (119, 379, 366, 380),
            (119, 366, 367, 380),
            (119, 367, 120, 380),
            (120, 121, 134, 381),
            (120, 134, 133, 381),
            (120, 133, 380, 381),
            (120, 380, 367, 381),
            (120, 367, 368, 381),
            (120, 368, 121, 381),
            (121, 122, 135, 382),
            (121, 135, 134, 382),
            (121, 134, 381, 382),
            (121, 381, 368, 382),
            (121, 368, 369, 382),
            (121, 369, 122, 382),
            (122, 123, 136, 383),
            (122, 136, 135, 383),
            (122, 135, 382, 383),
            (122, 382, 369, 383),
            (122, 369, 370, 383),
            (122, 370, 123, 383),
            (123, 124, 137, 384),
            (123, 137, 136, 384),
            (123, 136, 383, 384),
            (123, 383, 370, 384),
            (123, 370, 371, 384),
            (123, 371, 124, 384),
            (124, 125, 138, 385),
            (124, 138, 137, 385),
            (124, 137, 384, 385),
            (124, 384, 371, 385),
            (124, 371, 372, 385),
            (124, 372, 125, 385),
            (125, 126, 139, 386),
            (125, 139, 138, 386),
            (125, 138, 385, 386),
            (125, 385, 372, 386),
            (125, 372, 373, 386),
            (125, 373, 126, 386),
            (126, 127, 140, 387),
            (126, 140, 139, 387),
            (126, 139, 386, 387),
            (126, 386, 373, 387),
            (126, 373, 374, 387),
            (126, 374, 127, 387),
            (127, 128, 141, 388),
            (127, 141, 140, 388),
            (127, 140, 387, 388),
            (127, 387, 374, 388),
            (127, 374, 375, 388),
            (127, 375, 128, 388),
            (128, 129, 142, 389),
            (128, 142, 141, 389),
            (128, 141, 388, 389),
            (128, 388, 375, 389),
            (128, 375, 376, 389),
            (128, 376, 129, 389),
            (130, 131, 144, 391),
            (130, 144, 143, 391),
            (130, 143, 390, 391),
            (130, 390, 377, 391),
            (130, 377, 378, 391),
            (130, 378, 131, 391),
            (131, 132, 145, 392),
            (131, 145, 144, 392),
            (131, 144, 391, 392),
            (131, 391, 378, 392),
            (131, 378, 379, 392),
            (131, 379, 132, 392),
            (132, 133, 146, 393),
            (132, 146, 145, 393),
            (132, 145, 392, 393),
            (132, 392, 379, 393),
            (132, 379, 380, 393),
            (132, 380, 133, 393),
            (133, 134, 147, 394),
            (133, 147, 146, 394),
            (133, 146, 393, 394),
            (133, 393, 380, 394),
            (133, 380, 381, 394),
            (133, 381, 134, 394),
            (134, 135, 148, 395),
            (134, 148, 147, 395),
            (134, 147, 394, 395),
            (134, 394, 381, 395),
            (134, 381, 382, 395),
            (134, 382, 135, 395),
            (135, 136, 149, 396),
            (135, 149, 148, 396),
            (135, 148, 395, 396),
            (135, 395, 382, 396),
            (135, 382, 383, 396),
            (135, 383, 136, 396),
            (136, 137, 150, 397),
            (136, 150, 149, 397),
            (136, 149, 396, 397),
            (136, 396, 383, 397),
            (136, 383, 384, 397),
            (136, 384, 137, 397),
            (137, 138, 151, 398),
            (137, 151, 150, 398),
            (137, 150, 397, 398),
            (137, 397, 384, 398),
            (137, 384, 385, 398),
            (137, 385, 138, 398),
            (138, 139, 152, 399),
            (138, 152, 151, 399),
            (138, 151, 398, 399),
            (138, 398, 385, 399),
            (138, 385, 386, 399),
            (138, 386, 139, 399),
            (139, 140, 153, 400),
            (139, 153, 152, 400),
            (139, 152, 399, 400),
            (139, 399, 386, 400),
            (139, 386, 387, 400),
            (139, 387, 140, 400),
            (140, 141, 154, 401),
            (140, 154, 153, 401),
            (140, 153, 400, 401),
            (140, 400, 387, 401),
            (140, 387, 388, 401),
            (140, 388, 141, 401),
            (141, 142, 155, 402),
            (141, 155, 154, 402),
            (141, 154, 401, 402),
            (141, 401, 388, 402),
            (141, 388, 389, 402),
            (141, 389, 142, 402),
            (143, 144, 157, 404),
            (143, 157, 156, 404),
            (143, 156, 403, 404),
            (143, 403, 390, 404),
            (143, 390, 391, 404),
            (143, 391, 144, 404),
            (144, 145, 158, 405),
            (144, 158, 157, 405),
            (144, 157, 404, 405),
            (144, 404, 391, 405),
            (144, 391, 392, 405),
            (144, 392, 145, 405),
            (145, 146, 159, 406),
            (145, 159, 158, 406),
            (145, 158, 405, 406),
            (145, 405, 392, 406),
            (145, 392, 393, 406),
            (145, 393, 146, 406),
            (146, 147, 160, 407),
            (146, 160, 159, 407),
            (146, 159, 406, 407),
            (146, 406, 393, 407),
            (146, 393, 394, 407),
            (146, 394, 147, 407),
            (147, 148, 161, 408),
            (147, 161, 160, 408),
            (147, 160, 407, 408),
            (147, 407, 394, 408),
            (147, 394, 395, 408),
            (147, 395, 148, 408),
            (148, 149, 162, 409),
            (148, 162, 161, 409),
            (148, 161, 408, 409),
            (148, 408, 395, 409),
            (148, 395, 396, 409),
            (148, 396, 149, 409),
            (149, 150, 163, 410),
            (149, 163, 162, 410),
            (149, 162, 409, 410),
            (149, 409, 396, 410),
            (149, 396, 397, 410),
            (149, 397, 150, 410),
            (150, 151, 164, 411),
            (150, 164, 163, 411),
            (150, 163, 410, 411),
            (150, 410, 397, 411),
            (150, 397, 398, 411),
            (150, 398, 151, 411),
            (151, 152, 165, 412),
            (151, 165, 164, 412),
            (151, 164, 411, 412),
            (151, 411, 398, 412),
            (151, 398, 399, 412),
            (151, 399, 152, 412),
            (152, 153, 166, 413),
            (152, 166, 165, 413),
            (152, 165, 412, 413),
            (152, 412, 399, 413),
            (152, 399, 400, 413),
            (152, 400, 153, 413),
            (153, 154, 167, 414),
            (153, 167, 166, 414),
            (153, 166, 413, 414),
            (153, 413, 400, 414),
            (153, 400, 401, 414),
            (153, 401, 154, 414),
            (154, 155, 168, 415),
            (154, 168, 167, 415),
            (154, 167, 414, 415),
            (154, 414, 401, 415),
            (154, 401, 402, 415),
            (154, 402, 155, 415),
            (156, 157, 170, 417),
            (156, 170, 169, 417),
            (156, 169, 416, 417),
            (156, 416, 403, 417),
            (156, 403, 404, 417),
            (156, 404, 157, 417),
            (157, 158, 171, 418),
            (157, 171, 170, 418),
            (157, 170, 417, 418),
            (157, 417, 404, 418),
            (157, 404, 405, 418),
            (157, 405, 158, 418),
            (158, 159, 172, 419),
            (158, 172, 171, 419),
            (158, 171, 418, 419),
            (158, 418, 405, 419),
            (158, 405, 406, 419),
            (158, 406, 159, 419),
            (159, 160, 173, 420),
            (159, 173, 172, 420),
            (159, 172, 419, 420),
            (159, 419, 406, 420),
            (159, 406, 407, 420),
            (159, 407, 160, 420),
            (160, 161, 174, 421),
            (160, 174, 173, 421),
            (160, 173, 420, 421),
            (160, 420, 407, 421),
            (160, 407, 408, 421),
            (160, 408, 161, 421),
            (161, 162, 175, 422),
            (161, 175, 174, 422),
            (161, 174, 421, 422),
            (161, 421, 408, 422),
            (161, 408, 409, 422),
            (161, 409, 162, 422),
            (162, 163, 176, 423),
            (162, 176, 175, 423),
            (162, 175, 422, 423),
            (162, 422, 409, 423),
            (162, 409, 410, 423),
            (162, 410, 163, 423),
            (163, 164, 177, 424),
            (163, 177, 176, 424),
            (163, 176, 423, 424),
            (163, 423, 410, 424),
            (163, 410, 411, 424),
            (163, 411, 164, 424),
            (164, 165, 178, 425),
            (164, 178, 177, 425),
            (164, 177, 424, 425),
            (164, 424, 411, 425),
            (164, 411, 412, 425),
            (164, 412, 165, 425),
            (165, 166, 179, 426),
            (165, 179, 178, 426),
            (165, 178, 425, 426),
            (165, 425, 412, 426),
            (165, 412, 413, 426),
            (165, 413, 166, 426),
            (166, 167, 180, 427),
            (166, 180, 179, 427),
            (166, 179, 426, 427),
            (166, 426, 413, 427),
            (166, 413, 414, 427),
            (166, 414, 167, 427),
            (167, 168, 181, 428),
            (167, 181, 180, 428),
            (167, 180, 427, 428),
            (167, 427, 414, 428),
            (167, 414, 415, 428),
            (167, 415, 168, 428),
            (169, 170, 183, 430),
            (169, 183, 182, 430),
            (169, 182, 429, 430),
            (169, 429, 416, 430),
            (169, 416, 417, 430),
            (169, 417, 170, 430),
            (170, 171, 184, 431),
            (170, 184, 183, 431),
            (170, 183, 430, 431),
            (170, 430, 417, 431),
            (170, 417, 418, 431),
            (170, 418, 171, 431),
            (171, 172, 185, 432),
            (171, 185, 184, 432),
            (171, 184, 431, 432),
            (171, 431, 418, 432),
            (171, 418, 419, 432),
            (171, 419, 172, 432),
            (172, 173, 186, 433),
            (172, 186, 185, 433),
            (172, 185, 432, 433),
            (172, 432, 419, 433),
            (172, 419, 420, 433),
            (172, 420, 173, 433),
            (173, 174, 187, 434),
            (173, 187, 186, 434),
            (173, 186, 433, 434),
            (173, 433, 420, 434),
            (173, 420, 421, 434),
            (173, 421, 174, 434),
            (174, 175, 188, 435),
            (174, 188, 187, 435),
            (174, 187, 434, 435),
            (174, 434, 421, 435),
            (174, 421, 422, 435),
            (174, 422, 175, 435),
            (175, 176, 189, 436),
            (175, 189, 188, 436),
            (175, 188, 435, 436),
            (175, 435, 422, 436),
            (175, 422, 423, 436),
            (175, 423, 176, 436),
            (176, 177, 190, 437),
            (176, 190, 189, 437),
            (176, 189, 436, 437),
            (176, 436, 423, 437),
            (176, 423, 424, 437),
            (176, 424, 177, 437),
            (177, 178, 191, 438),
            (177, 191, 190, 438),
            (177, 190, 437, 438),
            (177, 437, 424, 438),
            (177, 424, 425, 438),
            (177, 425, 178, 438),
            (178, 179, 192, 439),
            (178, 192, 191, 439),
            (178, 191, 438, 439),
            (178, 438, 425, 439),
            (178, 425, 426, 439),
            (178, 426, 179, 439),
            (179, 180, 193, 440),
            (179, 193, 192, 440),
            (179, 192, 439, 440),
            (179, 439, 426, 440),
            (179, 426, 427, 440),
            (179, 427, 180, 440),
            (180, 181, 194, 441),
            (180, 194, 193, 441),
            (180, 193, 440, 441),
            (180, 440, 427, 441),
            (180, 427, 428, 441),
            (180, 428, 181, 441),
            (182, 183, 196, 443),
            (182, 196, 195, 443),
            (182, 195, 442, 443),
            (182, 442, 429, 443),
            (182, 429, 430, 443),
            (182, 430, 183, 443),
            (183, 184, 197, 444),
            (183, 197, 196, 444),
            (183, 196, 443, 444),
            (183, 443, 430, 444),
            (183, 430, 431, 444),
            (183, 431, 184, 444),
            (184, 185, 198, 445),
            (184, 198, 197, 445),
            (184, 197, 444, 445),
            (184, 444, 431, 445),
            (184, 431, 432, 445),
            (184, 432, 185, 445),
            (185, 186, 199, 446),
            (185, 199, 198, 446),
            (185, 198, 445, 446),
            (185, 445, 432, 446),
            (185, 432, 433, 446),
            (185, 433, 186, 446),
            (186, 187, 200, 447),
            (186, 200, 199, 447),
            (186, 199, 446, 447),
            (186, 446, 433, 447),
            (186, 433, 434, 447),
            (186, 434, 187, 447),
            (187, 188, 201, 448),
            (187, 201, 200, 448),
            (187, 200, 447, 448),
            (187, 447, 434, 448),
            (187, 434, 435, 448),
            (187, 435, 188, 448),
            (188, 189, 202, 449),
            (188, 202, 201, 449),
            (188, 201, 448, 449),
            (188, 448, 435, 449),
            (188, 435, 436, 449),
            (188, 436, 189, 449),
            (189, 190, 203, 450),
            (189, 203, 202, 450),
            (189, 202, 449, 450),
            (189, 449, 436, 450),
            (189, 436, 437, 450),
            (189, 437, 190, 450),
            (190, 191, 204, 451),
            (190, 204, 203, 451),
            (190, 203, 450, 451),
            (190, 450, 437, 451),
            (190, 437, 438, 451),
            (190, 438, 191, 451),
            (191, 192, 205, 452),
            (191, 205, 204, 452),
            (191, 204, 451, 452),
            (191, 451, 438, 452),
            (191, 438, 439, 452),
            (191, 439, 192, 452),
            (192, 193, 206, 453),
            (192, 206, 205, 453),
            (192, 205, 452, 453),
            (192, 452, 439, 453),
            (192, 439, 440, 453),
            (192, 440, 193, 453),
            (193, 194, 207, 454),
            (193, 207, 206, 454),
            (193, 206, 453, 454),
            (193, 453, 440, 454),
            (193, 440, 441, 454),
            (193, 441, 194, 454),
            (195, 196, 209, 456),
            (195, 209, 208, 456),
            (195, 208, 455, 456),
            (195, 455, 442, 456),
            (195, 442, 443, 456),
            (195, 443, 196, 456),
            (196, 197, 210, 457),
            (196, 210, 209, 457),
            (196, 209, 456, 457),
            (196, 456, 443, 457),
            (196, 443, 444, 457),
            (196, 444, 197, 457),
            (197, 198, 211, 458),
            (197, 211, 210, 458),
            (197, 210, 457, 458),
            (197, 457, 444, 458),
            (197, 444, 445, 458),
            (197, 445, 198, 458),
            (198, 199, 212, 459),
            (198, 212, 211, 459),
            (198, 211, 458, 459),
            (198, 458, 445, 459),
            (198, 445, 446, 459),
            (198, 446, 199, 459),
            (199, 200, 213, 460),
            (199, 213, 212, 460),
            (199, 212, 459, 460),
            (199, 459, 446, 460),
            (199, 446, 447, 460),
            (199, 447, 200, 460),
            (200, 201, 214, 461),
            (200, 214, 213, 461),
            (200, 213, 460, 461),
            (200, 460, 447, 461),
            (200, 447, 448, 461),
            (200, 448, 201, 461),
            (201, 202, 215, 462),
            (201, 215, 214, 462),
            (201, 214, 461, 462),
            (201, 461, 448, 462),
            (201, 448, 449, 462),
            (201, 449, 202, 462),
            (202, 203, 216, 463),
            (202, 216, 215, 463),
            (202, 215, 462, 463),
            (202, 462, 449, 463),
            (202, 449, 450, 463),
            (202, 450, 203, 463),
            (203, 204, 217, 464),
            (203, 217, 216, 464),
            (203, 216, 463, 464),
            (203, 463, 450, 464),
            (203, 450, 451, 464),
            (203, 451, 204, 464),
            (204, 205, 218, 465),
            (204, 218, 217, 465),
            (204, 217, 464, 465),
            (204, 464, 451, 465),
            (204, 451, 452, 465),
            (204, 452, 205, 465),
            (205, 206, 219, 466),
            (205, 219, 218, 466),
            (205, 218, 465, 466),
            (205, 465, 452, 466),
            (205, 452, 453, 466),
            (205, 453, 206, 466),
            (206, 207, 220, 467),
            (206, 220, 219, 467),
            (206, 219, 466, 467),
            (206, 466, 453, 467),
            (206, 453, 454, 467),
            (206, 454, 207, 467),
            (208, 209, 222, 469),
            (208, 222, 221, 469),
            (208, 221, 468, 469),
            (208, 468, 455, 469),
            (208, 455, 456, 469),
            (208, 456, 209, 469),
            (209, 210, 223, 470),
            (209, 223, 222, 470),
            (209, 222, 469, 470),
            (209, 469, 456, 470),
            (209, 456, 457, 470),
            (209, 457, 210, 470),
            (210, 211, 224, 471),
            (210, 224, 223, 471),
            (210, 223, 470, 471),
            (210, 470, 457, 471),
            (210, 457, 458, 471),
            (210, 458, 211, 471),
            (211, 212, 225, 472),
            (211, 225, 224, 472),
            (211, 224, 471, 472),
            (211, 471, 458, 472),
            (211, 458, 459, 472),
            (211, 459, 212, 472),
            (212, 213, 226, 473),
            (212, 226, 225, 473),
            (212, 225, 472, 473),
            (212, 472, 459, 473),
            (212, 459, 460, 473),
            (212, 460, 213, 473),
            (213, 214, 227, 474),
            (213, 227, 226, 474),
            (213, 226, 473, 474),
            (213, 473, 460, 474),
            (213, 460, 461, 474),
            (213, 461, 214, 474),
            (214, 215, 228, 475),
            (214, 228, 227, 475),
            (214, 227, 474, 475),
            (214, 474, 461, 475),
            (214, 461, 462, 475),
            (214, 462, 215, 475),
            (215, 216, 229, 476),
            (215, 229, 228, 476),
            (215, 228, 475, 476),
            (215, 475, 462, 476),
            (215, 462, 463, 476),
            (215, 463, 216, 476),
            (216, 217, 230, 477),
            (216, 230, 229, 477),
            (216, 229, 476, 477),
            (216, 476, 463, 477),
            (216, 463, 464, 477),
            (216, 464, 217, 477),
            (217, 218, 231, 478),
            (217, 231, 230, 478),
            (217, 230, 477, 478),
            (217, 477, 464, 478),
            (217, 464, 465, 478),
            (217, 465, 218, 478),
            (218, 219, 232, 479),
            (218, 232, 231, 479),
            (218, 231, 478, 479),
            (218, 478, 465, 479),
            (218, 465, 466, 479),
            (218, 466, 219, 479),
            (219, 220, 233, 480),
            (219, 233, 232, 480),
            (219, 232, 479, 480),
            (219, 479, 466, 480),
            (219, 466, 467, 480),
            (219, 467, 220, 480),
            (221, 222, 235, 482),
            (221, 235, 234, 482),
            (221, 234, 481, 482),
            (221, 481, 468, 482),
            (221, 468, 469, 482),
            (221, 469, 222, 482),
            (222, 223, 236, 483),
            (222, 236, 235, 483),
            (222, 235, 482, 483),
            (222, 482, 469, 483),
            (222, 469, 470, 483),
            (222, 470, 223, 483),
            (223, 224, 237, 484),
            (223, 237, 236, 484),
            (223, 236, 483, 484),
            (223, 483, 470, 484),
            (223, 470, 471, 484),
            (223, 471, 224, 484),
            (224, 225, 238, 485),
            (224, 238, 237, 485),
            (224, 237, 484, 485),
            (224, 484, 471, 485),
            (224, 471, 472, 485),
            (224, 472, 225, 485),
            (225, 226, 239, 486),
            (225, 239, 238, 486),
            (225, 238, 485, 486),
            (225, 485, 472, 486),
            (225, 472, 473, 486),
            (225, 473, 226, 486),
            (226, 227, 240, 487),
            (226, 240, 239, 487),
            (226, 239, 486, 487),
            (226, 486, 473, 487),
            (226, 473, 474, 487),
            (226, 474, 227, 487),
            (227, 228, 241, 488),
            (227, 241, 240, 488),
            (227, 240, 487, 488),
            (227, 487, 474, 488),
            (227, 474, 475, 488),
            (227, 475, 228, 488),
            (228, 229, 242, 489),
            (228, 242, 241, 489),
            (228, 241, 488, 489),
            (228, 488, 475, 489),
            (228, 475, 476, 489),
            (228, 476, 229, 489),
            (229, 230, 243, 490),
            (229, 243, 242, 490),
            (229, 242, 489, 490),
            (229, 489, 476, 490),
            (229, 476, 477, 490),
            (229, 477, 230, 490),
            (230, 231, 244, 491),
            (230, 244, 243, 491),
            (230, 243, 490, 491),
            (230, 490, 477, 491),
            (230, 477, 478, 491),
            (230, 478, 231, 491),
            (231, 232, 245, 492),
            (231, 245, 244, 492),
            (231, 244, 491, 492),
            (231, 491, 478, 492),
            (231, 478, 479, 492),
            (231, 479, 232, 492),
            (232, 233, 246, 493),
            (232, 246, 245, 493),
            (232, 245, 492, 493),
            (232, 492, 479, 493),
            (232, 479, 480, 493),
            (232, 480, 233, 493),
            (247, 248, 261, 508),
            (247, 261, 260, 508),
            (247, 260, 507, 508),
            (247, 507, 494, 508),
            (247, 494, 495, 508),
            (247, 495, 248, 508),
            (248, 249, 262, 509),
            (248, 262, 261, 509),
            (248, 261, 508, 509),
            (248, 508, 495, 509),
            (248, 495, 496, 509),
            (248, 496, 249, 509),
            (249, 250, 263, 510),
            (249, 263, 262, 510),
            (249, 262, 509, 510),
            (249, 509, 496, 510),
            (249, 496, 497, 510),
            (249, 497, 250, 510),
            (250, 251, 264, 511),
            (250, 264, 263, 511),
            (250, 263, 510, 511),
            (250, 510, 497, 511),
            (250, 497, 498, 511),
            (250, 498, 251, 511),
            (251, 252, 265, 512),
            (251, 265, 264, 512),
            (251, 264, 511, 512),
            (251, 511, 498, 512),
            (251, 498, 499, 512),
            (251, 499, 252, 512),
            (252, 253, 266, 513),
            (252, 266, 265, 513),
            (252, 265, 512, 513),
            (252, 512, 499, 513),
            (252, 499, 500, 513),
            (252, 500, 253, 513),
            (253, 254, 267, 514),
            (253, 267, 266, 514),
            (253, 266, 513, 514),
            (253, 513, 500, 514),
            (253, 500, 501, 514),
            (253, 501, 254, 514),
            (254, 255, 268, 515),
            (254, 268, 267, 515),
            (254, 267, 514, 515),
            (254, 514, 501, 515),
            (254, 501, 502, 515),
            (254, 502, 255, 515),
            (255, 256, 269, 516),
            (255, 269, 268, 516),
            (255, 268, 515, 516),
            (255, 515, 502, 516),
            (255, 502, 503, 516),
            (255, 503, 256, 516),
            (256, 257, 270, 517),
            (256, 270, 269, 517),
            (256, 269, 516, 517),
            (256, 516, 503, 517),
            (256, 503, 504, 517),
            (256, 504, 257, 517),
            (257, 258, 271, 518),
            (257, 271, 270, 518),
            (257, 270, 517, 518),
            (257, 517, 504, 518),
            (257, 504, 505, 518),
            (257, 505, 258, 518),
            (258, 259, 272, 519),
            (258, 272, 271, 519),
            (258, 271, 518, 519),
            (258, 518, 505, 519),
            (258, 505, 506, 519),
            (258, 506, 259, 519),
            (260, 261, 274, 521),
            (260, 274, 273, 521),
            (260, 273, 520, 521),
            (260, 520, 507, 521),
            (260, 507, 508, 521),
            (260, 508, 261, 521),
            (261, 262, 275, 522),
            (261, 275, 274, 522),
            (261, 274, 521, 522),
            (261, 521, 508, 522),
            (261, 508, 509, 522),
            (261, 509, 262, 522),
            (262, 263, 276, 523),
            (262, 276, 275, 523),
            (262, 275, 522, 523),
            (262, 522, 509, 523),
            (262, 509, 510, 523),
            (262, 510, 263, 523),
            (263, 264, 277, 524),
            (263, 277, 276, 524),
            (263, 276, 523, 524),
            (263, 523, 510, 524),
            (263, 510, 511, 524),
            (263, 511, 264, 524),
            (264, 265, 278, 525),
            (264, 278, 277, 525),
            (264, 277, 524, 525),
            (264, 524, 511, 525),
            (264, 511, 512, 525),
            (264, 512, 265, 525),
            (265, 266, 279, 526),
            (265, 279, 278, 526),
            (265, 278, 525, 526),
            (265, 525, 512, 526),
            (265, 512, 513, 526),
            (265, 513, 266, 526),
            (266, 267, 280, 527),
            (266, 280, 279, 527),
            (266, 279, 526, 527),
            (266, 526, 513, 527),
            (266, 513, 514, 527),
            (266, 514, 267, 527),
            (267, 268, 281, 528),
            (267, 281, 280, 528),
            (267, 280, 527, 528),
            (267, 527, 514, 528),
            (267, 514, 515, 528),
            (267, 515, 268, 528),
            (268, 269, 282, 529),
            (268, 282, 281, 529),
            (268, 281, 528, 529),
            (268, 528, 515, 529),
            (268, 515, 516, 529),
            (268, 516, 269, 529),
            (269, 270, 283, 530),
            (269, 283, 282, 530),
            (269, 282, 529, 530),
            (269, 529, 516, 530),
            (269, 516, 517, 530),
            (269, 517, 270, 530),
            (270, 271, 284, 531),
            (270, 284, 283, 531),
            (270, 283, 530, 531),
            (270, 530, 517, 531),
            (270, 517, 518, 531),
            (270, 518, 271, 531),
            (271, 272, 285, 532),
            (271, 285, 284, 532),
            (271, 284, 531, 532),
            (271, 531, 518, 532),
            (271, 518, 519, 532),
            (271, 519, 272, 532),
            (273, 274, 287, 534),
            (273, 287, 286, 534),
            (273, 286, 533, 534),
            (273, 533, 520, 534),
            (273, 520, 521, 534),
            (273, 521, 274, 534),
            (274, 275, 288, 535),
            (274, 288, 287, 535),
            (274, 287, 534, 535),
            (274, 534, 521, 535),
            (274, 521, 522, 535),
            (274, 522, 275, 535),
            (275, 276, 289, 536),
            (275, 289, 288, 536),
            (275, 288, 535, 536),
            (275, 535, 522, 536),
            (275, 522, 523, 536),
            (275, 523, 276, 536),
            (276, 277, 290, 537),
            (276, 290, 289, 537),
            (276, 289, 536, 537),
            (276, 536, 523, 537),
            (276, 523, 524, 537),
            (276, 524, 277, 537),
            (277, 278, 291, 538),
            (277, 291, 290, 538),
            (277, 290, 537, 538),
            (277, 537, 524, 538),
            (277, 524, 525, 538),
            (277, 525, 278, 538),
            (278, 279, 292, 539),
            (278, 292, 291, 539),
            (278, 291, 538, 539),
            (278, 538, 525, 539),
            (278, 525, 526, 539),
            (278, 526, 279, 539),
            (279, 280, 293, 540),
            (279, 293, 292, 540),
            (279, 292, 539, 540),
            (279, 539, 526, 540),
            (279, 526, 527, 540),
            (279, 527, 280, 540),
            (280, 281, 294, 541),
            (280, 294, 293, 541),
            (280, 293, 540, 541),
            (280, 540, 527, 541),
            (280, 527, 528, 541),
            (280, 528, 281, 541),
            (281, 282, 295, 542),
            (281, 295, 294, 542),
            (281, 294, 541, 542),
            (281, 541, 528, 542),
            (281, 528, 529, 542),
            (281, 529, 282, 542),
            (282, 283, 296, 543),
            (282, 296, 295, 543),
            (282, 295, 542, 543),
            (282, 542, 529, 543),
            (282, 529, 530, 543),
            (282, 530, 283, 543),
            (283, 284, 297, 544),
            (283, 297, 296, 544),
            (283, 296, 543, 544),
            (283, 543, 530, 544),
            (283, 530, 531, 544),
            (283, 531, 284, 544),
            (284, 285, 298, 545),
            (284, 298, 297, 545),
            (284, 297, 544, 545),
            (284, 544, 531, 545),
            (284, 531, 532, 545),
            (284, 532, 285, 545),
            (286, 287, 300, 547),
            (286, 300, 299, 547),
            (286, 299, 546, 547),
            (286, 546, 533, 547),
            (286, 533, 534, 547),
            (286, 534, 287, 547),
            (287, 288, 301, 548),
            (287, 301, 300, 548),
            (287, 300, 547, 548),
            (287, 547, 534, 548),
            (287, 534, 535, 548),
            (287, 535, 288, 548),
            (288, 289, 302, 549),
            (288, 302, 301, 549),
            (288, 301, 548, 549),
            (288, 548, 535, 549),
            (288, 535, 536, 549),
            (288, 536, 289, 549),
            (289, 290, 303, 550),
            (289, 303, 302, 550),
            (289, 302, 549, 550),
            (289, 549, 536, 550),
            (289, 536, 537, 550),
            (289, 537, 290, 550),
            (290, 291, 304, 551),
            (290, 304, 303, 551),
            (290, 303, 550, 551),
            (290, 550, 537, 551),
            (290, 537, 538, 551),
            (290, 538, 291, 551),
            (291, 292, 305, 552),
            (291, 305, 304, 552),
            (291, 304, 551, 552),
            (291, 551, 538, 552),
            (291, 538, 539, 552),
            (291, 539, 292, 552),
            (292, 293, 306, 553),
            (292, 306, 305, 553),
            (292, 305, 552, 553),
            (292, 552, 539, 553),
            (292, 539, 540, 553),
            (292, 540, 293, 553),
            (293, 294, 307, 554),
            (293, 307, 306, 554),
            (293, 306, 553, 554),
            (293, 553, 540, 554),
            (293, 540, 541, 554),
            (293, 541, 294, 554),
            (294, 295, 308, 555),
            (294, 308, 307, 555),
            (294, 307, 554, 555),
            (294, 554, 541, 555),
            (294, 541, 542, 555),
            (294, 542, 295, 555),
            (295, 296, 309, 556),
            (295, 309, 308, 556),
            (295, 308, 555, 556),
            (295, 555, 542, 556),
            (295, 542, 543, 556),
            (295, 543, 296, 556),
            (296, 297, 310, 557),
            (296, 310, 309, 557),
            (296, 309, 556, 557),
            (296, 556, 543, 557),
            (296, 543, 544, 557),
            (296, 544, 297, 557),
            (297, 298, 311, 558),
            (297, 311, 310, 558),
            (297, 310, 557, 558),
            (297, 557, 544, 558),
            (297, 544, 545, 558),
            (297, 545, 298, 558),
            (299, 300, 313, 560),
            (299, 313, 312, 560),
            (299, 312, 559, 560),
            (299, 559, 546, 560),
            (299, 546, 547, 560),
            (299, 547, 300, 560),
            (300, 301, 314, 561),
            (300, 314, 313, 561),
            (300, 313, 560, 561),
            (300, 560, 547, 561),
            (300, 547, 548, 561),
            (300, 548, 301, 561),
            (301, 302, 315, 562),
            (301, 315, 314, 562),
            (301, 314, 561, 562),
            (301, 561, 548, 562),
            (301, 548, 549, 562),
            (301, 549, 302, 562),
            (302, 303, 316, 563),
            (302, 316, 315, 563),
            (302, 315, 562, 563),
            (302, 562, 549, 563),
            (302, 549, 550, 563),
            (302, 550, 303, 563),
            (303, 304, 317, 564),
            (303, 317, 316, 564),
            (303, 316, 563, 564),
            (303, 563, 550, 564),
            (303, 550, 551, 564),
            (303, 551, 304, 564),
            (304, 305, 318, 565),
            (304, 318, 317, 565),
            (304, 317, 564, 565),
            (304, 564, 551, 565),
            (304, 551, 552, 565),
            (304, 552, 305, 565),
            (305, 306, 319, 566),
            (305, 319, 318, 566),
            (305, 318, 565, 566),
            (305, 565, 552, 566),
            (305, 552, 553, 566),
            (305, 553, 306, 566),
            (306, 307, 320, 567),
            (306, 320, 319, 567),
            (306, 319, 566, 567),
            (306, 566, 553, 567),
            (306, 553, 554, 567),
            (306, 554, 307, 567),
            (307, 308, 321, 568),
            (307, 321, 320, 568),
            (307, 320, 567, 568),
            (307, 567, 554, 568),
            (307, 554, 555, 568),
            (307, 555, 308, 568),
            (308, 309, 322, 569),
            (308, 322, 321, 569),
            (308, 321, 568, 569),
            (308, 568, 555, 569),
            (308, 555, 556, 569),
            (308, 556, 309, 569),
            (309, 310, 323, 570),
            (309, 323, 322, 570),
            (309, 322, 569, 570),
            (309, 569, 556, 570),
            (309, 556, 557, 570),
            (309, 557, 310, 570),
            (310, 311, 324, 571),
            (310, 324, 323, 571),
            (310, 323, 570, 571),
            (310, 570, 557, 571),
            (310, 557, 558, 571),
            (310, 558, 311, 571),
            (312, 313, 326, 573),
            (312, 326, 325, 573),
            (312, 325, 572, 573),
            (312, 572, 559, 573),
            (312, 559, 560, 573),
            (312, 560, 313, 573),
            (313, 314, 327, 574),
            (313, 327, 326, 574),
            (313, 326, 573, 574),
            (313, 573, 560, 574),
            (313, 560, 561, 574),
            (313, 561, 314, 574),
            (314, 315, 328, 575),
            (314, 328, 327, 575),
            (314, 327, 574, 575),
            (314, 574, 561, 575),
            (314, 561, 562, 575),
            (314, 562, 315, 575),
            (315, 316, 329, 576),
            (315, 329, 328, 576),
            (315, 328, 575, 576),
            (315, 575, 562, 576),
            (315, 562, 563, 576),
            (315, 563, 316, 576),
            (316, 317, 330, 577),
            (316, 330, 329, 577),
            (316, 329, 576, 577),
            (316, 576, 563, 577),
            (316, 563, 564, 577),
            (316, 564, 317, 577),
            (317, 318, 331, 578),
            (317, 331, 330, 578),
            (317, 330, 577, 578),
            (317, 577, 564, 578),
            (317, 564, 565, 578),
            (317, 565, 318, 578),
            (318, 319, 332, 579),
            (318, 332, 331, 579),
            (318, 331, 578, 579),
            (318, 578, 565, 579),
            (318, 565, 566, 579),
            (318, 566, 319, 579),
            (319, 320, 333, 580),
            (319, 333, 332, 580),
            (319, 332, 579, 580),
            (319, 579, 566, 580),
            (319, 566, 567, 580),
            (319, 567, 320, 580),
            (320, 321, 334, 581),
            (320, 334, 333, 581),
            (320, 333, 580, 581),
            (320, 580, 567, 581),
            (320, 567, 568, 581),
            (320, 568, 321, 581),
            (321, 322, 335, 582),
            (321, 335, 334, 582),
            (321, 334, 581, 582),
            (321, 581, 568, 582),
            (321, 568, 569, 582),
            (321, 569, 322, 582),
            (322, 323, 336, 583),
            (322, 336, 335, 583),
            (322, 335, 582, 583),
            (322, 582, 569, 583),
            (322, 569, 570, 583),
            (322, 570, 323, 583),
            (323, 324, 337, 584),
            (323, 337, 336, 584),
            (323, 336, 583, 584),
            (323, 583, 570, 584),
            (323, 570, 571, 584),
            (323, 571, 324, 584),
            (325, 326, 339, 586),
            (325, 339, 338, 586),
            (325, 338, 585, 586),
            (325, 585, 572, 586),
            (325, 572, 573, 586),
            (325, 573, 326, 586),
            (326, 327, 340, 587),
            (326, 340, 339, 587),
            (326, 339, 586, 587),
            (326, 586, 573, 587),
            (326, 573, 574, 587),
            (326, 574, 327, 587),
            (327, 328, 341, 588),
            (327, 341, 340, 588),
            (327, 340, 587, 588),
            (327, 587, 574, 588),
            (327, 574, 575, 588),
            (327, 575, 328, 588),
            (328, 329, 342, 589),
            (328, 342, 341, 589),
            (328, 341, 588, 589),
            (328, 588, 575, 589),
            (328, 575, 576, 589),
            (328, 576, 329, 589),
            (329, 330, 343, 590),
            (329, 343, 342, 590),
            (329, 342, 589, 590),
            (329, 589, 576, 590),
            (329, 576, 577, 590),
            (329, 577, 330, 590),
            (330, 331, 344, 591),
            (330, 344, 343, 591),
            (330, 343, 590, 591),
            (330, 590, 577, 591),
            (330, 577, 578, 591),
            (330, 578, 331, 591),
            (331, 332, 345, 592),
            (331, 345, 344, 592),
            (331, 344, 591, 592),
            (331, 591, 578, 592),
            (331, 578, 579, 592),
            (331, 579, 332, 592),
            (332, 333, 346, 593),
            (332, 346, 345, 593),
            (332, 345, 592, 593),
            (332, 592, 579, 593),
            (332, 579, 580, 593),
            (332, 580, 333, 593),
            (333, 334, 347, 594),
            (333, 347, 346, 594),
            (333, 346, 593, 594),
            (333, 593, 580, 594),
            (333, 580, 581, 594),
            (333, 581, 334, 594),
            (334, 335, 348, 595),
            (334, 348, 347, 595),
            (334, 347, 594, 595),
            (334, 594, 581, 595),
            (334, 581, 582, 595),
            (334, 582, 335, 595),
            (335, 336, 349, 596),
            (335, 349, 348, 596),
            (335, 348, 595, 596),
            (335, 595, 582, 596),
            (335, 582, 583, 596),
            (335, 583, 336, 596),
            (336, 337, 350, 597),
            (336, 350, 349, 597),
            (336, 349, 596, 597),
            (336, 596, 583, 597),
            (336, 583, 584, 597),
            (336, 584, 337, 597),
            (338, 339, 352, 599),
            (338, 352, 351, 599),
            (338, 351, 598, 599),
            (338, 598, 585, 599),
            (338, 585, 586, 599),
            (338, 586, 339, 599),
            (339, 340, 353, 600),
            (339, 353, 352, 600),
            (339, 352, 599, 600),
            (339, 599, 586, 600),
            (339, 586, 587, 600),
            (339, 587, 340, 600),
            (340, 341, 354, 601),
            (340, 354, 353, 601),
            (340, 353, 600, 601),
            (340, 600, 587, 601),
            (340, 587, 588, 601),
            (340, 588, 341, 601),
            (341, 342, 355, 602),
            (341, 355, 354, 602),
            (341, 354, 601, 602),
            (341, 601, 588, 602),
            (341, 588, 589, 602),
            (341, 589, 342, 602),
            (342, 343, 356, 603),
            (342, 356, 355, 603),
            (342, 355, 602, 603),
            (342, 602, 589, 603),
            (342, 589, 590, 603),
            (342, 590, 343, 603),
            (343, 344, 357, 604),
            (343, 357, 356, 604),
            (343, 356, 603, 604),
            (343, 603, 590, 604),
            (343, 590, 591, 604),
            (343, 591, 344, 604),
            (344, 345, 358, 605),
            (344, 358, 357, 605),
            (344, 357, 604, 605),
            (344, 604, 591, 605),
            (344, 591, 592, 605),
            (344, 592, 345, 605),
            (345, 346, 359, 606),
            (345, 359, 358, 606),
            (345, 358, 605, 606),
            (345, 605, 592, 606),
            (345, 592, 593, 606),
            (345, 593, 346, 606),
            (346, 347, 360, 607),
            (346, 360, 359, 607),
            (346, 359, 606, 607),
            (346, 606, 593, 607),
            (346, 593, 594, 607),
            (346, 594, 347, 607),
            (347, 348, 361, 608),
            (347, 361, 360, 608),
            (347, 360, 607, 608),
            (347, 607, 594, 608),
            (347, 594, 595, 608),
            (347, 595, 348, 608),
            (348, 349, 362, 609),
            (348, 362, 361, 609),
            (348, 361, 608, 609),
            (348, 608, 595, 609),
            (348, 595, 596, 609),
            (348, 596, 349, 609),
            (349, 350, 363, 610),
            (349, 363, 362, 610),
            (349, 362, 609, 610),
            (349, 609, 596, 610),
            (349, 596, 597, 610),
            (349, 597, 350, 610),
            (351, 352, 365, 612),
            (351, 365, 364, 612),
            (351, 364, 611, 612),
            (351, 611, 598, 612),
            (351, 598, 599, 612),
            (351, 599, 352, 612),
            (352, 353, 366, 613),
            (352, 366, 365, 613),
            (352, 365, 612, 613),
            (352, 612, 599, 613),
            (352, 599, 600, 613),
            (352, 600, 353, 613),
            (353, 354, 367, 614),
            (353, 367, 366, 614),
            (353, 366, 613, 614),
            (353, 613, 600, 614),
            (353, 600, 601, 614),
            (353, 601, 354, 614),
            (354, 355, 368, 615),
            (354, 368, 367, 615),
            (354, 367, 614, 615),
            (354, 614, 601, 615),
            (354, 601, 602, 615),
            (354, 602, 355, 615),
            (355, 356, 369, 616),
            (355, 369, 368, 616),
            (355, 368, 615, 616),
            (355, 615, 602, 616),
            (355, 602, 603, 616),
            (355, 603, 356, 616),
            (356, 357, 370, 617),
            (356, 370, 369, 617),
            (356, 369, 616, 617),
            (356, 616, 603, 617),
            (356, 603, 604, 617),
            (356, 604, 357, 617),
            (357, 358, 371, 618),
            (357, 371, 370, 618),
            (357, 370, 617, 618),
            (357, 617, 604, 618),
            (357, 604, 605, 618),
            (357, 605, 358, 618),
            (358, 359, 372, 619),
            (358, 372, 371, 619),
            (358, 371, 618, 619),
            (358, 618, 605, 619),
            (358, 605, 606, 619),
            (358, 606, 359, 619),
            (359, 360, 373, 620),
            (359, 373, 372, 620),
            (359, 372, 619, 620),
            (359, 619, 606, 620),
            (359, 606, 607, 620),
            (359, 607, 360, 620),
            (360, 361, 374, 621),
            (360, 374, 373, 621),
            (360, 373, 620, 621),
            (360, 620, 607, 621),
            (360, 607, 608, 621),
            (360, 608, 361, 621),
            (361, 362, 375, 622),
            (361, 375, 374, 622),
            (361, 374, 621, 622),
            (361, 621, 608, 622),
            (361, 608, 609, 622),
            (361, 609, 362, 622),
            (362, 363, 376, 623),
            (362, 376, 375, 623),
            (362, 375, 622, 623),
            (362, 622, 609, 623),
            (362, 609, 610, 623),
            (362, 610, 363, 623),
            (364, 365, 378, 625),
            (364, 378, 377, 625),
            (364, 377, 624, 625),
            (364, 624, 611, 625),
            (364, 611, 612, 625),
            (364, 612, 365, 625),
            (365, 366, 379, 626),
            (365, 379, 378, 626),
            (365, 378, 625, 626),
            (365, 625, 612, 626),
            (365, 612, 613, 626),
            (365, 613, 366, 626),
            (366, 367, 380, 627),
            (366, 380, 379, 627),
            (366, 379, 626, 627),
            (366, 626, 613, 627),
            (366, 613, 614, 627),
            (366, 614, 367, 627),
            (367, 368, 381, 628),
            (367, 381, 380, 628),
            (367, 380, 627, 628),
            (367, 627, 614, 628),
            (367, 614, 615, 628),
            (367, 615, 368, 628),
            (368, 369, 382, 629),
            (368, 382, 381, 629),
            (368, 381, 628, 629),
            (368, 628, 615, 629),
            (368, 615, 616, 629),
            (368, 616, 369, 629),
            (369, 370, 383, 630),
            (369, 383, 382, 630),
            (369, 382, 629, 630),
            (369, 629, 616, 630),
            (369, 616, 617, 630),
            (369, 617, 370, 630),
            (370, 371, 384, 631),
            (370, 384, 383, 631),
            (370, 383, 630, 631),
            (370, 630, 617, 631),
            (370, 617, 618, 631),
            (370, 618, 371, 631),
            (371, 372, 385, 632),
            (371, 385, 384, 632),
            (371, 384, 631, 632),
            (371, 631, 618, 632),
            (371, 618, 619, 632),
            (371, 619, 372, 632),
            (372, 373, 386, 633),
            (372, 386, 385, 633),
            (372, 385, 632, 633),
            (372, 632, 619, 633),
            (372, 619, 620, 633),
            (372, 620, 373, 633),
            (373, 374, 387, 634),
            (373, 387, 386, 634),
            (373, 386, 633, 634),
            (373, 633, 620, 634),
            (373, 620, 621, 634),
            (373, 621, 374, 634),
            (374, 375, 388, 635),
            (374, 388, 387, 635),
            (374, 387, 634, 635),
            (374, 634, 621, 635),
            (374, 621, 622, 635),
            (374, 622, 375, 635),
            (375, 376, 389, 636),
            (375, 389, 388, 636),
            (375, 388, 635, 636),
            (375, 635, 622, 636),
            (375, 622, 623, 636),
            (375, 623, 376, 636),
            (377, 378, 391, 638),
            (377, 391, 390, 638),
            (377, 390, 637, 638),
            (377, 637, 624, 638),
            (377, 624, 625, 638),
            (377, 625, 378, 638),
            (378, 379, 392, 639),
            (378, 392, 391, 639),
            (378, 391, 638, 639),
            (378, 638, 625, 639),
            (378, 625, 626, 639),
            (378, 626, 379, 639),
            (379, 380, 393, 640),
            (379, 393, 392, 640),
            (379, 392, 639, 640),
            (379, 639, 626, 640),
            (379, 626, 627, 640),
            (379, 627, 380, 640),
            (380, 381, 394, 641),
            (380, 394, 393, 641),
            (380, 393, 640, 641),
            (380, 640, 627, 641),
            (380, 627, 628, 641),
            (380, 628, 381, 641),
            (381, 382, 395, 642),
            (381, 395, 394, 642),
            (381, 394, 641, 642),
            (381, 641, 628, 642),
            (381, 628, 629, 642),
            (381, 629, 382, 642),
            (382, 383, 396, 643),
            (382, 396, 395, 643),
            (382, 395, 642, 643),
            (382, 642, 629, 643),
            (382, 629, 630, 643),
            (382, 630, 383, 643),
            (383, 384, 397, 644),
            (383, 397, 396, 644),
            (383, 396, 643, 644),
            (383, 643, 630, 644),
            (383, 630, 631, 644),
            (383, 631, 384, 644),
            (384, 385, 398, 645),
            (384, 398, 397, 645),
            (384, 397, 644, 645),
            (384, 644, 631, 645),
            (384, 631, 632, 645),
            (384, 632, 385, 645),
            (385, 386, 399, 646),
            (385, 399, 398, 646),
            (385, 398, 645, 646),
            (385, 645, 632, 646),
            (385, 632, 633, 646),
            (385, 633, 386, 646),
            (386, 387, 400, 647),
            (386, 400, 399, 647),
            (386, 399, 646, 647),
            (386, 646, 633, 647),
            (386, 633, 634, 647),
            (386, 634, 387, 647),
            (387, 388, 401, 648),
            (387, 401, 400, 648),
            (387, 400, 647, 648),
            (387, 647, 634, 648),
            (387, 634, 635, 648),
            (387, 635, 388, 648),
            (388, 389, 402, 649),
            (388, 402, 401, 649),
            (388, 401, 648, 649),
            (388, 648, 635, 649),
            (388, 635, 636, 649),
            (388, 636, 389, 649),
            (390, 391, 404, 651),
            (390, 404, 403, 651),
            (390, 403, 650, 651),
            (390, 650, 637, 651),
            (390, 637, 638, 651),
            (390, 638, 391, 651),
            (391, 392, 405, 652),
            (391, 405, 404, 652),
            (391, 404, 651, 652),
            (391, 651, 638, 652),
            (391, 638, 639, 652),
            (391, 639, 392, 652),
            (392, 393, 406, 653),
            (392, 406, 405, 653),
            (392, 405, 652, 653),
            (392, 652, 639, 653),
            (392, 639, 640, 653),
            (392, 640, 393, 653),
            (393, 394, 407, 654),
            (393, 407, 406, 654),
            (393, 406, 653, 654),
            (393, 653, 640, 654),
            (393, 640, 641, 654),
            (393, 641, 394, 654),
            (394, 395, 408, 655),
            (394, 408, 407, 655),
            (394, 407, 654, 655),
            (394, 654, 641, 655),
            (394, 641, 642, 655),
            (394, 642, 395, 655),
            (395, 396, 409, 656),
            (395, 409, 408, 656),
            (395, 408, 655, 656),
            (395, 655, 642, 656),
            (395, 642, 643, 656),
            (395, 643, 396, 656),
            (396, 397, 410, 657),
            (396, 410, 409, 657),
            (396, 409, 656, 657),
            (396, 656, 643, 657),
            (396, 643, 644, 657),
            (396, 644, 397, 657),
            (397, 398, 411, 658),
            (397, 411, 410, 658),
            (397, 410, 657, 658),
            (397, 657, 644, 658),
            (397, 644, 645, 658),
            (397, 645, 398, 658),
            (398, 399, 412, 659),
            (398, 412, 411, 659),
            (398, 411, 658, 659),
            (398, 658, 645, 659),
            (398, 645, 646, 659),
            (398, 646, 399, 659),
            (399, 400, 413, 660),
            (399, 413, 412, 660),
            (399, 412, 659, 660),
            (399, 659, 646, 660),
            (399, 646, 647, 660),
            (399, 647, 400, 660),
            (400, 401, 414, 661),
            (400, 414, 413, 661),
            (400, 413, 660, 661),
            (400, 660, 647, 661),
            (400, 647, 648, 661),
            (400, 648, 401, 661),
            (401, 402, 415, 662),
            (401, 415, 414, 662),
            (401, 414, 661, 662),
            (401, 661, 648, 662),
            (401, 648, 649, 662),
            (401, 649, 402, 662),
            (403, 404, 417, 664),
            (403, 417, 416, 664),
            (403, 416, 663, 664),
            (403, 663, 650, 664),
            (403, 650, 651, 664),
            (403, 651, 404, 664),
            (404, 405, 418, 665),
            (404, 418, 417, 665),
            (404, 417, 664, 665),
            (404, 664, 651, 665),
            (404, 651, 652, 665),
            (404, 652, 405, 665),
            (405, 406, 419, 666),
            (405, 419, 418, 666),
            (405, 418, 665, 666),
            (405, 665, 652, 666),
            (405, 652, 653, 666),
            (405, 653, 406, 666),
            (406, 407, 420, 667),
            (406, 420, 419, 667),
            (406, 419, 666, 667),
            (406, 666, 653, 667),
            (406, 653, 654, 667),
            (406, 654, 407, 667),
            (407, 408, 421, 668),
            (407, 421, 420, 668),
            (407, 420, 667, 668),
            (407, 667, 654, 668),
            (407, 654, 655, 668),
            (407, 655, 408, 668),
            (408, 409, 422, 669),
            (408, 422, 421, 669),
            (408, 421, 668, 669),
            (408, 668, 655, 669),
            (408, 655, 656, 669),
            (408, 656, 409, 669),
            (409, 410, 423, 670),
            (409, 423, 422, 670),
            (409, 422, 669, 670),
            (409, 669, 656, 670),
            (409, 656, 657, 670),
            (409, 657, 410, 670),
            (410, 411, 424, 671),
            (410, 424, 423, 671),
            (410, 423, 670, 671),
            (410, 670, 657, 671),
            (410, 657, 658, 671),
            (410, 658, 411, 671),
            (411, 412, 425, 672),
            (411, 425, 424, 672),
            (411, 424, 671, 672),
            (411, 671, 658, 672),
            (411, 658, 659, 672),
            (411, 659, 412, 672),
            (412, 413, 426, 673),
            (412, 426, 425, 673),
            (412, 425, 672, 673),
            (412, 672, 659, 673),
            (412, 659, 660, 673),
            (412, 660, 413, 673),
            (413, 414, 427, 674),
            (413, 427, 426, 674),
            (413, 426, 673, 674),
            (413, 673, 660, 674),
            (413, 660, 661, 674),
            (413, 661, 414, 674),
            (414, 415, 428, 675),
            (414, 428, 427, 675),
            (414, 427, 674, 675),
            (414, 674, 661, 675),
            (414, 661, 662, 675),
            (414, 662, 415, 675),
            (416, 417, 430, 677),
            (416, 430, 429, 677),
            (416, 429, 676, 677),
            (416, 676, 663, 677),
            (416, 663, 664, 677),
            (416, 664, 417, 677),
            (417, 418, 431, 678),
            (417, 431, 430, 678),
            (417, 430, 677, 678),
            (417, 677, 664, 678),
            (417, 664, 665, 678),
            (417, 665, 418, 678),
            (418, 419, 432, 679),
            (418, 432, 431, 679),
            (418, 431, 678, 679),
            (418, 678, 665, 679),
            (418, 665, 666, 679),
            (418, 666, 419, 679),
            (419, 420, 433, 680),
            (419, 433, 432, 680),
            (419, 432, 679, 680),
            (419, 679, 666, 680),
            (419, 666, 667, 680),
            (419, 667, 420, 680),
            (420, 421, 434, 681),
            (420, 434, 433, 681),
            (420, 433, 680, 681),
            (420, 680, 667, 681),
            (420, 667, 668, 681),
            (420, 668, 421, 681),
            (421, 422, 435, 682),
            (421, 435, 434, 682),
            (421, 434, 681, 682),
            (421, 681, 668, 682),
            (421, 668, 669, 682),
            (421, 669, 422, 682),
            (422, 423, 436, 683),
            (422, 436, 435, 683),
            (422, 435, 682, 683),
            (422, 682, 669, 683),
            (422, 669, 670, 683),
            (422, 670, 423, 683),
            (423, 424, 437, 684),
            (423, 437, 436, 684),
            (423, 436, 683, 684),
            (423, 683, 670, 684),
            (423, 670, 671, 684),
            (423, 671, 424, 684),
            (424, 425, 438, 685),
            (424, 438, 437, 685),
            (424, 437, 684, 685),
            (424, 684, 671, 685),
            (424, 671, 672, 685),
            (424, 672, 425, 685),
            (425, 426, 439, 686),
            (425, 439, 438, 686),
            (425, 438, 685, 686),
            (425, 685, 672, 686),
            (425, 672, 673, 686),
            (425, 673, 426, 686),
            (426, 427, 440, 687),
            (426, 440, 439, 687),
            (426, 439, 686, 687),
            (426, 686, 673, 687),
            (426, 673, 674, 687),
            (426, 674, 427, 687),
            (427, 428, 441, 688),
            (427, 441, 440, 688),
            (427, 440, 687, 688),
            (427, 687, 674, 688),
            (427, 674, 675, 688),
            (427, 675, 428, 688),
            (429, 430, 443, 690),
            (429, 443, 442, 690),
            (429, 442, 689, 690),
            (429, 689, 676, 690),
            (429, 676, 677, 690),
            (429, 677, 430, 690),
            (430, 431, 444, 691),
            (430, 444, 443, 691),
            (430, 443, 690, 691),
            (430, 690, 677, 691),
            (430, 677, 678, 691),
            (430, 678, 431, 691),
            (431, 432, 445, 692),
            (431, 445, 444, 692),
            (431, 444, 691, 692),
            (431, 691, 678, 692),
            (431, 678, 679, 692),
            (431, 679, 432, 692),
            (432, 433, 446, 693),
            (432, 446, 445, 693),
            (432, 445, 692, 693),
            (432, 692, 679, 693),
            (432, 679, 680, 693),
            (432, 680, 433, 693),
            (433, 434, 447, 694),
            (433, 447, 446, 694),
            (433, 446, 693, 694),
            (433, 693, 680, 694),
            (433, 680, 681, 694),
            (433, 681, 434, 694),
            (434, 435, 448, 695),
            (434, 448, 447, 695),
            (434, 447, 694, 695),
            (434, 694, 681, 695),
            (434, 681, 682, 695),
            (434, 682, 435, 695),
            (435, 436, 449, 696),
            (435, 449, 448, 696),
            (435, 448, 695, 696),
            (435, 695, 682, 696),
            (435, 682, 683, 696),
            (435, 683, 436, 696),
            (436, 437, 450, 697),
            (436, 450, 449, 697),
            (436, 449, 696, 697),
            (436, 696, 683, 697),
            (436, 683, 684, 697),
            (436, 684, 437, 697),
            (437, 438, 451, 698),
            (437, 451, 450, 698),
            (437, 450, 697, 698),
            (437, 697, 684, 698),
            (437, 684, 685, 698),
            (437, 685, 438, 698),
            (438, 439, 452, 699),
            (438, 452, 451, 699),
            (438, 451, 698, 699),
            (438, 698, 685, 699),
            (438, 685, 686, 699),
            (438, 686, 439, 699),
            (439, 440, 453, 700),
            (439, 453, 452, 700),
            (439, 452, 699, 700),
            (439, 699, 686, 700),
            (439, 686, 687, 700),
            (439, 687, 440, 700),
            (440, 441, 454, 701),
            (440, 454, 453, 701),
            (440, 453, 700, 701),
            (440, 700, 687, 701),
            (440, 687, 688, 701),
            (440, 688, 441, 701),
            (442, 443, 456, 703),
            (442, 456, 455, 703),
            (442, 455, 702, 703),
            (442, 702, 689, 703),
            (442, 689, 690, 703),
            (442, 690, 443, 703),
            (443, 444, 457, 704),
            (443, 457, 456, 704),
            (443, 456, 703, 704),
            (443, 703, 690, 704),
            (443, 690, 691, 704),
            (443, 691, 444, 704),
            (444, 445, 458, 705),
            (444, 458, 457, 705),
            (444, 457, 704, 705),
            (444, 704, 691, 705),
            (444, 691, 692, 705),
            (444, 692, 445, 705),
            (445, 446, 459, 706),
            (445, 459, 458, 706),
            (445, 458, 705, 706),
            (445, 705, 692, 706),
            (445, 692, 693, 706),
            (445, 693, 446, 706),
            (446, 447, 460, 707),
            (446, 460, 459, 707),
            (446, 459, 706, 707),
            (446, 706, 693, 707),
            (446, 693, 694, 707),
            (446, 694, 447, 707),
            (447, 448, 461, 708),
            (447, 461, 460, 708),
            (447, 460, 707, 708),
            (447, 707, 694, 708),
            (447, 694, 695, 708),
            (447, 695, 448, 708),
            (448, 449, 462, 709),
            (448, 462, 461, 709),
            (448, 461, 708, 709),
            (448, 708, 695, 709),
            (448, 695, 696, 709),
            (448, 696, 449, 709),
            (449, 450, 463, 710),
            (449, 463, 462, 710),
            (449, 462, 709, 710),
            (449, 709, 696, 710),
            (449, 696, 697, 710),
            (449, 697, 450, 710),
            (450, 451, 464, 711),
            (450, 464, 463, 711),
            (450, 463, 710, 711),
            (450, 710, 697, 711),
            (450, 697, 698, 711),
            (450, 698, 451, 711),
            (451, 452, 465, 712),
            (451, 465, 464, 712),
            (451, 464, 711, 712),
            (451, 711, 698, 712),
            (451, 698, 699, 712),
            (451, 699, 452, 712),
            (452, 453, 466, 713),
            (452, 466, 465, 713),
            (452, 465, 712, 713),
            (452, 712, 699, 713),
            (452, 699, 700, 713),
            (452, 700, 453, 713),
            (453, 454, 467, 714),
            (453, 467, 466, 714),
            (453, 466, 713, 714),
            (453, 713, 700, 714),
            (453, 700, 701, 714),
            (453, 701, 454, 714),
            (455, 456, 469, 716),
            (455, 469, 468, 716),
            (455, 468, 715, 716),
            (455, 715, 702, 716),
            (455, 702, 703, 716),
            (455, 703, 456, 716),
            (456, 457, 470, 717),
            (456, 470, 469, 717),
            (456, 469, 716, 717),
            (456, 716, 703, 717),
            (456, 703, 704, 717),
            (456, 704, 457, 717),
            (457, 458, 471, 718),
            (457, 471, 470, 718),
            (457, 470, 717, 718),
            (457, 717, 704, 718),
            (457, 704, 705, 718),
            (457, 705, 458, 718),
            (458, 459, 472, 719),
            (458, 472, 471, 719),
            (458, 471, 718, 719),
            (458, 718, 705, 719),
            (458, 705, 706, 719),
            (458, 706, 459, 719),
            (459, 460, 473, 720),
            (459, 473, 472, 720),
            (459, 472, 719, 720),
            (459, 719, 706, 720),
            (459, 706, 707, 720),
            (459, 707, 460, 720),
            (460, 461, 474, 721),
            (460, 474, 473, 721),
            (460, 473, 720, 721),
            (460, 720, 707, 721),
            (460, 707, 708, 721),
            (460, 708, 461, 721),
            (461, 462, 475, 722),
            (461, 475, 474, 722),
            (461, 474, 721, 722),
            (461, 721, 708, 722),
            (461, 708, 709, 722),
            (461, 709, 462, 722),
            (462, 463, 476, 723),
            (462, 476, 475, 723),
            (462, 475, 722, 723),
            (462, 722, 709, 723),
            (462, 709, 710, 723),
            (462, 710, 463, 723),
            (463, 464, 477, 724),
            (463, 477, 476, 724),
            (463, 476, 723, 724),
            (463, 723, 710, 724),
            (463, 710, 711, 724),
            (463, 711, 464, 724),
            (464, 465, 478, 725),
            (464, 478, 477, 725),
            (464, 477, 724, 725),
            (464, 724, 711, 725),
            (464, 711, 712, 725),
            (464, 712, 465, 725),
            (465, 466, 479, 726),
            (465, 479, 478, 726),
            (465, 478, 725, 726),
            (465, 725, 712, 726),
            (465, 712, 713, 726),
            (465, 713, 466, 726),
            (466, 467, 480, 727),
            (466, 480, 479, 727),
            (466, 479, 726, 727),
            (466, 726, 713, 727),
            (466, 713, 714, 727),
            (466, 714, 467, 727),
            (468, 469, 482, 729),
            (468, 482, 481, 729),
            (468, 481, 728, 729),
            (468, 728, 715, 729),
            (468, 715, 716, 729),
            (468, 716, 469, 729),
            (469, 470, 483, 730),
            (469, 483, 482, 730),
            (469, 482, 729, 730),
            (469, 729, 716, 730),
            (469, 716, 717, 730),
            (469, 717, 470, 730),
            (470, 471, 484, 731),
            (470, 484, 483, 731),
            (470, 483, 730, 731),
            (470, 730, 717, 731),
            (470, 717, 718, 731),
            (470, 718, 471, 731),
            (471, 472, 485, 732),
            (471, 485, 484, 732),
            (471, 484, 731, 732),
            (471, 731, 718, 732),
            (471, 718, 719, 732),
            (471, 719, 472, 732),
            (472, 473, 486, 733),
            (472, 486, 485, 733),
            (472, 485, 732, 733),
            (472, 732, 719, 733),
            (472, 719, 720, 733),
            (472, 720, 473, 733),
            (473, 474, 487, 734),
            (473, 487, 486, 734),
            (473, 486, 733, 734),
            (473, 733, 720, 734),
            (473, 720, 721, 734),
            (473, 721, 474, 734),
            (474, 475, 488, 735),
            (474, 488, 487, 735),
            (474, 487, 734, 735),
            (474, 734, 721, 735),
            (474, 721, 722, 735),
            (474, 722, 475, 735),
            (475, 476, 489, 736),
            (475, 489, 488, 736),
            (475, 488, 735, 736),
            (475, 735, 722, 736),
            (475, 722, 723, 736),
            (475, 723, 476, 736),
            (476, 477, 490, 737),
            (476, 490, 489, 737),
            (476, 489, 736, 737),
            (476, 736, 723, 737),
            (476, 723, 724, 737),
            (476, 724, 477, 737),
            (477, 478, 491, 738),
            (477, 491, 490, 738),
            (477, 490, 737, 738),
            (477, 737, 724, 738),
            (477, 724, 725, 738),
            (477, 725, 478, 738),
            (478, 479, 492, 739),
            (478, 492, 491, 739),
            (478, 491, 738, 739),
            (478, 738, 725, 739),
            (478, 725, 726, 739),
            (478, 726, 479, 739),
            (479, 480, 493, 740),
            (479, 493, 492, 740),
            (479, 492, 739, 740),
            (479, 739, 726, 740),
            (479, 726, 727, 740),
            (479, 727, 480, 740),
            (494, 495, 508, 755),
            (494, 508, 507, 755),
            (494, 507, 754, 755),
            (494, 754, 741, 755),
            (494, 741, 742, 755),
            (494, 742, 495, 755),
            (495, 496, 509, 756),
            (495, 509, 508, 756),
            (495, 508, 755, 756),
            (495, 755, 742, 756),
            (495, 742, 743, 756),
            (495, 743, 496, 756),
            (496, 497, 510, 757),
            (496, 510, 509, 757),
            (496, 509, 756, 757),
            (496, 756, 743, 757),
            (496, 743, 744, 757),
            (496, 744, 497, 757),
            (497, 498, 511, 758),
            (497, 511, 510, 758),
            (497, 510, 757, 758),
            (497, 757, 744, 758),
            (497, 744, 745, 758),
            (497, 745, 498, 758),
            (498, 499, 512, 759),
            (498, 512, 511, 759),
            (498, 511, 758, 759),
            (498, 758, 745, 759),
            (498, 745, 746, 759),
            (498, 746, 499, 759),
            (499, 500, 513, 760),
            (499, 513, 512, 760),
            (499, 512, 759, 760),
            (499, 759, 746, 760),
            (499, 746, 747, 760),
            (499, 747, 500, 760),
            (500, 501, 514, 761),
            (500, 514, 513, 761),
            (500, 513, 760, 761),
            (500, 760, 747, 761),
            (500, 747, 748, 761),
            (500, 748, 501, 761),
            (501, 502, 515, 762),
            (501, 515, 514, 762),
            (501, 514, 761, 762),
            (501, 761, 748, 762),
            (501, 748, 749, 762),
            (501, 749, 502, 762),
            (502, 503, 516, 763),
            (502, 516, 515, 763),
            (502, 515, 762, 763),
            (502, 762, 749, 763),
            (502, 749, 750, 763),
            (502, 750, 503, 763),
            (503, 504, 517, 764),
            (503, 517, 516, 764),
            (503, 516, 763, 764),
            (503, 763, 750, 764),
            (503, 750, 751, 764),
            (503, 751, 504, 764),
            (504, 505, 518, 765),
            (504, 518, 517, 765),
            (504, 517, 764, 765),
            (504, 764, 751, 765),
            (504, 751, 752, 765),
            (504, 752, 505, 765),
            (505, 506, 519, 766),
            (505, 519, 518, 766),
            (505, 518, 765, 766),
            (505, 765, 752, 766),
            (505, 752, 753, 766),
            (505, 753, 506, 766),
            (507, 508, 521, 768),
            (507, 521, 520, 768),
            (507, 520, 767, 768),
            (507, 767, 754, 768),
            (507, 754, 755, 768),
            (507, 755, 508, 768),
            (508, 509, 522, 769),
            (508, 522, 521, 769),
            (508, 521, 768, 769),
            (508, 768, 755, 769),
            (508, 755, 756, 769),
            (508, 756, 509, 769),
            (509, 510, 523, 770),
            (509, 523, 522, 770),
            (509, 522, 769, 770),
            (509, 769, 756, 770),
            (509, 756, 757, 770),
            (509, 757, 510, 770),
            (510, 511, 524, 771),
            (510, 524, 523, 771),
            (510, 523, 770, 771),
            (510, 770, 757, 771),
            (510, 757, 758, 771),
            (510, 758, 511, 771),
            (511, 512, 525, 772),
            (511, 525, 524, 772),
            (511, 524, 771, 772),
            (511, 771, 758, 772),
            (511, 758, 759, 772),
            (511, 759, 512, 772),
            (512, 513, 526, 773),
            (512, 526, 525, 773),
            (512, 525, 772, 773),
            (512, 772, 759, 773),
            (512, 759, 760, 773),
            (512, 760, 513, 773),
            (513, 514, 527, 774),
            (513, 527, 526, 774),
            (513, 526, 773, 774),
            (513, 773, 760, 774),
            (513, 760, 761, 774),
            (513, 761, 514, 774),
            (514, 515, 528, 775),
            (514, 528, 527, 775),
            (514, 527, 774, 775),
            (514, 774, 761, 775),
            (514, 761, 762, 775),
            (514, 762, 515, 775),
            (515, 516, 529, 776),
            (515, 529, 528, 776),
            (515, 528, 775, 776),
            (515, 775, 762, 776),
            (515, 762, 763, 776),
            (515, 763, 516, 776),
            (516, 517, 530, 777),
            (516, 530, 529, 777),
            (516, 529, 776, 777),
            (516, 776, 763, 777),
            (516, 763, 764, 777),
            (516, 764, 517, 777),
            (517, 518, 531, 778),
            (517, 531, 530, 778),
            (517, 530, 777, 778),
            (517, 777, 764, 778),
            (517, 764, 765, 778),
            (517, 765, 518, 778),
            (518, 519, 532, 779),
            (518, 532, 531, 779),
            (518, 531, 778, 779),
            (518, 778, 765, 779),
            (518, 765, 766, 779),
            (518, 766, 519, 779),
            (520, 521, 534, 781),
            (520, 534, 533, 781),
            (520, 533, 780, 781),
            (520, 780, 767, 781),
            (520, 767, 768, 781),
            (520, 768, 521, 781),
            (521, 522, 535, 782),
            (521, 535, 534, 782),
            (521, 534, 781, 782),
            (521, 781, 768, 782),
            (521, 768, 769, 782),
            (521, 769, 522, 782),
            (522, 523, 536, 783),
            (522, 536, 535, 783),
            (522, 535, 782, 783),
            (522, 782, 769, 783),
            (522, 769, 770, 783),
            (522, 770, 523, 783),
            (523, 524, 537, 784),
            (523, 537, 536, 784),
            (523, 536, 783, 784),
            (523, 783, 770, 784),
            (523, 770, 771, 784),
            (523, 771, 524, 784),
            (524, 525, 538, 785),
            (524, 538, 537, 785),
            (524, 537, 784, 785),
            (524, 784, 771, 785),
            (524, 771, 772, 785),
            (524, 772, 525, 785),
            (525, 526, 539, 786),
            (525, 539, 538, 786),
            (525, 538, 785, 786),
            (525, 785, 772, 786),
            (525, 772, 773, 786),
            (525, 773, 526, 786),
            (526, 527, 540, 787),
            (526, 540, 539, 787),
            (526, 539, 786, 787),
            (526, 786, 773, 787),
            (526, 773, 774, 787),
            (526, 774, 527, 787),
            (527, 528, 541, 788),
            (527, 541, 540, 788),
            (527, 540, 787, 788),
            (527, 787, 774, 788),
            (527, 774, 775, 788),
            (527, 775, 528, 788),
            (528, 529, 542, 789),
            (528, 542, 541, 789),
            (528, 541, 788, 789),
            (528, 788, 775, 789),
            (528, 775, 776, 789),
            (528, 776, 529, 789),
            (529, 530, 543, 790),
            (529, 543, 542, 790),
            (529, 542, 789, 790),
            (529, 789, 776, 790),
            (529, 776, 777, 790),
            (529, 777, 530, 790),
            (530, 531, 544, 791),
            (530, 544, 543, 791),
            (530, 543, 790, 791),
            (530, 790, 777, 791),
            (530, 777, 778, 791),
            (530, 778, 531, 791),
            (531, 532, 545, 792),
            (531, 545, 544, 792),
            (531, 544, 791, 792),
            (531, 791, 778, 792),
            (531, 778, 779, 792),
            (531, 779, 532, 792),
            (533, 534, 547, 794),
            (533, 547, 546, 794),
            (533, 546, 793, 794),
            (533, 793, 780, 794),
            (533, 780, 781, 794),
            (533, 781, 534, 794),
            (534, 535, 548, 795),
            (534, 548, 547, 795),
            (534, 547, 794, 795),
            (534, 794, 781, 795),
            (534, 781, 782, 795),
            (534, 782, 535, 795),
            (535, 536, 549, 796),
            (535, 549, 548, 796),
            (535, 548, 795, 796),
            (535, 795, 782, 796),
            (535, 782, 783, 796),
            (535, 783, 536, 796),
            (536, 537, 550, 797),
            (536, 550, 549, 797),
            (536, 549, 796, 797),
            (536, 796, 783, 797),
            (536, 783, 784, 797),
            (536, 784, 537, 797),
            (537, 538, 551, 798),
            (537, 551, 550, 798),
            (537, 550, 797, 798),
            (537, 797, 784, 798),
            (537, 784, 785, 798),
            (537, 785, 538, 798),
            (538, 539, 552, 799),
            (538, 552, 551, 799),
            (538, 551, 798, 799),
            (538, 798, 785, 799),
            (538, 785, 786, 799),
            (538, 786, 539, 799),
            (539, 540, 553, 800),
            (539, 553, 552, 800),
            (539, 552, 799, 800),
            (539, 799, 786, 800),
            (539, 786, 787, 800),
            (539, 787, 540, 800),
            (540, 541, 554, 801),
            (540, 554, 553, 801),
            (540, 553, 800, 801),
            (540, 800, 787, 801),
            (540, 787, 788, 801),
            (540, 788, 541, 801),
            (541, 542, 555, 802),
            (541, 555, 554, 802),
            (541, 554, 801, 802),
            (541, 801, 788, 802),
            (541, 788, 789, 802),
            (541, 789, 542, 802),
            (542, 543, 556, 803),
            (542, 556, 555, 803),
            (542, 555, 802, 803),
            (542, 802, 789, 803),
            (542, 789, 790, 803),
            (542, 790, 543, 803),
            (543, 544, 557, 804),
            (543, 557, 556, 804),
            (543, 556, 803, 804),
            (543, 803, 790, 804),
            (543, 790, 791, 804),
            (543, 791, 544, 804),
            (544, 545, 558, 805),
            (544, 558, 557, 805),
            (544, 557, 804, 805),
            (544, 804, 791, 805),
            (544, 791, 792, 805),
            (544, 792, 545, 805),
            (546, 547, 560, 807),
            (546, 560, 559, 807),
            (546, 559, 806, 807),
            (546, 806, 793, 807),
            (546, 793, 794, 807),
            (546, 794, 547, 807),
            (547, 548, 561, 808),
            (547, 561, 560, 808),
            (547, 560, 807, 808),
            (547, 807, 794, 808),
            (547, 794, 795, 808),
            (547, 795, 548, 808),
            (548, 549, 562, 809),
            (548, 562, 561, 809),
            (548, 561, 808, 809),
            (548, 808, 795, 809),
            (548, 795, 796, 809),
            (548, 796, 549, 809),
            (549, 550, 563, 810),
            (549, 563, 562, 810),
            (549, 562, 809, 810),
            (549, 809, 796, 810),
            (549, 796, 797, 810),
            (549, 797, 550, 810),
            (550, 551, 564, 811),
            (550, 564, 563, 811),
            (550, 563, 810, 811),
            (550, 810, 797, 811),
            (550, 797, 798, 811),
            (550, 798, 551, 811),
            (551, 552, 565, 812),
            (551, 565, 564, 812),
            (551, 564, 811, 812),
            (551, 811, 798, 812),
            (551, 798, 799, 812),
            (551, 799, 552, 812),
            (552, 553, 566, 813),
            (552, 566, 565, 813),
            (552, 565, 812, 813),
            (552, 812, 799, 813),
            (552, 799, 800, 813),
            (552, 800, 553, 813),
            (553, 554, 567, 814),
            (553, 567, 566, 814),
            (553, 566, 813, 814),
            (553, 813, 800, 814),
            (553, 800, 801, 814),
            (553, 801, 554, 814),
            (554, 555, 568, 815),
            (554, 568, 567, 815),
            (554, 567, 814, 815),
            (554, 814, 801, 815),
            (554, 801, 802, 815),
            (554, 802, 555, 815),
            (555, 556, 569, 816),
            (555, 569, 568, 816),
            (555, 568, 815, 816),
            (555, 815, 802, 816),
            (555, 802, 803, 816),
            (555, 803, 556, 816),
            (556, 557, 570, 817),
            (556, 570, 569, 817),
            (556, 569, 816, 817),
            (556, 816, 803, 817),
            (556, 803, 804, 817),
            (556, 804, 557, 817),
            (557, 558, 571, 818),
            (557, 571, 570, 818),
            (557, 570, 817, 818),
            (557, 817, 804, 818),
            (557, 804, 805, 818),
            (557, 805, 558, 818),
            (559, 560, 573, 820),
            (559, 573, 572, 820),
            (559, 572, 819, 820),
            (559, 819, 806, 820),
            (559, 806, 807, 820),
            (559, 807, 560, 820),
            (560, 561, 574, 821),
            (560, 574, 573, 821),
            (560, 573, 820, 821),
            (560, 820, 807, 821),
            (560, 807, 808, 821),
            (560, 808, 561, 821),
            (561, 562, 575, 822),
            (561, 575, 574, 822),
            (561, 574, 821, 822),
            (561, 821, 808, 822),
            (561, 808, 809, 822),
            (561, 809, 562, 822),
            (562, 563, 576, 823),
            (562, 576, 575, 823),
            (562, 575, 822, 823),
            (562, 822, 809, 823),
            (562, 809, 810, 823),
            (562, 810, 563, 823),
            (563, 564, 577, 824),
            (563, 577, 576, 824),
            (563, 576, 823, 824),
            (563, 823, 810, 824),
            (563, 810, 811, 824),
            (563, 811, 564, 824),
            (564, 565, 578, 825),
            (564, 578, 577, 825),
            (564, 577, 824, 825),
            (564, 824, 811, 825),
            (564, 811, 812, 825),
            (564, 812, 565, 825),
            (565, 566, 579, 826),
            (565, 579, 578, 826),
            (565, 578, 825, 826),
            (565, 825, 812, 826),
            (565, 812, 813, 826),
            (565, 813, 566, 826),
            (566, 567, 580, 827),
            (566, 580, 579, 827),
            (566, 579, 826, 827),
            (566, 826, 813, 827),
            (566, 813, 814, 827),
            (566, 814, 567, 827),
            (567, 568, 581, 828),
            (567, 581, 580, 828),
            (567, 580, 827, 828),
            (567, 827, 814, 828),
            (567, 814, 815, 828),
            (567, 815, 568, 828),
            (568, 569, 582, 829),
            (568, 582, 581, 829),
            (568, 581, 828, 829),
            (568, 828, 815, 829),
            (568, 815, 816, 829),
            (568, 816, 569, 829),
            (569, 570, 583, 830),
            (569, 583, 582, 830),
            (569, 582, 829, 830),
            (569, 829, 816, 830),
            (569, 816, 817, 830),
            (569, 817, 570, 830),
            (570, 571, 584, 831),
            (570, 584, 583, 831),
            (570, 583, 830, 831),
            (570, 830, 817, 831),
            (570, 817, 818, 831),
            (570, 818, 571, 831),
            (572, 573, 586, 833),
            (572, 586, 585, 833),
            (572, 585, 832, 833),
            (572, 832, 819, 833),
            (572, 819, 820, 833),
            (572, 820, 573, 833),
            (573, 574, 587, 834),
            (573, 587, 586, 834),
            (573, 586, 833, 834),
            (573, 833, 820, 834),
            (573, 820, 821, 834),
            (573, 821, 574, 834),
            (574, 575, 588, 835),
            (574, 588, 587, 835),
            (574, 587, 834, 835),
            (574, 834, 821, 835),
            (574, 821, 822, 835),
            (574, 822, 575, 835),
            (575, 576, 589, 836),
            (575, 589, 588, 836),
            (575, 588, 835, 836),
            (575, 835, 822, 836),
            (575, 822, 823, 836),
            (575, 823, 576, 836),
            (576, 577, 590, 837),
            (576, 590, 589, 837),
            (576, 589, 836, 837),
            (576, 836, 823, 837),
            (576, 823, 824, 837),
            (576, 824, 577, 837),
            (577, 578, 591, 838),
            (577, 591, 590, 838),
            (577, 590, 837, 838),
            (577, 837, 824, 838),
            (577, 824, 825, 838),
            (577, 825, 578, 838),
            (578, 579, 592, 839),
            (578, 592, 591, 839),
            (578, 591, 838, 839),
            (578, 838, 825, 839),
            (578, 825, 826, 839),
            (578, 826, 579, 839),
            (579, 580, 593, 840),
            (579, 593, 592, 840),
            (579, 592, 839, 840),
            (579, 839, 826, 840),
            (579, 826, 827, 840),
            (579, 827, 580, 840),
            (580, 581, 594, 841),
            (580, 594, 593, 841),
            (580, 593, 840, 841),
            (580, 840, 827, 841),
            (580, 827, 828, 841),
            (580, 828, 581, 841),
            (581, 582, 595, 842),
            (581, 595, 594, 842),
            (581, 594, 841, 842),
            (581, 841, 828, 842),
            (581, 828, 829, 842),
            (581, 829, 582, 842),
            (582, 583, 596, 843),
            (582, 596, 595, 843),
            (582, 595, 842, 843),
            (582, 842, 829, 843),
            (582, 829, 830, 843),
            (582, 830, 583, 843),
            (583, 584, 597, 844),
            (583, 597, 596, 844),
            (583, 596, 843, 844),
            (583, 843, 830, 844),
            (583, 830, 831, 844),
            (583, 831, 584, 844),
            (585, 586, 599, 846),
            (585, 599, 598, 846),
            (585, 598, 845, 846),
            (585, 845, 832, 846),
            (585, 832, 833, 846),
            (585, 833, 586, 846),
            (586, 587, 600, 847),
            (586, 600, 599, 847),
            (586, 599, 846, 847),
            (586, 846, 833, 847),
            (586, 833, 834, 847),
            (586, 834, 587, 847),
            (587, 588, 601, 848),
            (587, 601, 600, 848),
            (587, 600, 847, 848),
            (587, 847, 834, 848),
            (587, 834, 835, 848),
            (587, 835, 588, 848),
            (588, 589, 602, 849),
            (588, 602, 601, 849),
            (588, 601, 848, 849),
            (588, 848, 835, 849),
            (588, 835, 836, 849),
            (588, 836, 589, 849),
            (589, 590, 603, 850),
            (589, 603, 602, 850),
            (589, 602, 849, 850),
            (589, 849, 836, 850),
            (589, 836, 837, 850),
            (589, 837, 590, 850),
            (590, 591, 604, 851),
            (590, 604, 603, 851),
            (590, 603, 850, 851),
            (590, 850, 837, 851),
            (590, 837, 838, 851),
            (590, 838, 591, 851),
            (591, 592, 605, 852),
            (591, 605, 604, 852),
            (591, 604, 851, 852),
            (591, 851, 838, 852),
            (591, 838, 839, 852),
            (591, 839, 592, 852),
            (592, 593, 606, 853),
            (592, 606, 605, 853),
            (592, 605, 852, 853),
            (592, 852, 839, 853),
            (592, 839, 840, 853),
            (592, 840, 593, 853),
            (593, 594, 607, 854),
            (593, 607, 606, 854),
            (593, 606, 853, 854),
            (593, 853, 840, 854),
            (593, 840, 841, 854),
            (593, 841, 594, 854),
            (594, 595, 608, 855),
            (594, 608, 607, 855),
            (594, 607, 854, 855),
            (594, 854, 841, 855),
            (594, 841, 842, 855),
            (594, 842, 595, 855),
            (595, 596, 609, 856),
            (595, 609, 608, 856),
            (595, 608, 855, 856),
            (595, 855, 842, 856),
            (595, 842, 843, 856),
            (595, 843, 596, 856),
            (596, 597, 610, 857),
            (596, 610, 609, 857),
            (596, 609, 856, 857),
            (596, 856, 843, 857),
            (596, 843, 844, 857),
            (596, 844, 597, 857),
            (598, 599, 612, 859),
            (598, 612, 611, 859),
            (598, 611, 858, 859),
            (598, 858, 845, 859),
            (598, 845, 846, 859),
            (598, 846, 599, 859),
            (599, 600, 613, 860),
            (599, 613, 612, 860),
            (599, 612, 859, 860),
            (599, 859, 846, 860),
            (599, 846, 847, 860),
            (599, 847, 600, 860),
            (600, 601, 614, 861),
            (600, 614, 613, 861),
            (600, 613, 860, 861),
            (600, 860, 847, 861),
            (600, 847, 848, 861),
            (600, 848, 601, 861),
            (601, 602, 615, 862),
            (601, 615, 614, 862),
            (601, 614, 861, 862),
            (601, 861, 848, 862),
            (601, 848, 849, 862),
            (601, 849, 602, 862),
            (602, 603, 616, 863),
            (602, 616, 615, 863),
            (602, 615, 862, 863),
            (602, 862, 849, 863),
            (602, 849, 850, 863),
            (602, 850, 603, 863),
            (603, 604, 617, 864),
            (603, 617, 616, 864),
            (603, 616, 863, 864),
            (603, 863, 850, 864),
            (603, 850, 851, 864),
            (603, 851, 604, 864),
            (604, 605, 618, 865),
            (604, 618, 617, 865),
            (604, 617, 864, 865),
            (604, 864, 851, 865),
            (604, 851, 852, 865),
            (604, 852, 605, 865),
            (605, 606, 619, 866),
            (605, 619, 618, 866),
            (605, 618, 865, 866),
            (605, 865, 852, 866),
            (605, 852, 853, 866),
            (605, 853, 606, 866),
            (606, 607, 620, 867),
            (606, 620, 619, 867),
            (606, 619, 866, 867),
            (606, 866, 853, 867),
            (606, 853, 854, 867),
            (606, 854, 607, 867),
            (607, 608, 621, 868),
            (607, 621, 620, 868),
            (607, 620, 867, 868),
            (607, 867, 854, 868),
            (607, 854, 855, 868),
            (607, 855, 608, 868),
            (608, 609, 622, 869),
            (608, 622, 621, 869),
            (608, 621, 868, 869),
            (608, 868, 855, 869),
            (608, 855, 856, 869),
            (608, 856, 609, 869),
            (609, 610, 623, 870),
            (609, 623, 622, 870),
            (609, 622, 869, 870),
            (609, 869, 856, 870),
            (609, 856, 857, 870),
            (609, 857, 610, 870),
            (611, 612, 625, 872),
            (611, 625, 624, 872),
            (611, 624, 871, 872),
            (611, 871, 858, 872),
            (611, 858, 859, 872),
            (611, 859, 612, 872),
            (612, 613, 626, 873),
            (612, 626, 625, 873),
            (612, 625, 872, 873),
            (612, 872, 859, 873),
            (612, 859, 860, 873),
            (612, 860, 613, 873),
            (613, 614, 627, 874),
            (613, 627, 626, 874),
            (613, 626, 873, 874),
            (613, 873, 860, 874),
            (613, 860, 861, 874),
            (613, 861, 614, 874),
            (614, 615, 628, 875),
            (614, 628, 627, 875),
            (614, 627, 874, 875),
            (614, 874, 861, 875),
            (614, 861, 862, 875),
            (614, 862, 615, 875),
            (615, 616, 629, 876),
            (615, 629, 628, 876),
            (615, 628, 875, 876),
            (615, 875, 862, 876),
            (615, 862, 863, 876),
            (615, 863, 616, 876),
            (616, 617, 630, 877),
            (616, 630, 629, 877),
            (616, 629, 876, 877),
            (616, 876, 863, 877),
            (616, 863, 864, 877),
            (616, 864, 617, 877),
            (617, 618, 631, 878),
            (617, 631, 630, 878),
            (617, 630, 877, 878),
            (617, 877, 864, 878),
            (617, 864, 865, 878),
            (617, 865, 618, 878),
            (618, 619, 632, 879),
            (618, 632, 631, 879),
            (618, 631, 878, 879),
            (618, 878, 865, 879),
            (618, 865, 866, 879),
            (618, 866, 619, 879),
            (619, 620, 633, 880),
            (619, 633, 632, 880),
            (619, 632, 879, 880),
            (619, 879, 866, 880),
            (619, 866, 867, 880),
            (619, 867, 620, 880),
            (620, 621, 634, 881),
            (620, 634, 633, 881),
            (620, 633, 880, 881),
            (620, 880, 867, 881),
            (620, 867, 868, 881),
            (620, 868, 621, 881),
            (621, 622, 635, 882),
            (621, 635, 634, 882),
            (621, 634, 881, 882),
            (621, 881, 868, 882),
            (621, 868, 869, 882),
            (621, 869, 622, 882),
            (622, 623, 636, 883),
            (622, 636, 635, 883),
            (622, 635, 882, 883),
            (622, 882, 869, 883),
            (622, 869, 870, 883),
            (622, 870, 623, 883),
            (624, 625, 638, 885),
            (624, 638, 637, 885),
            (624, 637, 884, 885),
            (624, 884, 871, 885),
            (624, 871, 872, 885),
            (624, 872, 625, 885),
            (625, 626, 639, 886),
            (625, 639, 638, 886),
            (625, 638, 885, 886),
            (625, 885, 872, 886),
            (625, 872, 873, 886),
            (625, 873, 626, 886),
            (626, 627, 640, 887),
            (626, 640, 639, 887),
            (626, 639, 886, 887),
            (626, 886, 873, 887),
            (626, 873, 874, 887),
            (626, 874, 627, 887),
            (627, 628, 641, 888),
            (627, 641, 640, 888),
            (627, 640, 887, 888),
            (627, 887, 874, 888),
            (627, 874, 875, 888),
            (627, 875, 628, 888),
            (628, 629, 642, 889),
            (628, 642, 641, 889),
            (628, 641, 888, 889),
            (628, 888, 875, 889),
            (628, 875, 876, 889),
            (628, 876, 629, 889),
            (629, 630, 643, 890),
            (629, 643, 642, 890),
            (629, 642, 889, 890),
            (629, 889, 876, 890),
            (629, 876, 877, 890),
            (629, 877, 630, 890),
            (630, 631, 644, 891),
            (630, 644, 643, 891),
            (630, 643, 890, 891),
            (630, 890, 877, 891),
            (630, 877, 878, 891),
            (630, 878, 631, 891),
            (631, 632, 645, 892),
            (631, 645, 644, 892),
            (631, 644, 891, 892),
            (631, 891, 878, 892),
            (631, 878, 879, 892),
            (631, 879, 632, 892),
            (632, 633, 646, 893),
            (632, 646, 645, 893),
            (632, 645, 892, 893),
            (632, 892, 879, 893),
            (632, 879, 880, 893),
            (632, 880, 633, 893),
            (633, 634, 647, 894),
            (633, 647, 646, 894),
            (633, 646, 893, 894),
            (633, 893, 880, 894),
            (633, 880, 881, 894),
            (633, 881, 634, 894),
            (634, 635, 648, 895),
            (634, 648, 647, 895),
            (634, 647, 894, 895),
            (634, 894, 881, 895),
            (634, 881, 882, 895),
            (634, 882, 635, 895),
            (635, 636, 649, 896),
            (635, 649, 648, 896),
            (635, 648, 895, 896),
            (635, 895, 882, 896),
            (635, 882, 883, 896),
            (635, 883, 636, 896),
            (637, 638, 651, 898),
            (637, 651, 650, 898),
            (637, 650, 897, 898),
            (637, 897, 884, 898),
            (637, 884, 885, 898),
            (637, 885, 638, 898),
            (638, 639, 652, 899),
            (638, 652, 651, 899),
            (638, 651, 898, 899),
            (638, 898, 885, 899),
            (638, 885, 886, 899),
            (638, 886, 639, 899),
            (639, 640, 653, 900),
            (639, 653, 652, 900),
            (639, 652, 899, 900),
            (639, 899, 886, 900),
            (639, 886, 887, 900),
            (639, 887, 640, 900),
            (640, 641, 654, 901),
            (640, 654, 653, 901),
            (640, 653, 900, 901),
            (640, 900, 887, 901),
            (640, 887, 888, 901),
            (640, 888, 641, 901),
            (641, 642, 655, 902),
            (641, 655, 654, 902),
            (641, 654, 901, 902),
            (641, 901, 888, 902),
            (641, 888, 889, 902),
            (641, 889, 642, 902),
            (642, 643, 656, 903),
            (642, 656, 655, 903),
            (642, 655, 902, 903),
            (642, 902, 889, 903),
            (642, 889, 890, 903),
            (642, 890, 643, 903),
            (643, 644, 657, 904),
            (643, 657, 656, 904),
            (643, 656, 903, 904),
            (643, 903, 890, 904),
            (643, 890, 891, 904),
            (643, 891, 644, 904),
            (644, 645, 658, 905),
            (644, 658, 657, 905),
            (644, 657, 904, 905),
            (644, 904, 891, 905),
            (644, 891, 892, 905),
            (644, 892, 645, 905),
            (645, 646, 659, 906),
            (645, 659, 658, 906),
            (645, 658, 905, 906),
            (645, 905, 892, 906),
            (645, 892, 893, 906),
            (645, 893, 646, 906),
            (646, 647, 660, 907),
            (646, 660, 659, 907),
            (646, 659, 906, 907),
            (646, 906, 893, 907),
            (646, 893, 894, 907),
            (646, 894, 647, 907),
            (647, 648, 661, 908),
            (647, 661, 660, 908),
            (647, 660, 907, 908),
            (647, 907, 894, 908),
            (647, 894, 895, 908),
            (647, 895, 648, 908),
            (648, 649, 662, 909),
            (648, 662, 661, 909),
            (648, 661, 908, 909),
            (648, 908, 895, 909),
            (648, 895, 896, 909),
            (648, 896, 649, 909),
            (650, 651, 664, 911),
            (650, 664, 663, 911),
            (650, 663, 910, 911),
            (650, 910, 897, 911),
            (650, 897, 898, 911),
            (650, 898, 651, 911),
            (651, 652, 665, 912),
            (651, 665, 664, 912),
            (651, 664, 911, 912),
            (651, 911, 898, 912),
            (651, 898, 899, 912),
            (651, 899, 652, 912),
            (652, 653, 666, 913),
            (652, 666, 665, 913),
            (652, 665, 912, 913),
            (652, 912, 899, 913),
            (652, 899, 900, 913),
            (652, 900, 653, 913),
            (653, 654, 667, 914),
            (653, 667, 666, 914),
            (653, 666, 913, 914),
            (653, 913, 900, 914),
            (653, 900, 901, 914),
            (653, 901, 654, 914),
            (654, 655, 668, 915),
            (654, 668, 667, 915),
            (654, 667, 914, 915),
            (654, 914, 901, 915),
            (654, 901, 902, 915),
            (654, 902, 655, 915),
            (655, 656, 669, 916),
            (655, 669, 668, 916),
            (655, 668, 915, 916),
            (655, 915, 902, 916),
            (655, 902, 903, 916),
            (655, 903, 656, 916),
            (656, 657, 670, 917),
            (656, 670, 669, 917),
            (656, 669, 916, 917),
            (656, 916, 903, 917),
            (656, 903, 904, 917),
            (656, 904, 657, 917),
            (657, 658, 671, 918),
            (657, 671, 670, 918),
            (657, 670, 917, 918),
            (657, 917, 904, 918),
            (657, 904, 905, 918),
            (657, 905, 658, 918),
            (658, 659, 672, 919),
            (658, 672, 671, 919),
            (658, 671, 918, 919),
            (658, 918, 905, 919),
            (658, 905, 906, 919),
            (658, 906, 659, 919),
            (659, 660, 673, 920),
            (659, 673, 672, 920),
            (659, 672, 919, 920),
            (659, 919, 906, 920),
            (659, 906, 907, 920),
            (659, 907, 660, 920),
            (660, 661, 674, 921),
            (660, 674, 673, 921),
            (660, 673, 920, 921),
            (660, 920, 907, 921),
            (660, 907, 908, 921),
            (660, 908, 661, 921),
            (661, 662, 675, 922),
            (661, 675, 674, 922),
            (661, 674, 921, 922),
            (661, 921, 908, 922),
            (661, 908, 909, 922),
            (661, 909, 662, 922),
            (663, 664, 677, 924),
            (663, 677, 676, 924),
            (663, 676, 923, 924),
            (663, 923, 910, 924),
            (663, 910, 911, 924),
            (663, 911, 664, 924),
            (664, 665, 678, 925),
            (664, 678, 677, 925),
            (664, 677, 924, 925),
            (664, 924, 911, 925),
            (664, 911, 912, 925),
            (664, 912, 665, 925),
            (665, 666, 679, 926),
            (665, 679, 678, 926),
            (665, 678, 925, 926),
            (665, 925, 912, 926),
            (665, 912, 913, 926),
            (665, 913, 666, 926),
            (666, 667, 680, 927),
            (666, 680, 679, 927),
            (666, 679, 926, 927),
            (666, 926, 913, 927),
            (666, 913, 914, 927),
            (666, 914, 667, 927),
            (667, 668, 681, 928),
            (667, 681, 680, 928),
            (667, 680, 927, 928),
            (667, 927, 914, 928),
            (667, 914, 915, 928),
            (667, 915, 668, 928),
            (668, 669, 682, 929),
            (668, 682, 681, 929),
            (668, 681, 928, 929),
            (668, 928, 915, 929),
            (668, 915, 916, 929),
            (668, 916, 669, 929),
            (669, 670, 683, 930),
            (669, 683, 682, 930),
            (669, 682, 929, 930),
            (669, 929, 916, 930),
            (669, 916, 917, 930),
            (669, 917, 670, 930),
            (670, 671, 684, 931),
            (670, 684, 683, 931),
            (670, 683, 930, 931),
            (670, 930, 917, 931),
            (670, 917, 918, 931),
            (670, 918, 671, 931),
            (671, 672, 685, 932),
            (671, 685, 684, 932),
            (671, 684, 931, 932),
            (671, 931, 918, 932),
            (671, 918, 919, 932),
            (671, 919, 672, 932),
            (672, 673, 686, 933),
            (672, 686, 685, 933),
            (672, 685, 932, 933),
            (672, 932, 919, 933),
            (672, 919, 920, 933),
            (672, 920, 673, 933),
            (673, 674, 687, 934),
            (673, 687, 686, 934),
            (673, 686, 933, 934),
            (673, 933, 920, 934),
            (673, 920, 921, 934),
            (673, 921, 674, 934),
            (674, 675, 688, 935),
            (674, 688, 687, 935),
            (674, 687, 934, 935),
            (674, 934, 921, 935),
            (674, 921, 922, 935),
            (674, 922, 675, 935),
            (676, 677, 690, 937),
            (676, 690, 689, 937),
            (676, 689, 936, 937),
            (676, 936, 923, 937),
            (676, 923, 924, 937),
            (676, 924, 677, 937),
            (677, 678, 691, 938),
            (677, 691, 690, 938),
            (677, 690, 937, 938),
            (677, 937, 924, 938),
            (677, 924, 925, 938),
            (677, 925, 678, 938),
            (678, 679, 692, 939),
            (678, 692, 691, 939),
            (678, 691, 938, 939),
            (678, 938, 925, 939),
            (678, 925, 926, 939),
            (678, 926, 679, 939),
            (679, 680, 693, 940),
            (679, 693, 692, 940),
            (679, 692, 939, 940),
            (679, 939, 926, 940),
            (679, 926, 927, 940),
            (679, 927, 680, 940),
            (680, 681, 694, 941),
            (680, 694, 693, 941),
            (680, 693, 940, 941),
            (680, 940, 927, 941),
            (680, 927, 928, 941),
            (680, 928, 681, 941),
            (681, 682, 695, 942),
            (681, 695, 694, 942),
            (681, 694, 941, 942),
            (681, 941, 928, 942),
            (681, 928, 929, 942),
            (681, 929, 682, 942),
            (682, 683, 696, 943),
            (682, 696, 695, 943),
            (682, 695, 942, 943),
            (682, 942, 929, 943),
            (682, 929, 930, 943),
            (682, 930, 683, 943),
            (683, 684, 697, 944),
            (683, 697, 696, 944),
            (683, 696, 943, 944),
            (683, 943, 930, 944),
            (683, 930, 931, 944),
            (683, 931, 684, 944),
            (684, 685, 698, 945),
            (684, 698, 697, 945),
            (684, 697, 944, 945),
            (684, 944, 931, 945),
            (684, 931, 932, 945),
            (684, 932, 685, 945),
            (685, 686, 699, 946),
            (685, 699, 698, 946),
            (685, 698, 945, 946),
            (685, 945, 932, 946),
            (685, 932, 933, 946),
            (685, 933, 686, 946),
            (686, 687, 700, 947),
            (686, 700, 699, 947),
            (686, 699, 946, 947),
            (686, 946, 933, 947),
            (686, 933, 934, 947),
            (686, 934, 687, 947),
            (687, 688, 701, 948),
            (687, 701, 700, 948),
            (687, 700, 947, 948),
            (687, 947, 934, 948),
            (687, 934, 935, 948),
            (687, 935, 688, 948),
            (689, 690, 703, 950),
            (689, 703, 702, 950),
            (689, 702, 949, 950),
            (689, 949, 936, 950),
            (689, 936, 937, 950),
            (689, 937, 690, 950),
            (690, 691, 704, 951),
            (690, 704, 703, 951),
            (690, 703, 950, 951),
            (690, 950, 937, 951),
            (690, 937, 938, 951),
            (690, 938, 691, 951),
            (691, 692, 705, 952),
            (691, 705, 704, 952),
            (691, 704, 951, 952),
            (691, 951, 938, 952),
            (691, 938, 939, 952),
            (691, 939, 692, 952),
            (692, 693, 706, 953),
            (692, 706, 705, 953),
            (692, 705, 952, 953),
            (692, 952, 939, 953),
            (692, 939, 940, 953),
            (692, 940, 693, 953),
            (693, 694, 707, 954),
            (693, 707, 706, 954),
            (693, 706, 953, 954),
            (693, 953, 940, 954),
            (693, 940, 941, 954),
            (693, 941, 694, 954),
            (694, 695, 708, 955),
            (694, 708, 707, 955),
            (694, 707, 954, 955),
            (694, 954, 941, 955),
            (694, 941, 942, 955),
            (694, 942, 695, 955),
            (695, 696, 709, 956),
            (695, 709, 708, 956),
            (695, 708, 955, 956),
            (695, 955, 942, 956),
            (695, 942, 943, 956),
            (695, 943, 696, 956),
            (696, 697, 710, 957),
            (696, 710, 709, 957),
            (696, 709, 956, 957),
            (696, 956, 943, 957),
            (696, 943, 944, 957),
            (696, 944, 697, 957),
            (697, 698, 711, 958),
            (697, 711, 710, 958),
            (697, 710, 957, 958),
            (697, 957, 944, 958),
            (697, 944, 945, 958),
            (697, 945, 698, 958),
            (698, 699, 712, 959),
            (698, 712, 711, 959),
            (698, 711, 958, 959),
            (698, 958, 945, 959),
            (698, 945, 946, 959),
            (698, 946, 699, 959),
            (699, 700, 713, 960),
            (699, 713, 712, 960),
            (699, 712, 959, 960),
            (699, 959, 946, 960),
            (699, 946, 947, 960),
            (699, 947, 700, 960),
            (700, 701, 714, 961),
            (700, 714, 713, 961),
            (700, 713, 960, 961),
            (700, 960, 947, 961),
            (700, 947, 948, 961),
            (700, 948, 701, 961),
            (702, 703, 716, 963),
            (702, 716, 715, 963),
            (702, 715, 962, 963),
            (702, 962, 949, 963),
            (702, 949, 950, 963),
            (702, 950, 703, 963),
            (703, 704, 717, 964),
            (703, 717, 716, 964),
            (703, 716, 963, 964),
            (703, 963, 950, 964),
            (703, 950, 951, 964),
            (703, 951, 704, 964),
            (704, 705, 718, 965),
            (704, 718, 717, 965),
            (704, 717, 964, 965),
            (704, 964, 951, 965),
            (704, 951, 952, 965),
            (704, 952, 705, 965),
            (705, 706, 719, 966),
            (705, 719, 718, 966),
            (705, 718, 965, 966),
            (705, 965, 952, 966),
            (705, 952, 953, 966),
            (705, 953, 706, 966),
            (706, 707, 720, 967),
            (706, 720, 719, 967),
            (706, 719, 966, 967),
            (706, 966, 953, 967),
            (706, 953, 954, 967),
            (706, 954, 707, 967),
            (707, 708, 721, 968),
            (707, 721, 720, 968),
            (707, 720, 967, 968),
            (707, 967, 954, 968),
            (707, 954, 955, 968),
            (707, 955, 708, 968),
            (708, 709, 722, 969),
            (708, 722, 721, 969),
            (708, 721, 968, 969),
            (708, 968, 955, 969),
            (708, 955, 956, 969),
            (708, 956, 709, 969),
            (709, 710, 723, 970),
            (709, 723, 722, 970),
            (709, 722, 969, 970),
            (709, 969, 956, 970),
            (709, 956, 957, 970),
            (709, 957, 710, 970),
            (710, 711, 724, 971),
            (710, 724, 723, 971),
            (710, 723, 970, 971),
            (710, 970, 957, 971),
            (710, 957, 958, 971),
            (710, 958, 711, 971),
            (711, 712, 725, 972),
            (711, 725, 724, 972),
            (711, 724, 971, 972),
            (711, 971, 958, 972),
            (711, 958, 959, 972),
            (711, 959, 712, 972),
            (712, 713, 726, 973),
            (712, 726, 725, 973),
            (712, 725, 972, 973),
            (712, 972, 959, 973),
            (712, 959, 960, 973),
            (712, 960, 713, 973),
            (713, 714, 727, 974),
            (713, 727, 726, 974),
            (713, 726, 973, 974),
            (713, 973, 960, 974),
            (713, 960, 961, 974),
            (713, 961, 714, 974),
            (715, 716, 729, 976),
            (715, 729, 728, 976),
            (715, 728, 975, 976),
            (715, 975, 962, 976),
            (715, 962, 963, 976),
            (715, 963, 716, 976),
            (716, 717, 730, 977),
            (716, 730, 729, 977),
            (716, 729, 976, 977),
            (716, 976, 963, 977),
            (716, 963, 964, 977),
            (716, 964, 717, 977),
            (717, 718, 731, 978),
            (717, 731, 730, 978),
            (717, 730, 977, 978),
            (717, 977, 964, 978),
            (717, 964, 965, 978),
            (717, 965, 718, 978),
            (718, 719, 732, 979),
            (718, 732, 731, 979),
            (718, 731, 978, 979),
            (718, 978, 965, 979),
            (718, 965, 966, 979),
            (718, 966, 719, 979),
            (719, 720, 733, 980),
            (719, 733, 732, 980),
            (719, 732, 979, 980),
            (719, 979, 966, 980),
            (719, 966, 967, 980),
            (719, 967, 720, 980),
            (720, 721, 734, 981),
            (720, 734, 733, 981),
            (720, 733, 980, 981),
            (720, 980, 967, 981),
            (720, 967, 968, 981),
            (720, 968, 721, 981),
            (721, 722, 735, 982),
            (721, 735, 734, 982),
            (721, 734, 981, 982),
            (721, 981, 968, 982),
            (721, 968, 969, 982),
            (721, 969, 722, 982),
            (722, 723, 736, 983),
            (722, 736, 735, 983),
            (722, 735, 982, 983),
            (722, 982, 969, 983),
            (722, 969, 970, 983),
            (722, 970, 723, 983),
            (723, 724, 737, 984),
            (723, 737, 736, 984),
            (723, 736, 983, 984),
            (723, 983, 970, 984),
            (723, 970, 971, 984),
            (723, 971, 724, 984),
            (724, 725, 738, 985),
            (724, 738, 737, 985),
            (724, 737, 984, 985),
            (724, 984, 971, 985),
            (724, 971, 972, 985),
            (724, 972, 725, 985),
            (725, 726, 739, 986),
            (725, 739, 738, 986),
            (725, 738, 985, 986),
            (725, 985, 972, 986),
            (725, 972, 973, 986),
            (725, 973, 726, 986),
            (726, 727, 740, 987),
            (726, 740, 739, 987),
            (726, 739, 986, 987),
            (726, 986, 973, 987),
            (726, 973, 974, 987),
            (726, 974, 727, 987),
            (741, 742, 755, 1002),
            (741, 755, 754, 1002),
            (741, 754, 1001, 1002),
            (741, 1001, 988, 1002),
            (741, 988, 989, 1002),
            (741, 989, 742, 1002),
            (742, 743, 756, 1003),
            (742, 756, 755, 1003),
            (742, 755, 1002, 1003),
            (742, 1002, 989, 1003),
            (742, 989, 990, 1003),
            (742, 990, 743, 1003),
            (743, 744, 757, 1004),
            (743, 757, 756, 1004),
            (743, 756, 1003, 1004),
            (743, 1003, 990, 1004),
            (743, 990, 991, 1004),
            (743, 991, 744, 1004),
            (744, 745, 758, 1005),
            (744, 758, 757, 1005),
            (744, 757, 1004, 1005),
            (744, 1004, 991, 1005),
            (744, 991, 992, 1005),
            (744, 992, 745, 1005),
            (745, 746, 759, 1006),
            (745, 759, 758, 1006),
            (745, 758, 1005, 1006),
            (745, 1005, 992, 1006),
            (745, 992, 993, 1006),
            (745, 993, 746, 1006),
            (746, 747, 760, 1007),
            (746, 760, 759, 1007),
            (746, 759, 1006, 1007),
            (746, 1006, 993, 1007),
            (746, 993, 994, 1007),
            (746, 994, 747, 1007),
            (747, 748, 761, 1008),
            (747, 761, 760, 1008),
            (747, 760, 1007, 1008),
            (747, 1007, 994, 1008),
            (747, 994, 995, 1008),
            (747, 995, 748, 1008),
            (748, 749, 762, 1009),
            (748, 762, 761, 1009),
            (748, 761, 1008, 1009),
            (748, 1008, 995, 1009),
            (748, 995, 996, 1009),
            (748, 996, 749, 1009),
            (749, 750, 763, 1010),
            (749, 763, 762, 1010),
            (749, 762, 1009, 1010),
            (749, 1009, 996, 1010),
            (749, 996, 997, 1010),
            (749, 997, 750, 1010),
            (750, 751, 764, 1011),
            (750, 764, 763, 1011),
            (750, 763, 1010, 1011),
            (750, 1010, 997, 1011),
            (750, 997, 998, 1011),
            (750, 998, 751, 1011),
            (751, 752, 765, 1012),
            (751, 765, 764, 1012),
            (751, 764, 1011, 1012),
            (751, 1011, 998, 1012),
            (751, 998, 999, 1012),
            (751, 999, 752, 1012),
            (752, 753, 766, 1013),
            (752, 766, 765, 1013),
            (752, 765, 1012, 1013),
            (752, 1012, 999, 1013),
            (752, 999, 1000, 1013),
            (752, 1000, 753, 1013),
            (754, 755, 768, 1015),
            (754, 768, 767, 1015),
            (754, 767, 1014, 1015),
            (754, 1014, 1001, 1015),
            (754, 1001, 1002, 1015),
            (754, 1002, 755, 1015),
            (755, 756, 769, 1016),
            (755, 769, 768, 1016),
            (755, 768, 1015, 1016),
            (755, 1015, 1002, 1016),
            (755, 1002, 1003, 1016),
            (755, 1003, 756, 1016),
            (756, 757, 770, 1017),
            (756, 770, 769, 1017),
            (756, 769, 1016, 1017),
            (756, 1016, 1003, 1017),
            (756, 1003, 1004, 1017),
            (756, 1004, 757, 1017),
            (757, 758, 771, 1018),
            (757, 771, 770, 1018),
            (757, 770, 1017, 1018),
            (757, 1017, 1004, 1018),
            (757, 1004, 1005, 1018),
            (757, 1005, 758, 1018),
            (758, 759, 772, 1019),
            (758, 772, 771, 1019),
            (758, 771, 1018, 1019),
            (758, 1018, 1005, 1019),
            (758, 1005, 1006, 1019),
            (758, 1006, 759, 1019),
            (759, 760, 773, 1020),
            (759, 773, 772, 1020),
            (759, 772, 1019, 1020),
            (759, 1019, 1006, 1020),
            (759, 1006, 1007, 1020),
            (759, 1007, 760, 1020),
            (760, 761, 774, 1021),
            (760, 774, 773, 1021),
            (760, 773, 1020, 1021),
            (760, 1020, 1007, 1021),
            (760, 1007, 1008, 1021),
            (760, 1008, 761, 1021),
            (761, 762, 775, 1022),
            (761, 775, 774, 1022),
            (761, 774, 1021, 1022),
            (761, 1021, 1008, 1022),
            (761, 1008, 1009, 1022),
            (761, 1009, 762, 1022),
            (762, 763, 776, 1023),
            (762, 776, 775, 1023),
            (762, 775, 1022, 1023),
            (762, 1022, 1009, 1023),
            (762, 1009, 1010, 1023),
            (762, 1010, 763, 1023),
            (763, 764, 777, 1024),
            (763, 777, 776, 1024),
            (763, 776, 1023, 1024),
            (763, 1023, 1010, 1024),
            (763, 1010, 1011, 1024),
            (763, 1011, 764, 1024),
            (764, 765, 778, 1025),
            (764, 778, 777, 1025),
            (764, 777, 1024, 1025),
            (764, 1024, 1011, 1025),
            (764, 1011, 1012, 1025),
            (764, 1012, 765, 1025),
            (765, 766, 779, 1026),
            (765, 779, 778, 1026),
            (765, 778, 1025, 1026),
            (765, 1025, 1012, 1026),
            (765, 1012, 1013, 1026),
            (765, 1013, 766, 1026),
            (767, 768, 781, 1028),
            (767, 781, 780, 1028),
            (767, 780, 1027, 1028),
            (767, 1027, 1014, 1028),
            (767, 1014, 1015, 1028),
            (767, 1015, 768, 1028),
            (768, 769, 782, 1029),
            (768, 782, 781, 1029),
            (768, 781, 1028, 1029),
            (768, 1028, 1015, 1029),
            (768, 1015, 1016, 1029),
            (768, 1016, 769, 1029),
            (769, 770, 783, 1030),
            (769, 783, 782, 1030),
            (769, 782, 1029, 1030),
            (769, 1029, 1016, 1030),
            (769, 1016, 1017, 1030),
            (769, 1017, 770, 1030),
            (770, 771, 784, 1031),
            (770, 784, 783, 1031),
            (770, 783, 1030, 1031),
            (770, 1030, 1017, 1031),
            (770, 1017, 1018, 1031),
            (770, 1018, 771, 1031),
            (771, 772, 785, 1032),
            (771, 785, 784, 1032),
            (771, 784, 1031, 1032),
            (771, 1031, 1018, 1032),
            (771, 1018, 1019, 1032),
            (771, 1019, 772, 1032),
            (772, 773, 786, 1033),
            (772, 786, 785, 1033),
            (772, 785, 1032, 1033),
            (772, 1032, 1019, 1033),
            (772, 1019, 1020, 1033),
            (772, 1020, 773, 1033),
            (773, 774, 787, 1034),
            (773, 787, 786, 1034),
            (773, 786, 1033, 1034),
            (773, 1033, 1020, 1034),
            (773, 1020, 1021, 1034),
            (773, 1021, 774, 1034),
            (774, 775, 788, 1035),
            (774, 788, 787, 1035),
            (774, 787, 1034, 1035),
            (774, 1034, 1021, 1035),
            (774, 1021, 1022, 1035),
            (774, 1022, 775, 1035),
            (775, 776, 789, 1036),
            (775, 789, 788, 1036),
            (775, 788, 1035, 1036),
            (775, 1035, 1022, 1036),
            (775, 1022, 1023, 1036),
            (775, 1023, 776, 1036),
            (776, 777, 790, 1037),
            (776, 790, 789, 1037),
            (776, 789, 1036, 1037),
            (776, 1036, 1023, 1037),
            (776, 1023, 1024, 1037),
            (776, 1024, 777, 1037),
            (777, 778, 791, 1038),
            (777, 791, 790, 1038),
            (777, 790, 1037, 1038),
            (777, 1037, 1024, 1038),
            (777, 1024, 1025, 1038),
            (777, 1025, 778, 1038),
            (778, 779, 792, 1039),
            (778, 792, 791, 1039),
            (778, 791, 1038, 1039),
            (778, 1038, 1025, 1039),
            (778, 1025, 1026, 1039),
            (778, 1026, 779, 1039),
            (780, 781, 794, 1041),
            (780, 794, 793, 1041),
            (780, 793, 1040, 1041),
            (780, 1040, 1027, 1041),
            (780, 1027, 1028, 1041),
            (780, 1028, 781, 1041),
            (781, 782, 795, 1042),
            (781, 795, 794, 1042),
            (781, 794, 1041, 1042),
            (781, 1041, 1028, 1042),
            (781, 1028, 1029, 1042),
            (781, 1029, 782, 1042),
            (782, 783, 796, 1043),
            (782, 796, 795, 1043),
            (782, 795, 1042, 1043),
            (782, 1042, 1029, 1043),
            (782, 1029, 1030, 1043),
            (782, 1030, 783, 1043),
            (783, 784, 797, 1044),
            (783, 797, 796, 1044),
            (783, 796, 1043, 1044),
            (783, 1043, 1030, 1044),
            (783, 1030, 1031, 1044),
            (783, 1031, 784, 1044),
            (784, 785, 798, 1045),
            (784, 798, 797, 1045),
            (784, 797, 1044, 1045),
            (784, 1044, 1031, 1045),
            (784, 1031, 1032, 1045),
            (784, 1032, 785, 1045),
            (785, 786, 799, 1046),
            (785, 799, 798, 1046),
            (785, 798, 1045, 1046),
            (785, 1045, 1032, 1046),
            (785, 1032, 1033, 1046),
            (785, 1033, 786, 1046),
            (786, 787, 800, 1047),
            (786, 800, 799, 1047),
            (786, 799, 1046, 1047),
            (786, 1046, 1033, 1047),
            (786, 1033, 1034, 1047),
            (786, 1034, 787, 1047),
            (787, 788, 801, 1048),
            (787, 801, 800, 1048),
            (787, 800, 1047, 1048),
            (787, 1047, 1034, 1048),
            (787, 1034, 1035, 1048),
            (787, 1035, 788, 1048),
            (788, 789, 802, 1049),
            (788, 802, 801, 1049),
            (788, 801, 1048, 1049),
            (788, 1048, 1035, 1049),
            (788, 1035, 1036, 1049),
            (788, 1036, 789, 1049),
            (789, 790, 803, 1050),
            (789, 803, 802, 1050),
            (789, 802, 1049, 1050),
            (789, 1049, 1036, 1050),
            (789, 1036, 1037, 1050),
            (789, 1037, 790, 1050),
            (790, 791, 804, 1051),
            (790, 804, 803, 1051),
            (790, 803, 1050, 1051),
            (790, 1050, 1037, 1051),
            (790, 1037, 1038, 1051),
            (790, 1038, 791, 1051),
            (791, 792, 805, 1052),
            (791, 805, 804, 1052),
            (791, 804, 1051, 1052),
            (791, 1051, 1038, 1052),
            (791, 1038, 1039, 1052),
            (791, 1039, 792, 1052),
            (793, 794, 807, 1054),
            (793, 807, 806, 1054),
            (793, 806, 1053, 1054),
            (793, 1053, 1040, 1054),
            (793, 1040, 1041, 1054),
            (793, 1041, 794, 1054),
            (794, 795, 808, 1055),
            (794, 808, 807, 1055),
            (794, 807, 1054, 1055),
            (794, 1054, 1041, 1055),
            (794, 1041, 1042, 1055),
            (794, 1042, 795, 1055),
            (795, 796, 809, 1056),
            (795, 809, 808, 1056),
            (795, 808, 1055, 1056),
            (795, 1055, 1042, 1056),
            (795, 1042, 1043, 1056),
            (795, 1043, 796, 1056),
            (796, 797, 810, 1057),
            (796, 810, 809, 1057),
            (796, 809, 1056, 1057),
            (796, 1056, 1043, 1057),
            (796, 1043, 1044, 1057),
            (796, 1044, 797, 1057),
            (797, 798, 811, 1058),
            (797, 811, 810, 1058),
            (797, 810, 1057, 1058),
            (797, 1057, 1044, 1058),
            (797, 1044, 1045, 1058),
            (797, 1045, 798, 1058),
            (798, 799, 812, 1059),
            (798, 812, 811, 1059),
            (798, 811, 1058, 1059),
            (798, 1058, 1045, 1059),
            (798, 1045, 1046, 1059),
            (798, 1046, 799, 1059),
            (799, 800, 813, 1060),
            (799, 813, 812, 1060),
            (799, 812, 1059, 1060),
            (799, 1059, 1046, 1060),
            (799, 1046, 1047, 1060),
            (799, 1047, 800, 1060),
            (800, 801, 814, 1061),
            (800, 814, 813, 1061),
            (800, 813, 1060, 1061),
            (800, 1060, 1047, 1061),
            (800, 1047, 1048, 1061),
            (800, 1048, 801, 1061),
            (801, 802, 815, 1062),
            (801, 815, 814, 1062),
            (801, 814, 1061, 1062),
            (801, 1061, 1048, 1062),
            (801, 1048, 1049, 1062),
            (801, 1049, 802, 1062),
            (802, 803, 816, 1063),
            (802, 816, 815, 1063),
            (802, 815, 1062, 1063),
            (802, 1062, 1049, 1063),
            (802, 1049, 1050, 1063),
            (802, 1050, 803, 1063),
            (803, 804, 817, 1064),
            (803, 817, 816, 1064),
            (803, 816, 1063, 1064),
            (803, 1063, 1050, 1064),
            (803, 1050, 1051, 1064),
            (803, 1051, 804, 1064),
            (804, 805, 818, 1065),
            (804, 818, 817, 1065),
            (804, 817, 1064, 1065),
            (804, 1064, 1051, 1065),
            (804, 1051, 1052, 1065),
            (804, 1052, 805, 1065),
            (806, 807, 820, 1067),
            (806, 820, 819, 1067),
            (806, 819, 1066, 1067),
            (806, 1066, 1053, 1067),
            (806, 1053, 1054, 1067),
            (806, 1054, 807, 1067),
            (807, 808, 821, 1068),
            (807, 821, 820, 1068),
            (807, 820, 1067, 1068),
            (807, 1067, 1054, 1068),
            (807, 1054, 1055, 1068),
            (807, 1055, 808, 1068),
            (808, 809, 822, 1069),
            (808, 822, 821, 1069),
            (808, 821, 1068, 1069),
            (808, 1068, 1055, 1069),
            (808, 1055, 1056, 1069),
            (808, 1056, 809, 1069),
            (809, 810, 823, 1070),
            (809, 823, 822, 1070),
            (809, 822, 1069, 1070),
            (809, 1069, 1056, 1070),
            (809, 1056, 1057, 1070),
            (809, 1057, 810, 1070),
            (810, 811, 824, 1071),
            (810, 824, 823, 1071),
            (810, 823, 1070, 1071),
            (810, 1070, 1057, 1071),
            (810, 1057, 1058, 1071),
            (810, 1058, 811, 1071),
            (811, 812, 825, 1072),
            (811, 825, 824, 1072),
            (811, 824, 1071, 1072),
            (811, 1071, 1058, 1072),
            (811, 1058, 1059, 1072),
            (811, 1059, 812, 1072),
            (812, 813, 826, 1073),
            (812, 826, 825, 1073),
            (812, 825, 1072, 1073),
            (812, 1072, 1059, 1073),
            (812, 1059, 1060, 1073),
            (812, 1060, 813, 1073),
            (813, 814, 827, 1074),
            (813, 827, 826, 1074),
            (813, 826, 1073, 1074),
            (813, 1073, 1060, 1074),
            (813, 1060, 1061, 1074),
            (813, 1061, 814, 1074),
            (814, 815, 828, 1075),
            (814, 828, 827, 1075),
            (814, 827, 1074, 1075),
            (814, 1074, 1061, 1075),
            (814, 1061, 1062, 1075),
            (814, 1062, 815, 1075),
            (815, 816, 829, 1076),
            (815, 829, 828, 1076),
            (815, 828, 1075, 1076),
            (815, 1075, 1062, 1076),
            (815, 1062, 1063, 1076),
            (815, 1063, 816, 1076),
            (816, 817, 830, 1077),
            (816, 830, 829, 1077),
            (816, 829, 1076, 1077),
            (816, 1076, 1063, 1077),
            (816, 1063, 1064, 1077),
            (816, 1064, 817, 1077),
            (817, 818, 831, 1078),
            (817, 831, 830, 1078),
            (817, 830, 1077, 1078),
            (817, 1077, 1064, 1078),
            (817, 1064, 1065, 1078),
            (817, 1065, 818, 1078),
            (819, 820, 833, 1080),
            (819, 833, 832, 1080),
            (819, 832, 1079, 1080),
            (819, 1079, 1066, 1080),
            (819, 1066, 1067, 1080),
            (819, 1067, 820, 1080),
            (820, 821, 834, 1081),
            (820, 834, 833, 1081),
            (820, 833, 1080, 1081),
            (820, 1080, 1067, 1081),
            (820, 1067, 1068, 1081),
            (820, 1068, 821, 1081),
            (821, 822, 835, 1082),
            (821, 835, 834, 1082),
            (821, 834, 1081, 1082),
            (821, 1081, 1068, 1082),
            (821, 1068, 1069, 1082),
            (821, 1069, 822, 1082),
            (822, 823, 836, 1083),
            (822, 836, 835, 1083),
            (822, 835, 1082, 1083),
            (822, 1082, 1069, 1083),
            (822, 1069, 1070, 1083),
            (822, 1070, 823, 1083),
            (823, 824, 837, 1084),
            (823, 837, 836, 1084),
            (823, 836, 1083, 1084),
            (823, 1083, 1070, 1084),
            (823, 1070, 1071, 1084),
            (823, 1071, 824, 1084),
            (824, 825, 838, 1085),
            (824, 838, 837, 1085),
            (824, 837, 1084, 1085),
            (824, 1084, 1071, 1085),
            (824, 1071, 1072, 1085),
            (824, 1072, 825, 1085),
            (825, 826, 839, 1086),
            (825, 839, 838, 1086),
            (825, 838, 1085, 1086),
            (825, 1085, 1072, 1086),
            (825, 1072, 1073, 1086),
            (825, 1073, 826, 1086),
            (826, 827, 840, 1087),
            (826, 840, 839, 1087),
            (826, 839, 1086, 1087),
            (826, 1086, 1073, 1087),
            (826, 1073, 1074, 1087),
            (826, 1074, 827, 1087),
            (827, 828, 841, 1088),
            (827, 841, 840, 1088),
            (827, 840, 1087, 1088),
            (827, 1087, 1074, 1088),
            (827, 1074, 1075, 1088),
            (827, 1075, 828, 1088),
            (828, 829, 842, 1089),
            (828, 842, 841, 1089),
            (828, 841, 1088, 1089),
            (828, 1088, 1075, 1089),
            (828, 1075, 1076, 1089),
            (828, 1076, 829, 1089),
            (829, 830, 843, 1090),
            (829, 843, 842, 1090),
            (829, 842, 1089, 1090),
            (829, 1089, 1076, 1090),
            (829, 1076, 1077, 1090),
            (829, 1077, 830, 1090),
            (830, 831, 844, 1091),
            (830, 844, 843, 1091),
            (830, 843, 1090, 1091),
            (830, 1090, 1077, 1091),
            (830, 1077, 1078, 1091),
            (830, 1078, 831, 1091),
            (832, 833, 846, 1093),
            (832, 846, 845, 1093),
            (832, 845, 1092, 1093),
            (832, 1092, 1079, 1093),
            (832, 1079, 1080, 1093),
            (832, 1080, 833, 1093),
            (833, 834, 847, 1094),
            (833, 847, 846, 1094),
            (833, 846, 1093, 1094),
            (833, 1093, 1080, 1094),
            (833, 1080, 1081, 1094),
            (833, 1081, 834, 1094),
            (834, 835, 848, 1095),
            (834, 848, 847, 1095),
            (834, 847, 1094, 1095),
            (834, 1094, 1081, 1095),
            (834, 1081, 1082, 1095),
            (834, 1082, 835, 1095),
            (835, 836, 849, 1096),
            (835, 849, 848, 1096),
            (835, 848, 1095, 1096),
            (835, 1095, 1082, 1096),
            (835, 1082, 1083, 1096),
            (835, 1083, 836, 1096),
            (836, 837, 850, 1097),
            (836, 850, 849, 1097),
            (836, 849, 1096, 1097),
            (836, 1096, 1083, 1097),
            (836, 1083, 1084, 1097),
            (836, 1084, 837, 1097),
            (837, 838, 851, 1098),
            (837, 851, 850, 1098),
            (837, 850, 1097, 1098),
            (837, 1097, 1084, 1098),
            (837, 1084, 1085, 1098),
            (837, 1085, 838, 1098),
            (838, 839, 852, 1099),
            (838, 852, 851, 1099),
            (838, 851, 1098, 1099),
            (838, 1098, 1085, 1099),
            (838, 1085, 1086, 1099),
            (838, 1086, 839, 1099),
            (839, 840, 853, 1100),
            (839, 853, 852, 1100),
            (839, 852, 1099, 1100),
            (839, 1099, 1086, 1100),
            (839, 1086, 1087, 1100),
            (839, 1087, 840, 1100),
            (840, 841, 854, 1101),
            (840, 854, 853, 1101),
            (840, 853, 1100, 1101),
            (840, 1100, 1087, 1101),
            (840, 1087, 1088, 1101),
            (840, 1088, 841, 1101),
            (841, 842, 855, 1102),
            (841, 855, 854, 1102),
            (841, 854, 1101, 1102),
            (841, 1101, 1088, 1102),
            (841, 1088, 1089, 1102),
            (841, 1089, 842, 1102),
            (842, 843, 856, 1103),
            (842, 856, 855, 1103),
            (842, 855, 1102, 1103),
            (842, 1102, 1089, 1103),
            (842, 1089, 1090, 1103),
            (842, 1090, 843, 1103),
            (843, 844, 857, 1104),
            (843, 857, 856, 1104),
            (843, 856, 1103, 1104),
            (843, 1103, 1090, 1104),
            (843, 1090, 1091, 1104),
            (843, 1091, 844, 1104),
            (845, 846, 859, 1106),
            (845, 859, 858, 1106),
            (845, 858, 1105, 1106),
            (845, 1105, 1092, 1106),
            (845, 1092, 1093, 1106),
            (845, 1093, 846, 1106),
            (846, 847, 860, 1107),
            (846, 860, 859, 1107),
            (846, 859, 1106, 1107),
            (846, 1106, 1093, 1107),
            (846, 1093, 1094, 1107),
            (846, 1094, 847, 1107),
            (847, 848, 861, 1108),
            (847, 861, 860, 1108),
            (847, 860, 1107, 1108),
            (847, 1107, 1094, 1108),
            (847, 1094, 1095, 1108),
            (847, 1095, 848, 1108),
            (848, 849, 862, 1109),
            (848, 862, 861, 1109),
            (848, 861, 1108, 1109),
            (848, 1108, 1095, 1109),
            (848, 1095, 1096, 1109),
            (848, 1096, 849, 1109),
            (849, 850, 863, 1110),
            (849, 863, 862, 1110),
            (849, 862, 1109, 1110),
            (849, 1109, 1096, 1110),
            (849, 1096, 1097, 1110),
            (849, 1097, 850, 1110),
            (850, 851, 864, 1111),
            (850, 864, 863, 1111),
            (850, 863, 1110, 1111),
            (850, 1110, 1097, 1111),
            (850, 1097, 1098, 1111),
            (850, 1098, 851, 1111),
            (851, 852, 865, 1112),
            (851, 865, 864, 1112),
            (851, 864, 1111, 1112),
            (851, 1111, 1098, 1112),
            (851, 1098, 1099, 1112),
            (851, 1099, 852, 1112),
            (852, 853, 866, 1113),
            (852, 866, 865, 1113),
            (852, 865, 1112, 1113),
            (852, 1112, 1099, 1113),
            (852, 1099, 1100, 1113),
            (852, 1100, 853, 1113),
            (853, 854, 867, 1114),
            (853, 867, 866, 1114),
            (853, 866, 1113, 1114),
            (853, 1113, 1100, 1114),
            (853, 1100, 1101, 1114),
            (853, 1101, 854, 1114),
            (854, 855, 868, 1115),
            (854, 868, 867, 1115),
            (854, 867, 1114, 1115),
            (854, 1114, 1101, 1115),
            (854, 1101, 1102, 1115),
            (854, 1102, 855, 1115),
            (855, 856, 869, 1116),
            (855, 869, 868, 1116),
            (855, 868, 1115, 1116),
            (855, 1115, 1102, 1116),
            (855, 1102, 1103, 1116),
            (855, 1103, 856, 1116),
            (856, 857, 870, 1117),
            (856, 870, 869, 1117),
            (856, 869, 1116, 1117),
            (856, 1116, 1103, 1117),
            (856, 1103, 1104, 1117),
            (856, 1104, 857, 1117),
            (858, 859, 872, 1119),
            (858, 872, 871, 1119),
            (858, 871, 1118, 1119),
            (858, 1118, 1105, 1119),
            (858, 1105, 1106, 1119),
            (858, 1106, 859, 1119),
            (859, 860, 873, 1120),
            (859, 873, 872, 1120),
            (859, 872, 1119, 1120),
            (859, 1119, 1106, 1120),
            (859, 1106, 1107, 1120),
            (859, 1107, 860, 1120),
            (860, 861, 874, 1121),
            (860, 874, 873, 1121),
            (860, 873, 1120, 1121),
            (860, 1120, 1107, 1121),
            (860, 1107, 1108, 1121),
            (860, 1108, 861, 1121),
            (861, 862, 875, 1122),
            (861, 875, 874, 1122),
            (861, 874, 1121, 1122),
            (861, 1121, 1108, 1122),
            (861, 1108, 1109, 1122),
            (861, 1109, 862, 1122),
            (862, 863, 876, 1123),
            (862, 876, 875, 1123),
            (862, 875, 1122, 1123),
            (862, 1122, 1109, 1123),
            (862, 1109, 1110, 1123),
            (862, 1110, 863, 1123),
            (863, 864, 877, 1124),
            (863, 877, 876, 1124),
            (863, 876, 1123, 1124),
            (863, 1123, 1110, 1124),
            (863, 1110, 1111, 1124),
            (863, 1111, 864, 1124),
            (864, 865, 878, 1125),
            (864, 878, 877, 1125),
            (864, 877, 1124, 1125),
            (864, 1124, 1111, 1125),
            (864, 1111, 1112, 1125),
            (864, 1112, 865, 1125),
            (865, 866, 879, 1126),
            (865, 879, 878, 1126),
            (865, 878, 1125, 1126),
            (865, 1125, 1112, 1126),
            (865, 1112, 1113, 1126),
            (865, 1113, 866, 1126),
            (866, 867, 880, 1127),
            (866, 880, 879, 1127),
            (866, 879, 1126, 1127),
            (866, 1126, 1113, 1127),
            (866, 1113, 1114, 1127),
            (866, 1114, 867, 1127),
            (867, 868, 881, 1128),
            (867, 881, 880, 1128),
            (867, 880, 1127, 1128),
            (867, 1127, 1114, 1128),
            (867, 1114, 1115, 1128),
            (867, 1115, 868, 1128),
            (868, 869, 882, 1129),
            (868, 882, 881, 1129),
            (868, 881, 1128, 1129),
            (868, 1128, 1115, 1129),
            (868, 1115, 1116, 1129),
            (868, 1116, 869, 1129),
            (869, 870, 883, 1130),
            (869, 883, 882, 1130),
            (869, 882, 1129, 1130),
            (869, 1129, 1116, 1130),
            (869, 1116, 1117, 1130),
            (869, 1117, 870, 1130),
            (871, 872, 885, 1132),
            (871, 885, 884, 1132),
            (871, 884, 1131, 1132),
            (871, 1131, 1118, 1132),
            (871, 1118, 1119, 1132),
            (871, 1119, 872, 1132),
            (872, 873, 886, 1133),
            (872, 886, 885, 1133),
            (872, 885, 1132, 1133),
            (872, 1132, 1119, 1133),
            (872, 1119, 1120, 1133),
            (872, 1120, 873, 1133),
            (873, 874, 887, 1134),
            (873, 887, 886, 1134),
            (873, 886, 1133, 1134),
            (873, 1133, 1120, 1134),
            (873, 1120, 1121, 1134),
            (873, 1121, 874, 1134),
            (874, 875, 888, 1135),
            (874, 888, 887, 1135),
            (874, 887, 1134, 1135),
            (874, 1134, 1121, 1135),
            (874, 1121, 1122, 1135),
            (874, 1122, 875, 1135),
            (875, 876, 889, 1136),
            (875, 889, 888, 1136),
            (875, 888, 1135, 1136),
            (875, 1135, 1122, 1136),
            (875, 1122, 1123, 1136),
            (875, 1123, 876, 1136),
            (876, 877, 890, 1137),
            (876, 890, 889, 1137),
            (876, 889, 1136, 1137),
            (876, 1136, 1123, 1137),
            (876, 1123, 1124, 1137),
            (876, 1124, 877, 1137),
            (877, 878, 891, 1138),
            (877, 891, 890, 1138),
            (877, 890, 1137, 1138),
            (877, 1137, 1124, 1138),
            (877, 1124, 1125, 1138),
            (877, 1125, 878, 1138),
            (878, 879, 892, 1139),
            (878, 892, 891, 1139),
            (878, 891, 1138, 1139),
            (878, 1138, 1125, 1139),
            (878, 1125, 1126, 1139),
            (878, 1126, 879, 1139),
            (879, 880, 893, 1140),
            (879, 893, 892, 1140),
            (879, 892, 1139, 1140),
            (879, 1139, 1126, 1140),
            (879, 1126, 1127, 1140),
            (879, 1127, 880, 1140),
            (880, 881, 894, 1141),
            (880, 894, 893, 1141),
            (880, 893, 1140, 1141),
            (880, 1140, 1127, 1141),
            (880, 1127, 1128, 1141),
            (880, 1128, 881, 1141),
            (881, 882, 895, 1142),
            (881, 895, 894, 1142),
            (881, 894, 1141, 1142),
            (881, 1141, 1128, 1142),
            (881, 1128, 1129, 1142),
            (881, 1129, 882, 1142),
            (882, 883, 896, 1143),
            (882, 896, 895, 1143),
            (882, 895, 1142, 1143),
            (882, 1142, 1129, 1143),
            (882, 1129, 1130, 1143),
            (882, 1130, 883, 1143),
            (884, 885, 898, 1145),
            (884, 898, 897, 1145),
            (884, 897, 1144, 1145),
            (884, 1144, 1131, 1145),
            (884, 1131, 1132, 1145),
            (884, 1132, 885, 1145),
            (885, 886, 899, 1146),
            (885, 899, 898, 1146),
            (885, 898, 1145, 1146),
            (885, 1145, 1132, 1146),
            (885, 1132, 1133, 1146),
            (885, 1133, 886, 1146),
            (886, 887, 900, 1147),
            (886, 900, 899, 1147),
            (886, 899, 1146, 1147),
            (886, 1146, 1133, 1147),
            (886, 1133, 1134, 1147),
            (886, 1134, 887, 1147),
            (887, 888, 901, 1148),
            (887, 901, 900, 1148),
            (887, 900, 1147, 1148),
            (887, 1147, 1134, 1148),
            (887, 1134, 1135, 1148),
            (887, 1135, 888, 1148),
            (888, 889, 902, 1149),
            (888, 902, 901, 1149),
            (888, 901, 1148, 1149),
            (888, 1148, 1135, 1149),
            (888, 1135, 1136, 1149),
            (888, 1136, 889, 1149),
            (889, 890, 903, 1150),
            (889, 903, 902, 1150),
            (889, 902, 1149, 1150),
            (889, 1149, 1136, 1150),
            (889, 1136, 1137, 1150),
            (889, 1137, 890, 1150),
            (890, 891, 904, 1151),
            (890, 904, 903, 1151),
            (890, 903, 1150, 1151),
            (890, 1150, 1137, 1151),
            (890, 1137, 1138, 1151),
            (890, 1138, 891, 1151),
            (891, 892, 905, 1152),
            (891, 905, 904, 1152),
            (891, 904, 1151, 1152),
            (891, 1151, 1138, 1152),
            (891, 1138, 1139, 1152),
            (891, 1139, 892, 1152),
            (892, 893, 906, 1153),
            (892, 906, 905, 1153),
            (892, 905, 1152, 1153),
            (892, 1152, 1139, 1153),
            (892, 1139, 1140, 1153),
            (892, 1140, 893, 1153),
            (893, 894, 907, 1154),
            (893, 907, 906, 1154),
            (893, 906, 1153, 1154),
            (893, 1153, 1140, 1154),
            (893, 1140, 1141, 1154),
            (893, 1141, 894, 1154),
            (894, 895, 908, 1155),
            (894, 908, 907, 1155),
            (894, 907, 1154, 1155),
            (894, 1154, 1141, 1155),
            (894, 1141, 1142, 1155),
            (894, 1142, 895, 1155),
            (895, 896, 909, 1156),
            (895, 909, 908, 1156),
            (895, 908, 1155, 1156),
            (895, 1155, 1142, 1156),
            (895, 1142, 1143, 1156),
            (895, 1143, 896, 1156),
            (897, 898, 911, 1158),
            (897, 911, 910, 1158),
            (897, 910, 1157, 1158),
            (897, 1157, 1144, 1158),
            (897, 1144, 1145, 1158),
            (897, 1145, 898, 1158),
            (898, 899, 912, 1159),
            (898, 912, 911, 1159),
            (898, 911, 1158, 1159),
            (898, 1158, 1145, 1159),
            (898, 1145, 1146, 1159),
            (898, 1146, 899, 1159),
            (899, 900, 913, 1160),
            (899, 913, 912, 1160),
            (899, 912, 1159, 1160),
            (899, 1159, 1146, 1160),
            (899, 1146, 1147, 1160),
            (899, 1147, 900, 1160),
            (900, 901, 914, 1161),
            (900, 914, 913, 1161),
            (900, 913, 1160, 1161),
            (900, 1160, 1147, 1161),
            (900, 1147, 1148, 1161),
            (900, 1148, 901, 1161),
            (901, 902, 915, 1162),
            (901, 915, 914, 1162),
            (901, 914, 1161, 1162),
            (901, 1161, 1148, 1162),
            (901, 1148, 1149, 1162),
            (901, 1149, 902, 1162),
            (902, 903, 916, 1163),
            (902, 916, 915, 1163),
            (902, 915, 1162, 1163),
            (902, 1162, 1149, 1163),
            (902, 1149, 1150, 1163),
            (902, 1150, 903, 1163),
            (903, 904, 917, 1164),
            (903, 917, 916, 1164),
            (903, 916, 1163, 1164),
            (903, 1163, 1150, 1164),
            (903, 1150, 1151, 1164),
            (903, 1151, 904, 1164),
            (904, 905, 918, 1165),
            (904, 918, 917, 1165),
            (904, 917, 1164, 1165),
            (904, 1164, 1151, 1165),
            (904, 1151, 1152, 1165),
            (904, 1152, 905, 1165),
            (905, 906, 919, 1166),
            (905, 919, 918, 1166),
            (905, 918, 1165, 1166),
            (905, 1165, 1152, 1166),
            (905, 1152, 1153, 1166),
            (905, 1153, 906, 1166),
            (906, 907, 920, 1167),
            (906, 920, 919, 1167),
            (906, 919, 1166, 1167),
            (906, 1166, 1153, 1167),
            (906, 1153, 1154, 1167),
            (906, 1154, 907, 1167),
            (907, 908, 921, 1168),
            (907, 921, 920, 1168),
            (907, 920, 1167, 1168),
            (907, 1167, 1154, 1168),
            (907, 1154, 1155, 1168),
            (907, 1155, 908, 1168),
            (908, 909, 922, 1169),
            (908, 922, 921, 1169),
            (908, 921, 1168, 1169),
            (908, 1168, 1155, 1169),
            (908, 1155, 1156, 1169),
            (908, 1156, 909, 1169),
            (910, 911, 924, 1171),
            (910, 924, 923, 1171),
            (910, 923, 1170, 1171),
            (910, 1170, 1157, 1171),
            (910, 1157, 1158, 1171),
            (910, 1158, 911, 1171),
            (911, 912, 925, 1172),
            (911, 925, 924, 1172),
            (911, 924, 1171, 1172),
            (911, 1171, 1158, 1172),
            (911, 1158, 1159, 1172),
            (911, 1159, 912, 1172),
            (912, 913, 926, 1173),
            (912, 926, 925, 1173),
            (912, 925, 1172, 1173),
            (912, 1172, 1159, 1173),
            (912, 1159, 1160, 1173),
            (912, 1160, 913, 1173),
            (913, 914, 927, 1174),
            (913, 927, 926, 1174),
            (913, 926, 1173, 1174),
            (913, 1173, 1160, 1174),
            (913, 1160, 1161, 1174),
            (913, 1161, 914, 1174),
            (914, 915, 928, 1175),
            (914, 928, 927, 1175),
            (914, 927, 1174, 1175),
            (914, 1174, 1161, 1175),
            (914, 1161, 1162, 1175),
            (914, 1162, 915, 1175),
            (915, 916, 929, 1176),
            (915, 929, 928, 1176),
            (915, 928, 1175, 1176),
            (915, 1175, 1162, 1176),
            (915, 1162, 1163, 1176),
            (915, 1163, 916, 1176),
            (916, 917, 930, 1177),
            (916, 930, 929, 1177),
            (916, 929, 1176, 1177),
            (916, 1176, 1163, 1177),
            (916, 1163, 1164, 1177),
            (916, 1164, 917, 1177),
            (917, 918, 931, 1178),
            (917, 931, 930, 1178),
            (917, 930, 1177, 1178),
            (917, 1177, 1164, 1178),
            (917, 1164, 1165, 1178),
            (917, 1165, 918, 1178),
            (918, 919, 932, 1179),
            (918, 932, 931, 1179),
            (918, 931, 1178, 1179),
            (918, 1178, 1165, 1179),
            (918, 1165, 1166, 1179),
            (918, 1166, 919, 1179),
            (919, 920, 933, 1180),
            (919, 933, 932, 1180),
            (919, 932, 1179, 1180),
            (919, 1179, 1166, 1180),
            (919, 1166, 1167, 1180),
            (919, 1167, 920, 1180),
            (920, 921, 934, 1181),
            (920, 934, 933, 1181),
            (920, 933, 1180, 1181),
            (920, 1180, 1167, 1181),
            (920, 1167, 1168, 1181),
            (920, 1168, 921, 1181),
            (921, 922, 935, 1182),
            (921, 935, 934, 1182),
            (921, 934, 1181, 1182),
            (921, 1181, 1168, 1182),
            (921, 1168, 1169, 1182),
            (921, 1169, 922, 1182),
            (923, 924, 937, 1184),
            (923, 937, 936, 1184),
            (923, 936, 1183, 1184),
            (923, 1183, 1170, 1184),
            (923, 1170, 1171, 1184),
            (923, 1171, 924, 1184),
            (924, 925, 938, 1185),
            (924, 938, 937, 1185),
            (924, 937, 1184, 1185),
            (924, 1184, 1171, 1185),
            (924, 1171, 1172, 1185),
            (924, 1172, 925, 1185),
            (925, 926, 939, 1186),
            (925, 939, 938, 1186),
            (925, 938, 1185, 1186),
            (925, 1185, 1172, 1186),
            (925, 1172, 1173, 1186),
            (925, 1173, 926, 1186),
            (926, 927, 940, 1187),
            (926, 940, 939, 1187),
            (926, 939, 1186, 1187),
            (926, 1186, 1173, 1187),
            (926, 1173, 1174, 1187),
            (926, 1174, 927, 1187),
            (927, 928, 941, 1188),
            (927, 941, 940, 1188),
            (927, 940, 1187, 1188),
            (927, 1187, 1174, 1188),
            (927, 1174, 1175, 1188),
            (927, 1175, 928, 1188),
            (928, 929, 942, 1189),
            (928, 942, 941, 1189),
            (928, 941, 1188, 1189),
            (928, 1188, 1175, 1189),
            (928, 1175, 1176, 1189),
            (928, 1176, 929, 1189),
            (929, 930, 943, 1190),
            (929, 943, 942, 1190),
            (929, 942, 1189, 1190),
            (929, 1189, 1176, 1190),
            (929, 1176, 1177, 1190),
            (929, 1177, 930, 1190),
            (930, 931, 944, 1191),
            (930, 944, 943, 1191),
            (930, 943, 1190, 1191),
            (930, 1190, 1177, 1191),
            (930, 1177, 1178, 1191),
            (930, 1178, 931, 1191),
            (931, 932, 945, 1192),
            (931, 945, 944, 1192),
            (931, 944, 1191, 1192),
            (931, 1191, 1178, 1192),
            (931, 1178, 1179, 1192),
            (931, 1179, 932, 1192),
            (932, 933, 946, 1193),
            (932, 946, 945, 1193),
            (932, 945, 1192, 1193),
            (932, 1192, 1179, 1193),
            (932, 1179, 1180, 1193),
            (932, 1180, 933, 1193),
            (933, 934, 947, 1194),
            (933, 947, 946, 1194),
            (933, 946, 1193, 1194),
            (933, 1193, 1180, 1194),
            (933, 1180, 1181, 1194),
            (933, 1181, 934, 1194),
            (934, 935, 948, 1195),
            (934, 948, 947, 1195),
            (934, 947, 1194, 1195),
            (934, 1194, 1181, 1195),
            (934, 1181, 1182, 1195),
            (934, 1182, 935, 1195),
            (936, 937, 950, 1197),
            (936, 950, 949, 1197),
            (936, 949, 1196, 1197),
            (936, 1196, 1183, 1197),
            (936, 1183, 1184, 1197),
            (936, 1184, 937, 1197),
            (937, 938, 951, 1198),
            (937, 951, 950, 1198),
            (937, 950, 1197, 1198),
            (937, 1197, 1184, 1198),
            (937, 1184, 1185, 1198),
            (937, 1185, 938, 1198),
            (938, 939, 952, 1199),
            (938, 952, 951, 1199),
            (938, 951, 1198, 1199),
            (938, 1198, 1185, 1199),
            (938, 1185, 1186, 1199),
            (938, 1186, 939, 1199),
            (939, 940, 953, 1200),
            (939, 953, 952, 1200),
            (939, 952, 1199, 1200),
            (939, 1199, 1186, 1200),
            (939, 1186, 1187, 1200),
            (939, 1187, 940, 1200),
            (940, 941, 954, 1201),
            (940, 954, 953, 1201),
            (940, 953, 1200, 1201),
            (940, 1200, 1187, 1201),
            (940, 1187, 1188, 1201),
            (940, 1188, 941, 1201),
            (941, 942, 955, 1202),
            (941, 955, 954, 1202),
            (941, 954, 1201, 1202),
            (941, 1201, 1188, 1202),
            (941, 1188, 1189, 1202),
            (941, 1189, 942, 1202),
            (942, 943, 956, 1203),
            (942, 956, 955, 1203),
            (942, 955, 1202, 1203),
            (942, 1202, 1189, 1203),
            (942, 1189, 1190, 1203),
            (942, 1190, 943, 1203),
            (943, 944, 957, 1204),
            (943, 957, 956, 1204),
            (943, 956, 1203, 1204),
            (943, 1203, 1190, 1204),
            (943, 1190, 1191, 1204),
            (943, 1191, 944, 1204),
            (944, 945, 958, 1205),
            (944, 958, 957, 1205),
            (944, 957, 1204, 1205),
            (944, 1204, 1191, 1205),
            (944, 1191, 1192, 1205),
            (944, 1192, 945, 1205),
            (945, 946, 959, 1206),
            (945, 959, 958, 1206),
            (945, 958, 1205, 1206),
            (945, 1205, 1192, 1206),
            (945, 1192, 1193, 1206),
            (945, 1193, 946, 1206),
            (946, 947, 960, 1207),
            (946, 960, 959, 1207),
            (946, 959, 1206, 1207),
            (946, 1206, 1193, 1207),
            (946, 1193, 1194, 1207),
            (946, 1194, 947, 1207),
            (947, 948, 961, 1208),
            (947, 961, 960, 1208),
            (947, 960, 1207, 1208),
            (947, 1207, 1194, 1208),
            (947, 1194, 1195, 1208),
            (947, 1195, 948, 1208),
            (949, 950, 963, 1210),
            (949, 963, 962, 1210),
            (949, 962, 1209, 1210),
            (949, 1209, 1196, 1210),
            (949, 1196, 1197, 1210),
            (949, 1197, 950, 1210),
            (950, 951, 964, 1211),
            (950, 964, 963, 1211),
            (950, 963, 1210, 1211),
            (950, 1210, 1197, 1211),
            (950, 1197, 1198, 1211),
            (950, 1198, 951, 1211),
            (951, 952, 965, 1212),
            (951, 965, 964, 1212),
            (951, 964, 1211, 1212),
            (951, 1211, 1198, 1212),
            (951, 1198, 1199, 1212),
            (951, 1199, 952, 1212),
            (952, 953, 966, 1213),
            (952, 966, 965, 1213),
            (952, 965, 1212, 1213),
            (952, 1212, 1199, 1213),
            (952, 1199, 1200, 1213),
            (952, 1200, 953, 1213),
            (953, 954, 967, 1214),
            (953, 967, 966, 1214),
            (953, 966, 1213, 1214),
            (953, 1213, 1200, 1214),
            (953, 1200, 1201, 1214),
            (953, 1201, 954, 1214),
            (954, 955, 968, 1215),
            (954, 968, 967, 1215),
            (954, 967, 1214, 1215),
            (954, 1214, 1201, 1215),
            (954, 1201, 1202, 1215),
            (954, 1202, 955, 1215),
            (955, 956, 969, 1216),
            (955, 969, 968, 1216),
            (955, 968, 1215, 1216),
            (955, 1215, 1202, 1216),
            (955, 1202, 1203, 1216),
            (955, 1203, 956, 1216),
            (956, 957, 970, 1217),
            (956, 970, 969, 1217),
            (956, 969, 1216, 1217),
            (956, 1216, 1203, 1217),
            (956, 1203, 1204, 1217),
            (956, 1204, 957, 1217),
            (957, 958, 971, 1218),
            (957, 971, 970, 1218),
            (957, 970, 1217, 1218),
            (957, 1217, 1204, 1218),
            (957, 1204, 1205, 1218),
            (957, 1205, 958, 1218),
            (958, 959, 972, 1219),
            (958, 972, 971, 1219),
            (958, 971, 1218, 1219),
            (958, 1218, 1205, 1219),
            (958, 1205, 1206, 1219),
            (958, 1206, 959, 1219),
            (959, 960, 973, 1220),
            (959, 973, 972, 1220),
            (959, 972, 1219, 1220),
            (959, 1219, 1206, 1220),
            (959, 1206, 1207, 1220),
            (959, 1207, 960, 1220),
            (960, 961, 974, 1221),
            (960, 974, 973, 1221),
            (960, 973, 1220, 1221),
            (960, 1220, 1207, 1221),
            (960, 1207, 1208, 1221),
            (960, 1208, 961, 1221),
            (962, 963, 976, 1223),
            (962, 976, 975, 1223),
            (962, 975, 1222, 1223),
            (962, 1222, 1209, 1223),
            (962, 1209, 1210, 1223),
            (962, 1210, 963, 1223),
            (963, 964, 977, 1224),
            (963, 977, 976, 1224),
            (963, 976, 1223, 1224),
            (963, 1223, 1210, 1224),
            (963, 1210, 1211, 1224),
            (963, 1211, 964, 1224),
            (964, 965, 978, 1225),
            (964, 978, 977, 1225),
            (964, 977, 1224, 1225),
            (964, 1224, 1211, 1225),
            (964, 1211, 1212, 1225),
            (964, 1212, 965, 1225),
            (965, 966, 979, 1226),
            (965, 979, 978, 1226),
            (965, 978, 1225, 1226),
            (965, 1225, 1212, 1226),
            (965, 1212, 1213, 1226),
            (965, 1213, 966, 1226),
            (966, 967, 980, 1227),
            (966, 980, 979, 1227),
            (966, 979, 1226, 1227),
            (966, 1226, 1213, 1227),
            (966, 1213, 1214, 1227),
            (966, 1214, 967, 1227),
            (967, 968, 981, 1228),
            (967, 981, 980, 1228),
            (967, 980, 1227, 1228),
            (967, 1227, 1214, 1228),
            (967, 1214, 1215, 1228),
            (967, 1215, 968, 1228),
            (968, 969, 982, 1229),
            (968, 982, 981, 1229),
            (968, 981, 1228, 1229),
            (968, 1228, 1215, 1229),
            (968, 1215, 1216, 1229),
            (968, 1216, 969, 1229),
            (969, 970, 983, 1230),
            (969, 983, 982, 1230),
            (969, 982, 1229, 1230),
            (969, 1229, 1216, 1230),
            (969, 1216, 1217, 1230),
            (969, 1217, 970, 1230),
            (970, 971, 984, 1231),
            (970, 984, 983, 1231),
            (970, 983, 1230, 1231),
            (970, 1230, 1217, 1231),
            (970, 1217, 1218, 1231),
            (970, 1218, 971, 1231),
            (971, 972, 985, 1232),
            (971, 985, 984, 1232),
            (971, 984, 1231, 1232),
            (971, 1231, 1218, 1232),
            (971, 1218, 1219, 1232),
            (971, 1219, 972, 1232),
            (972, 973, 986, 1233),
            (972, 986, 985, 1233),
            (972, 985, 1232, 1233),
            (972, 1232, 1219, 1233),
            (972, 1219, 1220, 1233),
            (972, 1220, 973, 1233),
            (973, 974, 987, 1234),
            (973, 987, 986, 1234),
            (973, 986, 1233, 1234),
            (973, 1233, 1220, 1234),
            (973, 1220, 1221, 1234),
            (973, 1221, 974, 1234),
            (1235, 1236, 1249, 1496),
            (1235, 1249, 1248, 1496),
            (1235, 1248, 1495, 1496),
            (1235, 1495, 1482, 1496),
            (1235, 1482, 1483, 1496),
            (1235, 1483, 1236, 1496),
            (1236, 1237, 1250, 1497),
            (1236, 1250, 1249, 1497),
            (1236, 1249, 1496, 1497),
            (1236, 1496, 1483, 1497),
            (1236, 1483, 1484, 1497),
            (1236, 1484, 1237, 1497),
            (1237, 1238, 1251, 1498),
            (1237, 1251, 1250, 1498),
            (1237, 1250, 1497, 1498),
            (1237, 1497, 1484, 1498),
            (1237, 1484, 1485, 1498),
            (1237, 1485, 1238, 1498),
            (1238, 1239, 1252, 1499),
            (1238, 1252, 1251, 1499),
            (1238, 1251, 1498, 1499),
            (1238, 1498, 1485, 1499),
            (1238, 1485, 1486, 1499),
            (1238, 1486, 1239, 1499),
            (1239, 1240, 1253, 1500),
            (1239, 1253, 1252, 1500),
            (1239, 1252, 1499, 1500),
            (1239, 1499, 1486, 1500),
            (1239, 1486, 1487, 1500),
            (1239, 1487, 1240, 1500),
            (1240, 1241, 1254, 1501),
            (1240, 1254, 1253, 1501),
            (1240, 1253, 1500, 1501),
            (1240, 1500, 1487, 1501),
            (1240, 1487, 1488, 1501),
            (1240, 1488, 1241, 1501),
            (1241, 1242, 1255, 1502),
            (1241, 1255, 1254, 1502),
            (1241, 1254, 1501, 1502),
            (1241, 1501, 1488, 1502),
            (1241, 1488, 1489, 1502),
            (1241, 1489, 1242, 1502),
            (1242, 1243, 1256, 1503),
            (1242, 1256, 1255, 1503),
            (1242, 1255, 1502, 1503),
            (1242, 1502, 1489, 1503),
            (1242, 1489, 1490, 1503),
            (1242, 1490, 1243, 1503),
            (1243, 1244, 1257, 1504),
            (1243, 1257, 1256, 1504),
            (1243, 1256, 1503, 1504),
            (1243, 1503, 1490, 1504),
            (1243, 1490, 1491, 1504),
            (1243, 1491, 1244, 1504),
            (1244, 1245, 1258, 1505),
            (1244, 1258, 1257, 1505),
            (1244, 1257, 1504, 1505),
            (1244, 1504, 1491, 1505),
            (1244, 1491, 1492, 1505),
            (1244, 1492, 1245, 1505),
            (1245, 1246, 1259, 1506),
            (1245, 1259, 1258, 1506),
            (1245, 1258, 1505, 1506),
            (1245, 1505, 1492, 1506),
            (1245, 1492, 1493, 1506),
            (1245, 1493, 1246, 1506),
            (1246, 1247, 1260, 1507),
            (1246, 1260, 1259, 1507),
            (1246, 1259, 1506, 1507),
            (1246, 1506, 1493, 1507),
            (1246, 1493, 1494, 1507),
            (1246, 1494, 1247, 1507),
            (1248, 1249, 1262, 1509),
            (1248, 1262, 1261, 1509),
            (1248, 1261, 1508, 1509),
            (1248, 1508, 1495, 1509),
            (1248, 1495, 1496, 1509),
            (1248, 1496, 1249, 1509),
            (1249, 1250, 1263, 1510),
            (1249, 1263, 1262, 1510),
            (1249, 1262, 1509, 1510),
            (1249, 1509, 1496, 1510),
            (1249, 1496, 1497, 1510),
            (1249, 1497, 1250, 1510),
            (1250, 1251, 1264, 1511),
            (1250, 1264, 1263, 1511),
            (1250, 1263, 1510, 1511),
            (1250, 1510, 1497, 1511),
            (1250, 1497, 1498, 1511),
            (1250, 1498, 1251, 1511),
            (1251, 1252, 1265, 1512),
            (1251, 1265, 1264, 1512),
            (1251, 1264, 1511, 1512),
            (1251, 1511, 1498, 1512),
            (1251, 1498, 1499, 1512),
            (1251, 1499, 1252, 1512),
            (1252, 1253, 1266, 1513),
            (1252, 1266, 1265, 1513),
            (1252, 1265, 1512, 1513),
            (1252, 1512, 1499, 1513),
            (1252, 1499, 1500, 1513),
            (1252, 1500, 1253, 1513),
            (1253, 1254, 1267, 1514),
            (1253, 1267, 1266, 1514),
            (1253, 1266, 1513, 1514),
            (1253, 1513, 1500, 1514),
            (1253, 1500, 1501, 1514),
            (1253, 1501, 1254, 1514),
            (1254, 1255, 1268, 1515),
            (1254, 1268, 1267, 1515),
            (1254, 1267, 1514, 1515),
            (1254, 1514, 1501, 1515),
            (1254, 1501, 1502, 1515),
            (1254, 1502, 1255, 1515),
            (1255, 1256, 1269, 1516),
            (1255, 1269, 1268, 1516),
            (1255, 1268, 1515, 1516),
            (1255, 1515, 1502, 1516),
            (1255, 1502, 1503, 1516),
            (1255, 1503, 1256, 1516),
            (1256, 1257, 1270, 1517),
            (1256, 1270, 1269, 1517),
            (1256, 1269, 1516, 1517),
            (1256, 1516, 1503, 1517),
            (1256, 1503, 1504, 1517),
            (1256, 1504, 1257, 1517),
            (1257, 1258, 1271, 1518),
            (1257, 1271, 1270, 1518),
            (1257, 1270, 1517, 1518),
            (1257, 1517, 1504, 1518),
            (1257, 1504, 1505, 1518),
            (1257, 1505, 1258, 1518),
            (1258, 1259, 1272, 1519),
            (1258, 1272, 1271, 1519),
            (1258, 1271, 1518, 1519),
            (1258, 1518, 1505, 1519),
            (1258, 1505, 1506, 1519),
            (1258, 1506, 1259, 1519),
            (1259, 1260, 1273, 1520),
            (1259, 1273, 1272, 1520),
            (1259, 1272, 1519, 1520),
            (1259, 1519, 1506, 1520),
            (1259, 1506, 1507, 1520),
            (1259, 1507, 1260, 1520),
            (1261, 1262, 1275, 1522),
            (1261, 1275, 1274, 1522),
            (1261, 1274, 1521, 1522),
            (1261, 1521, 1508, 1522),
            (1261, 1508, 1509, 1522),
            (1261, 1509, 1262, 1522),
            (1262, 1263, 1276, 1523),
            (1262, 1276, 1275, 1523),
            (1262, 1275, 1522, 1523),
            (1262, 1522, 1509, 1523),
            (1262, 1509, 1510, 1523),
            (1262, 1510, 1263, 1523),
            (1263, 1264, 1277, 1524),
            (1263, 1277, 1276, 1524),
            (1263, 1276, 1523, 1524),
            (1263, 1523, 1510, 1524),
            (1263, 1510, 1511, 1524),
            (1263, 1511, 1264, 1524),
            (1264, 1265, 1278, 1525),
            (1264, 1278, 1277, 1525),
            (1264, 1277, 1524, 1525),
            (1264, 1524, 1511, 1525),
            (1264, 1511, 1512, 1525),
            (1264, 1512, 1265, 1525),
            (1265, 1266, 1279, 1526),
            (1265, 1279, 1278, 1526),
            (1265, 1278, 1525, 1526),
            (1265, 1525, 1512, 1526),
            (1265, 1512, 1513, 1526),
            (1265, 1513, 1266, 1526),
            (1266, 1267, 1280, 1527),
            (1266, 1280, 1279, 1527),
            (1266, 1279, 1526, 1527),
            (1266, 1526, 1513, 1527),
            (1266, 1513, 1514, 1527),
            (1266, 1514, 1267, 1527),
            (1267, 1268, 1281, 1528),
            (1267, 1281, 1280, 1528),
            (1267, 1280, 1527, 1528),
            (1267, 1527, 1514, 1528),
            (1267, 1514, 1515, 1528),
            (1267, 1515, 1268, 1528),
            (1268, 1269, 1282, 1529),
            (1268, 1282, 1281, 1529),
            (1268, 1281, 1528, 1529),
            (1268, 1528, 1515, 1529),
            (1268, 1515, 1516, 1529),
            (1268, 1516, 1269, 1529),
            (1269, 1270, 1283, 1530),
            (1269, 1283, 1282, 1530),
            (1269, 1282, 1529, 1530),
            (1269, 1529, 1516, 1530),
            (1269, 1516, 1517, 1530),
            (1269, 1517, 1270, 1530),
            (1270, 1271, 1284, 1531),
            (1270, 1284, 1283, 1531),
            (1270, 1283, 1530, 1531),
            (1270, 1530, 1517, 1531),
            (1270, 1517, 1518, 1531),
            (1270, 1518, 1271, 1531),
            (1271, 1272, 1285, 1532),
            (1271, 1285, 1284, 1532),
            (1271, 1284, 1531, 1532),
            (1271, 1531, 1518, 1532),
            (1271, 1518, 1519, 1532),
            (1271, 1519, 1272, 1532),
            (1272, 1273, 1286, 1533),
            (1272, 1286, 1285, 1533),
            (1272, 1285, 1532, 1533),
            (1272, 1532, 1519, 1533),
            (1272, 1519, 1520, 1533),
            (1272, 1520, 1273, 1533),
            (1274, 1275, 1288, 1535),
            (1274, 1288, 1287, 1535),
            (1274, 1287, 1534, 1535),
            (1274, 1534, 1521, 1535),
            (1274, 1521, 1522, 1535),
            (1274, 1522, 1275, 1535),
            (1275, 1276, 1289, 1536),
            (1275, 1289, 1288, 1536),
            (1275, 1288, 1535, 1536),
            (1275, 1535, 1522, 1536),
            (1275, 1522, 1523, 1536),
            (1275, 1523, 1276, 1536),
            (1276, 1277, 1290, 1537),
            (1276, 1290, 1289, 1537),
            (1276, 1289, 1536, 1537),
            (1276, 1536, 1523, 1537),
            (1276, 1523, 1524, 1537),
            (1276, 1524, 1277, 1537),
            (1277, 1278, 1291, 1538),
            (1277, 1291, 1290, 1538),
            (1277, 1290, 1537, 1538),
            (1277, 1537, 1524, 1538),
            (1277, 1524, 1525, 1538),
            (1277, 1525, 1278, 1538),
            (1278, 1279, 1292, 1539),
            (1278, 1292, 1291, 1539),
            (1278, 1291, 1538, 1539),
            (1278, 1538, 1525, 1539),
            (1278, 1525, 1526, 1539),
            (1278, 1526, 1279, 1539),
            (1279, 1280, 1293, 1540),
            (1279, 1293, 1292, 1540),
            (1279, 1292, 1539, 1540),
            (1279, 1539, 1526, 1540),
            (1279, 1526, 1527, 1540),
            (1279, 1527, 1280, 1540),
            (1280, 1281, 1294, 1541),
            (1280, 1294, 1293, 1541),
            (1280, 1293, 1540, 1541),
            (1280, 1540, 1527, 1541),
            (1280, 1527, 1528, 1541),
            (1280, 1528, 1281, 1541),
            (1281, 1282, 1295, 1542),
            (1281, 1295, 1294, 1542),
            (1281, 1294, 1541, 1542),
            (1281, 1541, 1528, 1542),
            (1281, 1528, 1529, 1542),
            (1281, 1529, 1282, 1542),
            (1282, 1283, 1296, 1543),
            (1282, 1296, 1295, 1543),
            (1282, 1295, 1542, 1543),
            (1282, 1542, 1529, 1543),
            (1282, 1529, 1530, 1543),
            (1282, 1530, 1283, 1543),
            (1283, 1284, 1297, 1544),
            (1283, 1297, 1296, 1544),
            (1283, 1296, 1543, 1544),
            (1283, 1543, 1530, 1544),
            (1283, 1530, 1531, 1544),
            (1283, 1531, 1284, 1544),
            (1284, 1285, 1298, 1545),
            (1284, 1298, 1297, 1545),
            (1284, 1297, 1544, 1545),
            (1284, 1544, 1531, 1545),
            (1284, 1531, 1532, 1545),
            (1284, 1532, 1285, 1545),
            (1285, 1286, 1299, 1546),
            (1285, 1299, 1298, 1546),
            (1285, 1298, 1545, 1546),
            (1285, 1545, 1532, 1546),
            (1285, 1532, 1533, 1546),
            (1285, 1533, 1286, 1546),
            (1287, 1288, 1301, 1548),
            (1287, 1301, 1300, 1548),
            (1287, 1300, 1547, 1548),
            (1287, 1547, 1534, 1548),
            (1287, 1534, 1535, 1548),
            (1287, 1535, 1288, 1548),
            (1288, 1289, 1302, 1549),
            (1288, 1302, 1301, 1549),
            (1288, 1301, 1548, 1549),
            (1288, 1548, 1535, 1549),
            (1288, 1535, 1536, 1549),
            (1288, 1536, 1289, 1549),
            (1289, 1290, 1303, 1550),
            (1289, 1303, 1302, 1550),
            (1289, 1302, 1549, 1550),
            (1289, 1549, 1536, 1550),
            (1289, 1536, 1537, 1550),
            (1289, 1537, 1290, 1550),
            (1290, 1291, 1304, 1551),
            (1290, 1304, 1303, 1551),
            (1290, 1303, 1550, 1551),
            (1290, 1550, 1537, 1551),
            (1290, 1537, 1538, 1551),
            (1290, 1538, 1291, 1551),
            (1291, 1292, 1305, 1552),
            (1291, 1305, 1304, 1552),
            (1291, 1304, 1551, 1552),
            (1291, 1551, 1538, 1552),
            (1291, 1538, 1539, 1552),
            (1291, 1539, 1292, 1552),
            (1292, 1293, 1306, 1553),
            (1292, 1306, 1305, 1553),
            (1292, 1305, 1552, 1553),
            (1292, 1552, 1539, 1553),
            (1292, 1539, 1540, 1553),
            (1292, 1540, 1293, 1553),
            (1293, 1294, 1307, 1554),
            (1293, 1307, 1306, 1554),
            (1293, 1306, 1553, 1554),
            (1293, 1553, 1540, 1554),
            (1293, 1540, 1541, 1554),
            (1293, 1541, 1294, 1554),
            (1294, 1295, 1308, 1555),
            (1294, 1308, 1307, 1555),
            (1294, 1307, 1554, 1555),
            (1294, 1554, 1541, 1555),
            (1294, 1541, 1542, 1555),
            (1294, 1542, 1295, 1555),
            (1295, 1296, 1309, 1556),
            (1295, 1309, 1308, 1556),
            (1295, 1308, 1555, 1556),
            (1295, 1555, 1542, 1556),
            (1295, 1542, 1543, 1556),
            (1295, 1543, 1296, 1556),
            (1296, 1297, 1310, 1557),
            (1296, 1310, 1309, 1557),
            (1296, 1309, 1556, 1557),
            (1296, 1556, 1543, 1557),
            (1296, 1543, 1544, 1557),
            (1296, 1544, 1297, 1557),
            (1297, 1298, 1311, 1558),
            (1297, 1311, 1310, 1558),
            (1297, 1310, 1557, 1558),
            (1297, 1557, 1544, 1558),
            (1297, 1544, 1545, 1558),
            (1297, 1545, 1298, 1558),
            (1298, 1299, 1312, 1559),
            (1298, 1312, 1311, 1559),
            (1298, 1311, 1558, 1559),
            (1298, 1558, 1545, 1559),
            (1298, 1545, 1546, 1559),
            (1298, 1546, 1299, 1559),
            (1300, 1301, 1314, 1561),
            (1300, 1314, 1313, 1561),
            (1300, 1313, 1560, 1561),
            (1300, 1560, 1547, 1561),
            (1300, 1547, 1548, 1561),
            (1300, 1548, 1301, 1561),
            (1301, 1302, 1315, 1562),
            (1301, 1315, 1314, 1562),
            (1301, 1314, 1561, 1562),
            (1301, 1561, 1548, 1562),
            (1301, 1548, 1549, 1562),
            (1301, 1549, 1302, 1562),
            (1302, 1303, 1316, 1563),
            (1302, 1316, 1315, 1563),
            (1302, 1315, 1562, 1563),
            (1302, 1562, 1549, 1563),
            (1302, 1549, 1550, 1563),
            (1302, 1550, 1303, 1563),
            (1303, 1304, 1317, 1564),
            (1303, 1317, 1316, 1564),
            (1303, 1316, 1563, 1564),
            (1303, 1563, 1550, 1564),
            (1303, 1550, 1551, 1564),
            (1303, 1551, 1304, 1564),
            (1304, 1305, 1318, 1565),
            (1304, 1318, 1317, 1565),
            (1304, 1317, 1564, 1565),
            (1304, 1564, 1551, 1565),
            (1304, 1551, 1552, 1565),
            (1304, 1552, 1305, 1565),
            (1305, 1306, 1319, 1566),
            (1305, 1319, 1318, 1566),
            (1305, 1318, 1565, 1566),
            (1305, 1565, 1552, 1566),
            (1305, 1552, 1553, 1566),
            (1305, 1553, 1306, 1566),
            (1306, 1307, 1320, 1567),
            (1306, 1320, 1319, 1567),
            (1306, 1319, 1566, 1567),
            (1306, 1566, 1553, 1567),
            (1306, 1553, 1554, 1567),
            (1306, 1554, 1307, 1567),
            (1307, 1308, 1321, 1568),
            (1307, 1321, 1320, 1568),
            (1307, 1320, 1567, 1568),
            (1307, 1567, 1554, 1568),
            (1307, 1554, 1555, 1568),
            (1307, 1555, 1308, 1568),
            (1308, 1309, 1322, 1569),
            (1308, 1322, 1321, 1569),
            (1308, 1321, 1568, 1569),
            (1308, 1568, 1555, 1569),
            (1308, 1555, 1556, 1569),
            (1308, 1556, 1309, 1569),
            (1309, 1310, 1323, 1570),
            (1309, 1323, 1322, 1570),
            (1309, 1322, 1569, 1570),
            (1309, 1569, 1556, 1570),
            (1309, 1556, 1557, 1570),
            (1309, 1557, 1310, 1570),
            (1310, 1311, 1324, 1571),
            (1310, 1324, 1323, 1571),
            (1310, 1323, 1570, 1571),
            (1310, 1570, 1557, 1571),
            (1310, 1557, 1558, 1571),
            (1310, 1558, 1311, 1571),
            (1311, 1312, 1325, 1572),
            (1311, 1325, 1324, 1572),
            (1311, 1324, 1571, 1572),
            (1311, 1571, 1558, 1572),
            (1311, 1558, 1559, 1572),
            (1311, 1559, 1312, 1572),
            (1313, 1314, 1327, 1574),
            (1313, 1327, 1326, 1574),
            (1313, 1326, 1573, 1574),
            (1313, 1573, 1560, 1574),
            (1313, 1560, 1561, 1574),
            (1313, 1561, 1314, 1574),
            (1314, 1315, 1328, 1575),
            (1314, 1328, 1327, 1575),
            (1314, 1327, 1574, 1575),
            (1314, 1574, 1561, 1575),
            (1314, 1561, 1562, 1575),
            (1314, 1562, 1315, 1575),
            (1315, 1316, 1329, 1576),
            (1315, 1329, 1328, 1576),
            (1315, 1328, 1575, 1576),
            (1315, 1575, 1562, 1576),
            (1315, 1562, 1563, 1576),
            (1315, 1563, 1316, 1576),
            (1316, 1317, 1330, 1577),
            (1316, 1330, 1329, 1577),
            (1316, 1329, 1576, 1577),
            (1316, 1576, 1563, 1577),
            (1316, 1563, 1564, 1577),
            (1316, 1564, 1317, 1577),
            (1317, 1318, 1331, 1578),
            (1317, 1331, 1330, 1578),
            (1317, 1330, 1577, 1578),
            (1317, 1577, 1564, 1578),
            (1317, 1564, 1565, 1578),
            (1317, 1565, 1318, 1578),
            (1318, 1319, 1332, 1579),
            (1318, 1332, 1331, 1579),
            (1318, 1331, 1578, 1579),
            (1318, 1578, 1565, 1579),
            (1318, 1565, 1566, 1579),
            (1318, 1566, 1319, 1579),
            (1319, 1320, 1333, 1580),
            (1319, 1333, 1332, 1580),
            (1319, 1332, 1579, 1580),
            (1319, 1579, 1566, 1580),
            (1319, 1566, 1567, 1580),
            (1319, 1567, 1320, 1580),
            (1320, 1321, 1334, 1581),
            (1320, 1334, 1333, 1581),
            (1320, 1333, 1580, 1581),
            (1320, 1580, 1567, 1581),
            (1320, 1567, 1568, 1581),
            (1320, 1568, 1321, 1581),
            (1321, 1322, 1335, 1582),
            (1321, 1335, 1334, 1582),
            (1321, 1334, 1581, 1582),
            (1321, 1581, 1568, 1582),
            (1321, 1568, 1569, 1582),
            (1321, 1569, 1322, 1582),
            (1322, 1323, 1336, 1583),
            (1322, 1336, 1335, 1583),
            (1322, 1335, 1582, 1583),
            (1322, 1582, 1569, 1583),
            (1322, 1569, 1570, 1583),
            (1322, 1570, 1323, 1583),
            (1323, 1324, 1337, 1584),
            (1323, 1337, 1336, 1584),
            (1323, 1336, 1583, 1584),
            (1323, 1583, 1570, 1584),
            (1323, 1570, 1571, 1584),
            (1323, 1571, 1324, 1584),
            (1324, 1325, 1338, 1585),
            (1324, 1338, 1337, 1585),
            (1324, 1337, 1584, 1585),
            (1324, 1584, 1571, 1585),
            (1324, 1571, 1572, 1585),
            (1324, 1572, 1325, 1585),
            (1326, 1327, 1340, 1587),
            (1326, 1340, 1339, 1587),
            (1326, 1339, 1586, 1587),
            (1326, 1586, 1573, 1587),
            (1326, 1573, 1574, 1587),
            (1326, 1574, 1327, 1587),
            (1327, 1328, 1341, 1588),
            (1327, 1341, 1340, 1588),
            (1327, 1340, 1587, 1588),
            (1327, 1587, 1574, 1588),
            (1327, 1574, 1575, 1588),
            (1327, 1575, 1328, 1588),
            (1328, 1329, 1342, 1589),
            (1328, 1342, 1341, 1589),
            (1328, 1341, 1588, 1589),
            (1328, 1588, 1575, 1589),
            (1328, 1575, 1576, 1589),
            (1328, 1576, 1329, 1589),
            (1329, 1330, 1343, 1590),
            (1329, 1343, 1342, 1590),
            (1329, 1342, 1589, 1590),
            (1329, 1589, 1576, 1590),
            (1329, 1576, 1577, 1590),
            (1329, 1577, 1330, 1590),
            (1330, 1331, 1344, 1591),
            (1330, 1344, 1343, 1591),
            (1330, 1343, 1590, 1591),
            (1330, 1590, 1577, 1591),
            (1330, 1577, 1578, 1591),
            (1330, 1578, 1331, 1591),
            (1331, 1332, 1345, 1592),
            (1331, 1345, 1344, 1592),
            (1331, 1344, 1591, 1592),
            (1331, 1591, 1578, 1592),
            (1331, 1578, 1579, 1592),
            (1331, 1579, 1332, 1592),
            (1332, 1333, 1346, 1593),
            (1332, 1346, 1345, 1593),
            (1332, 1345, 1592, 1593),
            (1332, 1592, 1579, 1593),
            (1332, 1579, 1580, 1593),
            (1332, 1580, 1333, 1593),
            (1333, 1334, 1347, 1594),
            (1333, 1347, 1346, 1594),
            (1333, 1346, 1593, 1594),
            (1333, 1593, 1580, 1594),
            (1333, 1580, 1581, 1594),
            (1333, 1581, 1334, 1594),
            (1334, 1335, 1348, 1595),
            (1334, 1348, 1347, 1595),
            (1334, 1347, 1594, 1595),
            (1334, 1594, 1581, 1595),
            (1334, 1581, 1582, 1595),
            (1334, 1582, 1335, 1595),
            (1335, 1336, 1349, 1596),
            (1335, 1349, 1348, 1596),
            (1335, 1348, 1595, 1596),
            (1335, 1595, 1582, 1596),
            (1335, 1582, 1583, 1596),
            (1335, 1583, 1336, 1596),
            (1336, 1337, 1350, 1597),
            (1336, 1350, 1349, 1597),
            (1336, 1349, 1596, 1597),
            (1336, 1596, 1583, 1597),
            (1336, 1583, 1584, 1597),
            (1336, 1584, 1337, 1597),
            (1337, 1338, 1351, 1598),
            (1337, 1351, 1350, 1598),
            (1337, 1350, 1597, 1598),
            (1337, 1597, 1584, 1598),
            (1337, 1584, 1585, 1598),
            (1337, 1585, 1338, 1598),
            (1339, 1340, 1353, 1600),
            (1339, 1353, 1352, 1600),
            (1339, 1352, 1599, 1600),
            (1339, 1599, 1586, 1600),
            (1339, 1586, 1587, 1600),
            (1339, 1587, 1340, 1600),
            (1340, 1341, 1354, 1601),
            (1340, 1354, 1353, 1601),
            (1340, 1353, 1600, 1601),
            (1340, 1600, 1587, 1601),
            (1340, 1587, 1588, 1601),
            (1340, 1588, 1341, 1601),
            (1341, 1342, 1355, 1602),
            (1341, 1355, 1354, 1602),
            (1341, 1354, 1601, 1602),
            (1341, 1601, 1588, 1602),
            (1341, 1588, 1589, 1602),
            (1341, 1589, 1342, 1602),
            (1342, 1343, 1356, 1603),
            (1342, 1356, 1355, 1603),
            (1342, 1355, 1602, 1603),
            (1342, 1602, 1589, 1603),
            (1342, 1589, 1590, 1603),
            (1342, 1590, 1343, 1603),
            (1343, 1344, 1357, 1604),
            (1343, 1357, 1356, 1604),
            (1343, 1356, 1603, 1604),
            (1343, 1603, 1590, 1604),
            (1343, 1590, 1591, 1604),
            (1343, 1591, 1344, 1604),
            (1344, 1345, 1358, 1605),
            (1344, 1358, 1357, 1605),
            (1344, 1357, 1604, 1605),
            (1344, 1604, 1591, 1605),
            (1344, 1591, 1592, 1605),
            (1344, 1592, 1345, 1605),
            (1345, 1346, 1359, 1606),
            (1345, 1359, 1358, 1606),
            (1345, 1358, 1605, 1606),
            (1345, 1605, 1592, 1606),
            (1345, 1592, 1593, 1606),
            (1345, 1593, 1346, 1606),
            (1346, 1347, 1360, 1607),
            (1346, 1360, 1359, 1607),
            (1346, 1359, 1606, 1607),
            (1346, 1606, 1593, 1607),
            (1346, 1593, 1594, 1607),
            (1346, 1594, 1347, 1607),
            (1347, 1348, 1361, 1608),
            (1347, 1361, 1360, 1608),
            (1347, 1360, 1607, 1608),
            (1347, 1607, 1594, 1608),
            (1347, 1594, 1595, 1608),
            (1347, 1595, 1348, 1608),
            (1348, 1349, 1362, 1609),
            (1348, 1362, 1361, 1609),
            (1348, 1361, 1608, 1609),
            (1348, 1608, 1595, 1609),
            (1348, 1595, 1596, 1609),
            (1348, 1596, 1349, 1609),
            (1349, 1350, 1363, 1610),
            (1349, 1363, 1362, 1610),
            (1349, 1362, 1609, 1610),
            (1349, 1609, 1596, 1610),
            (1349, 1596, 1597, 1610),
            (1349, 1597, 1350, 1610),
            (1350, 1351, 1364, 1611),
            (1350, 1364, 1363, 1611),
            (1350, 1363, 1610, 1611),
            (1350, 1610, 1597, 1611),
            (1350, 1597, 1598, 1611),
            (1350, 1598, 1351, 1611),
            (1352, 1353, 1366, 1613),
            (1352, 1366, 1365, 1613),
            (1352, 1365, 1612, 1613),
            (1352, 1612, 1599, 1613),
            (1352, 1599, 1600, 1613),
            (1352, 1600, 1353, 1613),
            (1353, 1354, 1367, 1614),
            (1353, 1367, 1366, 1614),
            (1353, 1366, 1613, 1614),
            (1353, 1613, 1600, 1614),
            (1353, 1600, 1601, 1614),
            (1353, 1601, 1354, 1614),
            (1354, 1355, 1368, 1615),
            (1354, 1368, 1367, 1615),
            (1354, 1367, 1614, 1615),
            (1354, 1614, 1601, 1615),
            (1354, 1601, 1602, 1615),
            (1354, 1602, 1355, 1615),
            (1355, 1356, 1369, 1616),
            (1355, 1369, 1368, 1616),
            (1355, 1368, 1615, 1616),
            (1355, 1615, 1602, 1616),
            (1355, 1602, 1603, 1616),
            (1355, 1603, 1356, 1616),
            (1356, 1357, 1370, 1617),
            (1356, 1370, 1369, 1617),
            (1356, 1369, 1616, 1617),
            (1356, 1616, 1603, 1617),
            (1356, 1603, 1604, 1617),
            (1356, 1604, 1357, 1617),
            (1357, 1358, 1371, 1618),
            (1357, 1371, 1370, 1618),
            (1357, 1370, 1617, 1618),
            (1357, 1617, 1604, 1618),
            (1357, 1604, 1605, 1618),
            (1357, 1605, 1358, 1618),
            (1358, 1359, 1372, 1619),
            (1358, 1372, 1371, 1619),
            (1358, 1371, 1618, 1619),
            (1358, 1618, 1605, 1619),
            (1358, 1605, 1606, 1619),
            (1358, 1606, 1359, 1619),
            (1359, 1360, 1373, 1620),
            (1359, 1373, 1372, 1620),
            (1359, 1372, 1619, 1620),
            (1359, 1619, 1606, 1620),
            (1359, 1606, 1607, 1620),
            (1359, 1607, 1360, 1620),
            (1360, 1361, 1374, 1621),
            (1360, 1374, 1373, 1621),
            (1360, 1373, 1620, 1621),
            (1360, 1620, 1607, 1621),
            (1360, 1607, 1608, 1621),
            (1360, 1608, 1361, 1621),
            (1361, 1362, 1375, 1622),
            (1361, 1375, 1374, 1622),
            (1361, 1374, 1621, 1622),
            (1361, 1621, 1608, 1622),
            (1361, 1608, 1609, 1622),
            (1361, 1609, 1362, 1622),
            (1362, 1363, 1376, 1623),
            (1362, 1376, 1375, 1623),
            (1362, 1375, 1622, 1623),
            (1362, 1622, 1609, 1623),
            (1362, 1609, 1610, 1623),
            (1362, 1610, 1363, 1623),
            (1363, 1364, 1377, 1624),
            (1363, 1377, 1376, 1624),
            (1363, 1376, 1623, 1624),
            (1363, 1623, 1610, 1624),
            (1363, 1610, 1611, 1624),
            (1363, 1611, 1364, 1624),
            (1365, 1366, 1379, 1626),
            (1365, 1379, 1378, 1626),
            (1365, 1378, 1625, 1626),
            (1365, 1625, 1612, 1626),
            (1365, 1612, 1613, 1626),
            (1365, 1613, 1366, 1626),
            (1366, 1367, 1380, 1627),
            (1366, 1380, 1379, 1627),
            (1366, 1379, 1626, 1627),
            (1366, 1626, 1613, 1627),
            (1366, 1613, 1614, 1627),
            (1366, 1614, 1367, 1627),
            (1367, 1368, 1381, 1628),
            (1367, 1381, 1380, 1628),
            (1367, 1380, 1627, 1628),
            (1367, 1627, 1614, 1628),
            (1367, 1614, 1615, 1628),
            (1367, 1615, 1368, 1628),
            (1368, 1369, 1382, 1629),
            (1368, 1382, 1381, 1629),
            (1368, 1381, 1628, 1629),
            (1368, 1628, 1615, 1629),
            (1368, 1615, 1616, 1629),
            (1368, 1616, 1369, 1629),
            (1369, 1370, 1383, 1630),
            (1369, 1383, 1382, 1630),
            (1369, 1382, 1629, 1630),
            (1369, 1629, 1616, 1630),
            (1369, 1616, 1617, 1630),
            (1369, 1617, 1370, 1630),
            (1370, 1371, 1384, 1631),
            (1370, 1384, 1383, 1631),
            (1370, 1383, 1630, 1631),
            (1370, 1630, 1617, 1631),
            (1370, 1617, 1618, 1631),
            (1370, 1618, 1371, 1631),
            (1371, 1372, 1385, 1632),
            (1371, 1385, 1384, 1632),
            (1371, 1384, 1631, 1632),
            (1371, 1631, 1618, 1632),
            (1371, 1618, 1619, 1632),
            (1371, 1619, 1372, 1632),
            (1372, 1373, 1386, 1633),
            (1372, 1386, 1385, 1633),
            (1372, 1385, 1632, 1633),
            (1372, 1632, 1619, 1633),
            (1372, 1619, 1620, 1633),
            (1372, 1620, 1373, 1633),
            (1373, 1374, 1387, 1634),
            (1373, 1387, 1386, 1634),
            (1373, 1386, 1633, 1634),
            (1373, 1633, 1620, 1634),
            (1373, 1620, 1621, 1634),
            (1373, 1621, 1374, 1634),
            (1374, 1375, 1388, 1635),
            (1374, 1388, 1387, 1635),
            (1374, 1387, 1634, 1635),
            (1374, 1634, 1621, 1635),
            (1374, 1621, 1622, 1635),
            (1374, 1622, 1375, 1635),
            (1375, 1376, 1389, 1636),
            (1375, 1389, 1388, 1636),
            (1375, 1388, 1635, 1636),
            (1375, 1635, 1622, 1636),
            (1375, 1622, 1623, 1636),
            (1375, 1623, 1376, 1636),
            (1376, 1377, 1390, 1637),
            (1376, 1390, 1389, 1637),
            (1376, 1389, 1636, 1637),
            (1376, 1636, 1623, 1637),
            (1376, 1623, 1624, 1637),
            (1376, 1624, 1377, 1637),
            (1378, 1379, 1392, 1639),
            (1378, 1392, 1391, 1639),
            (1378, 1391, 1638, 1639),
            (1378, 1638, 1625, 1639),
            (1378, 1625, 1626, 1639),
            (1378, 1626, 1379, 1639),
            (1379, 1380, 1393, 1640),
            (1379, 1393, 1392, 1640),
            (1379, 1392, 1639, 1640),
            (1379, 1639, 1626, 1640),
            (1379, 1626, 1627, 1640),
            (1379, 1627, 1380, 1640),
            (1380, 1381, 1394, 1641),
            (1380, 1394, 1393, 1641),
            (1380, 1393, 1640, 1641),
            (1380, 1640, 1627, 1641),
            (1380, 1627, 1628, 1641),
            (1380, 1628, 1381, 1641),
            (1381, 1382, 1395, 1642),
            (1381, 1395, 1394, 1642),
            (1381, 1394, 1641, 1642),
            (1381, 1641, 1628, 1642),
            (1381, 1628, 1629, 1642),
            (1381, 1629, 1382, 1642),
            (1382, 1383, 1396, 1643),
            (1382, 1396, 1395, 1643),
            (1382, 1395, 1642, 1643),
            (1382, 1642, 1629, 1643),
            (1382, 1629, 1630, 1643),
            (1382, 1630, 1383, 1643),
            (1383, 1384, 1397, 1644),
            (1383, 1397, 1396, 1644),
            (1383, 1396, 1643, 1644),
            (1383, 1643, 1630, 1644),
            (1383, 1630, 1631, 1644),
            (1383, 1631, 1384, 1644),
            (1384, 1385, 1398, 1645),
            (1384, 1398, 1397, 1645),
            (1384, 1397, 1644, 1645),
            (1384, 1644, 1631, 1645),
            (1384, 1631, 1632, 1645),
            (1384, 1632, 1385, 1645),
            (1385, 1386, 1399, 1646),
            (1385, 1399, 1398, 1646),
            (1385, 1398, 1645, 1646),
            (1385, 1645, 1632, 1646),
            (1385, 1632, 1633, 1646),
            (1385, 1633, 1386, 1646),
            (1386, 1387, 1400, 1647),
            (1386, 1400, 1399, 1647),
            (1386, 1399, 1646, 1647),
            (1386, 1646, 1633, 1647),
            (1386, 1633, 1634, 1647),
            (1386, 1634, 1387, 1647),
            (1387, 1388, 1401, 1648),
            (1387, 1401, 1400, 1648),
            (1387, 1400, 1647, 1648),
            (1387, 1647, 1634, 1648),
            (1387, 1634, 1635, 1648),
            (1387, 1635, 1388, 1648),
            (1388, 1389, 1402, 1649),
            (1388, 1402, 1401, 1649),
            (1388, 1401, 1648, 1649),
            (1388, 1648, 1635, 1649),
            (1388, 1635, 1636, 1649),
            (1388, 1636, 1389, 1649),
            (1389, 1390, 1403, 1650),
            (1389, 1403, 1402, 1650),
            (1389, 1402, 1649, 1650),
            (1389, 1649, 1636, 1650),
            (1389, 1636, 1637, 1650),
            (1389, 1637, 1390, 1650),
            (1391, 1392, 1405, 1652),
            (1391, 1405, 1404, 1652),
            (1391, 1404, 1651, 1652),
            (1391, 1651, 1638, 1652),
            (1391, 1638, 1639, 1652),
            (1391, 1639, 1392, 1652),
            (1392, 1393, 1406, 1653),
            (1392, 1406, 1405, 1653),
            (1392, 1405, 1652, 1653),
            (1392, 1652, 1639, 1653),
            (1392, 1639, 1640, 1653),
            (1392, 1640, 1393, 1653),
            (1393, 1394, 1407, 1654),
            (1393, 1407, 1406, 1654),
            (1393, 1406, 1653, 1654),
            (1393, 1653, 1640, 1654),
            (1393, 1640, 1641, 1654),
            (1393, 1641, 1394, 1654),
            (1394, 1395, 1408, 1655),
            (1394, 1408, 1407, 1655),
            (1394, 1407, 1654, 1655),
            (1394, 1654, 1641, 1655),
            (1394, 1641, 1642, 1655),
            (1394, 1642, 1395, 1655),
            (1395, 1396, 1409, 1656),
            (1395, 1409, 1408, 1656),
            (1395, 1408, 1655, 1656),
            (1395, 1655, 1642, 1656),
            (1395, 1642, 1643, 1656),
            (1395, 1643, 1396, 1656),
            (1396, 1397, 1410, 1657),
            (1396, 1410, 1409, 1657),
            (1396, 1409, 1656, 1657),
            (1396, 1656, 1643, 1657),
            (1396, 1643, 1644, 1657),
            (1396, 1644, 1397, 1657),
            (1397, 1398, 1411, 1658),
            (1397, 1411, 1410, 1658),
            (1397, 1410, 1657, 1658),
            (1397, 1657, 1644, 1658),
            (1397, 1644, 1645, 1658),
            (1397, 1645, 1398, 1658),
            (1398, 1399, 1412, 1659),
            (1398, 1412, 1411, 1659),
            (1398, 1411, 1658, 1659),
            (1398, 1658, 1645, 1659),
            (1398, 1645, 1646, 1659),
            (1398, 1646, 1399, 1659),
            (1399, 1400, 1413, 1660),
            (1399, 1413, 1412, 1660),
            (1399, 1412, 1659, 1660),
            (1399, 1659, 1646, 1660),
            (1399, 1646, 1647, 1660),
            (1399, 1647, 1400, 1660),
            (1400, 1401, 1414, 1661),
            (1400, 1414, 1413, 1661),
            (1400, 1413, 1660, 1661),
            (1400, 1660, 1647, 1661),
            (1400, 1647, 1648, 1661),
            (1400, 1648, 1401, 1661),
            (1401, 1402, 1415, 1662),
            (1401, 1415, 1414, 1662),
            (1401, 1414, 1661, 1662),
            (1401, 1661, 1648, 1662),
            (1401, 1648, 1649, 1662),
            (1401, 1649, 1402, 1662),
            (1402, 1403, 1416, 1663),
            (1402, 1416, 1415, 1663),
            (1402, 1415, 1662, 1663),
            (1402, 1662, 1649, 1663),
            (1402, 1649, 1650, 1663),
            (1402, 1650, 1403, 1663),
            (1404, 1405, 1418, 1665),
            (1404, 1418, 1417, 1665),
            (1404, 1417, 1664, 1665),
            (1404, 1664, 1651, 1665),
            (1404, 1651, 1652, 1665),
            (1404, 1652, 1405, 1665),
            (1405, 1406, 1419, 1666),
            (1405, 1419, 1418, 1666),
            (1405, 1418, 1665, 1666),
            (1405, 1665, 1652, 1666),
            (1405, 1652, 1653, 1666),
            (1405, 1653, 1406, 1666),
            (1406, 1407, 1420, 1667),
            (1406, 1420, 1419, 1667),
            (1406, 1419, 1666, 1667),
            (1406, 1666, 1653, 1667),
            (1406, 1653, 1654, 1667),
            (1406, 1654, 1407, 1667),
            (1407, 1408, 1421, 1668),
            (1407, 1421, 1420, 1668),
            (1407, 1420, 1667, 1668),
            (1407, 1667, 1654, 1668),
            (1407, 1654, 1655, 1668),
            (1407, 1655, 1408, 1668),
            (1408, 1409, 1422, 1669),
            (1408, 1422, 1421, 1669),
            (1408, 1421, 1668, 1669),
            (1408, 1668, 1655, 1669),
            (1408, 1655, 1656, 1669),
            (1408, 1656, 1409, 1669),
            (1409, 1410, 1423, 1670),
            (1409, 1423, 1422, 1670),
            (1409, 1422, 1669, 1670),
            (1409, 1669, 1656, 1670),
            (1409, 1656, 1657, 1670),
            (1409, 1657, 1410, 1670),
            (1410, 1411, 1424, 1671),
            (1410, 1424, 1423, 1671),
            (1410, 1423, 1670, 1671),
            (1410, 1670, 1657, 1671),
            (1410, 1657, 1658, 1671),
            (1410, 1658, 1411, 1671),
            (1411, 1412, 1425, 1672),
            (1411, 1425, 1424, 1672),
            (1411, 1424, 1671, 1672),
            (1411, 1671, 1658, 1672),
            (1411, 1658, 1659, 1672),
            (1411, 1659, 1412, 1672),
            (1412, 1413, 1426, 1673),
            (1412, 1426, 1425, 1673),
            (1412, 1425, 1672, 1673),
            (1412, 1672, 1659, 1673),
            (1412, 1659, 1660, 1673),
            (1412, 1660, 1413, 1673),
            (1413, 1414, 1427, 1674),
            (1413, 1427, 1426, 1674),
            (1413, 1426, 1673, 1674),
            (1413, 1673, 1660, 1674),
            (1413, 1660, 1661, 1674),
            (1413, 1661, 1414, 1674),
            (1414, 1415, 1428, 1675),
            (1414, 1428, 1427, 1675),
            (1414, 1427, 1674, 1675),
            (1414, 1674, 1661, 1675),
            (1414, 1661, 1662, 1675),
            (1414, 1662, 1415, 1675),
            (1415, 1416, 1429, 1676),
            (1415, 1429, 1428, 1676),
            (1415, 1428, 1675, 1676),
            (1415, 1675, 1662, 1676),
            (1415, 1662, 1663, 1676),
            (1415, 1663, 1416, 1676),
            (1417, 1418, 1431, 1678),
            (1417, 1431, 1430, 1678),
            (1417, 1430, 1677, 1678),
            (1417, 1677, 1664, 1678),
            (1417, 1664, 1665, 1678),
            (1417, 1665, 1418, 1678),
            (1418, 1419, 1432, 1679),
            (1418, 1432, 1431, 1679),
            (1418, 1431, 1678, 1679),
            (1418, 1678, 1665, 1679),
            (1418, 1665, 1666, 1679),
            (1418, 1666, 1419, 1679),
            (1419, 1420, 1433, 1680),
            (1419, 1433, 1432, 1680),
            (1419, 1432, 1679, 1680),
            (1419, 1679, 1666, 1680),
            (1419, 1666, 1667, 1680),
            (1419, 1667, 1420, 1680),
            (1420, 1421, 1434, 1681),
            (1420, 1434, 1433, 1681),
            (1420, 1433, 1680, 1681),
            (1420, 1680, 1667, 1681),
            (1420, 1667, 1668, 1681),
            (1420, 1668, 1421, 1681),
            (1421, 1422, 1435, 1682),
            (1421, 1435, 1434, 1682),
            (1421, 1434, 1681, 1682),
            (1421, 1681, 1668, 1682),
            (1421, 1668, 1669, 1682),
            (1421, 1669, 1422, 1682),
            (1422, 1423, 1436, 1683),
            (1422, 1436, 1435, 1683),
            (1422, 1435, 1682, 1683),
            (1422, 1682, 1669, 1683),
            (1422, 1669, 1670, 1683),
            (1422, 1670, 1423, 1683),
            (1423, 1424, 1437, 1684),
            (1423, 1437, 1436, 1684),
            (1423, 1436, 1683, 1684),
            (1423, 1683, 1670, 1684),
            (1423, 1670, 1671, 1684),
            (1423, 1671, 1424, 1684),
            (1424, 1425, 1438, 1685),
            (1424, 1438, 1437, 1685),
            (1424, 1437, 1684, 1685),
            (1424, 1684, 1671, 1685),
            (1424, 1671, 1672, 1685),
            (1424, 1672, 1425, 1685),
            (1425, 1426, 1439, 1686),
            (1425, 1439, 1438, 1686),
            (1425, 1438, 1685, 1686),
            (1425, 1685, 1672, 1686),
            (1425, 1672, 1673, 1686),
            (1425, 1673, 1426, 1686),
            (1426, 1427, 1440, 1687),
            (1426, 1440, 1439, 1687),
            (1426, 1439, 1686, 1687),
            (1426, 1686, 1673, 1687),
            (1426, 1673, 1674, 1687),
            (1426, 1674, 1427, 1687),
            (1427, 1428, 1441, 1688),
            (1427, 1441, 1440, 1688),
            (1427, 1440, 1687, 1688),
            (1427, 1687, 1674, 1688),
            (1427, 1674, 1675, 1688),
            (1427, 1675, 1428, 1688),
            (1428, 1429, 1442, 1689),
            (1428, 1442, 1441, 1689),
            (1428, 1441, 1688, 1689),
            (1428, 1688, 1675, 1689),
            (1428, 1675, 1676, 1689),
            (1428, 1676, 1429, 1689),
            (1430, 1431, 1444, 1691),
            (1430, 1444, 1443, 1691),
            (1430, 1443, 1690, 1691),
            (1430, 1690, 1677, 1691),
            (1430, 1677, 1678, 1691),
            (1430, 1678, 1431, 1691),
            (1431, 1432, 1445, 1692),
            (1431, 1445, 1444, 1692),
            (1431, 1444, 1691, 1692),
            (1431, 1691, 1678, 1692),
            (1431, 1678, 1679, 1692),
            (1431, 1679, 1432, 1692),
            (1432, 1433, 1446, 1693),
            (1432, 1446, 1445, 1693),
            (1432, 1445, 1692, 1693),
            (1432, 1692, 1679, 1693),
            (1432, 1679, 1680, 1693),
            (1432, 1680, 1433, 1693),
            (1433, 1434, 1447, 1694),
            (1433, 1447, 1446, 1694),
            (1433, 1446, 1693, 1694),
            (1433, 1693, 1680, 1694),
            (1433, 1680, 1681, 1694),
            (1433, 1681, 1434, 1694),
            (1434, 1435, 1448, 1695),
            (1434, 1448, 1447, 1695),
            (1434, 1447, 1694, 1695),
            (1434, 1694, 1681, 1695),
            (1434, 1681, 1682, 1695),
            (1434, 1682, 1435, 1695),
            (1435, 1436, 1449, 1696),
            (1435, 1449, 1448, 1696),
            (1435, 1448, 1695, 1696),
            (1435, 1695, 1682, 1696),
            (1435, 1682, 1683, 1696),
            (1435, 1683, 1436, 1696),
            (1436, 1437, 1450, 1697),
            (1436, 1450, 1449, 1697),
            (1436, 1449, 1696, 1697),
            (1436, 1696, 1683, 1697),
            (1436, 1683, 1684, 1697),
            (1436, 1684, 1437, 1697),
            (1437, 1438, 1451, 1698),
            (1437, 1451, 1450, 1698),
            (1437, 1450, 1697, 1698),
            (1437, 1697, 1684, 1698),
            (1437, 1684, 1685, 1698),
            (1437, 1685, 1438, 1698),
            (1438, 1439, 1452, 1699),
            (1438, 1452, 1451, 1699),
            (1438, 1451, 1698, 1699),
            (1438, 1698, 1685, 1699),
            (1438, 1685, 1686, 1699),
            (1438, 1686, 1439, 1699),
            (1439, 1440, 1453, 1700),
            (1439, 1453, 1452, 1700),
            (1439, 1452, 1699, 1700),
            (1439, 1699, 1686, 1700),
            (1439, 1686, 1687, 1700),
            (1439, 1687, 1440, 1700),
            (1440, 1441, 1454, 1701),
            (1440, 1454, 1453, 1701),
            (1440, 1453, 1700, 1701),
            (1440, 1700, 1687, 1701),
            (1440, 1687, 1688, 1701),
            (1440, 1688, 1441, 1701),
            (1441, 1442, 1455, 1702),
            (1441, 1455, 1454, 1702),
            (1441, 1454, 1701, 1702),
            (1441, 1701, 1688, 1702),
            (1441, 1688, 1689, 1702),
            (1441, 1689, 1442, 1702),
            (1443, 1444, 1457, 1704),
            (1443, 1457, 1456, 1704),
            (1443, 1456, 1703, 1704),
            (1443, 1703, 1690, 1704),
            (1443, 1690, 1691, 1704),
            (1443, 1691, 1444, 1704),
            (1444, 1445, 1458, 1705),
            (1444, 1458, 1457, 1705),
            (1444, 1457, 1704, 1705),
            (1444, 1704, 1691, 1705),
            (1444, 1691, 1692, 1705),
            (1444, 1692, 1445, 1705),
            (1445, 1446, 1459, 1706),
            (1445, 1459, 1458, 1706),
            (1445, 1458, 1705, 1706),
            (1445, 1705, 1692, 1706),
            (1445, 1692, 1693, 1706),
            (1445, 1693, 1446, 1706),
            (1446, 1447, 1460, 1707),
            (1446, 1460, 1459, 1707),
            (1446, 1459, 1706, 1707),
            (1446, 1706, 1693, 1707),
            (1446, 1693, 1694, 1707),
            (1446, 1694, 1447, 1707),
            (1447, 1448, 1461, 1708),
            (1447, 1461, 1460, 1708),
            (1447, 1460, 1707, 1708),
            (1447, 1707, 1694, 1708),
            (1447, 1694, 1695, 1708),
            (1447, 1695, 1448, 1708),
            (1448, 1449, 1462, 1709),
            (1448, 1462, 1461, 1709),
            (1448, 1461, 1708, 1709),
            (1448, 1708, 1695, 1709),
            (1448, 1695, 1696, 1709),
            (1448, 1696, 1449, 1709),
            (1449, 1450, 1463, 1710),
            (1449, 1463, 1462, 1710),
            (1449, 1462, 1709, 1710),
            (1449, 1709, 1696, 1710),
            (1449, 1696, 1697, 1710),
            (1449, 1697, 1450, 1710),
            (1450, 1451, 1464, 1711),
            (1450, 1464, 1463, 1711),
            (1450, 1463, 1710, 1711),
            (1450, 1710, 1697, 1711),
            (1450, 1697, 1698, 1711),
            (1450, 1698, 1451, 1711),
            (1451, 1452, 1465, 1712),
            (1451, 1465, 1464, 1712),
            (1451, 1464, 1711, 1712),
            (1451, 1711, 1698, 1712),
            (1451, 1698, 1699, 1712),
            (1451, 1699, 1452, 1712),
            (1452, 1453, 1466, 1713),
            (1452, 1466, 1465, 1713),
            (1452, 1465, 1712, 1713),
            (1452, 1712, 1699, 1713),
            (1452, 1699, 1700, 1713),
            (1452, 1700, 1453, 1713),
            (1453, 1454, 1467, 1714),
            (1453, 1467, 1466, 1714),
            (1453, 1466, 1713, 1714),
            (1453, 1713, 1700, 1714),
            (1453, 1700, 1701, 1714),
            (1453, 1701, 1454, 1714),
            (1454, 1455, 1468, 1715),
            (1454, 1468, 1467, 1715),
            (1454, 1467, 1714, 1715),
            (1454, 1714, 1701, 1715),
            (1454, 1701, 1702, 1715),
            (1454, 1702, 1455, 1715),
            (1456, 1457, 1470, 1717),
            (1456, 1470, 1469, 1717),
            (1456, 1469, 1716, 1717),
            (1456, 1716, 1703, 1717),
            (1456, 1703, 1704, 1717),
            (1456, 1704, 1457, 1717),
            (1457, 1458, 1471, 1718),
            (1457, 1471, 1470, 1718),
            (1457, 1470, 1717, 1718),
            (1457, 1717, 1704, 1718),
            (1457, 1704, 1705, 1718),
            (1457, 1705, 1458, 1718),
            (1458, 1459, 1472, 1719),
            (1458, 1472, 1471, 1719),
            (1458, 1471, 1718, 1719),
            (1458, 1718, 1705, 1719),
            (1458, 1705, 1706, 1719),
            (1458, 1706, 1459, 1719),
            (1459, 1460, 1473, 1720),
            (1459, 1473, 1472, 1720),
            (1459, 1472, 1719, 1720),
            (1459, 1719, 1706, 1720),
            (1459, 1706, 1707, 1720),
            (1459, 1707, 1460, 1720),
            (1460, 1461, 1474, 1721),
            (1460, 1474, 1473, 1721),
            (1460, 1473, 1720, 1721),
            (1460, 1720, 1707, 1721),
            (1460, 1707, 1708, 1721),
            (1460, 1708, 1461, 1721),
            (1461, 1462, 1475, 1722),
            (1461, 1475, 1474, 1722),
            (1461, 1474, 1721, 1722),
            (1461, 1721, 1708, 1722),
            (1461, 1708, 1709, 1722),
            (1461, 1709, 1462, 1722),
            (1462, 1463, 1476, 1723),
            (1462, 1476, 1475, 1723),
            (1462, 1475, 1722, 1723),
            (1462, 1722, 1709, 1723),
            (1462, 1709, 1710, 1723),
            (1462, 1710, 1463, 1723),
            (1463, 1464, 1477, 1724),
            (1463, 1477, 1476, 1724),
            (1463, 1476, 1723, 1724),
            (1463, 1723, 1710, 1724),
            (1463, 1710, 1711, 1724),
            (1463, 1711, 1464, 1724),
            (1464, 1465, 1478, 1725),
            (1464, 1478, 1477, 1725),
            (1464, 1477, 1724, 1725),
            (1464, 1724, 1711, 1725),
            (1464, 1711, 1712, 1725),
            (1464, 1712, 1465, 1725),
            (1465, 1466, 1479, 1726),
            (1465, 1479, 1478, 1726),
            (1465, 1478, 1725, 1726),
            (1465, 1725, 1712, 1726),
            (1465, 1712, 1713, 1726),
            (1465, 1713, 1466, 1726),
            (1466, 1467, 1480, 1727),
            (1466, 1480, 1479, 1727),
            (1466, 1479, 1726, 1727),
            (1466, 1726, 1713, 1727),
            (1466, 1713, 1714, 1727),
            (1466, 1714, 1467, 1727),
            (1467, 1468, 1481, 1728),
            (1467, 1481, 1480, 1728),
            (1467, 1480, 1727, 1728),
            (1467, 1727, 1714, 1728),
            (1467, 1714, 1715, 1728),
            (1467, 1715, 1468, 1728),
            (1482, 1483, 1496, 1743),
            (1482, 1496, 1495, 1743),
            (1482, 1495, 1742, 1743),
            (1482, 1742, 1729, 1743),
            (1482, 1729, 1730, 1743),
            (1482, 1730, 1483, 1743),
            (1483, 1484, 1497, 1744),
            (1483, 1497, 1496, 1744),
            (1483, 1496, 1743, 1744),
            (1483, 1743, 1730, 1744),
            (1483, 1730, 1731, 1744),
            (1483, 1731, 1484, 1744),
            (1484, 1485, 1498, 1745),
            (1484, 1498, 1497, 1745),
            (1484, 1497, 1744, 1745),
            (1484, 1744, 1731, 1745),
            (1484, 1731, 1732, 1745),
            (1484, 1732, 1485, 1745),
            (1485, 1486, 1499, 1746),
            (1485, 1499, 1498, 1746),
            (1485, 1498, 1745, 1746),
            (1485, 1745, 1732, 1746),
            (1485, 1732, 1733, 1746),
            (1485, 1733, 1486, 1746),
            (1486, 1487, 1500, 1747),
            (1486, 1500, 1499, 1747),
            (1486, 1499, 1746, 1747),
            (1486, 1746, 1733, 1747),
            (1486, 1733, 1734, 1747),
            (1486, 1734, 1487, 1747),
            (1487, 1488, 1501, 1748),
            (1487, 1501, 1500, 1748),
            (1487, 1500, 1747, 1748),
            (1487, 1747, 1734, 1748),
            (1487, 1734, 1735, 1748),
            (1487, 1735, 1488, 1748),
            (1488, 1489, 1502, 1749),
            (1488, 1502, 1501, 1749),
            (1488, 1501, 1748, 1749),
            (1488, 1748, 1735, 1749),
            (1488, 1735, 1736, 1749),
            (1488, 1736, 1489, 1749),
            (1489, 1490, 1503, 1750),
            (1489, 1503, 1502, 1750),
            (1489, 1502, 1749, 1750),
            (1489, 1749, 1736, 1750),
            (1489, 1736, 1737, 1750),
            (1489, 1737, 1490, 1750),
            (1490, 1491, 1504, 1751),
            (1490, 1504, 1503, 1751),
            (1490, 1503, 1750, 1751),
            (1490, 1750, 1737, 1751),
            (1490, 1737, 1738, 1751),
            (1490, 1738, 1491, 1751),
            (1491, 1492, 1505, 1752),
            (1491, 1505, 1504, 1752),
            (1491, 1504, 1751, 1752),
            (1491, 1751, 1738, 1752),
            (1491, 1738, 1739, 1752),
            (1491, 1739, 1492, 1752),
            (1492, 1493, 1506, 1753),
            (1492, 1506, 1505, 1753),
            (1492, 1505, 1752, 1753),
            (1492, 1752, 1739, 1753),
            (1492, 1739, 1740, 1753),
            (1492, 1740, 1493, 1753),
            (1493, 1494, 1507, 1754),
            (1493, 1507, 1506, 1754),
            (1493, 1506, 1753, 1754),
            (1493, 1753, 1740, 1754),
            (1493, 1740, 1741, 1754),
            (1493, 1741, 1494, 1754),
            (1495, 1496, 1509, 1756),
            (1495, 1509, 1508, 1756),
            (1495, 1508, 1755, 1756),
            (1495, 1755, 1742, 1756),
            (1495, 1742, 1743, 1756),
            (1495, 1743, 1496, 1756),
            (1496, 1497, 1510, 1757),
            (1496, 1510, 1509, 1757),
            (1496, 1509, 1756, 1757),
            (1496, 1756, 1743, 1757),
            (1496, 1743, 1744, 1757),
            (1496, 1744, 1497, 1757),
            (1497, 1498, 1511, 1758),
            (1497, 1511, 1510, 1758),
            (1497, 1510, 1757, 1758),
            (1497, 1757, 1744, 1758),
            (1497, 1744, 1745, 1758),
            (1497, 1745, 1498, 1758),
            (1498, 1499, 1512, 1759),
            (1498, 1512, 1511, 1759),
            (1498, 1511, 1758, 1759),
            (1498, 1758, 1745, 1759),
            (1498, 1745, 1746, 1759),
            (1498, 1746, 1499, 1759),
            (1499, 1500, 1513, 1760),
            (1499, 1513, 1512, 1760),
            (1499, 1512, 1759, 1760),
            (1499, 1759, 1746, 1760),
            (1499, 1746, 1747, 1760),
            (1499, 1747, 1500, 1760),
            (1500, 1501, 1514, 1761),
            (1500, 1514, 1513, 1761),
            (1500, 1513, 1760, 1761),
            (1500, 1760, 1747, 1761),
            (1500, 1747, 1748, 1761),
            (1500, 1748, 1501, 1761),
            (1501, 1502, 1515, 1762),
            (1501, 1515, 1514, 1762),
            (1501, 1514, 1761, 1762),
            (1501, 1761, 1748, 1762),
            (1501, 1748, 1749, 1762),
            (1501, 1749, 1502, 1762),
            (1502, 1503, 1516, 1763),
            (1502, 1516, 1515, 1763),
            (1502, 1515, 1762, 1763),
            (1502, 1762, 1749, 1763),
            (1502, 1749, 1750, 1763),
            (1502, 1750, 1503, 1763),
            (1503, 1504, 1517, 1764),
            (1503, 1517, 1516, 1764),
            (1503, 1516, 1763, 1764),
            (1503, 1763, 1750, 1764),
            (1503, 1750, 1751, 1764),
            (1503, 1751, 1504, 1764),
            (1504, 1505, 1518, 1765),
            (1504, 1518, 1517, 1765),
            (1504, 1517, 1764, 1765),
            (1504, 1764, 1751, 1765),
            (1504, 1751, 1752, 1765),
            (1504, 1752, 1505, 1765),
            (1505, 1506, 1519, 1766),
            (1505, 1519, 1518, 1766),
            (1505, 1518, 1765, 1766),
            (1505, 1765, 1752, 1766),
            (1505, 1752, 1753, 1766),
            (1505, 1753, 1506, 1766),
            (1506, 1507, 1520, 1767),
            (1506, 1520, 1519, 1767),
            (1506, 1519, 1766, 1767),
            (1506, 1766, 1753, 1767),
            (1506, 1753, 1754, 1767),
            (1506, 1754, 1507, 1767),
            (1508, 1509, 1522, 1769),
            (1508, 1522, 1521, 1769),
            (1508, 1521, 1768, 1769),
            (1508, 1768, 1755, 1769),
            (1508, 1755, 1756, 1769),
            (1508, 1756, 1509, 1769),
            (1509, 1510, 1523, 1770),
            (1509, 1523, 1522, 1770),
            (1509, 1522, 1769, 1770),
            (1509, 1769, 1756, 1770),
            (1509, 1756, 1757, 1770),
            (1509, 1757, 1510, 1770),
            (1510, 1511, 1524, 1771),
            (1510, 1524, 1523, 1771),
            (1510, 1523, 1770, 1771),
            (1510, 1770, 1757, 1771),
            (1510, 1757, 1758, 1771),
            (1510, 1758, 1511, 1771),
            (1511, 1512, 1525, 1772),
            (1511, 1525, 1524, 1772),
            (1511, 1524, 1771, 1772),
            (1511, 1771, 1758, 1772),
            (1511, 1758, 1759, 1772),
            (1511, 1759, 1512, 1772),
            (1512, 1513, 1526, 1773),
            (1512, 1526, 1525, 1773),
            (1512, 1525, 1772, 1773),
            (1512, 1772, 1759, 1773),
            (1512, 1759, 1760, 1773),
            (1512, 1760, 1513, 1773),
            (1513, 1514, 1527, 1774),
            (1513, 1527, 1526, 1774),
            (1513, 1526, 1773, 1774),
            (1513, 1773, 1760, 1774),
            (1513, 1760, 1761, 1774),
            (1513, 1761, 1514, 1774),
            (1514, 1515, 1528, 1775),
            (1514, 1528, 1527, 1775),
            (1514, 1527, 1774, 1775),
            (1514, 1774, 1761, 1775),
            (1514, 1761, 1762, 1775),
            (1514, 1762, 1515, 1775),
            (1515, 1516, 1529, 1776),
            (1515, 1529, 1528, 1776),
            (1515, 1528, 1775, 1776),
            (1515, 1775, 1762, 1776),
            (1515, 1762, 1763, 1776),
            (1515, 1763, 1516, 1776),
            (1516, 1517, 1530, 1777),
            (1516, 1530, 1529, 1777),
            (1516, 1529, 1776, 1777),
            (1516, 1776, 1763, 1777),
            (1516, 1763, 1764, 1777),
            (1516, 1764, 1517, 1777),
            (1517, 1518, 1531, 1778),
            (1517, 1531, 1530, 1778),
            (1517, 1530, 1777, 1778),
            (1517, 1777, 1764, 1778),
            (1517, 1764, 1765, 1778),
            (1517, 1765, 1518, 1778),
            (1518, 1519, 1532, 1779),
            (1518, 1532, 1531, 1779),
            (1518, 1531, 1778, 1779),
            (1518, 1778, 1765, 1779),
            (1518, 1765, 1766, 1779),
            (1518, 1766, 1519, 1779),
            (1519, 1520, 1533, 1780),
            (1519, 1533, 1532, 1780),
            (1519, 1532, 1779, 1780),
            (1519, 1779, 1766, 1780),
            (1519, 1766, 1767, 1780),
            (1519, 1767, 1520, 1780),
            (1521, 1522, 1535, 1782),
            (1521, 1535, 1534, 1782),
            (1521, 1534, 1781, 1782),
            (1521, 1781, 1768, 1782),
            (1521, 1768, 1769, 1782),
            (1521, 1769, 1522, 1782),
            (1522, 1523, 1536, 1783),
            (1522, 1536, 1535, 1783),
            (1522, 1535, 1782, 1783),
            (1522, 1782, 1769, 1783),
            (1522, 1769, 1770, 1783),
            (1522, 1770, 1523, 1783),
            (1523, 1524, 1537, 1784),
            (1523, 1537, 1536, 1784),
            (1523, 1536, 1783, 1784),
            (1523, 1783, 1770, 1784),
            (1523, 1770, 1771, 1784),
            (1523, 1771, 1524, 1784),
            (1524, 1525, 1538, 1785),
            (1524, 1538, 1537, 1785),
            (1524, 1537, 1784, 1785),
            (1524, 1784, 1771, 1785),
            (1524, 1771, 1772, 1785),
            (1524, 1772, 1525, 1785),
            (1525, 1526, 1539, 1786),
            (1525, 1539, 1538, 1786),
            (1525, 1538, 1785, 1786),
            (1525, 1785, 1772, 1786),
            (1525, 1772, 1773, 1786),
            (1525, 1773, 1526, 1786),
            (1526, 1527, 1540, 1787),
            (1526, 1540, 1539, 1787),
            (1526, 1539, 1786, 1787),
            (1526, 1786, 1773, 1787),
            (1526, 1773, 1774, 1787),
            (1526, 1774, 1527, 1787),
            (1527, 1528, 1541, 1788),
            (1527, 1541, 1540, 1788),
            (1527, 1540, 1787, 1788),
            (1527, 1787, 1774, 1788),
            (1527, 1774, 1775, 1788),
            (1527, 1775, 1528, 1788),
            (1528, 1529, 1542, 1789),
            (1528, 1542, 1541, 1789),
            (1528, 1541, 1788, 1789),
            (1528, 1788, 1775, 1789),
            (1528, 1775, 1776, 1789),
            (1528, 1776, 1529, 1789),
            (1529, 1530, 1543, 1790),
            (1529, 1543, 1542, 1790),
            (1529, 1542, 1789, 1790),
            (1529, 1789, 1776, 1790),
            (1529, 1776, 1777, 1790),
            (1529, 1777, 1530, 1790),
            (1530, 1531, 1544, 1791),
            (1530, 1544, 1543, 1791),
            (1530, 1543, 1790, 1791),
            (1530, 1790, 1777, 1791),
            (1530, 1777, 1778, 1791),
            (1530, 1778, 1531, 1791),
            (1531, 1532, 1545, 1792),
            (1531, 1545, 1544, 1792),
            (1531, 1544, 1791, 1792),
            (1531, 1791, 1778, 1792),
            (1531, 1778, 1779, 1792),
            (1531, 1779, 1532, 1792),
            (1532, 1533, 1546, 1793),
            (1532, 1546, 1545, 1793),
            (1532, 1545, 1792, 1793),
            (1532, 1792, 1779, 1793),
            (1532, 1779, 1780, 1793),
            (1532, 1780, 1533, 1793),
            (1534, 1535, 1548, 1795),
            (1534, 1548, 1547, 1795),
            (1534, 1547, 1794, 1795),
            (1534, 1794, 1781, 1795),
            (1534, 1781, 1782, 1795),
            (1534, 1782, 1535, 1795),
            (1535, 1536, 1549, 1796),
            (1535, 1549, 1548, 1796),
            (1535, 1548, 1795, 1796),
            (1535, 1795, 1782, 1796),
            (1535, 1782, 1783, 1796),
            (1535, 1783, 1536, 1796),
            (1536, 1537, 1550, 1797),
            (1536, 1550, 1549, 1797),
            (1536, 1549, 1796, 1797),
            (1536, 1796, 1783, 1797),
            (1536, 1783, 1784, 1797),
            (1536, 1784, 1537, 1797),
            (1537, 1538, 1551, 1798),
            (1537, 1551, 1550, 1798),
            (1537, 1550, 1797, 1798),
            (1537, 1797, 1784, 1798),
            (1537, 1784, 1785, 1798),
            (1537, 1785, 1538, 1798),
            (1538, 1539, 1552, 1799),
            (1538, 1552, 1551, 1799),
            (1538, 1551, 1798, 1799),
            (1538, 1798, 1785, 1799),
            (1538, 1785, 1786, 1799),
            (1538, 1786, 1539, 1799),
            (1539, 1540, 1553, 1800),
            (1539, 1553, 1552, 1800),
            (1539, 1552, 1799, 1800),
            (1539, 1799, 1786, 1800),
            (1539, 1786, 1787, 1800),
            (1539, 1787, 1540, 1800),
            (1540, 1541, 1554, 1801),
            (1540, 1554, 1553, 1801),
            (1540, 1553, 1800, 1801),
            (1540, 1800, 1787, 1801),
            (1540, 1787, 1788, 1801),
            (1540, 1788, 1541, 1801),
            (1541, 1542, 1555, 1802),
            (1541, 1555, 1554, 1802),
            (1541, 1554, 1801, 1802),
            (1541, 1801, 1788, 1802),
            (1541, 1788, 1789, 1802),
            (1541, 1789, 1542, 1802),
            (1542, 1543, 1556, 1803),
            (1542, 1556, 1555, 1803),
            (1542, 1555, 1802, 1803),
            (1542, 1802, 1789, 1803),
            (1542, 1789, 1790, 1803),
            (1542, 1790, 1543, 1803),
            (1543, 1544, 1557, 1804),
            (1543, 1557, 1556, 1804),
            (1543, 1556, 1803, 1804),
            (1543, 1803, 1790, 1804),
            (1543, 1790, 1791, 1804),
            (1543, 1791, 1544, 1804),
            (1544, 1545, 1558, 1805),
            (1544, 1558, 1557, 1805),
            (1544, 1557, 1804, 1805),
            (1544, 1804, 1791, 1805),
            (1544, 1791, 1792, 1805),
            (1544, 1792, 1545, 1805),
            (1545, 1546, 1559, 1806),
            (1545, 1559, 1558, 1806),
            (1545, 1558, 1805, 1806),
            (1545, 1805, 1792, 1806),
            (1545, 1792, 1793, 1806),
            (1545, 1793, 1546, 1806),
            (1547, 1548, 1561, 1808),
            (1547, 1561, 1560, 1808),
            (1547, 1560, 1807, 1808),
            (1547, 1807, 1794, 1808),
            (1547, 1794, 1795, 1808),
            (1547, 1795, 1548, 1808),
            (1548, 1549, 1562, 1809),
            (1548, 1562, 1561, 1809),
            (1548, 1561, 1808, 1809),
            (1548, 1808, 1795, 1809),
            (1548, 1795, 1796, 1809),
            (1548, 1796, 1549, 1809),
            (1549, 1550, 1563, 1810),
            (1549, 1563, 1562, 1810),
            (1549, 1562, 1809, 1810),
            (1549, 1809, 1796, 1810),
            (1549, 1796, 1797, 1810),
            (1549, 1797, 1550, 1810),
            (1550, 1551, 1564, 1811),
            (1550, 1564, 1563, 1811),
            (1550, 1563, 1810, 1811),
            (1550, 1810, 1797, 1811),
            (1550, 1797, 1798, 1811),
            (1550, 1798, 1551, 1811),
            (1551, 1552, 1565, 1812),
            (1551, 1565, 1564, 1812),
            (1551, 1564, 1811, 1812),
            (1551, 1811, 1798, 1812),
            (1551, 1798, 1799, 1812),
            (1551, 1799, 1552, 1812),
            (1552, 1553, 1566, 1813),
            (1552, 1566, 1565, 1813),
            (1552, 1565, 1812, 1813),
            (1552, 1812, 1799, 1813),
            (1552, 1799, 1800, 1813),
            (1552, 1800, 1553, 1813),
            (1553, 1554, 1567, 1814),
            (1553, 1567, 1566, 1814),
            (1553, 1566, 1813, 1814),
            (1553, 1813, 1800, 1814),
            (1553, 1800, 1801, 1814),
            (1553, 1801, 1554, 1814),
            (1554, 1555, 1568, 1815),
            (1554, 1568, 1567, 1815),
            (1554, 1567, 1814, 1815),
            (1554, 1814, 1801, 1815),
            (1554, 1801, 1802, 1815),
            (1554, 1802, 1555, 1815),
            (1555, 1556, 1569, 1816),
            (1555, 1569, 1568, 1816),
            (1555, 1568, 1815, 1816),
            (1555, 1815, 1802, 1816),
            (1555, 1802, 1803, 1816),
            (1555, 1803, 1556, 1816),
            (1556, 1557, 1570, 1817),
            (1556, 1570, 1569, 1817),
            (1556, 1569, 1816, 1817),
            (1556, 1816, 1803, 1817),
            (1556, 1803, 1804, 1817),
            (1556, 1804, 1557, 1817),
            (1557, 1558, 1571, 1818),
            (1557, 1571, 1570, 1818),
            (1557, 1570, 1817, 1818),
            (1557, 1817, 1804, 1818),
            (1557, 1804, 1805, 1818),
            (1557, 1805, 1558, 1818),
            (1558, 1559, 1572, 1819),
            (1558, 1572, 1571, 1819),
            (1558, 1571, 1818, 1819),
            (1558, 1818, 1805, 1819),
            (1558, 1805, 1806, 1819),
            (1558, 1806, 1559, 1819),
            (1560, 1561, 1574, 1821),
            (1560, 1574, 1573, 1821),
            (1560, 1573, 1820, 1821),
            (1560, 1820, 1807, 1821),
            (1560, 1807, 1808, 1821),
            (1560, 1808, 1561, 1821),
            (1561, 1562, 1575, 1822),
            (1561, 1575, 1574, 1822),
            (1561, 1574, 1821, 1822),
            (1561, 1821, 1808, 1822),
            (1561, 1808, 1809, 1822),
            (1561, 1809, 1562, 1822),
            (1562, 1563, 1576, 1823),
            (1562, 1576, 1575, 1823),
            (1562, 1575, 1822, 1823),
            (1562, 1822, 1809, 1823),
            (1562, 1809, 1810, 1823),
            (1562, 1810, 1563, 1823),
            (1563, 1564, 1577, 1824),
            (1563, 1577, 1576, 1824),
            (1563, 1576, 1823, 1824),
            (1563, 1823, 1810, 1824),
            (1563, 1810, 1811, 1824),
            (1563, 1811, 1564, 1824),
            (1564, 1565, 1578, 1825),
            (1564, 1578, 1577, 1825),
            (1564, 1577, 1824, 1825),
            (1564, 1824, 1811, 1825),
            (1564, 1811, 1812, 1825),
            (1564, 1812, 1565, 1825),
            (1565, 1566, 1579, 1826),
            (1565, 1579, 1578, 1826),
            (1565, 1578, 1825, 1826),
            (1565, 1825, 1812, 1826),
            (1565, 1812, 1813, 1826),
            (1565, 1813, 1566, 1826),
            (1566, 1567, 1580, 1827),
            (1566, 1580, 1579, 1827),
            (1566, 1579, 1826, 1827),
            (1566, 1826, 1813, 1827),
            (1566, 1813, 1814, 1827),
            (1566, 1814, 1567, 1827),
            (1567, 1568, 1581, 1828),
            (1567, 1581, 1580, 1828),
            (1567, 1580, 1827, 1828),
            (1567, 1827, 1814, 1828),
            (1567, 1814, 1815, 1828),
            (1567, 1815, 1568, 1828),
            (1568, 1569, 1582, 1829),
            (1568, 1582, 1581, 1829),
            (1568, 1581, 1828, 1829),
            (1568, 1828, 1815, 1829),
            (1568, 1815, 1816, 1829),
            (1568, 1816, 1569, 1829),
            (1569, 1570, 1583, 1830),
            (1569, 1583, 1582, 1830),
            (1569, 1582, 1829, 1830),
            (1569, 1829, 1816, 1830),
            (1569, 1816, 1817, 1830),
            (1569, 1817, 1570, 1830),
            (1570, 1571, 1584, 1831),
            (1570, 1584, 1583, 1831),
            (1570, 1583, 1830, 1831),
            (1570, 1830, 1817, 1831),
            (1570, 1817, 1818, 1831),
            (1570, 1818, 1571, 1831),
            (1571, 1572, 1585, 1832),
            (1571, 1585, 1584, 1832),
            (1571, 1584, 1831, 1832),
            (1571, 1831, 1818, 1832),
            (1571, 1818, 1819, 1832),
            (1571, 1819, 1572, 1832),
            (1573, 1574, 1587, 1834),
            (1573, 1587, 1586, 1834),
            (1573, 1586, 1833, 1834),
            (1573, 1833, 1820, 1834),
            (1573, 1820, 1821, 1834),
            (1573, 1821, 1574, 1834),
            (1574, 1575, 1588, 1835),
            (1574, 1588, 1587, 1835),
            (1574, 1587, 1834, 1835),
            (1574, 1834, 1821, 1835),
            (1574, 1821, 1822, 1835),
            (1574, 1822, 1575, 1835),
            (1575, 1576, 1589, 1836),
            (1575, 1589, 1588, 1836),
            (1575, 1588, 1835, 1836),
            (1575, 1835, 1822, 1836),
            (1575, 1822, 1823, 1836),
            (1575, 1823, 1576, 1836),
            (1576, 1577, 1590, 1837),
            (1576, 1590, 1589, 1837),
            (1576, 1589, 1836, 1837),
            (1576, 1836, 1823, 1837),
            (1576, 1823, 1824, 1837),
            (1576, 1824, 1577, 1837),
            (1577, 1578, 1591, 1838),
            (1577, 1591, 1590, 1838),
            (1577, 1590, 1837, 1838),
            (1577, 1837, 1824, 1838),
            (1577, 1824, 1825, 1838),
            (1577, 1825, 1578, 1838),
            (1578, 1579, 1592, 1839),
            (1578, 1592, 1591, 1839),
            (1578, 1591, 1838, 1839),
            (1578, 1838, 1825, 1839),
            (1578, 1825, 1826, 1839),
            (1578, 1826, 1579, 1839),
            (1579, 1580, 1593, 1840),
            (1579, 1593, 1592, 1840),
            (1579, 1592, 1839, 1840),
            (1579, 1839, 1826, 1840),
            (1579, 1826, 1827, 1840),
            (1579, 1827, 1580, 1840),
            (1580, 1581, 1594, 1841),
            (1580, 1594, 1593, 1841),
            (1580, 1593, 1840, 1841),
            (1580, 1840, 1827, 1841),
            (1580, 1827, 1828, 1841),
            (1580, 1828, 1581, 1841),
            (1581, 1582, 1595, 1842),
            (1581, 1595, 1594, 1842),
            (1581, 1594, 1841, 1842),
            (1581, 1841, 1828, 1842),
            (1581, 1828, 1829, 1842),
            (1581, 1829, 1582, 1842),
            (1582, 1583, 1596, 1843),
            (1582, 1596, 1595, 1843),
            (1582, 1595, 1842, 1843),
            (1582, 1842, 1829, 1843),
            (1582, 1829, 1830, 1843),
            (1582, 1830, 1583, 1843),
            (1583, 1584, 1597, 1844),
            (1583, 1597, 1596, 1844),
            (1583, 1596, 1843, 1844),
            (1583, 1843, 1830, 1844),
            (1583, 1830, 1831, 1844),
            (1583, 1831, 1584, 1844),
            (1584, 1585, 1598, 1845),
            (1584, 1598, 1597, 1845),
            (1584, 1597, 1844, 1845),
            (1584, 1844, 1831, 1845),
            (1584, 1831, 1832, 1845),
            (1584, 1832, 1585, 1845),
            (1586, 1587, 1600, 1847),
            (1586, 1600, 1599, 1847),
            (1586, 1599, 1846, 1847),
            (1586, 1846, 1833, 1847),
            (1586, 1833, 1834, 1847),
            (1586, 1834, 1587, 1847),
            (1587, 1588, 1601, 1848),
            (1587, 1601, 1600, 1848),
            (1587, 1600, 1847, 1848),
            (1587, 1847, 1834, 1848),
            (1587, 1834, 1835, 1848),
            (1587, 1835, 1588, 1848),
            (1588, 1589, 1602, 1849),
            (1588, 1602, 1601, 1849),
            (1588, 1601, 1848, 1849),
            (1588, 1848, 1835, 1849),
            (1588, 1835, 1836, 1849),
            (1588, 1836, 1589, 1849),
            (1589, 1590, 1603, 1850),
            (1589, 1603, 1602, 1850),
            (1589, 1602, 1849, 1850),
            (1589, 1849, 1836, 1850),
            (1589, 1836, 1837, 1850),
            (1589, 1837, 1590, 1850),
            (1590, 1591, 1604, 1851),
            (1590, 1604, 1603, 1851),
            (1590, 1603, 1850, 1851),
            (1590, 1850, 1837, 1851),
            (1590, 1837, 1838, 1851),
            (1590, 1838, 1591, 1851),
            (1591, 1592, 1605, 1852),
            (1591, 1605, 1604, 1852),
            (1591, 1604, 1851, 1852),
            (1591, 1851, 1838, 1852),
            (1591, 1838, 1839, 1852),
            (1591, 1839, 1592, 1852),
            (1592, 1593, 1606, 1853),
            (1592, 1606, 1605, 1853),
            (1592, 1605, 1852, 1853),
            (1592, 1852, 1839, 1853),
            (1592, 1839, 1840, 1853),
            (1592, 1840, 1593, 1853),
            (1593, 1594, 1607, 1854),
            (1593, 1607, 1606, 1854),
            (1593, 1606, 1853, 1854),
            (1593, 1853, 1840, 1854),
            (1593, 1840, 1841, 1854),
            (1593, 1841, 1594, 1854),
            (1594, 1595, 1608, 1855),
            (1594, 1608, 1607, 1855),
            (1594, 1607, 1854, 1855),
            (1594, 1854, 1841, 1855),
            (1594, 1841, 1842, 1855),
            (1594, 1842, 1595, 1855),
            (1595, 1596, 1609, 1856),
            (1595, 1609, 1608, 1856),
            (1595, 1608, 1855, 1856),
            (1595, 1855, 1842, 1856),
            (1595, 1842, 1843, 1856),
            (1595, 1843, 1596, 1856),
            (1596, 1597, 1610, 1857),
            (1596, 1610, 1609, 1857),
            (1596, 1609, 1856, 1857),
            (1596, 1856, 1843, 1857),
            (1596, 1843, 1844, 1857),
            (1596, 1844, 1597, 1857),
            (1597, 1598, 1611, 1858),
            (1597, 1611, 1610, 1858),
            (1597, 1610, 1857, 1858),
            (1597, 1857, 1844, 1858),
            (1597, 1844, 1845, 1858),
            (1597, 1845, 1598, 1858),
            (1599, 1600, 1613, 1860),
            (1599, 1613, 1612, 1860),
            (1599, 1612, 1859, 1860),
            (1599, 1859, 1846, 1860),
            (1599, 1846, 1847, 1860),
            (1599, 1847, 1600, 1860),
            (1600, 1601, 1614, 1861),
            (1600, 1614, 1613, 1861),
            (1600, 1613, 1860, 1861),
            (1600, 1860, 1847, 1861),
            (1600, 1847, 1848, 1861),
            (1600, 1848, 1601, 1861),
            (1601, 1602, 1615, 1862),
            (1601, 1615, 1614, 1862),
            (1601, 1614, 1861, 1862),
            (1601, 1861, 1848, 1862),
            (1601, 1848, 1849, 1862),
            (1601, 1849, 1602, 1862),
            (1602, 1603, 1616, 1863),
            (1602, 1616, 1615, 1863),
            (1602, 1615, 1862, 1863),
            (1602, 1862, 1849, 1863),
            (1602, 1849, 1850, 1863),
            (1602, 1850, 1603, 1863),
            (1603, 1604, 1617, 1864),
            (1603, 1617, 1616, 1864),
            (1603, 1616, 1863, 1864),
            (1603, 1863, 1850, 1864),
            (1603, 1850, 1851, 1864),
            (1603, 1851, 1604, 1864),
            (1604, 1605, 1618, 1865),
            (1604, 1618, 1617, 1865),
            (1604, 1617, 1864, 1865),
            (1604, 1864, 1851, 1865),
            (1604, 1851, 1852, 1865),
            (1604, 1852, 1605, 1865),
            (1605, 1606, 1619, 1866),
            (1605, 1619, 1618, 1866),
            (1605, 1618, 1865, 1866),
            (1605, 1865, 1852, 1866),
            (1605, 1852, 1853, 1866),
            (1605, 1853, 1606, 1866),
            (1606, 1607, 1620, 1867),
            (1606, 1620, 1619, 1867),
            (1606, 1619, 1866, 1867),
            (1606, 1866, 1853, 1867),
            (1606, 1853, 1854, 1867),
            (1606, 1854, 1607, 1867),
            (1607, 1608, 1621, 1868),
            (1607, 1621, 1620, 1868),
            (1607, 1620, 1867, 1868),
            (1607, 1867, 1854, 1868),
            (1607, 1854, 1855, 1868),
            (1607, 1855, 1608, 1868),
            (1608, 1609, 1622, 1869),
            (1608, 1622, 1621, 1869),
            (1608, 1621, 1868, 1869),
            (1608, 1868, 1855, 1869),
            (1608, 1855, 1856, 1869),
            (1608, 1856, 1609, 1869),
            (1609, 1610, 1623, 1870),
            (1609, 1623, 1622, 1870),
            (1609, 1622, 1869, 1870),
            (1609, 1869, 1856, 1870),
            (1609, 1856, 1857, 1870),
            (1609, 1857, 1610, 1870),
            (1610, 1611, 1624, 1871),
            (1610, 1624, 1623, 1871),
            (1610, 1623, 1870, 1871),
            (1610, 1870, 1857, 1871),
            (1610, 1857, 1858, 1871),
            (1610, 1858, 1611, 1871),
            (1612, 1613, 1626, 1873),
            (1612, 1626, 1625, 1873),
            (1612, 1625, 1872, 1873),
            (1612, 1872, 1859, 1873),
            (1612, 1859, 1860, 1873),
            (1612, 1860, 1613, 1873),
            (1613, 1614, 1627, 1874),
            (1613, 1627, 1626, 1874),
            (1613, 1626, 1873, 1874),
            (1613, 1873, 1860, 1874),
            (1613, 1860, 1861, 1874),
            (1613, 1861, 1614, 1874),
            (1614, 1615, 1628, 1875),
            (1614, 1628, 1627, 1875),
            (1614, 1627, 1874, 1875),
            (1614, 1874, 1861, 1875),
            (1614, 1861, 1862, 1875),
            (1614, 1862, 1615, 1875),
            (1615, 1616, 1629, 1876),
            (1615, 1629, 1628, 1876),
            (1615, 1628, 1875, 1876),
            (1615, 1875, 1862, 1876),
            (1615, 1862, 1863, 1876),
            (1615, 1863, 1616, 1876),
            (1616, 1617, 1630, 1877),
            (1616, 1630, 1629, 1877),
            (1616, 1629, 1876, 1877),
            (1616, 1876, 1863, 1877),
            (1616, 1863, 1864, 1877),
            (1616, 1864, 1617, 1877),
            (1617, 1618, 1631, 1878),
            (1617, 1631, 1630, 1878),
            (1617, 1630, 1877, 1878),
            (1617, 1877, 1864, 1878),
            (1617, 1864, 1865, 1878),
            (1617, 1865, 1618, 1878),
            (1618, 1619, 1632, 1879),
            (1618, 1632, 1631, 1879),
            (1618, 1631, 1878, 1879),
            (1618, 1878, 1865, 1879),
            (1618, 1865, 1866, 1879),
            (1618, 1866, 1619, 1879),
            (1619, 1620, 1633, 1880),
            (1619, 1633, 1632, 1880),
            (1619, 1632, 1879, 1880),
            (1619, 1879, 1866, 1880),
            (1619, 1866, 1867, 1880),
            (1619, 1867, 1620, 1880),
            (1620, 1621, 1634, 1881),
            (1620, 1634, 1633, 1881),
            (1620, 1633, 1880, 1881),
            (1620, 1880, 1867, 1881),
            (1620, 1867, 1868, 1881),
            (1620, 1868, 1621, 1881),
            (1621, 1622, 1635, 1882),
            (1621, 1635, 1634, 1882),
            (1621, 1634, 1881, 1882),
            (1621, 1881, 1868, 1882),
            (1621, 1868, 1869, 1882),
            (1621, 1869, 1622, 1882),
            (1622, 1623, 1636, 1883),
            (1622, 1636, 1635, 1883),
            (1622, 1635, 1882, 1883),
            (1622, 1882, 1869, 1883),
            (1622, 1869, 1870, 1883),
            (1622, 1870, 1623, 1883),
            (1623, 1624, 1637, 1884),
            (1623, 1637, 1636, 1884),
            (1623, 1636, 1883, 1884),
            (1623, 1883, 1870, 1884),
            (1623, 1870, 1871, 1884),
            (1623, 1871, 1624, 1884),
            (1625, 1626, 1639, 1886),
            (1625, 1639, 1638, 1886),
            (1625, 1638, 1885, 1886),
            (1625, 1885, 1872, 1886),
            (1625, 1872, 1873, 1886),
            (1625, 1873, 1626, 1886),
            (1626, 1627, 1640, 1887),
            (1626, 1640, 1639, 1887),
            (1626, 1639, 1886, 1887),
            (1626, 1886, 1873, 1887),
            (1626, 1873, 1874, 1887),
            (1626, 1874, 1627, 1887),
            (1627, 1628, 1641, 1888),
            (1627, 1641, 1640, 1888),
            (1627, 1640, 1887, 1888),
            (1627, 1887, 1874, 1888),
            (1627, 1874, 1875, 1888),
            (1627, 1875, 1628, 1888),
            (1628, 1629, 1642, 1889),
            (1628, 1642, 1641, 1889),
            (1628, 1641, 1888, 1889),
            (1628, 1888, 1875, 1889),
            (1628, 1875, 1876, 1889),
            (1628, 1876, 1629, 1889),
            (1629, 1630, 1643, 1890),
            (1629, 1643, 1642, 1890),
            (1629, 1642, 1889, 1890),
            (1629, 1889, 1876, 1890),
            (1629, 1876, 1877, 1890),
            (1629, 1877, 1630, 1890),
            (1630, 1631, 1644, 1891),
            (1630, 1644, 1643, 1891),
            (1630, 1643, 1890, 1891),
            (1630, 1890, 1877, 1891),
            (1630, 1877, 1878, 1891),
            (1630, 1878, 1631, 1891),
            (1631, 1632, 1645, 1892),
            (1631, 1645, 1644, 1892),
            (1631, 1644, 1891, 1892),
            (1631, 1891, 1878, 1892),
            (1631, 1878, 1879, 1892),
            (1631, 1879, 1632, 1892),
            (1632, 1633, 1646, 1893),
            (1632, 1646, 1645, 1893),
            (1632, 1645, 1892, 1893),
            (1632, 1892, 1879, 1893),
            (1632, 1879, 1880, 1893),
            (1632, 1880, 1633, 1893),
            (1633, 1634, 1647, 1894),
            (1633, 1647, 1646, 1894),
            (1633, 1646, 1893, 1894),
            (1633, 1893, 1880, 1894),
            (1633, 1880, 1881, 1894),
            (1633, 1881, 1634, 1894),
            (1634, 1635, 1648, 1895),
            (1634, 1648, 1647, 1895),
            (1634, 1647, 1894, 1895),
            (1634, 1894, 1881, 1895),
            (1634, 1881, 1882, 1895),
            (1634, 1882, 1635, 1895),
            (1635, 1636, 1649, 1896),
            (1635, 1649, 1648, 1896),
            (1635, 1648, 1895, 1896),
            (1635, 1895, 1882, 1896),
            (1635, 1882, 1883, 1896),
            (1635, 1883, 1636, 1896),
            (1636, 1637, 1650, 1897),
            (1636, 1650, 1649, 1897),
            (1636, 1649, 1896, 1897),
            (1636, 1896, 1883, 1897),
            (1636, 1883, 1884, 1897),
            (1636, 1884, 1637, 1897),
            (1638, 1639, 1652, 1899),
            (1638, 1652, 1651, 1899),
            (1638, 1651, 1898, 1899),
            (1638, 1898, 1885, 1899),
            (1638, 1885, 1886, 1899),
            (1638, 1886, 1639, 1899),
            (1639, 1640, 1653, 1900),
            (1639, 1653, 1652, 1900),
            (1639, 1652, 1899, 1900),
            (1639, 1899, 1886, 1900),
            (1639, 1886, 1887, 1900),
            (1639, 1887, 1640, 1900),
            (1640, 1641, 1654, 1901),
            (1640, 1654, 1653, 1901),
            (1640, 1653, 1900, 1901),
            (1640, 1900, 1887, 1901),
            (1640, 1887, 1888, 1901),
            (1640, 1888, 1641, 1901),
            (1641, 1642, 1655, 1902),
            (1641, 1655, 1654, 1902),
            (1641, 1654, 1901, 1902),
            (1641, 1901, 1888, 1902),
            (1641, 1888, 1889, 1902),
            (1641, 1889, 1642, 1902),
            (1642, 1643, 1656, 1903),
            (1642, 1656, 1655, 1903),
            (1642, 1655, 1902, 1903),
            (1642, 1902, 1889, 1903),
            (1642, 1889, 1890, 1903),
            (1642, 1890, 1643, 1903),
            (1643, 1644, 1657, 1904),
            (1643, 1657, 1656, 1904),
            (1643, 1656, 1903, 1904),
            (1643, 1903, 1890, 1904),
            (1643, 1890, 1891, 1904),
            (1643, 1891, 1644, 1904),
            (1644, 1645, 1658, 1905),
            (1644, 1658, 1657, 1905),
            (1644, 1657, 1904, 1905),
            (1644, 1904, 1891, 1905),
            (1644, 1891, 1892, 1905),
            (1644, 1892, 1645, 1905),
            (1645, 1646, 1659, 1906),
            (1645, 1659, 1658, 1906),
            (1645, 1658, 1905, 1906),
            (1645, 1905, 1892, 1906),
            (1645, 1892, 1893, 1906),
            (1645, 1893, 1646, 1906),
            (1646, 1647, 1660, 1907),
            (1646, 1660, 1659, 1907),
            (1646, 1659, 1906, 1907),
            (1646, 1906, 1893, 1907),
            (1646, 1893, 1894, 1907),
            (1646, 1894, 1647, 1907),
            (1647, 1648, 1661, 1908),
            (1647, 1661, 1660, 1908),
            (1647, 1660, 1907, 1908),
            (1647, 1907, 1894, 1908),
            (1647, 1894, 1895, 1908),
            (1647, 1895, 1648, 1908),
            (1648, 1649, 1662, 1909),
            (1648, 1662, 1661, 1909),
            (1648, 1661, 1908, 1909),
            (1648, 1908, 1895, 1909),
            (1648, 1895, 1896, 1909),
            (1648, 1896, 1649, 1909),
            (1649, 1650, 1663, 1910),
            (1649, 1663, 1662, 1910),
            (1649, 1662, 1909, 1910),
            (1649, 1909, 1896, 1910),
            (1649, 1896, 1897, 1910),
            (1649, 1897, 1650, 1910),
            (1651, 1652, 1665, 1912),
            (1651, 1665, 1664, 1912),
            (1651, 1664, 1911, 1912),
            (1651, 1911, 1898, 1912),
            (1651, 1898, 1899, 1912),
            (1651, 1899, 1652, 1912),
            (1652, 1653, 1666, 1913),
            (1652, 1666, 1665, 1913),
            (1652, 1665, 1912, 1913),
            (1652, 1912, 1899, 1913),
            (1652, 1899, 1900, 1913),
            (1652, 1900, 1653, 1913),
            (1653, 1654, 1667, 1914),
            (1653, 1667, 1666, 1914),
            (1653, 1666, 1913, 1914),
            (1653, 1913, 1900, 1914),
            (1653, 1900, 1901, 1914),
            (1653, 1901, 1654, 1914),
            (1654, 1655, 1668, 1915),
            (1654, 1668, 1667, 1915),
            (1654, 1667, 1914, 1915),
            (1654, 1914, 1901, 1915),
            (1654, 1901, 1902, 1915),
            (1654, 1902, 1655, 1915),
            (1655, 1656, 1669, 1916),
            (1655, 1669, 1668, 1916),
            (1655, 1668, 1915, 1916),
            (1655, 1915, 1902, 1916),
            (1655, 1902, 1903, 1916),
            (1655, 1903, 1656, 1916),
            (1656, 1657, 1670, 1917),
            (1656, 1670, 1669, 1917),
            (1656, 1669, 1916, 1917),
            (1656, 1916, 1903, 1917),
            (1656, 1903, 1904, 1917),
            (1656, 1904, 1657, 1917),
            (1657, 1658, 1671, 1918),
            (1657, 1671, 1670, 1918),
            (1657, 1670, 1917, 1918),
            (1657, 1917, 1904, 1918),
            (1657, 1904, 1905, 1918),
            (1657, 1905, 1658, 1918),
            (1658, 1659, 1672, 1919),
            (1658, 1672, 1671, 1919),
            (1658, 1671, 1918, 1919),
            (1658, 1918, 1905, 1919),
            (1658, 1905, 1906, 1919),
            (1658, 1906, 1659, 1919),
            (1659, 1660, 1673, 1920),
            (1659, 1673, 1672, 1920),
            (1659, 1672, 1919, 1920),
            (1659, 1919, 1906, 1920),
            (1659, 1906, 1907, 1920),
            (1659, 1907, 1660, 1920),
            (1660, 1661, 1674, 1921),
            (1660, 1674, 1673, 1921),
            (1660, 1673, 1920, 1921),
            (1660, 1920, 1907, 1921),
            (1660, 1907, 1908, 1921),
            (1660, 1908, 1661, 1921),
            (1661, 1662, 1675, 1922),
            (1661, 1675, 1674, 1922),
            (1661, 1674, 1921, 1922),
            (1661, 1921, 1908, 1922),
            (1661, 1908, 1909, 1922),
            (1661, 1909, 1662, 1922),
            (1662, 1663, 1676, 1923),
            (1662, 1676, 1675, 1923),
            (1662, 1675, 1922, 1923),
            (1662, 1922, 1909, 1923),
            (1662, 1909, 1910, 1923),
            (1662, 1910, 1663, 1923),
            (1664, 1665, 1678, 1925),
            (1664, 1678, 1677, 1925),
            (1664, 1677, 1924, 1925),
            (1664, 1924, 1911, 1925),
            (1664, 1911, 1912, 1925),
            (1664, 1912, 1665, 1925),
            (1665, 1666, 1679, 1926),
            (1665, 1679, 1678, 1926),
            (1665, 1678, 1925, 1926),
            (1665, 1925, 1912, 1926),
            (1665, 1912, 1913, 1926),
            (1665, 1913, 1666, 1926),
            (1666, 1667, 1680, 1927),
            (1666, 1680, 1679, 1927),
            (1666, 1679, 1926, 1927),
            (1666, 1926, 1913, 1927),
            (1666, 1913, 1914, 1927),
            (1666, 1914, 1667, 1927),
            (1667, 1668, 1681, 1928),
            (1667, 1681, 1680, 1928),
            (1667, 1680, 1927, 1928),
            (1667, 1927, 1914, 1928),
            (1667, 1914, 1915, 1928),
            (1667, 1915, 1668, 1928),
            (1668, 1669, 1682, 1929),
            (1668, 1682, 1681, 1929),
            (1668, 1681, 1928, 1929),
            (1668, 1928, 1915, 1929),
            (1668, 1915, 1916, 1929),
            (1668, 1916, 1669, 1929),
            (1669, 1670, 1683, 1930),
            (1669, 1683, 1682, 1930),
            (1669, 1682, 1929, 1930),
            (1669, 1929, 1916, 1930),
            (1669, 1916, 1917, 1930),
            (1669, 1917, 1670, 1930),
            (1670, 1671, 1684, 1931),
            (1670, 1684, 1683, 1931),
            (1670, 1683, 1930, 1931),
            (1670, 1930, 1917, 1931),
            (1670, 1917, 1918, 1931),
            (1670, 1918, 1671, 1931),
            (1671, 1672, 1685, 1932),
            (1671, 1685, 1684, 1932),
            (1671, 1684, 1931, 1932),
            (1671, 1931, 1918, 1932),
            (1671, 1918, 1919, 1932),
            (1671, 1919, 1672, 1932),
            (1672, 1673, 1686, 1933),
            (1672, 1686, 1685, 1933),
            (1672, 1685, 1932, 1933),
            (1672, 1932, 1919, 1933),
            (1672, 1919, 1920, 1933),
            (1672, 1920, 1673, 1933),
            (1673, 1674, 1687, 1934),
            (1673, 1687, 1686, 1934),
            (1673, 1686, 1933, 1934),
            (1673, 1933, 1920, 1934),
            (1673, 1920, 1921, 1934),
            (1673, 1921, 1674, 1934),
            (1674, 1675, 1688, 1935),
            (1674, 1688, 1687, 1935),
            (1674, 1687, 1934, 1935),
            (1674, 1934, 1921, 1935),
            (1674, 1921, 1922, 1935),
            (1674, 1922, 1675, 1935),
            (1675, 1676, 1689, 1936),
            (1675, 1689, 1688, 1936),
            (1675, 1688, 1935, 1936),
            (1675, 1935, 1922, 1936),
            (1675, 1922, 1923, 1936),
            (1675, 1923, 1676, 1936),
            (1677, 1678, 1691, 1938),
            (1677, 1691, 1690, 1938),
            (1677, 1690, 1937, 1938),
            (1677, 1937, 1924, 1938),
            (1677, 1924, 1925, 1938),
            (1677, 1925, 1678, 1938),
            (1678, 1679, 1692, 1939),
            (1678, 1692, 1691, 1939),
            (1678, 1691, 1938, 1939),
            (1678, 1938, 1925, 1939),
            (1678, 1925, 1926, 1939),
            (1678, 1926, 1679, 1939),
            (1679, 1680, 1693, 1940),
            (1679, 1693, 1692, 1940),
            (1679, 1692, 1939, 1940),
            (1679, 1939, 1926, 1940),
            (1679, 1926, 1927, 1940),
            (1679, 1927, 1680, 1940),
            (1680, 1681, 1694, 1941),
            (1680, 1694, 1693, 1941),
            (1680, 1693, 1940, 1941),
            (1680, 1940, 1927, 1941),
            (1680, 1927, 1928, 1941),
            (1680, 1928, 1681, 1941),
            (1681, 1682, 1695, 1942),
            (1681, 1695, 1694, 1942),
            (1681, 1694, 1941, 1942),
            (1681, 1941, 1928, 1942),
            (1681, 1928, 1929, 1942),
            (1681, 1929, 1682, 1942),
            (1682, 1683, 1696, 1943),
            (1682, 1696, 1695, 1943),
            (1682, 1695, 1942, 1943),
            (1682, 1942, 1929, 1943),
            (1682, 1929, 1930, 1943),
            (1682, 1930, 1683, 1943),
            (1683, 1684, 1697, 1944),
            (1683, 1697, 1696, 1944),
            (1683, 1696, 1943, 1944),
            (1683, 1943, 1930, 1944),
            (1683, 1930, 1931, 1944),
            (1683, 1931, 1684, 1944),
            (1684, 1685, 1698, 1945),
            (1684, 1698, 1697, 1945),
            (1684, 1697, 1944, 1945),
            (1684, 1944, 1931, 1945),
            (1684, 1931, 1932, 1945),
            (1684, 1932, 1685, 1945),
            (1685, 1686, 1699, 1946),
            (1685, 1699, 1698, 1946),
            (1685, 1698, 1945, 1946),
            (1685, 1945, 1932, 1946),
            (1685, 1932, 1933, 1946),
            (1685, 1933, 1686, 1946),
            (1686, 1687, 1700, 1947),
            (1686, 1700, 1699, 1947),
            (1686, 1699, 1946, 1947),
            (1686, 1946, 1933, 1947),
            (1686, 1933, 1934, 1947),
            (1686, 1934, 1687, 1947),
            (1687, 1688, 1701, 1948),
            (1687, 1701, 1700, 1948),
            (1687, 1700, 1947, 1948),
            (1687, 1947, 1934, 1948),
            (1687, 1934, 1935, 1948),
            (1687, 1935, 1688, 1948),
            (1688, 1689, 1702, 1949),
            (1688, 1702, 1701, 1949),
            (1688, 1701, 1948, 1949),
            (1688, 1948, 1935, 1949),
            (1688, 1935, 1936, 1949),
            (1688, 1936, 1689, 1949),
            (1690, 1691, 1704, 1951),
            (1690, 1704, 1703, 1951),
            (1690, 1703, 1950, 1951),
            (1690, 1950, 1937, 1951),
            (1690, 1937, 1938, 1951),
            (1690, 1938, 1691, 1951),
            (1691, 1692, 1705, 1952),
            (1691, 1705, 1704, 1952),
            (1691, 1704, 1951, 1952),
            (1691, 1951, 1938, 1952),
            (1691, 1938, 1939, 1952),
            (1691, 1939, 1692, 1952),
            (1692, 1693, 1706, 1953),
            (1692, 1706, 1705, 1953),
            (1692, 1705, 1952, 1953),
            (1692, 1952, 1939, 1953),
            (1692, 1939, 1940, 1953),
            (1692, 1940, 1693, 1953),
            (1693, 1694, 1707, 1954),
            (1693, 1707, 1706, 1954),
            (1693, 1706, 1953, 1954),
            (1693, 1953, 1940, 1954),
            (1693, 1940, 1941, 1954),
            (1693, 1941, 1694, 1954),
            (1694, 1695, 1708, 1955),
            (1694, 1708, 1707, 1955),
            (1694, 1707, 1954, 1955),
            (1694, 1954, 1941, 1955),
            (1694, 1941, 1942, 1955),
            (1694, 1942, 1695, 1955),
            (1695, 1696, 1709, 1956),
            (1695, 1709, 1708, 1956),
            (1695, 1708, 1955, 1956),
            (1695, 1955, 1942, 1956),
            (1695, 1942, 1943, 1956),
            (1695, 1943, 1696, 1956),
            (1696, 1697, 1710, 1957),
            (1696, 1710, 1709, 1957),
            (1696, 1709, 1956, 1957),
            (1696, 1956, 1943, 1957),
            (1696, 1943, 1944, 1957),
            (1696, 1944, 1697, 1957),
            (1697, 1698, 1711, 1958),
            (1697, 1711, 1710, 1958),
            (1697, 1710, 1957, 1958),
            (1697, 1957, 1944, 1958),
            (1697, 1944, 1945, 1958),
            (1697, 1945, 1698, 1958),
            (1698, 1699, 1712, 1959),
            (1698, 1712, 1711, 1959),
            (1698, 1711, 1958, 1959),
            (1698, 1958, 1945, 1959),
            (1698, 1945, 1946, 1959),
            (1698, 1946, 1699, 1959),
            (1699, 1700, 1713, 1960),
            (1699, 1713, 1712, 1960),
            (1699, 1712, 1959, 1960),
            (1699, 1959, 1946, 1960),
            (1699, 1946, 1947, 1960),
            (1699, 1947, 1700, 1960),
            (1700, 1701, 1714, 1961),
            (1700, 1714, 1713, 1961),
            (1700, 1713, 1960, 1961),
            (1700, 1960, 1947, 1961),
            (1700, 1947, 1948, 1961),
            (1700, 1948, 1701, 1961),
            (1701, 1702, 1715, 1962),
            (1701, 1715, 1714, 1962),
            (1701, 1714, 1961, 1962),
            (1701, 1961, 1948, 1962),
            (1701, 1948, 1949, 1962),
            (1701, 1949, 1702, 1962),
            (1703, 1704, 1717, 1964),
            (1703, 1717, 1716, 1964),
            (1703, 1716, 1963, 1964),
            (1703, 1963, 1950, 1964),
            (1703, 1950, 1951, 1964),
            (1703, 1951, 1704, 1964),
            (1704, 1705, 1718, 1965),
            (1704, 1718, 1717, 1965),
            (1704, 1717, 1964, 1965),
            (1704, 1964, 1951, 1965),
            (1704, 1951, 1952, 1965),
            (1704, 1952, 1705, 1965),
            (1705, 1706, 1719, 1966),
            (1705, 1719, 1718, 1966),
            (1705, 1718, 1965, 1966),
            (1705, 1965, 1952, 1966),
            (1705, 1952, 1953, 1966),
            (1705, 1953, 1706, 1966),
            (1706, 1707, 1720, 1967),
            (1706, 1720, 1719, 1967),
            (1706, 1719, 1966, 1967),
            (1706, 1966, 1953, 1967),
            (1706, 1953, 1954, 1967),
            (1706, 1954, 1707, 1967),
            (1707, 1708, 1721, 1968),
            (1707, 1721, 1720, 1968),
            (1707, 1720, 1967, 1968),
            (1707, 1967, 1954, 1968),
            (1707, 1954, 1955, 1968),
            (1707, 1955, 1708, 1968),
            (1708, 1709, 1722, 1969),
            (1708, 1722, 1721, 1969),
            (1708, 1721, 1968, 1969),
            (1708, 1968, 1955, 1969),
            (1708, 1955, 1956, 1969),
            (1708, 1956, 1709, 1969),
            (1709, 1710, 1723, 1970),
            (1709, 1723, 1722, 1970),
            (1709, 1722, 1969, 1970),
            (1709, 1969, 1956, 1970),
            (1709, 1956, 1957, 1970),
            (1709, 1957, 1710, 1970),
            (1710, 1711, 1724, 1971),
            (1710, 1724, 1723, 1971),
            (1710, 1723, 1970, 1971),
            (1710, 1970, 1957, 1971),
            (1710, 1957, 1958, 1971),
            (1710, 1958, 1711, 1971),
            (1711, 1712, 1725, 1972),
            (1711, 1725, 1724, 1972),
            (1711, 1724, 1971, 1972),
            (1711, 1971, 1958, 1972),
            (1711, 1958, 1959, 1972),
            (1711, 1959, 1712, 1972),
            (1712, 1713, 1726, 1973),
            (1712, 1726, 1725, 1973),
            (1712, 1725, 1972, 1973),
            (1712, 1972, 1959, 1973),
            (1712, 1959, 1960, 1973),
            (1712, 1960, 1713, 1973),
            (1713, 1714, 1727, 1974),
            (1713, 1727, 1726, 1974),
            (1713, 1726, 1973, 1974),
            (1713, 1973, 1960, 1974),
            (1713, 1960, 1961, 1974),
            (1713, 1961, 1714, 1974),
            (1714, 1715, 1728, 1975),
            (1714, 1728, 1727, 1975),
            (1714, 1727, 1974, 1975),
            (1714, 1974, 1961, 1975),
            (1714, 1961, 1962, 1975),
            (1714, 1962, 1715, 1975),
            (1729, 1730, 1743, 1990),
            (1729, 1743, 1742, 1990),
            (1729, 1742, 1989, 1990),
            (1729, 1989, 1976, 1990),
            (1729, 1976, 1977, 1990),
            (1729, 1977, 1730, 1990),
            (1730, 1731, 1744, 1991),
            (1730, 1744, 1743, 1991),
            (1730, 1743, 1990, 1991),
            (1730, 1990, 1977, 1991),
            (1730, 1977, 1978, 1991),
            (1730, 1978, 1731, 1991),
            (1731, 1732, 1745, 1992),
            (1731, 1745, 1744, 1992),
            (1731, 1744, 1991, 1992),
            (1731, 1991, 1978, 1992),
            (1731, 1978, 1979, 1992),
            (1731, 1979, 1732, 1992),
            (1732, 1733, 1746, 1993),
            (1732, 1746, 1745, 1993),
            (1732, 1745, 1992, 1993),
            (1732, 1992, 1979, 1993),
            (1732, 1979, 1980, 1993),
            (1732, 1980, 1733, 1993),
            (1733, 1734, 1747, 1994),
            (1733, 1747, 1746, 1994),
            (1733, 1746, 1993, 1994),
            (1733, 1993, 1980, 1994),
            (1733, 1980, 1981, 1994),
            (1733, 1981, 1734, 1994),
            (1734, 1735, 1748, 1995),
            (1734, 1748, 1747, 1995),
            (1734, 1747, 1994, 1995),
            (1734, 1994, 1981, 1995),
            (1734, 1981, 1982, 1995),
            (1734, 1982, 1735, 1995),
            (1735, 1736, 1749, 1996),
            (1735, 1749, 1748, 1996),
            (1735, 1748, 1995, 1996),
            (1735, 1995, 1982, 1996),
            (1735, 1982, 1983, 1996),
            (1735, 1983, 1736, 1996),
            (1736, 1737, 1750, 1997),
            (1736, 1750, 1749, 1997),
            (1736, 1749, 1996, 1997),
            (1736, 1996, 1983, 1997),
            (1736, 1983, 1984, 1997),
            (1736, 1984, 1737, 1997),
            (1737, 1738, 1751, 1998),
            (1737, 1751, 1750, 1998),
            (1737, 1750, 1997, 1998),
            (1737, 1997, 1984, 1998),
            (1737, 1984, 1985, 1998),
            (1737, 1985, 1738, 1998),
            (1738, 1739, 1752, 1999),
            (1738, 1752, 1751, 1999),
            (1738, 1751, 1998, 1999),
            (1738, 1998, 1985, 1999),
            (1738, 1985, 1986, 1999),
            (1738, 1986, 1739, 1999),
            (1739, 1740, 1753, 2000),
            (1739, 1753, 1752, 2000),
            (1739, 1752, 1999, 2000),
            (1739, 1999, 1986, 2000),
            (1739, 1986, 1987, 2000),
            (1739, 1987, 1740, 2000),
            (1740, 1741, 1754, 2001),
            (1740, 1754, 1753, 2001),
            (1740, 1753, 2000, 2001),
            (1740, 2000, 1987, 2001),
            (1740, 1987, 1988, 2001),
            (1740, 1988, 1741, 2001),
            (1742, 1743, 1756, 2003),
            (1742, 1756, 1755, 2003),
            (1742, 1755, 2002, 2003),
            (1742, 2002, 1989, 2003),
            (1742, 1989, 1990, 2003),
            (1742, 1990, 1743, 2003),
            (1743, 1744, 1757, 2004),
            (1743, 1757, 1756, 2004),
            (1743, 1756, 2003, 2004),
            (1743, 2003, 1990, 2004),
            (1743, 1990, 1991, 2004),
            (1743, 1991, 1744, 2004),
            (1744, 1745, 1758, 2005),
            (1744, 1758, 1757, 2005),
            (1744, 1757, 2004, 2005),
            (1744, 2004, 1991, 2005),
            (1744, 1991, 1992, 2005),
            (1744, 1992, 1745, 2005),
            (1745, 1746, 1759, 2006),
            (1745, 1759, 1758, 2006),
            (1745, 1758, 2005, 2006),
            (1745, 2005, 1992, 2006),
            (1745, 1992, 1993, 2006),
            (1745, 1993, 1746, 2006),
            (1746, 1747, 1760, 2007),
            (1746, 1760, 1759, 2007),
            (1746, 1759, 2006, 2007),
            (1746, 2006, 1993, 2007),
            (1746, 1993, 1994, 2007),
            (1746, 1994, 1747, 2007),
            (1747, 1748, 1761, 2008),
            (1747, 1761, 1760, 2008),
            (1747, 1760, 2007, 2008),
            (1747, 2007, 1994, 2008),
            (1747, 1994, 1995, 2008),
            (1747, 1995, 1748, 2008),
            (1748, 1749, 1762, 2009),
            (1748, 1762, 1761, 2009),
            (1748, 1761, 2008, 2009),
            (1748, 2008, 1995, 2009),
            (1748, 1995, 1996, 2009),
            (1748, 1996, 1749, 2009),
            (1749, 1750, 1763, 2010),
            (1749, 1763, 1762, 2010),
            (1749, 1762, 2009, 2010),
            (1749, 2009, 1996, 2010),
            (1749, 1996, 1997, 2010),
            (1749, 1997, 1750, 2010),
            (1750, 1751, 1764, 2011),
            (1750, 1764, 1763, 2011),
            (1750, 1763, 2010, 2011),
            (1750, 2010, 1997, 2011),
            (1750, 1997, 1998, 2011),
            (1750, 1998, 1751, 2011),
            (1751, 1752, 1765, 2012),
            (1751, 1765, 1764, 2012),
            (1751, 1764, 2011, 2012),
            (1751, 2011, 1998, 2012),
            (1751, 1998, 1999, 2012),
            (1751, 1999, 1752, 2012),
            (1752, 1753, 1766, 2013),
            (1752, 1766, 1765, 2013),
            (1752, 1765, 2012, 2013),
            (1752, 2012, 1999, 2013),
            (1752, 1999, 2000, 2013),
            (1752, 2000, 1753, 2013),
            (1753, 1754, 1767, 2014),
            (1753, 1767, 1766, 2014),
            (1753, 1766, 2013, 2014),
            (1753, 2013, 2000, 2014),
            (1753, 2000, 2001, 2014),
            (1753, 2001, 1754, 2014),
            (1755, 1756, 1769, 2016),
            (1755, 1769, 1768, 2016),
            (1755, 1768, 2015, 2016),
            (1755, 2015, 2002, 2016),
            (1755, 2002, 2003, 2016),
            (1755, 2003, 1756, 2016),
            (1756, 1757, 1770, 2017),
            (1756, 1770, 1769, 2017),
            (1756, 1769, 2016, 2017),
            (1756, 2016, 2003, 2017),
            (1756, 2003, 2004, 2017),
            (1756, 2004, 1757, 2017),
            (1757, 1758, 1771, 2018),
            (1757, 1771, 1770, 2018),
            (1757, 1770, 2017, 2018),
            (1757, 2017, 2004, 2018),
            (1757, 2004, 2005, 2018),
            (1757, 2005, 1758, 2018),
            (1758, 1759, 1772, 2019),
            (1758, 1772, 1771, 2019),
            (1758, 1771, 2018, 2019),
            (1758, 2018, 2005, 2019),
            (1758, 2005, 2006, 2019),
            (1758, 2006, 1759, 2019),
            (1759, 1760, 1773, 2020),
            (1759, 1773, 1772, 2020),
            (1759, 1772, 2019, 2020),
            (1759, 2019, 2006, 2020),
            (1759, 2006, 2007, 2020),
            (1759, 2007, 1760, 2020),
            (1760, 1761, 1774, 2021),
            (1760, 1774, 1773, 2021),
            (1760, 1773, 2020, 2021),
            (1760, 2020, 2007, 2021),
            (1760, 2007, 2008, 2021),
            (1760, 2008, 1761, 2021),
            (1761, 1762, 1775, 2022),
            (1761, 1775, 1774, 2022),
            (1761, 1774, 2021, 2022),
            (1761, 2021, 2008, 2022),
            (1761, 2008, 2009, 2022),
            (1761, 2009, 1762, 2022),
            (1762, 1763, 1776, 2023),
            (1762, 1776, 1775, 2023),
            (1762, 1775, 2022, 2023),
            (1762, 2022, 2009, 2023),
            (1762, 2009, 2010, 2023),
            (1762, 2010, 1763, 2023),
            (1763, 1764, 1777, 2024),
            (1763, 1777, 1776, 2024),
            (1763, 1776, 2023, 2024),
            (1763, 2023, 2010, 2024),
            (1763, 2010, 2011, 2024),
            (1763, 2011, 1764, 2024),
            (1764, 1765, 1778, 2025),
            (1764, 1778, 1777, 2025),
            (1764, 1777, 2024, 2025),
            (1764, 2024, 2011, 2025),
            (1764, 2011, 2012, 2025),
            (1764, 2012, 1765, 2025),
            (1765, 1766, 1779, 2026),
            (1765, 1779, 1778, 2026),
            (1765, 1778, 2025, 2026),
            (1765, 2025, 2012, 2026),
            (1765, 2012, 2013, 2026),
            (1765, 2013, 1766, 2026),
            (1766, 1767, 1780, 2027),
            (1766, 1780, 1779, 2027),
            (1766, 1779, 2026, 2027),
            (1766, 2026, 2013, 2027),
            (1766, 2013, 2014, 2027),
            (1766, 2014, 1767, 2027),
            (1768, 1769, 1782, 2029),
            (1768, 1782, 1781, 2029),
            (1768, 1781, 2028, 2029),
            (1768, 2028, 2015, 2029),
            (1768, 2015, 2016, 2029),
            (1768, 2016, 1769, 2029),
            (1769, 1770, 1783, 2030),
            (1769, 1783, 1782, 2030),
            (1769, 1782, 2029, 2030),
            (1769, 2029, 2016, 2030),
            (1769, 2016, 2017, 2030),
            (1769, 2017, 1770, 2030),
            (1770, 1771, 1784, 2031),
            (1770, 1784, 1783, 2031),
            (1770, 1783, 2030, 2031),
            (1770, 2030, 2017, 2031),
            (1770, 2017, 2018, 2031),
            (1770, 2018, 1771, 2031),
            (1771, 1772, 1785, 2032),
            (1771, 1785, 1784, 2032),
            (1771, 1784, 2031, 2032),
            (1771, 2031, 2018, 2032),
            (1771, 2018, 2019, 2032),
            (1771, 2019, 1772, 2032),
            (1772, 1773, 1786, 2033),
            (1772, 1786, 1785, 2033),
            (1772, 1785, 2032, 2033),
            (1772, 2032, 2019, 2033),
            (1772, 2019, 2020, 2033),
            (1772, 2020, 1773, 2033),
            (1773, 1774, 1787, 2034),
            (1773, 1787, 1786, 2034),
            (1773, 1786, 2033, 2034),
            (1773, 2033, 2020, 2034),
            (1773, 2020, 2021, 2034),
            (1773, 2021, 1774, 2034),
            (1774, 1775, 1788, 2035),
            (1774, 1788, 1787, 2035),
            (1774, 1787, 2034, 2035),
            (1774, 2034, 2021, 2035),
            (1774, 2021, 2022, 2035),
            (1774, 2022, 1775, 2035),
            (1775, 1776, 1789, 2036),
            (1775, 1789, 1788, 2036),
            (1775, 1788, 2035, 2036),
            (1775, 2035, 2022, 2036),
            (1775, 2022, 2023, 2036),
            (1775, 2023, 1776, 2036),
            (1776, 1777, 1790, 2037),
            (1776, 1790, 1789, 2037),
            (1776, 1789, 2036, 2037),
            (1776, 2036, 2023, 2037),
            (1776, 2023, 2024, 2037),
            (1776, 2024, 1777, 2037),
            (1777, 1778, 1791, 2038),
            (1777, 1791, 1790, 2038),
            (1777, 1790, 2037, 2038),
            (1777, 2037, 2024, 2038),
            (1777, 2024, 2025, 2038),
            (1777, 2025, 1778, 2038),
            (1778, 1779, 1792, 2039),
            (1778, 1792, 1791, 2039),
            (1778, 1791, 2038, 2039),
            (1778, 2038, 2025, 2039),
            (1778, 2025, 2026, 2039),
            (1778, 2026, 1779, 2039),
            (1779, 1780, 1793, 2040),
            (1779, 1793, 1792, 2040),
            (1779, 1792, 2039, 2040),
            (1779, 2039, 2026, 2040),
            (1779, 2026, 2027, 2040),
            (1779, 2027, 1780, 2040),
            (1781, 1782, 1795, 2042),
            (1781, 1795, 1794, 2042),
            (1781, 1794, 2041, 2042),
            (1781, 2041, 2028, 2042),
            (1781, 2028, 2029, 2042),
            (1781, 2029, 1782, 2042),
            (1782, 1783, 1796, 2043),
            (1782, 1796, 1795, 2043),
            (1782, 1795, 2042, 2043),
            (1782, 2042, 2029, 2043),
            (1782, 2029, 2030, 2043),
            (1782, 2030, 1783, 2043),
            (1783, 1784, 1797, 2044),
            (1783, 1797, 1796, 2044),
            (1783, 1796, 2043, 2044),
            (1783, 2043, 2030, 2044),
            (1783, 2030, 2031, 2044),
            (1783, 2031, 1784, 2044),
            (1784, 1785, 1798, 2045),
            (1784, 1798, 1797, 2045),
            (1784, 1797, 2044, 2045),
            (1784, 2044, 2031, 2045),
            (1784, 2031, 2032, 2045),
            (1784, 2032, 1785, 2045),
            (1785, 1786, 1799, 2046),
            (1785, 1799, 1798, 2046),
            (1785, 1798, 2045, 2046),
            (1785, 2045, 2032, 2046),
            (1785, 2032, 2033, 2046),
            (1785, 2033, 1786, 2046),
            (1786, 1787, 1800, 2047),
            (1786, 1800, 1799, 2047),
            (1786, 1799, 2046, 2047),
            (1786, 2046, 2033, 2047),
            (1786, 2033, 2034, 2047),
            (1786, 2034, 1787, 2047),
            (1787, 1788, 1801, 2048),
            (1787, 1801, 1800, 2048),
            (1787, 1800, 2047, 2048),
            (1787, 2047, 2034, 2048),
            (1787, 2034, 2035, 2048),
            (1787, 2035, 1788, 2048),
            (1788, 1789, 1802, 2049),
            (1788, 1802, 1801, 2049),
            (1788, 1801, 2048, 2049),
            (1788, 2048, 2035, 2049),
            (1788, 2035, 2036, 2049),
            (1788, 2036, 1789, 2049),
            (1789, 1790, 1803, 2050),
            (1789, 1803, 1802, 2050),
            (1789, 1802, 2049, 2050),
            (1789, 2049, 2036, 2050),
            (1789, 2036, 2037, 2050),
            (1789, 2037, 1790, 2050),
            (1790, 1791, 1804, 2051),
            (1790, 1804, 1803, 2051),
            (1790, 1803, 2050, 2051),
            (1790, 2050, 2037, 2051),
            (1790, 2037, 2038, 2051),
            (1790, 2038, 1791, 2051),
            (1791, 1792, 1805, 2052),
            (1791, 1805, 1804, 2052),
            (1791, 1804, 2051, 2052),
            (1791, 2051, 2038, 2052),
            (1791, 2038, 2039, 2052),
            (1791, 2039, 1792, 2052),
            (1792, 1793, 1806, 2053),
            (1792, 1806, 1805, 2053),
            (1792, 1805, 2052, 2053),
            (1792, 2052, 2039, 2053),
            (1792, 2039, 2040, 2053),
            (1792, 2040, 1793, 2053),
            (1794, 1795, 1808, 2055),
            (1794, 1808, 1807, 2055),
            (1794, 1807, 2054, 2055),
            (1794, 2054, 2041, 2055),
            (1794, 2041, 2042, 2055),
            (1794, 2042, 1795, 2055),
            (1795, 1796, 1809, 2056),
            (1795, 1809, 1808, 2056),
            (1795, 1808, 2055, 2056),
            (1795, 2055, 2042, 2056),
            (1795, 2042, 2043, 2056),
            (1795, 2043, 1796, 2056),
            (1796, 1797, 1810, 2057),
            (1796, 1810, 1809, 2057),
            (1796, 1809, 2056, 2057),
            (1796, 2056, 2043, 2057),
            (1796, 2043, 2044, 2057),
            (1796, 2044, 1797, 2057),
            (1797, 1798, 1811, 2058),
            (1797, 1811, 1810, 2058),
            (1797, 1810, 2057, 2058),
            (1797, 2057, 2044, 2058),
            (1797, 2044, 2045, 2058),
            (1797, 2045, 1798, 2058),
            (1798, 1799, 1812, 2059),
            (1798, 1812, 1811, 2059),
            (1798, 1811, 2058, 2059),
            (1798, 2058, 2045, 2059),
            (1798, 2045, 2046, 2059),
            (1798, 2046, 1799, 2059),
            (1799, 1800, 1813, 2060),
            (1799, 1813, 1812, 2060),
            (1799, 1812, 2059, 2060),
            (1799, 2059, 2046, 2060),
            (1799, 2046, 2047, 2060),
            (1799, 2047, 1800, 2060),
            (1800, 1801, 1814, 2061),
            (1800, 1814, 1813, 2061),
            (1800, 1813, 2060, 2061),
            (1800, 2060, 2047, 2061),
            (1800, 2047, 2048, 2061),
            (1800, 2048, 1801, 2061),
            (1801, 1802, 1815, 2062),
            (1801, 1815, 1814, 2062),
            (1801, 1814, 2061, 2062),
            (1801, 2061, 2048, 2062),
            (1801, 2048, 2049, 2062),
            (1801, 2049, 1802, 2062),
            (1802, 1803, 1816, 2063),
            (1802, 1816, 1815, 2063),
            (1802, 1815, 2062, 2063),
            (1802, 2062, 2049, 2063),
            (1802, 2049, 2050, 2063),
            (1802, 2050, 1803, 2063),
            (1803, 1804, 1817, 2064),
            (1803, 1817, 1816, 2064),
            (1803, 1816, 2063, 2064),
            (1803, 2063, 2050, 2064),
            (1803, 2050, 2051, 2064),
            (1803, 2051, 1804, 2064),
            (1804, 1805, 1818, 2065),
            (1804, 1818, 1817, 2065),
            (1804, 1817, 2064, 2065),
            (1804, 2064, 2051, 2065),
            (1804, 2051, 2052, 2065),
            (1804, 2052, 1805, 2065),
            (1805, 1806, 1819, 2066),
            (1805, 1819, 1818, 2066),
            (1805, 1818, 2065, 2066),
            (1805, 2065, 2052, 2066),
            (1805, 2052, 2053, 2066),
            (1805, 2053, 1806, 2066),
            (1807, 1808, 1821, 2068),
            (1807, 1821, 1820, 2068),
            (1807, 1820, 2067, 2068),
            (1807, 2067, 2054, 2068),
            (1807, 2054, 2055, 2068),
            (1807, 2055, 1808, 2068),
            (1808, 1809, 1822, 2069),
            (1808, 1822, 1821, 2069),
            (1808, 1821, 2068, 2069),
            (1808, 2068, 2055, 2069),
            (1808, 2055, 2056, 2069),
            (1808, 2056, 1809, 2069),
            (1809, 1810, 1823, 2070),
            (1809, 1823, 1822, 2070),
            (1809, 1822, 2069, 2070),
            (1809, 2069, 2056, 2070),
            (1809, 2056, 2057, 2070),
            (1809, 2057, 1810, 2070),
            (1810, 1811, 1824, 2071),
            (1810, 1824, 1823, 2071),
            (1810, 1823, 2070, 2071),
            (1810, 2070, 2057, 2071),
            (1810, 2057, 2058, 2071),
            (1810, 2058, 1811, 2071),
            (1811, 1812, 1825, 2072),
            (1811, 1825, 1824, 2072),
            (1811, 1824, 2071, 2072),
            (1811, 2071, 2058, 2072),
            (1811, 2058, 2059, 2072),
            (1811, 2059, 1812, 2072),
            (1812, 1813, 1826, 2073),
            (1812, 1826, 1825, 2073),
            (1812, 1825, 2072, 2073),
            (1812, 2072, 2059, 2073),
            (1812, 2059, 2060, 2073),
            (1812, 2060, 1813, 2073),
            (1813, 1814, 1827, 2074),
            (1813, 1827, 1826, 2074),
            (1813, 1826, 2073, 2074),
            (1813, 2073, 2060, 2074),
            (1813, 2060, 2061, 2074),
            (1813, 2061, 1814, 2074),
            (1814, 1815, 1828, 2075),
            (1814, 1828, 1827, 2075),
            (1814, 1827, 2074, 2075),
            (1814, 2074, 2061, 2075),
            (1814, 2061, 2062, 2075),
            (1814, 2062, 1815, 2075),
            (1815, 1816, 1829, 2076),
            (1815, 1829, 1828, 2076),
            (1815, 1828, 2075, 2076),
            (1815, 2075, 2062, 2076),
            (1815, 2062, 2063, 2076),
            (1815, 2063, 1816, 2076),
            (1816, 1817, 1830, 2077),
            (1816, 1830, 1829, 2077),
            (1816, 1829, 2076, 2077),
            (1816, 2076, 2063, 2077),
            (1816, 2063, 2064, 2077),
            (1816, 2064, 1817, 2077),
            (1817, 1818, 1831, 2078),
            (1817, 1831, 1830, 2078),
            (1817, 1830, 2077, 2078),
            (1817, 2077, 2064, 2078),
            (1817, 2064, 2065, 2078),
            (1817, 2065, 1818, 2078),
            (1818, 1819, 1832, 2079),
            (1818, 1832, 1831, 2079),
            (1818, 1831, 2078, 2079),
            (1818, 2078, 2065, 2079),
            (1818, 2065, 2066, 2079),
            (1818, 2066, 1819, 2079),
            (1820, 1821, 1834, 2081),
            (1820, 1834, 1833, 2081),
            (1820, 1833, 2080, 2081),
            (1820, 2080, 2067, 2081),
            (1820, 2067, 2068, 2081),
            (1820, 2068, 1821, 2081),
            (1821, 1822, 1835, 2082),
            (1821, 1835, 1834, 2082),
            (1821, 1834, 2081, 2082),
            (1821, 2081, 2068, 2082),
            (1821, 2068, 2069, 2082),
            (1821, 2069, 1822, 2082),
            (1822, 1823, 1836, 2083),
            (1822, 1836, 1835, 2083),
            (1822, 1835, 2082, 2083),
            (1822, 2082, 2069, 2083),
            (1822, 2069, 2070, 2083),
            (1822, 2070, 1823, 2083),
            (1823, 1824, 1837, 2084),
            (1823, 1837, 1836, 2084),
            (1823, 1836, 2083, 2084),
            (1823, 2083, 2070, 2084),
            (1823, 2070, 2071, 2084),
            (1823, 2071, 1824, 2084),
            (1824, 1825, 1838, 2085),
            (1824, 1838, 1837, 2085),
            (1824, 1837, 2084, 2085),
            (1824, 2084, 2071, 2085),
            (1824, 2071, 2072, 2085),
            (1824, 2072, 1825, 2085),
            (1825, 1826, 1839, 2086),
            (1825, 1839, 1838, 2086),
            (1825, 1838, 2085, 2086),
            (1825, 2085, 2072, 2086),
            (1825, 2072, 2073, 2086),
            (1825, 2073, 1826, 2086),
            (1826, 1827, 1840, 2087),
            (1826, 1840, 1839, 2087),
            (1826, 1839, 2086, 2087),
            (1826, 2086, 2073, 2087),
            (1826, 2073, 2074, 2087),
            (1826, 2074, 1827, 2087),
            (1827, 1828, 1841, 2088),
            (1827, 1841, 1840, 2088),
            (1827, 1840, 2087, 2088),
            (1827, 2087, 2074, 2088),
            (1827, 2074, 2075, 2088),
            (1827, 2075, 1828, 2088),
            (1828, 1829, 1842, 2089),
            (1828, 1842, 1841, 2089),
            (1828, 1841, 2088, 2089),
            (1828, 2088, 2075, 2089),
            (1828, 2075, 2076, 2089),
            (1828, 2076, 1829, 2089),
            (1829, 1830, 1843, 2090),
            (1829, 1843, 1842, 2090),
            (1829, 1842, 2089, 2090),
            (1829, 2089, 2076, 2090),
            (1829, 2076, 2077, 2090),
            (1829, 2077, 1830, 2090),
            (1830, 1831, 1844, 2091),
            (1830, 1844, 1843, 2091),
            (1830, 1843, 2090, 2091),
            (1830, 2090, 2077, 2091),
            (1830, 2077, 2078, 2091),
            (1830, 2078, 1831, 2091),
            (1831, 1832, 1845, 2092),
            (1831, 1845, 1844, 2092),
            (1831, 1844, 2091, 2092),
            (1831, 2091, 2078, 2092),
            (1831, 2078, 2079, 2092),
            (1831, 2079, 1832, 2092),
            (1833, 1834, 1847, 2094),
            (1833, 1847, 1846, 2094),
            (1833, 1846, 2093, 2094),
            (1833, 2093, 2080, 2094),
            (1833, 2080, 2081, 2094),
            (1833, 2081, 1834, 2094),
            (1834, 1835, 1848, 2095),
            (1834, 1848, 1847, 2095),
            (1834, 1847, 2094, 2095),
            (1834, 2094, 2081, 2095),
            (1834, 2081, 2082, 2095),
            (1834, 2082, 1835, 2095),
            (1835, 1836, 1849, 2096),
            (1835, 1849, 1848, 2096),
            (1835, 1848, 2095, 2096),
            (1835, 2095, 2082, 2096),
            (1835, 2082, 2083, 2096),
            (1835, 2083, 1836, 2096),
            (1836, 1837, 1850, 2097),
            (1836, 1850, 1849, 2097),
            (1836, 1849, 2096, 2097),
            (1836, 2096, 2083, 2097),
            (1836, 2083, 2084, 2097),
            (1836, 2084, 1837, 2097),
            (1837, 1838, 1851, 2098),
            (1837, 1851, 1850, 2098),
            (1837, 1850, 2097, 2098),
            (1837, 2097, 2084, 2098),
            (1837, 2084, 2085, 2098),
            (1837, 2085, 1838, 2098),
            (1838, 1839, 1852, 2099),
            (1838, 1852, 1851, 2099),
            (1838, 1851, 2098, 2099),
            (1838, 2098, 2085, 2099),
            (1838, 2085, 2086, 2099),
            (1838, 2086, 1839, 2099),
            (1839, 1840, 1853, 2100),
            (1839, 1853, 1852, 2100),
            (1839, 1852, 2099, 2100),
            (1839, 2099, 2086, 2100),
            (1839, 2086, 2087, 2100),
            (1839, 2087, 1840, 2100),
            (1840, 1841, 1854, 2101),
            (1840, 1854, 1853, 2101),
            (1840, 1853, 2100, 2101),
            (1840, 2100, 2087, 2101),
            (1840, 2087, 2088, 2101),
            (1840, 2088, 1841, 2101),
            (1841, 1842, 1855, 2102),
            (1841, 1855, 1854, 2102),
            (1841, 1854, 2101, 2102),
            (1841, 2101, 2088, 2102),
            (1841, 2088, 2089, 2102),
            (1841, 2089, 1842, 2102),
            (1842, 1843, 1856, 2103),
            (1842, 1856, 1855, 2103),
            (1842, 1855, 2102, 2103),
            (1842, 2102, 2089, 2103),
            (1842, 2089, 2090, 2103),
            (1842, 2090, 1843, 2103),
            (1843, 1844, 1857, 2104),
            (1843, 1857, 1856, 2104),
            (1843, 1856, 2103, 2104),
            (1843, 2103, 2090, 2104),
            (1843, 2090, 2091, 2104),
            (1843, 2091, 1844, 2104),
            (1844, 1845, 1858, 2105),
            (1844, 1858, 1857, 2105),
            (1844, 1857, 2104, 2105),
            (1844, 2104, 2091, 2105),
            (1844, 2091, 2092, 2105),
            (1844, 2092, 1845, 2105),
            (1846, 1847, 1860, 2107),
            (1846, 1860, 1859, 2107),
            (1846, 1859, 2106, 2107),
            (1846, 2106, 2093, 2107),
            (1846, 2093, 2094, 2107),
            (1846, 2094, 1847, 2107),
            (1847, 1848, 1861, 2108),
            (1847, 1861, 1860, 2108),
            (1847, 1860, 2107, 2108),
            (1847, 2107, 2094, 2108),
            (1847, 2094, 2095, 2108),
            (1847, 2095, 1848, 2108),
            (1848, 1849, 1862, 2109),
            (1848, 1862, 1861, 2109),
            (1848, 1861, 2108, 2109),
            (1848, 2108, 2095, 2109),
            (1848, 2095, 2096, 2109),
            (1848, 2096, 1849, 2109),
            (1849, 1850, 1863, 2110),
            (1849, 1863, 1862, 2110),
            (1849, 1862, 2109, 2110),
            (1849, 2109, 2096, 2110),
            (1849, 2096, 2097, 2110),
            (1849, 2097, 1850, 2110),
            (1850, 1851, 1864, 2111),
            (1850, 1864, 1863, 2111),
            (1850, 1863, 2110, 2111),
            (1850, 2110, 2097, 2111),
            (1850, 2097, 2098, 2111),
            (1850, 2098, 1851, 2111),
            (1851, 1852, 1865, 2112),
            (1851, 1865, 1864, 2112),
            (1851, 1864, 2111, 2112),
            (1851, 2111, 2098, 2112),
            (1851, 2098, 2099, 2112),
            (1851, 2099, 1852, 2112),
            (1852, 1853, 1866, 2113),
            (1852, 1866, 1865, 2113),
            (1852, 1865, 2112, 2113),
            (1852, 2112, 2099, 2113),
            (1852, 2099, 2100, 2113),
            (1852, 2100, 1853, 2113),
            (1853, 1854, 1867, 2114),
            (1853, 1867, 1866, 2114),
            (1853, 1866, 2113, 2114),
            (1853, 2113, 2100, 2114),
            (1853, 2100, 2101, 2114),
            (1853, 2101, 1854, 2114),
            (1854, 1855, 1868, 2115),
            (1854, 1868, 1867, 2115),
            (1854, 1867, 2114, 2115),
            (1854, 2114, 2101, 2115),
            (1854, 2101, 2102, 2115),
            (1854, 2102, 1855, 2115),
            (1855, 1856, 1869, 2116),
            (1855, 1869, 1868, 2116),
            (1855, 1868, 2115, 2116),
            (1855, 2115, 2102, 2116),
            (1855, 2102, 2103, 2116),
            (1855, 2103, 1856, 2116),
            (1856, 1857, 1870, 2117),
            (1856, 1870, 1869, 2117),
            (1856, 1869, 2116, 2117),
            (1856, 2116, 2103, 2117),
            (1856, 2103, 2104, 2117),
            (1856, 2104, 1857, 2117),
            (1857, 1858, 1871, 2118),
            (1857, 1871, 1870, 2118),
            (1857, 1870, 2117, 2118),
            (1857, 2117, 2104, 2118),
            (1857, 2104, 2105, 2118),
            (1857, 2105, 1858, 2118),
            (1859, 1860, 1873, 2120),
            (1859, 1873, 1872, 2120),
            (1859, 1872, 2119, 2120),
            (1859, 2119, 2106, 2120),
            (1859, 2106, 2107, 2120),
            (1859, 2107, 1860, 2120),
            (1860, 1861, 1874, 2121),
            (1860, 1874, 1873, 2121),
            (1860, 1873, 2120, 2121),
            (1860, 2120, 2107, 2121),
            (1860, 2107, 2108, 2121),
            (1860, 2108, 1861, 2121),
            (1861, 1862, 1875, 2122),
            (1861, 1875, 1874, 2122),
            (1861, 1874, 2121, 2122),
            (1861, 2121, 2108, 2122),
            (1861, 2108, 2109, 2122),
            (1861, 2109, 1862, 2122),
            (1862, 1863, 1876, 2123),
            (1862, 1876, 1875, 2123),
            (1862, 1875, 2122, 2123),
            (1862, 2122, 2109, 2123),
            (1862, 2109, 2110, 2123),
            (1862, 2110, 1863, 2123),
            (1863, 1864, 1877, 2124),
            (1863, 1877, 1876, 2124),
            (1863, 1876, 2123, 2124),
            (1863, 2123, 2110, 2124),
            (1863, 2110, 2111, 2124),
            (1863, 2111, 1864, 2124),
            (1864, 1865, 1878, 2125),
            (1864, 1878, 1877, 2125),
            (1864, 1877, 2124, 2125),
            (1864, 2124, 2111, 2125),
            (1864, 2111, 2112, 2125),
            (1864, 2112, 1865, 2125),
            (1865, 1866, 1879, 2126),
            (1865, 1879, 1878, 2126),
            (1865, 1878, 2125, 2126),
            (1865, 2125, 2112, 2126),
            (1865, 2112, 2113, 2126),
            (1865, 2113, 1866, 2126),
            (1866, 1867, 1880, 2127),
            (1866, 1880, 1879, 2127),
            (1866, 1879, 2126, 2127),
            (1866, 2126, 2113, 2127),
            (1866, 2113, 2114, 2127),
            (1866, 2114, 1867, 2127),
            (1867, 1868, 1881, 2128),
            (1867, 1881, 1880, 2128),
            (1867, 1880, 2127, 2128),
            (1867, 2127, 2114, 2128),
            (1867, 2114, 2115, 2128),
            (1867, 2115, 1868, 2128),
            (1868, 1869, 1882, 2129),
            (1868, 1882, 1881, 2129),
            (1868, 1881, 2128, 2129),
            (1868, 2128, 2115, 2129),
            (1868, 2115, 2116, 2129),
            (1868, 2116, 1869, 2129),
            (1869, 1870, 1883, 2130),
            (1869, 1883, 1882, 2130),
            (1869, 1882, 2129, 2130),
            (1869, 2129, 2116, 2130),
            (1869, 2116, 2117, 2130),
            (1869, 2117, 1870, 2130),
            (1870, 1871, 1884, 2131),
            (1870, 1884, 1883, 2131),
            (1870, 1883, 2130, 2131),
            (1870, 2130, 2117, 2131),
            (1870, 2117, 2118, 2131),
            (1870, 2118, 1871, 2131),
            (1872, 1873, 1886, 2133),
            (1872, 1886, 1885, 2133),
            (1872, 1885, 2132, 2133),
            (1872, 2132, 2119, 2133),
            (1872, 2119, 2120, 2133),
            (1872, 2120, 1873, 2133),
            (1873, 1874, 1887, 2134),
            (1873, 1887, 1886, 2134),
            (1873, 1886, 2133, 2134),
            (1873, 2133, 2120, 2134),
            (1873, 2120, 2121, 2134),
            (1873, 2121, 1874, 2134),
            (1874, 1875, 1888, 2135),
            (1874, 1888, 1887, 2135),
            (1874, 1887, 2134, 2135),
            (1874, 2134, 2121, 2135),
            (1874, 2121, 2122, 2135),
            (1874, 2122, 1875, 2135),
            (1875, 1876, 1889, 2136),
            (1875, 1889, 1888, 2136),
            (1875, 1888, 2135, 2136),
            (1875, 2135, 2122, 2136),
            (1875, 2122, 2123, 2136),
            (1875, 2123, 1876, 2136),
            (1876, 1877, 1890, 2137),
            (1876, 1890, 1889, 2137),
            (1876, 1889, 2136, 2137),
            (1876, 2136, 2123, 2137),
            (1876, 2123, 2124, 2137),
            (1876, 2124, 1877, 2137),
            (1877, 1878, 1891, 2138),
            (1877, 1891, 1890, 2138),
            (1877, 1890, 2137, 2138),
            (1877, 2137, 2124, 2138),
            (1877, 2124, 2125, 2138),
            (1877, 2125, 1878, 2138),
            (1878, 1879, 1892, 2139),
            (1878, 1892, 1891, 2139),
            (1878, 1891, 2138, 2139),
            (1878, 2138, 2125, 2139),
            (1878, 2125, 2126, 2139),
            (1878, 2126, 1879, 2139),
            (1879, 1880, 1893, 2140),
            (1879, 1893, 1892, 2140),
            (1879, 1892, 2139, 2140),
            (1879, 2139, 2126, 2140),
            (1879, 2126, 2127, 2140),
            (1879, 2127, 1880, 2140),
            (1880, 1881, 1894, 2141),
            (1880, 1894, 1893, 2141),
            (1880, 1893, 2140, 2141),
            (1880, 2140, 2127, 2141),
            (1880, 2127, 2128, 2141),
            (1880, 2128, 1881, 2141),
            (1881, 1882, 1895, 2142),
            (1881, 1895, 1894, 2142),
            (1881, 1894, 2141, 2142),
            (1881, 2141, 2128, 2142),
            (1881, 2128, 2129, 2142),
            (1881, 2129, 1882, 2142),
            (1882, 1883, 1896, 2143),
            (1882, 1896, 1895, 2143),
            (1882, 1895, 2142, 2143),
            (1882, 2142, 2129, 2143),
            (1882, 2129, 2130, 2143),
            (1882, 2130, 1883, 2143),
            (1883, 1884, 1897, 2144),
            (1883, 1897, 1896, 2144),
            (1883, 1896, 2143, 2144),
            (1883, 2143, 2130, 2144),
            (1883, 2130, 2131, 2144),
            (1883, 2131, 1884, 2144),
            (1885, 1886, 1899, 2146),
            (1885, 1899, 1898, 2146),
            (1885, 1898, 2145, 2146),
            (1885, 2145, 2132, 2146),
            (1885, 2132, 2133, 2146),
            (1885, 2133, 1886, 2146),
            (1886, 1887, 1900, 2147),
            (1886, 1900, 1899, 2147),
            (1886, 1899, 2146, 2147),
            (1886, 2146, 2133, 2147),
            (1886, 2133, 2134, 2147),
            (1886, 2134, 1887, 2147),
            (1887, 1888, 1901, 2148),
            (1887, 1901, 1900, 2148),
            (1887, 1900, 2147, 2148),
            (1887, 2147, 2134, 2148),
            (1887, 2134, 2135, 2148),
            (1887, 2135, 1888, 2148),
            (1888, 1889, 1902, 2149),
            (1888, 1902, 1901, 2149),
            (1888, 1901, 2148, 2149),
            (1888, 2148, 2135, 2149),
            (1888, 2135, 2136, 2149),
            (1888, 2136, 1889, 2149),
            (1889, 1890, 1903, 2150),
            (1889, 1903, 1902, 2150),
            (1889, 1902, 2149, 2150),
            (1889, 2149, 2136, 2150),
            (1889, 2136, 2137, 2150),
            (1889, 2137, 1890, 2150),
            (1890, 1891, 1904, 2151),
            (1890, 1904, 1903, 2151),
            (1890, 1903, 2150, 2151),
            (1890, 2150, 2137, 2151),
            (1890, 2137, 2138, 2151),
            (1890, 2138, 1891, 2151),
            (1891, 1892, 1905, 2152),
            (1891, 1905, 1904, 2152),
            (1891, 1904, 2151, 2152),
            (1891, 2151, 2138, 2152),
            (1891, 2138, 2139, 2152),
            (1891, 2139, 1892, 2152),
            (1892, 1893, 1906, 2153),
            (1892, 1906, 1905, 2153),
            (1892, 1905, 2152, 2153),
            (1892, 2152, 2139, 2153),
            (1892, 2139, 2140, 2153),
            (1892, 2140, 1893, 2153),
            (1893, 1894, 1907, 2154),
            (1893, 1907, 1906, 2154),
            (1893, 1906, 2153, 2154),
            (1893, 2153, 2140, 2154),
            (1893, 2140, 2141, 2154),
            (1893, 2141, 1894, 2154),
            (1894, 1895, 1908, 2155),
            (1894, 1908, 1907, 2155),
            (1894, 1907, 2154, 2155),
            (1894, 2154, 2141, 2155),
            (1894, 2141, 2142, 2155),
            (1894, 2142, 1895, 2155),
            (1895, 1896, 1909, 2156),
            (1895, 1909, 1908, 2156),
            (1895, 1908, 2155, 2156),
            (1895, 2155, 2142, 2156),
            (1895, 2142, 2143, 2156),
            (1895, 2143, 1896, 2156),
            (1896, 1897, 1910, 2157),
            (1896, 1910, 1909, 2157),
            (1896, 1909, 2156, 2157),
            (1896, 2156, 2143, 2157),
            (1896, 2143, 2144, 2157),
            (1896, 2144, 1897, 2157),
            (1898, 1899, 1912, 2159),
            (1898, 1912, 1911, 2159),
            (1898, 1911, 2158, 2159),
            (1898, 2158, 2145, 2159),
            (1898, 2145, 2146, 2159),
            (1898, 2146, 1899, 2159),
            (1899, 1900, 1913, 2160),
            (1899, 1913, 1912, 2160),
            (1899, 1912, 2159, 2160),
            (1899, 2159, 2146, 2160),
            (1899, 2146, 2147, 2160),
            (1899, 2147, 1900, 2160),
            (1900, 1901, 1914, 2161),
            (1900, 1914, 1913, 2161),
            (1900, 1913, 2160, 2161),
            (1900, 2160, 2147, 2161),
            (1900, 2147, 2148, 2161),
            (1900, 2148, 1901, 2161),
            (1901, 1902, 1915, 2162),
            (1901, 1915, 1914, 2162),
            (1901, 1914, 2161, 2162),
            (1901, 2161, 2148, 2162),
            (1901, 2148, 2149, 2162),
            (1901, 2149, 1902, 2162),
            (1902, 1903, 1916, 2163),
            (1902, 1916, 1915, 2163),
            (1902, 1915, 2162, 2163),
            (1902, 2162, 2149, 2163),
            (1902, 2149, 2150, 2163),
            (1902, 2150, 1903, 2163),
            (1903, 1904, 1917, 2164),
            (1903, 1917, 1916, 2164),
            (1903, 1916, 2163, 2164),
            (1903, 2163, 2150, 2164),
            (1903, 2150, 2151, 2164),
            (1903, 2151, 1904, 2164),
            (1904, 1905, 1918, 2165),
            (1904, 1918, 1917, 2165),
            (1904, 1917, 2164, 2165),
            (1904, 2164, 2151, 2165),
            (1904, 2151, 2152, 2165),
            (1904, 2152, 1905, 2165),
            (1905, 1906, 1919, 2166),
            (1905, 1919, 1918, 2166),
            (1905, 1918, 2165, 2166),
            (1905, 2165, 2152, 2166),
            (1905, 2152, 2153, 2166),
            (1905, 2153, 1906, 2166),
            (1906, 1907, 1920, 2167),
            (1906, 1920, 1919, 2167),
            (1906, 1919, 2166, 2167),
            (1906, 2166, 2153, 2167),
            (1906, 2153, 2154, 2167),
            (1906, 2154, 1907, 2167),
            (1907, 1908, 1921, 2168),
            (1907, 1921, 1920, 2168),
            (1907, 1920, 2167, 2168),
            (1907, 2167, 2154, 2168),
            (1907, 2154, 2155, 2168),
            (1907, 2155, 1908, 2168),
            (1908, 1909, 1922, 2169),
            (1908, 1922, 1921, 2169),
            (1908, 1921, 2168, 2169),
            (1908, 2168, 2155, 2169),
            (1908, 2155, 2156, 2169),
            (1908, 2156, 1909, 2169),
            (1909, 1910, 1923, 2170),
            (1909, 1923, 1922, 2170),
            (1909, 1922, 2169, 2170),
            (1909, 2169, 2156, 2170),
            (1909, 2156, 2157, 2170),
            (1909, 2157, 1910, 2170),
            (1911, 1912, 1925, 2172),
            (1911, 1925, 1924, 2172),
            (1911, 1924, 2171, 2172),
            (1911, 2171, 2158, 2172),
            (1911, 2158, 2159, 2172),
            (1911, 2159, 1912, 2172),
            (1912, 1913, 1926, 2173),
            (1912, 1926, 1925, 2173),
            (1912, 1925, 2172, 2173),
            (1912, 2172, 2159, 2173),
            (1912, 2159, 2160, 2173),
            (1912, 2160, 1913, 2173),
            (1913, 1914, 1927, 2174),
            (1913, 1927, 1926, 2174),
            (1913, 1926, 2173, 2174),
            (1913, 2173, 2160, 2174),
            (1913, 2160, 2161, 2174),
            (1913, 2161, 1914, 2174),
            (1914, 1915, 1928, 2175),
            (1914, 1928, 1927, 2175),
            (1914, 1927, 2174, 2175),
            (1914, 2174, 2161, 2175),
            (1914, 2161, 2162, 2175),
            (1914, 2162, 1915, 2175),
            (1915, 1916, 1929, 2176),
            (1915, 1929, 1928, 2176),
            (1915, 1928, 2175, 2176),
            (1915, 2175, 2162, 2176),
            (1915, 2162, 2163, 2176),
            (1915, 2163, 1916, 2176),
            (1916, 1917, 1930, 2177),
            (1916, 1930, 1929, 2177),
            (1916, 1929, 2176, 2177),
            (1916, 2176, 2163, 2177),
            (1916, 2163, 2164, 2177),
            (1916, 2164, 1917, 2177),
            (1917, 1918, 1931, 2178),
            (1917, 1931, 1930, 2178),
            (1917, 1930, 2177, 2178),
            (1917, 2177, 2164, 2178),
            (1917, 2164, 2165, 2178),
            (1917, 2165, 1918, 2178),
            (1918, 1919, 1932, 2179),
            (1918, 1932, 1931, 2179),
            (1918, 1931, 2178, 2179),
            (1918, 2178, 2165, 2179),
            (1918, 2165, 2166, 2179),
            (1918, 2166, 1919, 2179),
            (1919, 1920, 1933, 2180),
            (1919, 1933, 1932, 2180),
            (1919, 1932, 2179, 2180),
            (1919, 2179, 2166, 2180),
            (1919, 2166, 2167, 2180),
            (1919, 2167, 1920, 2180),
            (1920, 1921, 1934, 2181),
            (1920, 1934, 1933, 2181),
            (1920, 1933, 2180, 2181),
            (1920, 2180, 2167, 2181),
            (1920, 2167, 2168, 2181),
            (1920, 2168, 1921, 2181),
            (1921, 1922, 1935, 2182),
            (1921, 1935, 1934, 2182),
            (1921, 1934, 2181, 2182),
            (1921, 2181, 2168, 2182),
            (1921, 2168, 2169, 2182),
            (1921, 2169, 1922, 2182),
            (1922, 1923, 1936, 2183),
            (1922, 1936, 1935, 2183),
            (1922, 1935, 2182, 2183),
            (1922, 2182, 2169, 2183),
            (1922, 2169, 2170, 2183),
            (1922, 2170, 1923, 2183),
            (1924, 1925, 1938, 2185),
            (1924, 1938, 1937, 2185),
            (1924, 1937, 2184, 2185),
            (1924, 2184, 2171, 2185),
            (1924, 2171, 2172, 2185),
            (1924, 2172, 1925, 2185),
            (1925, 1926, 1939, 2186),
            (1925, 1939, 1938, 2186),
            (1925, 1938, 2185, 2186),
            (1925, 2185, 2172, 2186),
            (1925, 2172, 2173, 2186),
            (1925, 2173, 1926, 2186),
            (1926, 1927, 1940, 2187),
            (1926, 1940, 1939, 2187),
            (1926, 1939, 2186, 2187),
            (1926, 2186, 2173, 2187),
            (1926, 2173, 2174, 2187),
            (1926, 2174, 1927, 2187),
            (1927, 1928, 1941, 2188),
            (1927, 1941, 1940, 2188),
            (1927, 1940, 2187, 2188),
            (1927, 2187, 2174, 2188),
            (1927, 2174, 2175, 2188),
            (1927, 2175, 1928, 2188),
            (1928, 1929, 1942, 2189),
            (1928, 1942, 1941, 2189),
            (1928, 1941, 2188, 2189),
            (1928, 2188, 2175, 2189),
            (1928, 2175, 2176, 2189),
            (1928, 2176, 1929, 2189),
            (1929, 1930, 1943, 2190),
            (1929, 1943, 1942, 2190),
            (1929, 1942, 2189, 2190),
            (1929, 2189, 2176, 2190),
            (1929, 2176, 2177, 2190),
            (1929, 2177, 1930, 2190),
            (1930, 1931, 1944, 2191),
            (1930, 1944, 1943, 2191),
            (1930, 1943, 2190, 2191),
            (1930, 2190, 2177, 2191),
            (1930, 2177, 2178, 2191),
            (1930, 2178, 1931, 2191),
            (1931, 1932, 1945, 2192),
            (1931, 1945, 1944, 2192),
            (1931, 1944, 2191, 2192),
            (1931, 2191, 2178, 2192),
            (1931, 2178, 2179, 2192),
            (1931, 2179, 1932, 2192),
            (1932, 1933, 1946, 2193),
            (1932, 1946, 1945, 2193),
            (1932, 1945, 2192, 2193),
            (1932, 2192, 2179, 2193),
            (1932, 2179, 2180, 2193),
            (1932, 2180, 1933, 2193),
            (1933, 1934, 1947, 2194),
            (1933, 1947, 1946, 2194),
            (1933, 1946, 2193, 2194),
            (1933, 2193, 2180, 2194),
            (1933, 2180, 2181, 2194),
            (1933, 2181, 1934, 2194),
            (1934, 1935, 1948, 2195),
            (1934, 1948, 1947, 2195),
            (1934, 1947, 2194, 2195),
            (1934, 2194, 2181, 2195),
            (1934, 2181, 2182, 2195),
            (1934, 2182, 1935, 2195),
            (1935, 1936, 1949, 2196),
            (1935, 1949, 1948, 2196),
            (1935, 1948, 2195, 2196),
            (1935, 2195, 2182, 2196),
            (1935, 2182, 2183, 2196),
            (1935, 2183, 1936, 2196),
            (1937, 1938, 1951, 2198),
            (1937, 1951, 1950, 2198),
            (1937, 1950, 2197, 2198),
            (1937, 2197, 2184, 2198),
            (1937, 2184, 2185, 2198),
            (1937, 2185, 1938, 2198),
            (1938, 1939, 1952, 2199),
            (1938, 1952, 1951, 2199),
            (1938, 1951, 2198, 2199),
            (1938, 2198, 2185, 2199),
            (1938, 2185, 2186, 2199),
            (1938, 2186, 1939, 2199),
            (1939, 1940, 1953, 2200),
            (1939, 1953, 1952, 2200),
            (1939, 1952, 2199, 2200),
            (1939, 2199, 2186, 2200),
            (1939, 2186, 2187, 2200),
            (1939, 2187, 1940, 2200),
            (1940, 1941, 1954, 2201),
            (1940, 1954, 1953, 2201),
            (1940, 1953, 2200, 2201),
            (1940, 2200, 2187, 2201),
            (1940, 2187, 2188, 2201),
            (1940, 2188, 1941, 2201),
            (1941, 1942, 1955, 2202),
            (1941, 1955, 1954, 2202),
            (1941, 1954, 2201, 2202),
            (1941, 2201, 2188, 2202),
            (1941, 2188, 2189, 2202),
            (1941, 2189, 1942, 2202),
            (1942, 1943, 1956, 2203),
            (1942, 1956, 1955, 2203),
            (1942, 1955, 2202, 2203),
            (1942, 2202, 2189, 2203),
            (1942, 2189, 2190, 2203),
            (1942, 2190, 1943, 2203),
            (1943, 1944, 1957, 2204),
            (1943, 1957, 1956, 2204),
            (1943, 1956, 2203, 2204),
            (1943, 2203, 2190, 2204),
            (1943, 2190, 2191, 2204),
            (1943, 2191, 1944, 2204),
            (1944, 1945, 1958, 2205),
            (1944, 1958, 1957, 2205),
            (1944, 1957, 2204, 2205),
            (1944, 2204, 2191, 2205),
            (1944, 2191, 2192, 2205),
            (1944, 2192, 1945, 2205),
            (1945, 1946, 1959, 2206),
            (1945, 1959, 1958, 2206),
            (1945, 1958, 2205, 2206),
            (1945, 2205, 2192, 2206),
            (1945, 2192, 2193, 2206),
            (1945, 2193, 1946, 2206),
            (1946, 1947, 1960, 2207),
            (1946, 1960, 1959, 2207),
            (1946, 1959, 2206, 2207),
            (1946, 2206, 2193, 2207),
            (1946, 2193, 2194, 2207),
            (1946, 2194, 1947, 2207),
            (1947, 1948, 1961, 2208),
            (1947, 1961, 1960, 2208),
            (1947, 1960, 2207, 2208),
            (1947, 2207, 2194, 2208),
            (1947, 2194, 2195, 2208),
            (1947, 2195, 1948, 2208),
            (1948, 1949, 1962, 2209),
            (1948, 1962, 1961, 2209),
            (1948, 1961, 2208, 2209),
            (1948, 2208, 2195, 2209),
            (1948, 2195, 2196, 2209),
            (1948, 2196, 1949, 2209),
            (1950, 1951, 1964, 2211),
            (1950, 1964, 1963, 2211),
            (1950, 1963, 2210, 2211),
            (1950, 2210, 2197, 2211),
            (1950, 2197, 2198, 2211),
            (1950, 2198, 1951, 2211),
            (1951, 1952, 1965, 2212),
            (1951, 1965, 1964, 2212),
            (1951, 1964, 2211, 2212),
            (1951, 2211, 2198, 2212),
            (1951, 2198, 2199, 2212),
            (1951, 2199, 1952, 2212),
            (1952, 1953, 1966, 2213),
            (1952, 1966, 1965, 2213),
            (1952, 1965, 2212, 2213),
            (1952, 2212, 2199, 2213),
            (1952, 2199, 2200, 2213),
            (1952, 2200, 1953, 2213),
            (1953, 1954, 1967, 2214),
            (1953, 1967, 1966, 2214),
            (1953, 1966, 2213, 2214),
            (1953, 2213, 2200, 2214),
            (1953, 2200, 2201, 2214),
            (1953, 2201, 1954, 2214),
            (1954, 1955, 1968, 2215),
            (1954, 1968, 1967, 2215),
            (1954, 1967, 2214, 2215),
            (1954, 2214, 2201, 2215),
            (1954, 2201, 2202, 2215),
            (1954, 2202, 1955, 2215),
            (1955, 1956, 1969, 2216),
            (1955, 1969, 1968, 2216),
            (1955, 1968, 2215, 2216),
            (1955, 2215, 2202, 2216),
            (1955, 2202, 2203, 2216),
            (1955, 2203, 1956, 2216),
            (1956, 1957, 1970, 2217),
            (1956, 1970, 1969, 2217),
            (1956, 1969, 2216, 2217),
            (1956, 2216, 2203, 2217),
            (1956, 2203, 2204, 2217),
            (1956, 2204, 1957, 2217),
            (1957, 1958, 1971, 2218),
            (1957, 1971, 1970, 2218),
            (1957, 1970, 2217, 2218),
            (1957, 2217, 2204, 2218),
            (1957, 2204, 2205, 2218),
            (1957, 2205, 1958, 2218),
            (1958, 1959, 1972, 2219),
            (1958, 1972, 1971, 2219),
            (1958, 1971, 2218, 2219),
            (1958, 2218, 2205, 2219),
            (1958, 2205, 2206, 2219),
            (1958, 2206, 1959, 2219),
            (1959, 1960, 1973, 2220),
            (1959, 1973, 1972, 2220),
            (1959, 1972, 2219, 2220),
            (1959, 2219, 2206, 2220),
            (1959, 2206, 2207, 2220),
            (1959, 2207, 1960, 2220),
            (1960, 1961, 1974, 2221),
            (1960, 1974, 1973, 2221),
            (1960, 1973, 2220, 2221),
            (1960, 2220, 2207, 2221),
            (1960, 2207, 2208, 2221),
            (1960, 2208, 1961, 2221),
            (1961, 1962, 1975, 2222),
            (1961, 1975, 1974, 2222),
            (1961, 1974, 2221, 2222),
            (1961, 2221, 2208, 2222),
            (1961, 2208, 2209, 2222),
            (1961, 2209, 1962, 2222),
            (1976, 1977, 1990, 2237),
            (1976, 1990, 1989, 2237),
            (1976, 1989, 2236, 2237),
            (1976, 2236, 2223, 2237),
            (1976, 2223, 2224, 2237),
            (1976, 2224, 1977, 2237),
            (1977, 1978, 1991, 2238),
            (1977, 1991, 1990, 2238),
            (1977, 1990, 2237, 2238),
            (1977, 2237, 2224, 2238),
            (1977, 2224, 2225, 2238),
            (1977, 2225, 1978, 2238),
            (1978, 1979, 1992, 2239),
            (1978, 1992, 1991, 2239),
            (1978, 1991, 2238, 2239),
            (1978, 2238, 2225, 2239),
            (1978, 2225, 2226, 2239),
            (1978, 2226, 1979, 2239),
            (1979, 1980, 1993, 2240),
            (1979, 1993, 1992, 2240),
            (1979, 1992, 2239, 2240),
            (1979, 2239, 2226, 2240),
            (1979, 2226, 2227, 2240),
            (1979, 2227, 1980, 2240),
            (1980, 1981, 1994, 2241),
            (1980, 1994, 1993, 2241),
            (1980, 1993, 2240, 2241),
            (1980, 2240, 2227, 2241),
            (1980, 2227, 2228, 2241),
            (1980, 2228, 1981, 2241),
            (1981, 1982, 1995, 2242),
            (1981, 1995, 1994, 2242),
            (1981, 1994, 2241, 2242),
            (1981, 2241, 2228, 2242),
            (1981, 2228, 2229, 2242),
            (1981, 2229, 1982, 2242),
            (1982, 1983, 1996, 2243),
            (1982, 1996, 1995, 2243),
            (1982, 1995, 2242, 2243),
            (1982, 2242, 2229, 2243),
            (1982, 2229, 2230, 2243),
            (1982, 2230, 1983, 2243),
            (1983, 1984, 1997, 2244),
            (1983, 1997, 1996, 2244),
            (1983, 1996, 2243, 2244),
            (1983, 2243, 2230, 2244),
            (1983, 2230, 2231, 2244),
            (1983, 2231, 1984, 2244),
            (1984, 1985, 1998, 2245),
            (1984, 1998, 1997, 2245),
            (1984, 1997, 2244, 2245),
            (1984, 2244, 2231, 2245),
            (1984, 2231, 2232, 2245),
            (1984, 2232, 1985, 2245),
            (1985, 1986, 1999, 2246),
            (1985, 1999, 1998, 2246),
            (1985, 1998, 2245, 2246),
            (1985, 2245, 2232, 2246),
            (1985, 2232, 2233, 2246),
            (1985, 2233, 1986, 2246),
            (1986, 1987, 2000, 2247),
            (1986, 2000, 1999, 2247),
            (1986, 1999, 2246, 2247),
            (1986, 2246, 2233, 2247),
            (1986, 2233, 2234, 2247),
            (1986, 2234, 1987, 2247),
            (1987, 1988, 2001, 2248),
            (1987, 2001, 2000, 2248),
            (1987, 2000, 2247, 2248),
            (1987, 2247, 2234, 2248),
            (1987, 2234, 2235, 2248),
            (1987, 2235, 1988, 2248),
            (1989, 1990, 2003, 2250),
            (1989, 2003, 2002, 2250),
            (1989, 2002, 2249, 2250),
            (1989, 2249, 2236, 2250),
            (1989, 2236, 2237, 2250),
            (1989, 2237, 1990, 2250),
            (1990, 1991, 2004, 2251),
            (1990, 2004, 2003, 2251),
            (1990, 2003, 2250, 2251),
            (1990, 2250, 2237, 2251),
            (1990, 2237, 2238, 2251),
            (1990, 2238, 1991, 2251),
            (1991, 1992, 2005, 2252),
            (1991, 2005, 2004, 2252),
            (1991, 2004, 2251, 2252),
            (1991, 2251, 2238, 2252),
            (1991, 2238, 2239, 2252),
            (1991, 2239, 1992, 2252),
            (1992, 1993, 2006, 2253),
            (1992, 2006, 2005, 2253),
            (1992, 2005, 2252, 2253),
            (1992, 2252, 2239, 2253),
            (1992, 2239, 2240, 2253),
            (1992, 2240, 1993, 2253),
            (1993, 1994, 2007, 2254),
            (1993, 2007, 2006, 2254),
            (1993, 2006, 2253, 2254),
            (1993, 2253, 2240, 2254),
            (1993, 2240, 2241, 2254),
            (1993, 2241, 1994, 2254),
            (1994, 1995, 2008, 2255),
            (1994, 2008, 2007, 2255),
            (1994, 2007, 2254, 2255),
            (1994, 2254, 2241, 2255),
            (1994, 2241, 2242, 2255),
            (1994, 2242, 1995, 2255),
            (1995, 1996, 2009, 2256),
            (1995, 2009, 2008, 2256),
            (1995, 2008, 2255, 2256),
            (1995, 2255, 2242, 2256),
            (1995, 2242, 2243, 2256),
            (1995, 2243, 1996, 2256),
            (1996, 1997, 2010, 2257),
            (1996, 2010, 2009, 2257),
            (1996, 2009, 2256, 2257),
            (1996, 2256, 2243, 2257),
            (1996, 2243, 2244, 2257),
            (1996, 2244, 1997, 2257),
            (1997, 1998, 2011, 2258),
            (1997, 2011, 2010, 2258),
            (1997, 2010, 2257, 2258),
            (1997, 2257, 2244, 2258),
            (1997, 2244, 2245, 2258),
            (1997, 2245, 1998, 2258),
            (1998, 1999, 2012, 2259),
            (1998, 2012, 2011, 2259),
            (1998, 2011, 2258, 2259),
            (1998, 2258, 2245, 2259),
            (1998, 2245, 2246, 2259),
            (1998, 2246, 1999, 2259),
            (1999, 2000, 2013, 2260),
            (1999, 2013, 2012, 2260),
            (1999, 2012, 2259, 2260),
            (1999, 2259, 2246, 2260),
            (1999, 2246, 2247, 2260),
            (1999, 2247, 2000, 2260),
            (2000, 2001, 2014, 2261),
            (2000, 2014, 2013, 2261),
            (2000, 2013, 2260, 2261),
            (2000, 2260, 2247, 2261),
            (2000, 2247, 2248, 2261),
            (2000, 2248, 2001, 2261),
            (2002, 2003, 2016, 2263),
            (2002, 2016, 2015, 2263),
            (2002, 2015, 2262, 2263),
            (2002, 2262, 2249, 2263),
            (2002, 2249, 2250, 2263),
            (2002, 2250, 2003, 2263),
            (2003, 2004, 2017, 2264),
            (2003, 2017, 2016, 2264),
            (2003, 2016, 2263, 2264),
            (2003, 2263, 2250, 2264),
            (2003, 2250, 2251, 2264),
            (2003, 2251, 2004, 2264),
            (2004, 2005, 2018, 2265),
            (2004, 2018, 2017, 2265),
            (2004, 2017, 2264, 2265),
            (2004, 2264, 2251, 2265),
            (2004, 2251, 2252, 2265),
            (2004, 2252, 2005, 2265),
            (2005, 2006, 2019, 2266),
            (2005, 2019, 2018, 2266),
            (2005, 2018, 2265, 2266),
            (2005, 2265, 2252, 2266),
            (2005, 2252, 2253, 2266),
            (2005, 2253, 2006, 2266),
            (2006, 2007, 2020, 2267),
            (2006, 2020, 2019, 2267),
            (2006, 2019, 2266, 2267),
            (2006, 2266, 2253, 2267),
            (2006, 2253, 2254, 2267),
            (2006, 2254, 2007, 2267),
            (2007, 2008, 2021, 2268),
            (2007, 2021, 2020, 2268),
            (2007, 2020, 2267, 2268),
            (2007, 2267, 2254, 2268),
            (2007, 2254, 2255, 2268),
            (2007, 2255, 2008, 2268),
            (2008, 2009, 2022, 2269),
            (2008, 2022, 2021, 2269),
            (2008, 2021, 2268, 2269),
            (2008, 2268, 2255, 2269),
            (2008, 2255, 2256, 2269),
            (2008, 2256, 2009, 2269),
            (2009, 2010, 2023, 2270),
            (2009, 2023, 2022, 2270),
            (2009, 2022, 2269, 2270),
            (2009, 2269, 2256, 2270),
            (2009, 2256, 2257, 2270),
            (2009, 2257, 2010, 2270),
            (2010, 2011, 2024, 2271),
            (2010, 2024, 2023, 2271),
            (2010, 2023, 2270, 2271),
            (2010, 2270, 2257, 2271),
            (2010, 2257, 2258, 2271),
            (2010, 2258, 2011, 2271),
            (2011, 2012, 2025, 2272),
            (2011, 2025, 2024, 2272),
            (2011, 2024, 2271, 2272),
            (2011, 2271, 2258, 2272),
            (2011, 2258, 2259, 2272),
            (2011, 2259, 2012, 2272),
            (2012, 2013, 2026, 2273),
            (2012, 2026, 2025, 2273),
            (2012, 2025, 2272, 2273),
            (2012, 2272, 2259, 2273),
            (2012, 2259, 2260, 2273),
            (2012, 2260, 2013, 2273),
            (2013, 2014, 2027, 2274),
            (2013, 2027, 2026, 2274),
            (2013, 2026, 2273, 2274),
            (2013, 2273, 2260, 2274),
            (2013, 2260, 2261, 2274),
            (2013, 2261, 2014, 2274),
            (2015, 2016, 2029, 2276),
            (2015, 2029, 2028, 2276),
            (2015, 2028, 2275, 2276),
            (2015, 2275, 2262, 2276),
            (2015, 2262, 2263, 2276),
            (2015, 2263, 2016, 2276),
            (2016, 2017, 2030, 2277),
            (2016, 2030, 2029, 2277),
            (2016, 2029, 2276, 2277),
            (2016, 2276, 2263, 2277),
            (2016, 2263, 2264, 2277),
            (2016, 2264, 2017, 2277),
            (2017, 2018, 2031, 2278),
            (2017, 2031, 2030, 2278),
            (2017, 2030, 2277, 2278),
            (2017, 2277, 2264, 2278),
            (2017, 2264, 2265, 2278),
            (2017, 2265, 2018, 2278),
            (2018, 2019, 2032, 2279),
            (2018, 2032, 2031, 2279),
            (2018, 2031, 2278, 2279),
            (2018, 2278, 2265, 2279),
            (2018, 2265, 2266, 2279),
            (2018, 2266, 2019, 2279),
            (2019, 2020, 2033, 2280),
            (2019, 2033, 2032, 2280),
            (2019, 2032, 2279, 2280),
            (2019, 2279, 2266, 2280),
            (2019, 2266, 2267, 2280),
            (2019, 2267, 2020, 2280),
            (2020, 2021, 2034, 2281),
            (2020, 2034, 2033, 2281),
            (2020, 2033, 2280, 2281),
            (2020, 2280, 2267, 2281),
            (2020, 2267, 2268, 2281),
            (2020, 2268, 2021, 2281),
            (2021, 2022, 2035, 2282),
            (2021, 2035, 2034, 2282),
            (2021, 2034, 2281, 2282),
            (2021, 2281, 2268, 2282),
            (2021, 2268, 2269, 2282),
            (2021, 2269, 2022, 2282),
            (2022, 2023, 2036, 2283),
            (2022, 2036, 2035, 2283),
            (2022, 2035, 2282, 2283),
            (2022, 2282, 2269, 2283),
            (2022, 2269, 2270, 2283),
            (2022, 2270, 2023, 2283),
            (2023, 2024, 2037, 2284),
            (2023, 2037, 2036, 2284),
            (2023, 2036, 2283, 2284),
            (2023, 2283, 2270, 2284),
            (2023, 2270, 2271, 2284),
            (2023, 2271, 2024, 2284),
            (2024, 2025, 2038, 2285),
            (2024, 2038, 2037, 2285),
            (2024, 2037, 2284, 2285),
            (2024, 2284, 2271, 2285),
            (2024, 2271, 2272, 2285),
            (2024, 2272, 2025, 2285),
            (2025, 2026, 2039, 2286),
            (2025, 2039, 2038, 2286),
            (2025, 2038, 2285, 2286),
            (2025, 2285, 2272, 2286),
            (2025, 2272, 2273, 2286),
            (2025, 2273, 2026, 2286),
            (2026, 2027, 2040, 2287),
            (2026, 2040, 2039, 2287),
            (2026, 2039, 2286, 2287),
            (2026, 2286, 2273, 2287),
            (2026, 2273, 2274, 2287),
            (2026, 2274, 2027, 2287),
            (2028, 2029, 2042, 2289),
            (2028, 2042, 2041, 2289),
            (2028, 2041, 2288, 2289),
            (2028, 2288, 2275, 2289),
            (2028, 2275, 2276, 2289),
            (2028, 2276, 2029, 2289),
            (2029, 2030, 2043, 2290),
            (2029, 2043, 2042, 2290),
            (2029, 2042, 2289, 2290),
            (2029, 2289, 2276, 2290),
            (2029, 2276, 2277, 2290),
            (2029, 2277, 2030, 2290),
            (2030, 2031, 2044, 2291),
            (2030, 2044, 2043, 2291),
            (2030, 2043, 2290, 2291),
            (2030, 2290, 2277, 2291),
            (2030, 2277, 2278, 2291),
            (2030, 2278, 2031, 2291),
            (2031, 2032, 2045, 2292),
            (2031, 2045, 2044, 2292),
            (2031, 2044, 2291, 2292),
            (2031, 2291, 2278, 2292),
            (2031, 2278, 2279, 2292),
            (2031, 2279, 2032, 2292),
            (2032, 2033, 2046, 2293),
            (2032, 2046, 2045, 2293),
            (2032, 2045, 2292, 2293),
            (2032, 2292, 2279, 2293),
            (2032, 2279, 2280, 2293),
            (2032, 2280, 2033, 2293),
            (2033, 2034, 2047, 2294),
            (2033, 2047, 2046, 2294),
            (2033, 2046, 2293, 2294),
            (2033, 2293, 2280, 2294),
            (2033, 2280, 2281, 2294),
            (2033, 2281, 2034, 2294),
            (2034, 2035, 2048, 2295),
            (2034, 2048, 2047, 2295),
            (2034, 2047, 2294, 2295),
            (2034, 2294, 2281, 2295),
            (2034, 2281, 2282, 2295),
            (2034, 2282, 2035, 2295),
            (2035, 2036, 2049, 2296),
            (2035, 2049, 2048, 2296),
            (2035, 2048, 2295, 2296),
            (2035, 2295, 2282, 2296),
            (2035, 2282, 2283, 2296),
            (2035, 2283, 2036, 2296),
            (2036, 2037, 2050, 2297),
            (2036, 2050, 2049, 2297),
            (2036, 2049, 2296, 2297),
            (2036, 2296, 2283, 2297),
            (2036, 2283, 2284, 2297),
            (2036, 2284, 2037, 2297),
            (2037, 2038, 2051, 2298),
            (2037, 2051, 2050, 2298),
            (2037, 2050, 2297, 2298),
            (2037, 2297, 2284, 2298),
            (2037, 2284, 2285, 2298),
            (2037, 2285, 2038, 2298),
            (2038, 2039, 2052, 2299),
            (2038, 2052, 2051, 2299),
            (2038, 2051, 2298, 2299),
            (2038, 2298, 2285, 2299),
            (2038, 2285, 2286, 2299),
            (2038, 2286, 2039, 2299),
            (2039, 2040, 2053, 2300),
            (2039, 2053, 2052, 2300),
            (2039, 2052, 2299, 2300),
            (2039, 2299, 2286, 2300),
            (2039, 2286, 2287, 2300),
            (2039, 2287, 2040, 2300),
            (2041, 2042, 2055, 2302),
            (2041, 2055, 2054, 2302),
            (2041, 2054, 2301, 2302),
            (2041, 2301, 2288, 2302),
            (2041, 2288, 2289, 2302),
            (2041, 2289, 2042, 2302),
            (2042, 2043, 2056, 2303),
            (2042, 2056, 2055, 2303),
            (2042, 2055, 2302, 2303),
            (2042, 2302, 2289, 2303),
            (2042, 2289, 2290, 2303),
            (2042, 2290, 2043, 2303),
            (2043, 2044, 2057, 2304),
            (2043, 2057, 2056, 2304),
            (2043, 2056, 2303, 2304),
            (2043, 2303, 2290, 2304),
            (2043, 2290, 2291, 2304),
            (2043, 2291, 2044, 2304),
            (2044, 2045, 2058, 2305),
            (2044, 2058, 2057, 2305),
            (2044, 2057, 2304, 2305),
            (2044, 2304, 2291, 2305),
            (2044, 2291, 2292, 2305),
            (2044, 2292, 2045, 2305),
            (2045, 2046, 2059, 2306),
            (2045, 2059, 2058, 2306),
            (2045, 2058, 2305, 2306),
            (2045, 2305, 2292, 2306),
            (2045, 2292, 2293, 2306),
            (2045, 2293, 2046, 2306),
            (2046, 2047, 2060, 2307),
            (2046, 2060, 2059, 2307),
            (2046, 2059, 2306, 2307),
            (2046, 2306, 2293, 2307),
            (2046, 2293, 2294, 2307),
            (2046, 2294, 2047, 2307),
            (2047, 2048, 2061, 2308),
            (2047, 2061, 2060, 2308),
            (2047, 2060, 2307, 2308),
            (2047, 2307, 2294, 2308),
            (2047, 2294, 2295, 2308),
            (2047, 2295, 2048, 2308),
            (2048, 2049, 2062, 2309),
            (2048, 2062, 2061, 2309),
            (2048, 2061, 2308, 2309),
            (2048, 2308, 2295, 2309),
            (2048, 2295, 2296, 2309),
            (2048, 2296, 2049, 2309),
            (2049, 2050, 2063, 2310),
            (2049, 2063, 2062, 2310),
            (2049, 2062, 2309, 2310),
            (2049, 2309, 2296, 2310),
            (2049, 2296, 2297, 2310),
            (2049, 2297, 2050, 2310),
            (2050, 2051, 2064, 2311),
            (2050, 2064, 2063, 2311),
            (2050, 2063, 2310, 2311),
            (2050, 2310, 2297, 2311),
            (2050, 2297, 2298, 2311),
            (2050, 2298, 2051, 2311),
            (2051, 2052, 2065, 2312),
            (2051, 2065, 2064, 2312),
            (2051, 2064, 2311, 2312),
            (2051, 2311, 2298, 2312),
            (2051, 2298, 2299, 2312),
            (2051, 2299, 2052, 2312),
            (2052, 2053, 2066, 2313),
            (2052, 2066, 2065, 2313),
            (2052, 2065, 2312, 2313),
            (2052, 2312, 2299, 2313),
            (2052, 2299, 2300, 2313),
            (2052, 2300, 2053, 2313),
            (2054, 2055, 2068, 2315),
            (2054, 2068, 2067, 2315),
            (2054, 2067, 2314, 2315),
            (2054, 2314, 2301, 2315),
            (2054, 2301, 2302, 2315),
            (2054, 2302, 2055, 2315),
            (2055, 2056, 2069, 2316),
            (2055, 2069, 2068, 2316),
            (2055, 2068, 2315, 2316),
            (2055, 2315, 2302, 2316),
            (2055, 2302, 2303, 2316),
            (2055, 2303, 2056, 2316),
            (2056, 2057, 2070, 2317),
            (2056, 2070, 2069, 2317),
            (2056, 2069, 2316, 2317),
            (2056, 2316, 2303, 2317),
            (2056, 2303, 2304, 2317),
            (2056, 2304, 2057, 2317),
            (2057, 2058, 2071, 2318),
            (2057, 2071, 2070, 2318),
            (2057, 2070, 2317, 2318),
            (2057, 2317, 2304, 2318),
            (2057, 2304, 2305, 2318),
            (2057, 2305, 2058, 2318),
            (2058, 2059, 2072, 2319),
            (2058, 2072, 2071, 2319),
            (2058, 2071, 2318, 2319),
            (2058, 2318, 2305, 2319),
            (2058, 2305, 2306, 2319),
            (2058, 2306, 2059, 2319),
            (2059, 2060, 2073, 2320),
            (2059, 2073, 2072, 2320),
            (2059, 2072, 2319, 2320),
            (2059, 2319, 2306, 2320),
            (2059, 2306, 2307, 2320),
            (2059, 2307, 2060, 2320),
            (2060, 2061, 2074, 2321),
            (2060, 2074, 2073, 2321),
            (2060, 2073, 2320, 2321),
            (2060, 2320, 2307, 2321),
            (2060, 2307, 2308, 2321),
            (2060, 2308, 2061, 2321),
            (2061, 2062, 2075, 2322),
            (2061, 2075, 2074, 2322),
            (2061, 2074, 2321, 2322),
            (2061, 2321, 2308, 2322),
            (2061, 2308, 2309, 2322),
            (2061, 2309, 2062, 2322),
            (2062, 2063, 2076, 2323),
            (2062, 2076, 2075, 2323),
            (2062, 2075, 2322, 2323),
            (2062, 2322, 2309, 2323),
            (2062, 2309, 2310, 2323),
            (2062, 2310, 2063, 2323),
            (2063, 2064, 2077, 2324),
            (2063, 2077, 2076, 2324),
            (2063, 2076, 2323, 2324),
            (2063, 2323, 2310, 2324),
            (2063, 2310, 2311, 2324),
            (2063, 2311, 2064, 2324),
            (2064, 2065, 2078, 2325),
            (2064, 2078, 2077, 2325),
            (2064, 2077, 2324, 2325),
            (2064, 2324, 2311, 2325),
            (2064, 2311, 2312, 2325),
            (2064, 2312, 2065, 2325),
            (2065, 2066, 2079, 2326),
            (2065, 2079, 2078, 2326),
            (2065, 2078, 2325, 2326),
            (2065, 2325, 2312, 2326),
            (2065, 2312, 2313, 2326),
            (2065, 2313, 2066, 2326),
            (2067, 2068, 2081, 2328),
            (2067, 2081, 2080, 2328),
            (2067, 2080, 2327, 2328),
            (2067, 2327, 2314, 2328),
            (2067, 2314, 2315, 2328),
            (2067, 2315, 2068, 2328),
            (2068, 2069, 2082, 2329),
            (2068, 2082, 2081, 2329),
            (2068, 2081, 2328, 2329),
            (2068, 2328, 2315, 2329),
            (2068, 2315, 2316, 2329),
            (2068, 2316, 2069, 2329),
            (2069, 2070, 2083, 2330),
            (2069, 2083, 2082, 2330),
            (2069, 2082, 2329, 2330),
            (2069, 2329, 2316, 2330),
            (2069, 2316, 2317, 2330),
            (2069, 2317, 2070, 2330),
            (2070, 2071, 2084, 2331),
            (2070, 2084, 2083, 2331),
            (2070, 2083, 2330, 2331),
            (2070, 2330, 2317, 2331),
            (2070, 2317, 2318, 2331),
            (2070, 2318, 2071, 2331),
            (2071, 2072, 2085, 2332),
            (2071, 2085, 2084, 2332),
            (2071, 2084, 2331, 2332),
            (2071, 2331, 2318, 2332),
            (2071, 2318, 2319, 2332),
            (2071, 2319, 2072, 2332),
            (2072, 2073, 2086, 2333),
            (2072, 2086, 2085, 2333),
            (2072, 2085, 2332, 2333),
            (2072, 2332, 2319, 2333),
            (2072, 2319, 2320, 2333),
            (2072, 2320, 2073, 2333),
            (2073, 2074, 2087, 2334),
            (2073, 2087, 2086, 2334),
            (2073, 2086, 2333, 2334),
            (2073, 2333, 2320, 2334),
            (2073, 2320, 2321, 2334),
            (2073, 2321, 2074, 2334),
            (2074, 2075, 2088, 2335),
            (2074, 2088, 2087, 2335),
            (2074, 2087, 2334, 2335),
            (2074, 2334, 2321, 2335),
            (2074, 2321, 2322, 2335),
            (2074, 2322, 2075, 2335),
            (2075, 2076, 2089, 2336),
            (2075, 2089, 2088, 2336),
            (2075, 2088, 2335, 2336),
            (2075, 2335, 2322, 2336),
            (2075, 2322, 2323, 2336),
            (2075, 2323, 2076, 2336),
            (2076, 2077, 2090, 2337),
            (2076, 2090, 2089, 2337),
            (2076, 2089, 2336, 2337),
            (2076, 2336, 2323, 2337),
            (2076, 2323, 2324, 2337),
            (2076, 2324, 2077, 2337),
            (2077, 2078, 2091, 2338),
            (2077, 2091, 2090, 2338),
            (2077, 2090, 2337, 2338),
            (2077, 2337, 2324, 2338),
            (2077, 2324, 2325, 2338),
            (2077, 2325, 2078, 2338),
            (2078, 2079, 2092, 2339),
            (2078, 2092, 2091, 2339),
            (2078, 2091, 2338, 2339),
            (2078, 2338, 2325, 2339),
            (2078, 2325, 2326, 2339),
            (2078, 2326, 2079, 2339),
            (2080, 2081, 2094, 2341),
            (2080, 2094, 2093, 2341),
            (2080, 2093, 2340, 2341),
            (2080, 2340, 2327, 2341),
            (2080, 2327, 2328, 2341),
            (2080, 2328, 2081, 2341),
            (2081, 2082, 2095, 2342),
            (2081, 2095, 2094, 2342),
            (2081, 2094, 2341, 2342),
            (2081, 2341, 2328, 2342),
            (2081, 2328, 2329, 2342),
            (2081, 2329, 2082, 2342),
            (2082, 2083, 2096, 2343),
            (2082, 2096, 2095, 2343),
            (2082, 2095, 2342, 2343),
            (2082, 2342, 2329, 2343),
            (2082, 2329, 2330, 2343),
            (2082, 2330, 2083, 2343),
            (2083, 2084, 2097, 2344),
            (2083, 2097, 2096, 2344),
            (2083, 2096, 2343, 2344),
            (2083, 2343, 2330, 2344),
            (2083, 2330, 2331, 2344),
            (2083, 2331, 2084, 2344),
            (2084, 2085, 2098, 2345),
            (2084, 2098, 2097, 2345),
            (2084, 2097, 2344, 2345),
            (2084, 2344, 2331, 2345),
            (2084, 2331, 2332, 2345),
            (2084, 2332, 2085, 2345),
            (2085, 2086, 2099, 2346),
            (2085, 2099, 2098, 2346),
            (2085, 2098, 2345, 2346),
            (2085, 2345, 2332, 2346),
            (2085, 2332, 2333, 2346),
            (2085, 2333, 2086, 2346),
            (2086, 2087, 2100, 2347),
            (2086, 2100, 2099, 2347),
            (2086, 2099, 2346, 2347),
            (2086, 2346, 2333, 2347),
            (2086, 2333, 2334, 2347),
            (2086, 2334, 2087, 2347),
            (2087, 2088, 2101, 2348),
            (2087, 2101, 2100, 2348),
            (2087, 2100, 2347, 2348),
            (2087, 2347, 2334, 2348),
            (2087, 2334, 2335, 2348),
            (2087, 2335, 2088, 2348),
            (2088, 2089, 2102, 2349),
            (2088, 2102, 2101, 2349),
            (2088, 2101, 2348, 2349),
            (2088, 2348, 2335, 2349),
            (2088, 2335, 2336, 2349),
            (2088, 2336, 2089, 2349),
            (2089, 2090, 2103, 2350),
            (2089, 2103, 2102, 2350),
            (2089, 2102, 2349, 2350),
            (2089, 2349, 2336, 2350),
            (2089, 2336, 2337, 2350),
            (2089, 2337, 2090, 2350),
            (2090, 2091, 2104, 2351),
            (2090, 2104, 2103, 2351),
            (2090, 2103, 2350, 2351),
            (2090, 2350, 2337, 2351),
            (2090, 2337, 2338, 2351),
            (2090, 2338, 2091, 2351),
            (2091, 2092, 2105, 2352),
            (2091, 2105, 2104, 2352),
            (2091, 2104, 2351, 2352),
            (2091, 2351, 2338, 2352),
            (2091, 2338, 2339, 2352),
            (2091, 2339, 2092, 2352),
            (2093, 2094, 2107, 2354),
            (2093, 2107, 2106, 2354),
            (2093, 2106, 2353, 2354),
            (2093, 2353, 2340, 2354),
            (2093, 2340, 2341, 2354),
            (2093, 2341, 2094, 2354),
            (2094, 2095, 2108, 2355),
            (2094, 2108, 2107, 2355),
            (2094, 2107, 2354, 2355),
            (2094, 2354, 2341, 2355),
            (2094, 2341, 2342, 2355),
            (2094, 2342, 2095, 2355),
            (2095, 2096, 2109, 2356),
            (2095, 2109, 2108, 2356),
            (2095, 2108, 2355, 2356),
            (2095, 2355, 2342, 2356),
            (2095, 2342, 2343, 2356),
            (2095, 2343, 2096, 2356),
            (2096, 2097, 2110, 2357),
            (2096, 2110, 2109, 2357),
            (2096, 2109, 2356, 2357),
            (2096, 2356, 2343, 2357),
            (2096, 2343, 2344, 2357),
            (2096, 2344, 2097, 2357),
            (2097, 2098, 2111, 2358),
            (2097, 2111, 2110, 2358),
            (2097, 2110, 2357, 2358),
            (2097, 2357, 2344, 2358),
            (2097, 2344, 2345, 2358),
            (2097, 2345, 2098, 2358),
            (2098, 2099, 2112, 2359),
            (2098, 2112, 2111, 2359),
            (2098, 2111, 2358, 2359),
            (2098, 2358, 2345, 2359),
            (2098, 2345, 2346, 2359),
            (2098, 2346, 2099, 2359),
            (2099, 2100, 2113, 2360),
            (2099, 2113, 2112, 2360),
            (2099, 2112, 2359, 2360),
            (2099, 2359, 2346, 2360),
            (2099, 2346, 2347, 2360),
            (2099, 2347, 2100, 2360),
            (2100, 2101, 2114, 2361),
            (2100, 2114, 2113, 2361),
            (2100, 2113, 2360, 2361),
            (2100, 2360, 2347, 2361),
            (2100, 2347, 2348, 2361),
            (2100, 2348, 2101, 2361),
            (2101, 2102, 2115, 2362),
            (2101, 2115, 2114, 2362),
            (2101, 2114, 2361, 2362),
            (2101, 2361, 2348, 2362),
            (2101, 2348, 2349, 2362),
            (2101, 2349, 2102, 2362),
            (2102, 2103, 2116, 2363),
            (2102, 2116, 2115, 2363),
            (2102, 2115, 2362, 2363),
            (2102, 2362, 2349, 2363),
            (2102, 2349, 2350, 2363),
            (2102, 2350, 2103, 2363),
            (2103, 2104, 2117, 2364),
            (2103, 2117, 2116, 2364),
            (2103, 2116, 2363, 2364),
            (2103, 2363, 2350, 2364),
            (2103, 2350, 2351, 2364),
            (2103, 2351, 2104, 2364),
            (2104, 2105, 2118, 2365),
            (2104, 2118, 2117, 2365),
            (2104, 2117, 2364, 2365),
            (2104, 2364, 2351, 2365),
            (2104, 2351, 2352, 2365),
            (2104, 2352, 2105, 2365),
            (2106, 2107, 2120, 2367),
            (2106, 2120, 2119, 2367),
            (2106, 2119, 2366, 2367),
            (2106, 2366, 2353, 2367),
            (2106, 2353, 2354, 2367),
            (2106, 2354, 2107, 2367),
            (2107, 2108, 2121, 2368),
            (2107, 2121, 2120, 2368),
            (2107, 2120, 2367, 2368),
            (2107, 2367, 2354, 2368),
            (2107, 2354, 2355, 2368),
            (2107, 2355, 2108, 2368),
            (2108, 2109, 2122, 2369),
            (2108, 2122, 2121, 2369),
            (2108, 2121, 2368, 2369),
            (2108, 2368, 2355, 2369),
            (2108, 2355, 2356, 2369),
            (2108, 2356, 2109, 2369),
            (2109, 2110, 2123, 2370),
            (2109, 2123, 2122, 2370),
            (2109, 2122, 2369, 2370),
            (2109, 2369, 2356, 2370),
            (2109, 2356, 2357, 2370),
            (2109, 2357, 2110, 2370),
            (2110, 2111, 2124, 2371),
            (2110, 2124, 2123, 2371),
            (2110, 2123, 2370, 2371),
            (2110, 2370, 2357, 2371),
            (2110, 2357, 2358, 2371),
            (2110, 2358, 2111, 2371),
            (2111, 2112, 2125, 2372),
            (2111, 2125, 2124, 2372),
            (2111, 2124, 2371, 2372),
            (2111, 2371, 2358, 2372),
            (2111, 2358, 2359, 2372),
            (2111, 2359, 2112, 2372),
            (2112, 2113, 2126, 2373),
            (2112, 2126, 2125, 2373),
            (2112, 2125, 2372, 2373),
            (2112, 2372, 2359, 2373),
            (2112, 2359, 2360, 2373),
            (2112, 2360, 2113, 2373),
            (2113, 2114, 2127, 2374),
            (2113, 2127, 2126, 2374),
            (2113, 2126, 2373, 2374),
            (2113, 2373, 2360, 2374),
            (2113, 2360, 2361, 2374),
            (2113, 2361, 2114, 2374),
            (2114, 2115, 2128, 2375),
            (2114, 2128, 2127, 2375),
            (2114, 2127, 2374, 2375),
            (2114, 2374, 2361, 2375),
            (2114, 2361, 2362, 2375),
            (2114, 2362, 2115, 2375),
            (2115, 2116, 2129, 2376),
            (2115, 2129, 2128, 2376),
            (2115, 2128, 2375, 2376),
            (2115, 2375, 2362, 2376),
            (2115, 2362, 2363, 2376),
            (2115, 2363, 2116, 2376),
            (2116, 2117, 2130, 2377),
            (2116, 2130, 2129, 2377),
            (2116, 2129, 2376, 2377),
            (2116, 2376, 2363, 2377),
            (2116, 2363, 2364, 2377),
            (2116, 2364, 2117, 2377),
            (2117, 2118, 2131, 2378),
            (2117, 2131, 2130, 2378),
            (2117, 2130, 2377, 2378),
            (2117, 2377, 2364, 2378),
            (2117, 2364, 2365, 2378),
            (2117, 2365, 2118, 2378),
            (2119, 2120, 2133, 2380),
            (2119, 2133, 2132, 2380),
            (2119, 2132, 2379, 2380),
            (2119, 2379, 2366, 2380),
            (2119, 2366, 2367, 2380),
            (2119, 2367, 2120, 2380),
            (2120, 2121, 2134, 2381),
            (2120, 2134, 2133, 2381),
            (2120, 2133, 2380, 2381),
            (2120, 2380, 2367, 2381),
            (2120, 2367, 2368, 2381),
            (2120, 2368, 2121, 2381),
            (2121, 2122, 2135, 2382),
            (2121, 2135, 2134, 2382),
            (2121, 2134, 2381, 2382),
            (2121, 2381, 2368, 2382),
            (2121, 2368, 2369, 2382),
            (2121, 2369, 2122, 2382),
            (2122, 2123, 2136, 2383),
            (2122, 2136, 2135, 2383),
            (2122, 2135, 2382, 2383),
            (2122, 2382, 2369, 2383),
            (2122, 2369, 2370, 2383),
            (2122, 2370, 2123, 2383),
            (2123, 2124, 2137, 2384),
            (2123, 2137, 2136, 2384),
            (2123, 2136, 2383, 2384),
            (2123, 2383, 2370, 2384),
            (2123, 2370, 2371, 2384),
            (2123, 2371, 2124, 2384),
            (2124, 2125, 2138, 2385),
            (2124, 2138, 2137, 2385),
            (2124, 2137, 2384, 2385),
            (2124, 2384, 2371, 2385),
            (2124, 2371, 2372, 2385),
            (2124, 2372, 2125, 2385),
            (2125, 2126, 2139, 2386),
            (2125, 2139, 2138, 2386),
            (2125, 2138, 2385, 2386),
            (2125, 2385, 2372, 2386),
            (2125, 2372, 2373, 2386),
            (2125, 2373, 2126, 2386),
            (2126, 2127, 2140, 2387),
            (2126, 2140, 2139, 2387),
            (2126, 2139, 2386, 2387),
            (2126, 2386, 2373, 2387),
            (2126, 2373, 2374, 2387),
            (2126, 2374, 2127, 2387),
            (2127, 2128, 2141, 2388),
            (2127, 2141, 2140, 2388),
            (2127, 2140, 2387, 2388),
            (2127, 2387, 2374, 2388),
            (2127, 2374, 2375, 2388),
            (2127, 2375, 2128, 2388),
            (2128, 2129, 2142, 2389),
            (2128, 2142, 2141, 2389),
            (2128, 2141, 2388, 2389),
            (2128, 2388, 2375, 2389),
            (2128, 2375, 2376, 2389),
            (2128, 2376, 2129, 2389),
            (2129, 2130, 2143, 2390),
            (2129, 2143, 2142, 2390),
            (2129, 2142, 2389, 2390),
            (2129, 2389, 2376, 2390),
            (2129, 2376, 2377, 2390),
            (2129, 2377, 2130, 2390),
            (2130, 2131, 2144, 2391),
            (2130, 2144, 2143, 2391),
            (2130, 2143, 2390, 2391),
            (2130, 2390, 2377, 2391),
            (2130, 2377, 2378, 2391),
            (2130, 2378, 2131, 2391),
            (2132, 2133, 2146, 2393),
            (2132, 2146, 2145, 2393),
            (2132, 2145, 2392, 2393),
            (2132, 2392, 2379, 2393),
            (2132, 2379, 2380, 2393),
            (2132, 2380, 2133, 2393),
            (2133, 2134, 2147, 2394),
            (2133, 2147, 2146, 2394),
            (2133, 2146, 2393, 2394),
            (2133, 2393, 2380, 2394),
            (2133, 2380, 2381, 2394),
            (2133, 2381, 2134, 2394),
            (2134, 2135, 2148, 2395),
            (2134, 2148, 2147, 2395),
            (2134, 2147, 2394, 2395),
            (2134, 2394, 2381, 2395),
            (2134, 2381, 2382, 2395),
            (2134, 2382, 2135, 2395),
            (2135, 2136, 2149, 2396),
            (2135, 2149, 2148, 2396),
            (2135, 2148, 2395, 2396),
            (2135, 2395, 2382, 2396),
            (2135, 2382, 2383, 2396),
            (2135, 2383, 2136, 2396),
            (2136, 2137, 2150, 2397),
            (2136, 2150, 2149, 2397),
            (2136, 2149, 2396, 2397),
            (2136, 2396, 2383, 2397),
            (2136, 2383, 2384, 2397),
            (2136, 2384, 2137, 2397),
            (2137, 2138, 2151, 2398),
            (2137, 2151, 2150, 2398),
            (2137, 2150, 2397, 2398),
            (2137, 2397, 2384, 2398),
            (2137, 2384, 2385, 2398),
            (2137, 2385, 2138, 2398),
            (2138, 2139, 2152, 2399),
            (2138, 2152, 2151, 2399),
            (2138, 2151, 2398, 2399),
            (2138, 2398, 2385, 2399),
            (2138, 2385, 2386, 2399),
            (2138, 2386, 2139, 2399),
            (2139, 2140, 2153, 2400),
            (2139, 2153, 2152, 2400),
            (2139, 2152, 2399, 2400),
            (2139, 2399, 2386, 2400),
            (2139, 2386, 2387, 2400),
            (2139, 2387, 2140, 2400),
            (2140, 2141, 2154, 2401),
            (2140, 2154, 2153, 2401),
            (2140, 2153, 2400, 2401),
            (2140, 2400, 2387, 2401),
            (2140, 2387, 2388, 2401),
            (2140, 2388, 2141, 2401),
            (2141, 2142, 2155, 2402),
            (2141, 2155, 2154, 2402),
            (2141, 2154, 2401, 2402),
            (2141, 2401, 2388, 2402),
            (2141, 2388, 2389, 2402),
            (2141, 2389, 2142, 2402),
            (2142, 2143, 2156, 2403),
            (2142, 2156, 2155, 2403),
            (2142, 2155, 2402, 2403),
            (2142, 2402, 2389, 2403),
            (2142, 2389, 2390, 2403),
            (2142, 2390, 2143, 2403),
            (2143, 2144, 2157, 2404),
            (2143, 2157, 2156, 2404),
            (2143, 2156, 2403, 2404),
            (2143, 2403, 2390, 2404),
            (2143, 2390, 2391, 2404),
            (2143, 2391, 2144, 2404),
            (2145, 2146, 2159, 2406),
            (2145, 2159, 2158, 2406),
            (2145, 2158, 2405, 2406),
            (2145, 2405, 2392, 2406),
            (2145, 2392, 2393, 2406),
            (2145, 2393, 2146, 2406),
            (2146, 2147, 2160, 2407),
            (2146, 2160, 2159, 2407),
            (2146, 2159, 2406, 2407),
            (2146, 2406, 2393, 2407),
            (2146, 2393, 2394, 2407),
            (2146, 2394, 2147, 2407),
            (2147, 2148, 2161, 2408),
            (2147, 2161, 2160, 2408),
            (2147, 2160, 2407, 2408),
            (2147, 2407, 2394, 2408),
            (2147, 2394, 2395, 2408),
            (2147, 2395, 2148, 2408),
            (2148, 2149, 2162, 2409),
            (2148, 2162, 2161, 2409),
            (2148, 2161, 2408, 2409),
            (2148, 2408, 2395, 2409),
            (2148, 2395, 2396, 2409),
            (2148, 2396, 2149, 2409),
            (2149, 2150, 2163, 2410),
            (2149, 2163, 2162, 2410),
            (2149, 2162, 2409, 2410),
            (2149, 2409, 2396, 2410),
            (2149, 2396, 2397, 2410),
            (2149, 2397, 2150, 2410),
            (2150, 2151, 2164, 2411),
            (2150, 2164, 2163, 2411),
            (2150, 2163, 2410, 2411),
            (2150, 2410, 2397, 2411),
            (2150, 2397, 2398, 2411),
            (2150, 2398, 2151, 2411),
            (2151, 2152, 2165, 2412),
            (2151, 2165, 2164, 2412),
            (2151, 2164, 2411, 2412),
            (2151, 2411, 2398, 2412),
            (2151, 2398, 2399, 2412),
            (2151, 2399, 2152, 2412),
            (2152, 2153, 2166, 2413),
            (2152, 2166, 2165, 2413),
            (2152, 2165, 2412, 2413),
            (2152, 2412, 2399, 2413),
            (2152, 2399, 2400, 2413),
            (2152, 2400, 2153, 2413),
            (2153, 2154, 2167, 2414),
            (2153, 2167, 2166, 2414),
            (2153, 2166, 2413, 2414),
            (2153, 2413, 2400, 2414),
            (2153, 2400, 2401, 2414),
            (2153, 2401, 2154, 2414),
            (2154, 2155, 2168, 2415),
            (2154, 2168, 2167, 2415),
            (2154, 2167, 2414, 2415),
            (2154, 2414, 2401, 2415),
            (2154, 2401, 2402, 2415),
            (2154, 2402, 2155, 2415),
            (2155, 2156, 2169, 2416),
            (2155, 2169, 2168, 2416),
            (2155, 2168, 2415, 2416),
            (2155, 2415, 2402, 2416),
            (2155, 2402, 2403, 2416),
            (2155, 2403, 2156, 2416),
            (2156, 2157, 2170, 2417),
            (2156, 2170, 2169, 2417),
            (2156, 2169, 2416, 2417),
            (2156, 2416, 2403, 2417),
            (2156, 2403, 2404, 2417),
            (2156, 2404, 2157, 2417),
            (2158, 2159, 2172, 2419),
            (2158, 2172, 2171, 2419),
            (2158, 2171, 2418, 2419),
            (2158, 2418, 2405, 2419),
            (2158, 2405, 2406, 2419),
            (2158, 2406, 2159, 2419),
            (2159, 2160, 2173, 2420),
            (2159, 2173, 2172, 2420),
            (2159, 2172, 2419, 2420),
            (2159, 2419, 2406, 2420),
            (2159, 2406, 2407, 2420),
            (2159, 2407, 2160, 2420),
            (2160, 2161, 2174, 2421),
            (2160, 2174, 2173, 2421),
            (2160, 2173, 2420, 2421),
            (2160, 2420, 2407, 2421),
            (2160, 2407, 2408, 2421),
            (2160, 2408, 2161, 2421),
            (2161, 2162, 2175, 2422),
            (2161, 2175, 2174, 2422),
            (2161, 2174, 2421, 2422),
            (2161, 2421, 2408, 2422),
            (2161, 2408, 2409, 2422),
            (2161, 2409, 2162, 2422),
            (2162, 2163, 2176, 2423),
            (2162, 2176, 2175, 2423),
            (2162, 2175, 2422, 2423),
            (2162, 2422, 2409, 2423),
            (2162, 2409, 2410, 2423),
            (2162, 2410, 2163, 2423),
            (2163, 2164, 2177, 2424),
            (2163, 2177, 2176, 2424),
            (2163, 2176, 2423, 2424),
            (2163, 2423, 2410, 2424),
            (2163, 2410, 2411, 2424),
            (2163, 2411, 2164, 2424),
            (2164, 2165, 2178, 2425),
            (2164, 2178, 2177, 2425),
            (2164, 2177, 2424, 2425),
            (2164, 2424, 2411, 2425),
            (2164, 2411, 2412, 2425),
            (2164, 2412, 2165, 2425),
            (2165, 2166, 2179, 2426),
            (2165, 2179, 2178, 2426),
            (2165, 2178, 2425, 2426),
            (2165, 2425, 2412, 2426),
            (2165, 2412, 2413, 2426),
            (2165, 2413, 2166, 2426),
            (2166, 2167, 2180, 2427),
            (2166, 2180, 2179, 2427),
            (2166, 2179, 2426, 2427),
            (2166, 2426, 2413, 2427),
            (2166, 2413, 2414, 2427),
            (2166, 2414, 2167, 2427),
            (2167, 2168, 2181, 2428),
            (2167, 2181, 2180, 2428),
            (2167, 2180, 2427, 2428),
            (2167, 2427, 2414, 2428),
            (2167, 2414, 2415, 2428),
            (2167, 2415, 2168, 2428),
            (2168, 2169, 2182, 2429),
            (2168, 2182, 2181, 2429),
            (2168, 2181, 2428, 2429),
            (2168, 2428, 2415, 2429),
            (2168, 2415, 2416, 2429),
            (2168, 2416, 2169, 2429),
            (2169, 2170, 2183, 2430),
            (2169, 2183, 2182, 2430),
            (2169, 2182, 2429, 2430),
            (2169, 2429, 2416, 2430),
            (2169, 2416, 2417, 2430),
            (2169, 2417, 2170, 2430),
            (2171, 2172, 2185, 2432),
            (2171, 2185, 2184, 2432),
            (2171, 2184, 2431, 2432),
            (2171, 2431, 2418, 2432),
            (2171, 2418, 2419, 2432),
            (2171, 2419, 2172, 2432),
            (2172, 2173, 2186, 2433),
            (2172, 2186, 2185, 2433),
            (2172, 2185, 2432, 2433),
            (2172, 2432, 2419, 2433),
            (2172, 2419, 2420, 2433),
            (2172, 2420, 2173, 2433),
            (2173, 2174, 2187, 2434),
            (2173, 2187, 2186, 2434),
            (2173, 2186, 2433, 2434),
            (2173, 2433, 2420, 2434),
            (2173, 2420, 2421, 2434),
            (2173, 2421, 2174, 2434),
            (2174, 2175, 2188, 2435),
            (2174, 2188, 2187, 2435),
            (2174, 2187, 2434, 2435),
            (2174, 2434, 2421, 2435),
            (2174, 2421, 2422, 2435),
            (2174, 2422, 2175, 2435),
            (2175, 2176, 2189, 2436),
            (2175, 2189, 2188, 2436),
            (2175, 2188, 2435, 2436),
            (2175, 2435, 2422, 2436),
            (2175, 2422, 2423, 2436),
            (2175, 2423, 2176, 2436),
            (2176, 2177, 2190, 2437),
            (2176, 2190, 2189, 2437),
            (2176, 2189, 2436, 2437),
            (2176, 2436, 2423, 2437),
            (2176, 2423, 2424, 2437),
            (2176, 2424, 2177, 2437),
            (2177, 2178, 2191, 2438),
            (2177, 2191, 2190, 2438),
            (2177, 2190, 2437, 2438),
            (2177, 2437, 2424, 2438),
            (2177, 2424, 2425, 2438),
            (2177, 2425, 2178, 2438),
            (2178, 2179, 2192, 2439),
            (2178, 2192, 2191, 2439),
            (2178, 2191, 2438, 2439),
            (2178, 2438, 2425, 2439),
            (2178, 2425, 2426, 2439),
            (2178, 2426, 2179, 2439),
            (2179, 2180, 2193, 2440),
            (2179, 2193, 2192, 2440),
            (2179, 2192, 2439, 2440),
            (2179, 2439, 2426, 2440),
            (2179, 2426, 2427, 2440),
            (2179, 2427, 2180, 2440),
            (2180, 2181, 2194, 2441),
            (2180, 2194, 2193, 2441),
            (2180, 2193, 2440, 2441),
            (2180, 2440, 2427, 2441),
            (2180, 2427, 2428, 2441),
            (2180, 2428, 2181, 2441),
            (2181, 2182, 2195, 2442),
            (2181, 2195, 2194, 2442),
            (2181, 2194, 2441, 2442),
            (2181, 2441, 2428, 2442),
            (2181, 2428, 2429, 2442),
            (2181, 2429, 2182, 2442),
            (2182, 2183, 2196, 2443),
            (2182, 2196, 2195, 2443),
            (2182, 2195, 2442, 2443),
            (2182, 2442, 2429, 2443),
            (2182, 2429, 2430, 2443),
            (2182, 2430, 2183, 2443),
            (2184, 2185, 2198, 2445),
            (2184, 2198, 2197, 2445),
            (2184, 2197, 2444, 2445),
            (2184, 2444, 2431, 2445),
            (2184, 2431, 2432, 2445),
            (2184, 2432, 2185, 2445),
            (2185, 2186, 2199, 2446),
            (2185, 2199, 2198, 2446),
            (2185, 2198, 2445, 2446),
            (2185, 2445, 2432, 2446),
            (2185, 2432, 2433, 2446),
            (2185, 2433, 2186, 2446),
            (2186, 2187, 2200, 2447),
            (2186, 2200, 2199, 2447),
            (2186, 2199, 2446, 2447),
            (2186, 2446, 2433, 2447),
            (2186, 2433, 2434, 2447),
            (2186, 2434, 2187, 2447),
            (2187, 2188, 2201, 2448),
            (2187, 2201, 2200, 2448),
            (2187, 2200, 2447, 2448),
            (2187, 2447, 2434, 2448),
            (2187, 2434, 2435, 2448),
            (2187, 2435, 2188, 2448),
            (2188, 2189, 2202, 2449),
            (2188, 2202, 2201, 2449),
            (2188, 2201, 2448, 2449),
            (2188, 2448, 2435, 2449),
            (2188, 2435, 2436, 2449),
            (2188, 2436, 2189, 2449),
            (2189, 2190, 2203, 2450),
            (2189, 2203, 2202, 2450),
            (2189, 2202, 2449, 2450),
            (2189, 2449, 2436, 2450),
            (2189, 2436, 2437, 2450),
            (2189, 2437, 2190, 2450),
            (2190, 2191, 2204, 2451),
            (2190, 2204, 2203, 2451),
            (2190, 2203, 2450, 2451),
            (2190, 2450, 2437, 2451),
            (2190, 2437, 2438, 2451),
            (2190, 2438, 2191, 2451),
            (2191, 2192, 2205, 2452),
            (2191, 2205, 2204, 2452),
            (2191, 2204, 2451, 2452),
            (2191, 2451, 2438, 2452),
            (2191, 2438, 2439, 2452),
            (2191, 2439, 2192, 2452),
            (2192, 2193, 2206, 2453),
            (2192, 2206, 2205, 2453),
            (2192, 2205, 2452, 2453),
            (2192, 2452, 2439, 2453),
            (2192, 2439, 2440, 2453),
            (2192, 2440, 2193, 2453),
            (2193, 2194, 2207, 2454),
            (2193, 2207, 2206, 2454),
            (2193, 2206, 2453, 2454),
            (2193, 2453, 2440, 2454),
            (2193, 2440, 2441, 2454),
            (2193, 2441, 2194, 2454),
            (2194, 2195, 2208, 2455),
            (2194, 2208, 2207, 2455),
            (2194, 2207, 2454, 2455),
            (2194, 2454, 2441, 2455),
            (2194, 2441, 2442, 2455),
            (2194, 2442, 2195, 2455),
            (2195, 2196, 2209, 2456),
            (2195, 2209, 2208, 2456),
            (2195, 2208, 2455, 2456),
            (2195, 2455, 2442, 2456),
            (2195, 2442, 2443, 2456),
            (2195, 2443, 2196, 2456),
            (2197, 2198, 2211, 2458),
            (2197, 2211, 2210, 2458),
            (2197, 2210, 2457, 2458),
            (2197, 2457, 2444, 2458),
            (2197, 2444, 2445, 2458),
            (2197, 2445, 2198, 2458),
            (2198, 2199, 2212, 2459),
            (2198, 2212, 2211, 2459),
            (2198, 2211, 2458, 2459),
            (2198, 2458, 2445, 2459),
            (2198, 2445, 2446, 2459),
            (2198, 2446, 2199, 2459),
            (2199, 2200, 2213, 2460),
            (2199, 2213, 2212, 2460),
            (2199, 2212, 2459, 2460),
            (2199, 2459, 2446, 2460),
            (2199, 2446, 2447, 2460),
            (2199, 2447, 2200, 2460),
            (2200, 2201, 2214, 2461),
            (2200, 2214, 2213, 2461),
            (2200, 2213, 2460, 2461),
            (2200, 2460, 2447, 2461),
            (2200, 2447, 2448, 2461),
            (2200, 2448, 2201, 2461),
            (2201, 2202, 2215, 2462),
            (2201, 2215, 2214, 2462),
            (2201, 2214, 2461, 2462),
            (2201, 2461, 2448, 2462),
            (2201, 2448, 2449, 2462),
            (2201, 2449, 2202, 2462),
            (2202, 2203, 2216, 2463),
            (2202, 2216, 2215, 2463),
            (2202, 2215, 2462, 2463),
            (2202, 2462, 2449, 2463),
            (2202, 2449, 2450, 2463),
            (2202, 2450, 2203, 2463),
            (2203, 2204, 2217, 2464),
            (2203, 2217, 2216, 2464),
            (2203, 2216, 2463, 2464),
            (2203, 2463, 2450, 2464),
            (2203, 2450, 2451, 2464),
            (2203, 2451, 2204, 2464),
            (2204, 2205, 2218, 2465),
            (2204, 2218, 2217, 2465),
            (2204, 2217, 2464, 2465),
            (2204, 2464, 2451, 2465),
            (2204, 2451, 2452, 2465),
            (2204, 2452, 2205, 2465),
            (2205, 2206, 2219, 2466),
            (2205, 2219, 2218, 2466),
            (2205, 2218, 2465, 2466),
            (2205, 2465, 2452, 2466),
            (2205, 2452, 2453, 2466),
            (2205, 2453, 2206, 2466),
            (2206, 2207, 2220, 2467),
            (2206, 2220, 2219, 2467),
            (2206, 2219, 2466, 2467),
            (2206, 2466, 2453, 2467),
            (2206, 2453, 2454, 2467),
            (2206, 2454, 2207, 2467),
            (2207, 2208, 2221, 2468),
            (2207, 2221, 2220, 2468),
            (2207, 2220, 2467, 2468),
            (2207, 2467, 2454, 2468),
            (2207, 2454, 2455, 2468),
            (2207, 2455, 2208, 2468),
            (2208, 2209, 2222, 2469),
            (2208, 2222, 2221, 2469),
            (2208, 2221, 2468, 2469),
            (2208, 2468, 2455, 2469),
            (2208, 2455, 2456, 2469),
            (2208, 2456, 2209, 2469)
        ]
        custom uniform token[] drAnmar:tetLayerNames = ["fascia", "bulk", "surface"]
        custom int[] drAnmar:tetLayerIds = [0, 0, 0, 1, 1, 0, 0, 0, 0, 1, 1, 0, 0, 0, 0, 1, 1, 0, 0, 0, 0, 1, 1, 0, 0, 0, 0, 1, 1, 0, 0, 0, 0, 1, 1, 0, 0, 0, 0, 1, 1, 0, 0, 0, 0, 1, 1, 0, 0, 0, 0, 1, 1, 0, 0, 0, 0, 1, 1, 0, 0, 0, 0, 1, 1, 0, 0, 0, 0, 1, 1, 0, 0, 0, 0, 1, 1, 0, 0, 0, 0, 1, 1, 0, 0, 0, 0, 1, 1, 0, 0, 0, 0, 1, 1, 0, 0, 0, 0, 1, 1, 0, 0, 0, 0, 1, 1, 0, 0, 0, 0, 1, 1, 0, 0, 0, 0, 1, 1, 0, 0, 0, 0, 1, 1, 0, 0, 0, 0, 1, 1, 0, 0, 0, 0, 1, 1, 0, 0, 0, 0, 1, 1, 0, 0, 0, 0, 1, 1, 0, 0, 0, 0, 1, 1, 0, 0, 0, 0, 1, 1, 0, 0, 0, 0, 1, 1, 0, 0, 0, 0, 1, 1, 0, 0, 0, 0, 1, 1, 0, 0, 0, 0, 1, 1, 0, 0, 0, 0, 1, 1, 0, 0, 0, 0, 1, 1, 0, 0, 0, 0, 1, 1, 0, 0, 0, 0, 1, 1, 0, 0, 0, 0, 1, 1, 0, 0, 0, 0, 1, 1, 0, 0, 0, 0, 1, 1, 0, 0, 0, 0, 1, 1, 0, 0, 0, 0, 1, 1, 0, 0, 0, 0, 1, 1, 0, 0, 0, 0, 1, 1, 0, 0, 0, 0, 1, 1, 0, 0, 0, 0, 1, 1, 0, 0, 0, 0, 1, 1, 0, 0, 0, 0, 1, 1, 0, 0, 0, 0, 1, 1, 0, 0, 0, 0, 1, 1, 0, 0, 0, 0, 1, 1, 0, 0, 0, 0, 1, 1, 0, 0, 0, 0, 1, 1, 0, 0, 0, 0, 1, 1, 0, 0, 0, 0, 1, 1, 0, 0, 0, 0, 1, 1, 0, 0, 0, 0, 1, 1, 0, 0, 0, 0, 1, 1, 0, 0, 0, 0, 1, 1, 0, 0, 0, 0, 1, 1, 0, 0, 0, 0, 1, 1, 0, 0, 0, 0, 1, 1, 0, 0, 0, 0, 1, 1, 0, 0, 0, 0, 1, 1, 0, 0, 0, 0, 1, 1, 0, 0, 0, 0, 1, 1, 0, 0, 0, 0, 1, 1, 0, 0, 0, 0, 1, 1, 0, 0, 0, 0, 1, 1, 0, 0, 0, 0, 1, 1, 0, 0, 0, 0, 1, 1, 0, 0, 0, 0, 1, 1, 0, 0, 0, 0, 1, 1, 0, 0, 0, 0, 1, 1, 0, 0, 0, 0, 1, 1, 0, 0, 0, 0, 1, 1, 0, 0, 0, 0, 1, 1, 0, 0, 0, 0, 1, 1, 0, 0, 0, 0, 1, 1, 0, 0, 0, 0, 1, 1, 0, 0, 0, 0, 1, 1, 0, 0, 0, 0, 1, 1, 0, 0, 0, 0, 1, 1, 0, 0, 0, 0, 1, 1, 0, 0, 0, 0, 1, 1, 0, 0, 0, 0, 1, 1, 0, 0, 0, 0, 1, 1, 0, 0, 0, 0, 1, 1, 0, 0, 0, 0, 1, 1, 0, 0, 0, 0, 1, 1, 0, 0, 0, 0, 1, 1, 0, 0, 0, 0, 1, 1, 0, 0, 0, 0, 1, 1, 0, 0, 0, 0, 1, 1, 0, 0, 0, 0, 1, 1, 0, 0, 0, 0, 1, 1, 0, 0, 0, 0, 1, 1, 0, 0, 0, 0, 1, 1, 0, 0, 0, 0, 1, 1, 0, 0, 0, 0, 1, 1, 0, 0, 0, 0, 1, 1, 0, 0, 0, 0, 1, 1, 0, 0, 0, 0, 1, 1, 0, 0, 0, 0, 1, 1, 0, 0, 0, 0, 1, 1, 0, 0, 0, 0, 1, 1, 0, 0, 0, 0, 1, 1, 0, 0, 0, 0, 1, 1, 0, 0, 0, 0, 1, 1, 0, 0, 0, 0, 1, 1, 0, 0, 0, 0, 1, 1, 0, 0, 0, 0, 1, 1, 0, 0, 0, 0, 1, 1, 0, 0, 0, 0, 1, 1, 0, 0, 0, 0, 1, 1, 0, 0, 0, 0, 1, 1, 0, 0, 0, 0, 1, 1, 0, 0, 0, 0, 1, 1, 0, 0, 0, 0, 1, 1, 0, 0, 0, 0, 1, 1, 0, 0, 0, 0, 1, 1, 0, 0, 0, 0, 1, 1, 0, 0, 0, 0, 1, 1, 0, 0, 0, 0, 1, 1, 0, 0, 0, 0, 1, 1, 0, 0, 0, 0, 1, 1, 0, 0, 0, 0, 1, 1, 0, 0, 0, 0, 1, 1, 0, 0, 0, 0, 1, 1, 0, 0, 0, 0, 1, 1, 0, 0, 0, 0, 1, 1, 0, 0, 0, 0, 1, 1, 0, 0, 0, 0, 1, 1, 0, 0, 0, 0, 1, 1, 0, 0, 0, 0, 1, 1, 0, 0, 0, 0, 1, 1, 0, 0, 0, 0, 1, 1, 0, 0, 0, 0, 1, 1, 0, 0, 0, 0, 1, 1, 0, 0, 0, 0, 1, 1, 0, 0, 0, 0, 1, 1, 0, 0, 0, 0, 1, 1, 0, 0, 0, 0, 1, 1, 0, 0, 0, 0, 1, 1, 0, 0, 0, 0, 1, 1, 0, 0, 0, 0, 1, 1, 0, 0, 0, 0, 1, 1, 0, 0, 0, 0, 1, 1, 0, 0, 0, 0, 1, 1, 0, 0, 0, 0, 1, 1, 0, 0, 0, 0, 1, 1, 0, 0, 0, 0, 1, 1, 0, 0, 0, 0, 1, 1, 0, 0, 0, 0, 1, 1, 0, 0, 0, 0, 1, 1, 0, 0, 0, 0, 1, 1, 0, 0, 0, 0, 1, 1, 0, 0, 0, 0, 1, 1, 0, 0, 0, 0, 1, 1, 0, 0, 0, 0, 1, 1, 0, 0, 0, 0, 1, 1, 0, 0, 0, 0, 1, 1, 0, 0, 0, 0, 1, 1, 0, 0, 0, 0, 1, 1, 0, 0, 0, 0, 1, 1, 0, 0, 0, 0, 1, 1, 0, 0, 0, 0, 1, 1, 0, 0, 0, 0, 1, 1, 0, 0, 0, 0, 1, 1, 0, 0, 0, 0, 1, 1, 0, 0, 0, 0, 1, 1, 0, 0, 0, 0, 1, 1, 0, 0, 0, 0, 1, 1, 0, 0, 0, 0, 1, 1, 0, 0, 0, 0, 1, 1, 0, 0, 0, 0, 1, 1, 0, 0, 0, 0, 1, 1, 0, 0, 0, 0, 1, 1, 0, 0, 0, 0, 1, 1, 0, 0, 0, 0, 1, 1, 0, 0, 0, 0, 1, 1, 0, 0, 0, 0, 1, 1, 0, 0, 0, 0, 1, 1, 0, 0, 0, 0, 1, 1, 0, 0, 0, 0, 1, 1, 0, 0, 0, 0, 1, 1, 0, 0, 0, 0, 1, 1, 0, 0, 0, 0, 1, 1, 0, 0, 0, 0, 1, 1, 0, 0, 0, 0, 1, 1, 0, 0, 0, 0, 1, 1, 0, 0, 0, 0, 1, 1, 0, 0, 0, 0, 1, 1, 0, 0, 0, 0, 1, 1, 0, 0, 0, 0, 1, 1, 0, 0, 0, 0, 1, 1, 0, 0, 0, 0, 1, 1, 0, 0, 0, 0, 1, 1, 0, 0, 0, 0, 1, 1, 0, 0, 0, 0, 1, 1, 0, 0, 0, 0, 1, 1, 0, 0, 0, 0, 1, 1, 0, 0, 0, 0, 1, 1, 0, 0, 0, 0, 1, 1, 0, 0, 0, 0, 1, 1, 0, 0, 0, 0, 1, 1, 0, 0, 0, 0, 1, 1, 0, 0, 0, 0, 1, 1, 0, 0, 0, 0, 1, 1, 0, 0, 0, 0, 1, 1, 0, 0, 0, 0, 1, 1, 0, 0, 0, 0, 1, 1, 0, 0, 0, 0, 1, 1, 0, 0, 0, 0, 1, 1, 0, 0, 0, 0, 1, 1, 0, 0, 0, 0, 1, 1, 0, 0, 0, 0, 1, 1, 0, 0, 0, 0, 1, 1, 0, 1, 1, 1, 1, 1, 1, 1, 1, 1, 1, 1, 1, 1, 1, 1, 1, 1, 1, 1, 1, 1, 1, 1, 1, 1, 1, 1, 1, 1, 1, 1, 1, 1, 1, 1, 1, 1, 1, 1, 1, 1, 1, 1, 1, 1, 1, 1, 1, 1, 1, 1, 1, 1, 1, 1, 1, 1, 1, 1, 1, 1, 1, 1, 1, 1, 1, 1, 1, 1, 1, 1, 1, 1, 1, 1, 1, 1, 1, 1, 1, 1, 1, 1, 1, 1, 1, 1, 1, 1, 1, 1, 1, 1, 1, 1, 1, 1, 1, 1, 1, 1, 1, 1, 1, 1, 1, 1, 1, 1, 1, 1, 1, 1, 1, 1, 1, 1, 1, 1, 1, 1, 1, 1, 1, 1, 1, 1, 1, 1, 1, 1, 1, 1, 1, 1, 1, 1, 1, 1, 1, 1, 1, 1, 1, 1, 1, 1, 1, 1, 1, 1, 1, 1, 1, 1, 1, 1, 1, 1, 1, 1, 1, 1, 1, 1, 1, 1, 1, 1, 1, 1, 1, 1, 1, 1, 1, 1, 1, 1, 1, 1, 1, 1, 1, 1, 1, 1, 1, 1, 1, 1, 1, 1, 1, 1, 1, 1, 1, 1, 1, 1, 1, 1, 1, 1, 1, 1, 1, 1, 1, 1, 1, 1, 1, 1, 1, 1, 1, 1, 1, 1, 1, 1, 1, 1, 1, 1, 1, 1, 1, 1, 1, 1, 1, 1, 1, 1, 1, 1, 1, 1, 1, 1, 1, 1, 1, 1, 1, 1, 1, 1, 1, 1, 1, 1, 1, 1, 1, 1, 1, 1, 1, 1, 1, 1, 1, 1, 1, 1, 1, 1, 1, 1, 1, 1, 1, 1, 1, 1, 1, 1, 1, 1, 1, 1, 1, 1, 1, 1, 1, 1, 1, 1, 1, 1, 1, 1, 1, 1, 1, 1, 1, 1, 1, 1, 1, 1, 1, 1, 1, 1, 1, 1, 1, 1, 1, 1, 1, 1, 1, 1, 1, 1, 1, 1, 1, 1, 1, 1, 1, 1, 1, 1, 1, 1, 1, 1, 1, 1, 1, 1, 1, 1, 1, 1, 1, 1, 1, 1, 1, 1, 1, 1, 1, 1, 1, 1, 1, 1, 1, 1, 1, 1, 1, 1, 1, 1, 1, 1, 1, 1, 1, 1, 1, 1, 1, 1, 1, 1, 1, 1, 1, 1, 1, 1, 1, 1, 1, 1, 1, 1, 1, 1, 1, 1, 1, 1, 1, 1, 1, 1, 1, 1, 1, 1, 1, 1, 1, 1, 1, 1, 1, 1, 1, 1, 1, 1, 1, 1, 1, 1, 1, 1, 1, 1, 1, 1, 1, 1, 1, 1, 1, 1, 1, 1, 1, 1, 1, 1, 1, 1, 1, 1, 1, 1, 1, 1, 1, 1, 1, 1, 1, 1, 1, 1, 1, 1, 1, 1, 1, 1, 1, 1, 1, 1, 1, 1, 1, 1, 1, 1, 1, 1, 1, 1, 1, 1, 1, 1, 1, 1, 1, 1, 1, 1, 1, 1, 1, 1, 1, 1, 1, 1, 1, 1, 1, 1, 1, 1, 1, 1, 1, 1, 1, 1, 1, 1, 1, 1, 1, 1, 1, 1, 1, 1, 1, 1, 1, 1, 1, 1, 1, 1, 1, 1, 1, 1, 1, 1, 1, 1, 1, 1, 1, 1, 1, 1, 1, 1, 1, 1, 1, 1, 1, 1, 1, 1, 1, 1, 1, 1, 1, 1, 1, 1, 1, 1, 1, 1, 1, 1, 1, 1, 1, 1, 1, 1, 1, 1, 1, 1, 1, 1, 1, 1, 1, 1, 1, 1, 1, 1, 1, 1, 1, 1, 1, 1, 1, 1, 1, 1, 1, 1, 1, 1, 1, 1, 1, 1, 1, 1, 1, 1, 1, 1, 1, 1, 1, 1, 1, 1, 1, 1, 1, 1, 1, 1, 1, 1, 1, 1, 1, 1, 1, 1, 1, 1, 1, 1, 1, 1, 1, 1, 1, 1, 1, 1, 1, 1, 1, 1, 1, 1, 1, 1, 1, 1, 1, 1, 1, 1, 1, 1, 1, 1, 1, 1, 1, 1, 1, 1, 1, 1, 1, 1, 1, 1, 1, 1, 1, 1, 1, 1, 1, 1, 1, 1, 1, 1, 1, 1, 1, 1, 1, 1, 1, 1, 1, 1, 1, 1, 1, 1, 1, 1, 1, 1, 1, 1, 1, 1, 1, 1, 1, 1, 1, 1, 1, 1, 1, 1, 1, 1, 1, 1, 1, 1, 1, 1, 1, 1, 1, 1, 1, 1, 1, 1, 1, 1, 1, 1, 1, 1, 1, 1, 1, 1, 1, 1, 1, 1, 1, 1, 1, 1, 1, 1, 1, 1, 1, 1, 1, 1, 1, 1, 1, 1, 1, 1, 1, 1, 1, 1, 1, 1, 1, 1, 1, 1, 1, 1, 1, 1, 1, 1, 1, 1, 1, 1, 1, 1, 1, 1, 1, 1, 1, 1, 1, 1, 1, 1, 1, 1, 1, 1, 1, 1, 1, 1, 1, 1, 1, 1, 1, 1, 1, 1, 1, 1, 1, 1, 1, 1, 1, 1, 1, 1, 1, 1, 1, 1, 1, 1, 1, 1, 1, 1, 1, 1, 1, 1, 1, 1, 1, 1, 1, 1, 1, 1, 1, 1, 1, 1, 1, 1, 1, 1, 1, 1, 1, 1, 1, 1, 1, 1, 1, 1, 1, 1, 1, 1, 1, 1, 1, 1, 1, 1, 1, 1, 1, 1, 1, 1, 1, 1, 1, 1, 1, 1, 1, 1, 1, 1, 1, 1, 1, 1, 1, 1, 1, 1, 1, 1, 1, 1, 1, 1, 1, 1, 1, 1, 1, 1, 1, 1, 1, 1, 1, 1, 1, 1, 1, 1, 1, 1, 1, 1, 1, 1, 1, 1, 1, 1, 1, 1, 1, 1, 1, 1, 1, 1, 1, 1, 1, 1, 1, 1, 1, 1, 1, 1, 1, 1, 1, 1, 1, 1, 1, 1, 1, 1, 1, 1, 1, 1, 1, 1, 1, 1, 1, 1, 1, 1, 1, 1, 1, 1, 1, 1, 1, 1, 1, 1, 1, 1, 1, 1, 1, 1, 1, 1, 1, 1, 1, 1, 1, 1, 1, 1, 1, 1, 1, 1, 1, 1, 1, 1, 1, 1, 1, 1, 1, 1, 1, 1, 1, 1, 1, 1, 1, 1, 1, 1, 1, 1, 1, 1, 1, 1, 1, 1, 1, 1, 1, 1, 1, 1, 1, 1, 1, 1, 1, 1, 1, 1, 1, 1, 1, 1, 1, 1, 1, 1, 1, 1, 1, 1, 1, 1, 1, 1, 1, 1, 1, 1, 1, 1, 1, 1, 1, 1, 1, 1, 1, 1, 1, 1, 1, 1, 1, 1, 1, 1, 1, 1, 1, 1, 1, 1, 1, 1, 1, 1, 1, 1, 1, 1, 1, 1, 1, 1, 1, 1, 1, 1, 1, 1, 1, 1, 1, 1, 1, 1, 1, 1, 1, 1, 1, 1, 1, 1, 1, 1, 1, 1, 1, 1, 1, 1, 1, 1, 1, 1, 1, 1, 1, 1, 1, 1, 1, 1, 1, 1, 1, 1, 1, 1, 1, 1, 1, 1, 1, 1, 1, 1, 1, 1, 1, 1, 1, 1, 1, 1, 1, 1, 1, 1, 1, 1, 1, 1, 1, 1, 1, 1, 1, 1, 1, 1, 1, 1, 1, 1, 1, 1, 1, 1, 1, 1, 1, 1, 1, 1, 1, 1, 1, 1, 1, 1, 1, 1, 1, 1, 1, 1, 1, 1, 1, 1, 1, 1, 1, 1, 1, 1, 1, 1, 1, 1, 1, 1, 1, 1, 1, 1, 1, 1, 1, 1, 1, 1, 1, 1, 1, 1, 1, 1, 1, 1, 1, 1, 1, 1, 1, 1, 1, 1, 1, 1, 1, 1, 1, 1, 1, 1, 1, 1, 1, 1, 1, 1, 1, 1, 1, 1, 1, 1, 1, 1, 1, 1, 1, 1, 1, 1, 1, 1, 1, 1, 1, 1, 1, 1, 1, 1, 1, 1, 1, 1, 1, 1, 1, 1, 1, 1, 1, 1, 1, 1, 1, 1, 1, 1, 1, 1, 1, 1, 1, 1, 1, 1, 1, 1, 1, 1, 1, 1, 1, 1, 1, 1, 1, 1, 1, 1, 1, 1, 1, 1, 1, 1, 1, 1, 1, 1, 1, 1, 1, 1, 1, 1, 1, 1, 1, 1, 1, 1, 1, 1, 1, 1, 1, 1, 1, 1, 1, 1, 1, 1, 1, 1, 1, 1, 1, 1, 1, 1, 1, 1, 1, 1, 1, 1, 1, 1, 1, 1, 1, 1, 1, 1, 1, 1, 1, 1, 1, 1, 1, 1, 1, 1, 1, 1, 1, 1, 1, 1, 1, 1, 1, 1, 1, 1, 1, 1, 1, 1, 1, 1, 1, 1, 1, 1, 1, 1, 1, 1, 1, 1, 1, 1, 1, 1, 1, 1, 1, 1, 1, 1, 1, 1, 1, 1, 1, 1, 1, 1, 1, 1, 1, 1, 1, 1, 1, 1, 1, 1, 1, 1, 1, 1, 1, 1, 1, 1, 1, 1, 1, 1, 1, 1, 1, 1, 1, 1, 1, 1, 1, 1, 1, 1, 1, 1, 1, 1, 1, 1, 1, 1, 1, 1, 1, 1, 1, 1, 1, 1, 1, 1, 1, 1, 1, 1, 1, 1, 1, 1, 1, 1, 1, 1, 1, 1, 1, 1, 1, 1, 1, 1, 1, 1, 1, 1, 1, 1, 1, 1, 1, 1, 1, 1, 1, 1, 1, 1, 1, 1, 1, 1, 1, 1, 1, 1, 1, 1, 1, 1, 1, 1, 1, 1, 1, 1, 1, 1, 1, 1, 1, 1, 1, 1, 1, 1, 1, 1, 1, 1, 1, 1, 1, 1, 1, 1, 1, 1, 1, 1, 1, 1, 1, 1, 1, 1, 1, 1, 1, 1, 1, 1, 1, 1, 1, 1, 1, 1, 1, 1, 1, 1, 1, 1, 1, 1, 1, 1, 1, 1, 1, 1, 1, 1, 1, 1, 1, 1, 1, 1, 1, 1, 1, 1, 1, 1, 1, 1, 1, 1, 1, 1, 1, 1, 1, 1, 1, 1, 1, 1, 1, 1, 1, 1, 1, 1, 1, 1, 1, 1, 1, 1, 1, 1, 1, 1, 1, 1, 1, 1, 1, 1, 1, 1, 1, 1, 1, 1, 1, 1, 1, 1, 1, 1, 1, 1, 1, 1, 1, 1, 1, 1, 1, 1, 1, 1, 1, 1, 1, 1, 1, 1, 1, 1, 1, 1, 1, 1, 1, 1, 1, 1, 1, 1, 1, 1, 1, 1, 1, 1, 1, 1, 1, 1, 1, 1, 1, 1, 1, 1, 1, 1, 1, 1, 1, 1, 1, 1, 1, 1, 1, 1, 1, 1, 1, 1, 1, 1, 1, 1, 1, 1, 1, 1, 1, 1, 1, 1, 1, 1, 1, 1, 1, 1, 1, 1, 1, 1, 1, 1, 1, 1, 1, 1, 1, 1, 1, 1, 1, 1, 1, 1, 1, 1, 1, 1, 1, 1, 1, 1, 1, 1, 1, 1, 1, 1, 1, 1, 1, 1, 1, 1, 1, 1, 1, 1, 1, 1, 1, 1, 1, 1, 1, 1, 1, 1, 1, 1, 1, 1, 1, 1, 1, 1, 1, 1, 1, 1, 1, 1, 1, 1, 1, 1, 1, 1, 1, 1, 1, 1, 1, 1, 1, 1, 1, 1, 1, 1, 1, 1, 1, 1, 1, 1, 1, 1, 1, 1, 1, 1, 1, 1, 1, 1, 1, 1, 1, 1, 1, 1, 1, 1, 1, 1, 1, 1, 1, 1, 1, 1, 1, 1, 1, 1, 1, 1, 1, 1, 1, 1, 1, 1, 1, 1, 1, 1, 1, 1, 1, 1, 1, 1, 1, 1, 1, 1, 1, 1, 1, 1, 1, 1, 1, 1, 1, 1, 1, 1, 1, 1, 1, 1, 1, 1, 1, 1, 1, 1, 1, 1, 1, 1, 1, 1, 1, 1, 1, 1, 1, 1, 1, 1, 1, 1, 1, 1, 1, 1, 1, 1, 1, 1, 1, 1, 1, 1, 1, 1, 1, 1, 1, 1, 1, 1, 1, 1, 1, 1, 1, 1, 1, 1, 1, 1, 1, 1, 1, 1, 1, 1, 1, 1, 1, 1, 1, 1, 1, 1, 1, 1, 1, 1, 1, 1, 1, 1, 1, 1, 1, 1, 1, 1, 1, 1, 1, 1, 1, 1, 1, 1, 1, 1, 1, 1, 1, 1, 1, 1, 1, 1, 1, 1, 1, 1, 1, 1, 1, 1, 1, 1, 1, 1, 1, 1, 1, 1, 1, 1, 1, 1, 1, 1, 1, 1, 1, 1, 1, 1, 1, 1, 1, 1, 1, 1, 1, 1, 1, 1, 1, 1, 1, 1, 1, 1, 1, 1, 1, 1, 1, 1, 1, 1, 1, 1, 1, 1, 1, 1, 1, 1, 1, 1, 1, 1, 1, 1, 1, 1, 1, 1, 1, 1, 1, 1, 1, 1, 1, 1, 1, 1, 1, 1, 1, 1, 1, 1, 1, 1, 1, 1, 1, 1, 1, 1, 1, 1, 1, 1, 1, 1, 1, 1, 1, 1, 1, 1, 1, 1, 1, 1, 1, 1, 1, 1, 1, 1, 1, 1, 1, 1, 1, 1, 1, 1, 1, 1, 1, 1, 1, 1, 1, 1, 1, 1, 1, 1, 1, 1, 1, 1, 1, 1, 1, 1, 1, 1, 1, 1, 1, 1, 1, 1, 1, 1, 1, 1, 1, 1, 1, 1, 1, 1, 1, 1, 1, 1, 1, 1, 1, 1, 1, 1, 1, 1, 1, 1, 1, 1, 1, 1, 1, 1, 1, 1, 1, 1, 1, 1, 1, 1, 1, 1, 1, 1, 1, 1, 1, 1, 1, 1, 1, 1, 1, 1, 1, 1, 1, 1, 1, 1, 1, 1, 1, 1, 1, 1, 1, 1, 1, 1, 1, 1, 1, 1, 1, 1, 1, 1, 1, 1, 1, 1, 1, 1, 1, 1, 1, 1, 1, 1, 1, 1, 1, 1, 1, 1, 1, 1, 1, 1, 1, 1, 1, 1, 1, 1, 1, 1, 1, 1, 1, 1, 1, 1, 1, 1, 1, 1, 1, 1, 1, 1, 1, 1, 1, 1, 1, 1, 1, 1, 1, 1, 1, 1, 1, 1, 1, 1, 1, 1, 1, 1, 1, 1, 1, 1, 1, 1, 1, 1, 1, 1, 1, 1, 1, 1, 1, 1, 1, 1, 1, 1, 1, 1, 1, 1, 1, 1, 1, 1, 1, 1, 1, 1, 1, 1, 1, 1, 1, 1, 1, 1, 1, 1, 1, 1, 1, 1, 1, 1, 1, 1, 1, 1, 1, 1, 1, 1, 1, 1, 1, 1, 1, 1, 1, 1, 1, 1, 1, 1, 1, 1, 1, 1, 1, 1, 1, 1, 1, 1, 1, 1, 1, 1, 1, 1, 1, 1, 1, 1, 1, 1, 1, 1, 1, 1, 1, 1, 1, 1, 1, 1, 1, 1, 1, 1, 1, 1, 1, 1, 1, 1, 1, 1, 1, 1, 1, 1, 1, 1, 1, 1, 1, 1, 1, 1, 1, 1, 1, 1, 1, 1, 1, 1, 1, 1, 1, 1, 1, 1, 1, 1, 1, 1, 1, 1, 1, 1, 1, 1, 1, 1, 1, 1, 1, 1, 1, 1, 1, 1, 1, 1, 1, 1, 1, 1, 1, 1, 1, 1, 1, 1, 1, 1, 1, 1, 1, 1, 1, 1, 1, 1, 1, 1, 1, 1, 1, 1, 1, 1, 1, 1, 1, 1, 1, 1, 1, 1, 1, 1, 1, 1, 1, 1, 1, 1, 1, 1, 1, 1, 1, 1, 1, 1, 1, 1, 1, 1, 1, 1, 1, 1, 1, 1, 1, 1, 1, 1, 1, 1, 1, 1, 1, 1, 1, 1, 1, 1, 1, 1, 1, 1, 1, 1, 1, 1, 1, 1, 1, 1, 1, 1, 1, 1, 1, 1, 1, 1, 1, 1, 1, 1, 1, 1, 1, 1, 1, 1, 1, 1, 1, 1, 1, 1, 1, 1, 1, 1, 1, 1, 1, 1, 1, 1, 1, 1, 1, 1, 1, 1, 1, 1, 1, 1, 1, 1, 1, 1, 1, 1, 1, 1, 1, 1, 1, 1, 1, 1, 1, 1, 1, 1, 1, 1, 1, 1, 1, 2, 2, 2, 2, 1, 1, 2, 2, 2, 2, 1, 1, 2, 2, 2, 2, 1, 1, 2, 2, 2, 2, 1, 1, 2, 2, 2, 2, 1, 1, 2, 2, 2, 2, 1, 1, 2, 2, 2, 2, 1, 1, 2, 2, 2, 2, 1, 1, 2, 2, 2, 2, 1, 1, 2, 2, 2, 2, 1, 1, 2, 2, 2, 2, 1, 1, 2, 2, 2, 2, 1, 1, 2, 2, 2, 2, 1, 1, 2, 2, 2, 2, 1, 1, 2, 2, 2, 2, 1, 1, 2, 2, 2, 2, 1, 1, 2, 2, 2, 2, 1, 1, 2, 2, 2, 2, 1, 1, 2, 2, 2, 2, 1, 1, 2, 2, 2, 2, 1, 1, 2, 2, 2, 2, 1, 1, 2, 2, 2, 2, 1, 1, 2, 2, 2, 2, 1, 1, 2, 2, 2, 2, 1, 1, 2, 2, 2, 2, 1, 1, 2, 2, 2, 2, 1, 1, 2, 2, 2, 2, 1, 1, 2, 2, 2, 2, 1, 1, 2, 2, 2, 2, 1, 1, 2, 2, 2, 2, 1, 1, 2, 2, 2, 2, 1, 1, 2, 2, 2, 2, 1, 1, 2, 2, 2, 2, 1, 1, 2, 2, 2, 2, 1, 1, 2, 2, 2, 2, 1, 1, 2, 2, 2, 2, 1, 1, 2, 2, 2, 2, 1, 1, 2, 2, 2, 2, 1, 1, 2, 2, 2, 2, 1, 1, 2, 2, 2, 2, 1, 1, 2, 2, 2, 2, 1, 1, 2, 2, 2, 2, 1, 1, 2, 2, 2, 2, 1, 1, 2, 2, 2, 2, 1, 1, 2, 2, 2, 2, 1, 1, 2, 2, 2, 2, 1, 1, 2, 2, 2, 2, 1, 1, 2, 2, 2, 2, 1, 1, 2, 2, 2, 2, 1, 1, 2, 2, 2, 2, 1, 1, 2, 2, 2, 2, 1, 1, 2, 2, 2, 2, 1, 1, 2, 2, 2, 2, 1, 1, 2, 2, 2, 2, 1, 1, 2, 2, 2, 2, 1, 1, 2, 2, 2, 2, 1, 1, 2, 2, 2, 2, 1, 1, 2, 2, 2, 2, 1, 1, 2, 2, 2, 2, 1, 1, 2, 2, 2, 2, 1, 1, 2, 2, 2, 2, 1, 1, 2, 2, 2, 2, 1, 1, 2, 2, 2, 2, 1, 1, 2, 2, 2, 2, 1, 1, 2, 2, 2, 2, 1, 1, 2, 2, 2, 2, 1, 1, 2, 2, 2, 2, 1, 1, 2, 2, 2, 2, 1, 1, 2, 2, 2, 2, 1, 1, 2, 2, 2, 2, 1, 1, 2, 2, 2, 2, 1, 1, 2, 2, 2, 2, 1, 1, 2, 2, 2, 2, 1, 1, 2, 2, 2, 2, 1, 1, 2, 2, 2, 2, 1, 1, 2, 2, 2, 2, 1, 1, 2, 2, 2, 2, 1, 1, 2, 2, 2, 2, 1, 1, 2, 2, 2, 2, 1, 1, 2, 2, 2, 2, 1, 1, 2, 2, 2, 2, 1, 1, 2, 2, 2, 2, 1, 1, 2, 2, 2, 2, 1, 1, 2, 2, 2, 2, 1, 1, 2, 2, 2, 2, 1, 1, 2, 2, 2, 2, 1, 1, 2, 2, 2, 2, 1, 1, 2, 2, 2, 2, 1, 1, 2, 2, 2, 2, 1, 1, 2, 2, 2, 2, 1, 1, 2, 2, 2, 2, 1, 1, 2, 2, 2, 2, 1, 1, 2, 2, 2, 2, 1, 1, 2, 2, 2, 2, 1, 1, 2, 2, 2, 2, 1, 1, 2, 2, 2, 2, 1, 1, 2, 2, 2, 2, 1, 1, 2, 2, 2, 2, 1, 1, 2, 2, 2, 2, 1, 1, 2, 2, 2, 2, 1, 1, 2, 2, 2, 2, 1, 1, 2, 2, 2, 2, 1, 1, 2, 2, 2, 2, 1, 1, 2, 2, 2, 2, 1, 1, 2, 2, 2, 2, 1, 1, 2, 2, 2, 2, 1, 1, 2, 2, 2, 2, 1, 1, 2, 2, 2, 2, 1, 1, 2, 2, 2, 2, 1, 1, 2, 2, 2, 2, 1, 1, 2, 2, 2, 2, 1, 1, 2, 2, 2, 2, 1, 1, 2, 2, 2, 2, 1, 1, 2, 2, 2, 2, 1, 1, 2, 2, 2, 2, 1, 1, 2, 2, 2, 2, 1, 1, 2, 2, 2, 2, 1, 1, 2, 2, 2, 2, 1, 1, 2, 2, 2, 2, 1, 1, 2, 2, 2, 2, 1, 1, 2, 2, 2, 2, 1, 1, 2, 2, 2, 2, 1, 1, 2, 2, 2, 2, 1, 1, 2, 2, 2, 2, 1, 1, 2, 2, 2, 2, 1, 1, 2, 2, 2, 2, 1, 1, 2, 2, 2, 2, 1, 1, 2, 2, 2, 2, 1, 1, 2, 2, 2, 2, 1, 1, 2, 2, 2, 2, 1, 1, 2, 2, 2, 2, 1, 1, 2, 2, 2, 2, 1, 1, 2, 2, 2, 2, 1, 1, 2, 2, 2, 2, 1, 1, 2, 2, 2, 2, 1, 1, 2, 2, 2, 2, 1, 1, 2, 2, 2, 2, 1, 1, 2, 2, 2, 2, 1, 1, 2, 2, 2, 2, 1, 1, 2, 2, 2, 2, 1, 1, 2, 2, 2, 2, 1, 1, 2, 2, 2, 2, 1, 1, 2, 2, 2, 2, 1, 1, 2, 2, 2, 2, 1, 1, 2, 2, 2, 2, 1, 1, 2, 2, 2, 2, 1, 1, 2, 2, 2, 2, 1, 1, 2, 2, 2, 2, 1, 1, 2, 2, 2, 2, 1, 1, 2, 2, 2, 2, 1, 1, 2, 2, 2, 2, 1, 1, 2, 2, 2, 2, 1, 1, 2, 2, 2, 2, 1, 1, 2, 2, 2, 2, 1, 1, 2, 2, 2, 2, 1, 1, 2, 2, 2, 2, 1, 1, 2, 2, 2, 2, 1, 1, 2, 2, 2, 2, 1, 1, 2, 2, 2, 2, 1, 1, 2, 2, 2, 2, 1, 1, 2, 2, 2, 2, 1, 1, 2, 2, 2, 2, 1, 1, 2, 2, 2, 2, 1, 1, 2, 2, 2, 2, 1, 1, 2, 2, 2, 2, 1, 1, 2, 2, 2, 2, 1, 1, 2, 2, 2, 2, 1, 1, 2, 2, 2, 2, 1, 1, 2, 2, 2, 2, 1, 1, 2, 2, 2, 2, 1, 1, 2, 2, 2, 2, 1, 1, 2, 2, 2, 2, 1, 1, 2, 2, 2, 2, 1, 1, 2, 2, 2, 2, 1, 1, 2, 2, 2, 2, 1, 1, 2, 2, 2, 2, 1, 1, 2, 2, 2, 2, 1, 1, 2, 2, 2, 2, 1, 1, 2, 2, 2, 2, 1, 1, 2, 2, 2, 2, 1, 1, 2, 2, 2, 2, 1, 1, 2, 2, 2, 2, 1, 1, 2, 2, 2, 2, 1, 1, 2, 2, 2, 2, 1, 1, 2, 2, 2, 2, 1, 1, 2, 2, 2, 2, 1, 1, 2, 2, 2, 2, 1, 1, 2, 2, 2, 2, 1, 1, 2, 2, 2, 2, 1, 1, 2, 2, 2, 2, 1, 1, 2, 2, 2, 2, 1, 1, 2, 2, 2, 2, 1, 1, 2, 2, 2, 2, 1, 1, 2, 2, 2, 2, 1, 1, 2, 2, 2, 2, 1, 1, 2, 2, 2, 2, 1, 1, 2, 2, 2, 2, 1, 1, 2, 2, 2, 2, 1, 1, 2, 2, 2, 2, 1, 1, 2, 2, 2, 2, 1, 1, 2, 2, 2, 2, 1, 1, 2, 2, 2, 2, 1, 1, 2, 2, 2, 2, 1, 1, 2, 2, 2, 2, 1, 1, 2, 2, 2, 2, 1, 1, 2, 2, 2, 2, 1, 1, 2, 2, 2, 2, 1, 1, 2, 2, 2, 2, 1, 1, 2, 2, 2, 2, 1, 1, 2, 2, 2, 2, 1, 1, 2, 2, 2, 2, 1, 1, 2, 2, 2, 2, 1, 1, 2, 2, 2, 2, 1, 1, 2, 2, 2, 2, 1, 1, 2, 2, 2, 2, 1, 1, 2, 2, 2, 2, 0, 0, 0, 1, 1, 0, 0, 0, 0, 1, 1, 0, 0, 0, 0, 1, 1, 0, 0, 0, 0, 1, 1, 0, 0, 0, 0, 1, 1, 0, 0, 0, 0, 1, 1, 0, 0, 0, 0, 1, 1, 0, 0, 0, 0, 1, 1, 0, 0, 0, 0, 1, 1, 0, 0, 0, 0, 1, 1, 0, 0, 0, 0, 1, 1, 0, 0, 0, 0, 1, 1, 0, 0, 0, 0, 1, 1, 0, 0, 0, 0, 1, 1, 0, 0, 0, 0, 1, 1, 0, 0, 0, 0, 1, 1, 0, 0, 0, 0, 1, 1, 0, 0, 0, 0, 1, 1, 0, 0, 0, 0, 1, 1, 0, 0, 0, 0, 1, 1, 0, 0, 0, 0, 1, 1, 0, 0, 0, 0, 1, 1, 0, 0, 0, 0, 1, 1, 0, 0, 0, 0, 1, 1, 0, 0, 0, 0, 1, 1, 0, 0, 0, 0, 1, 1, 0, 0, 0, 0, 1, 1, 0, 0, 0, 0, 1, 1, 0, 0, 0, 0, 1, 1, 0, 0, 0, 0, 1, 1, 0, 0, 0, 0, 1, 1, 0, 0, 0, 0, 1, 1, 0, 0, 0, 0, 1, 1, 0, 0, 0, 0, 1, 1, 0, 0, 0, 0, 1, 1, 0, 0, 0, 0, 1, 1, 0, 0, 0, 0, 1, 1, 0, 0, 0, 0, 1, 1, 0, 0, 0, 0, 1, 1, 0, 0, 0, 0, 1, 1, 0, 0, 0, 0, 1, 1, 0, 0, 0, 0, 1, 1, 0, 0, 0, 0, 1, 1, 0, 0, 0, 0, 1, 1, 0, 0, 0, 0, 1, 1, 0, 0, 0, 0, 1, 1, 0, 0, 0, 0, 1, 1, 0, 0, 0, 0, 1, 1, 0, 0, 0, 0, 1, 1, 0, 0, 0, 0, 1, 1, 0, 0, 0, 0, 1, 1, 0, 0, 0, 0, 1, 1, 0, 0, 0, 0, 1, 1, 0, 0, 0, 0, 1, 1, 0, 0, 0, 0, 1, 1, 0, 0, 0, 0, 1, 1, 0, 0, 0, 0, 1, 1, 0, 0, 0, 0, 1, 1, 0, 0, 0, 0, 1, 1, 0, 0, 0, 0, 1, 1, 0, 0, 0, 0, 1, 1, 0, 0, 0, 0, 1, 1, 0, 0, 0, 0, 1, 1, 0, 0, 0, 0, 1, 1, 0, 0, 0, 0, 1, 1, 0, 0, 0, 0, 1, 1, 0, 0, 0, 0, 1, 1, 0, 0, 0, 0, 1, 1, 0, 0, 0, 0, 1, 1, 0, 0, 0, 0, 1, 1, 0, 0, 0, 0, 1, 1, 0, 0, 0, 0, 1, 1, 0, 0, 0, 0, 1, 1, 0, 0, 0, 0, 1, 1, 0, 0, 0, 0, 1, 1, 0, 0, 0, 0, 1, 1, 0, 0, 0, 0, 1, 1, 0, 0, 0, 0, 1, 1, 0, 0, 0, 0, 1, 1, 0, 0, 0, 0, 1, 1, 0, 0, 0, 0, 1, 1, 0, 0, 0, 0, 1, 1, 0, 0, 0, 0, 1, 1, 0, 0, 0, 0, 1, 1, 0, 0, 0, 0, 1, 1, 0, 0, 0, 0, 1, 1, 0, 0, 0, 0, 1, 1, 0, 0, 0, 0, 1, 1, 0, 0, 0, 0, 1, 1, 0, 0, 0, 0, 1, 1, 0, 0, 0, 0, 1, 1, 0, 0, 0, 0, 1, 1, 0, 0, 0, 0, 1, 1, 0, 0, 0, 0, 1, 1, 0, 0, 0, 0, 1, 1, 0, 0, 0, 0, 1, 1, 0, 0, 0, 0, 1, 1, 0, 0, 0, 0, 1, 1, 0, 0, 0, 0, 1, 1, 0, 0, 0, 0, 1, 1, 0, 0, 0, 0, 1, 1, 0, 0, 0, 0, 1, 1, 0, 0, 0, 0, 1, 1, 0, 0, 0, 0, 1, 1, 0, 0, 0, 0, 1, 1, 0, 0, 0, 0, 1, 1, 0, 0, 0, 0, 1, 1, 0, 0, 0, 0, 1, 1, 0, 0, 0, 0, 1, 1, 0, 0, 0, 0, 1, 1, 0, 0, 0, 0, 1, 1, 0, 0, 0, 0, 1, 1, 0, 0, 0, 0, 1, 1, 0, 0, 0, 0, 1, 1, 0, 0, 0, 0, 1, 1, 0, 0, 0, 0, 1, 1, 0, 0, 0, 0, 1, 1, 0, 0, 0, 0, 1, 1, 0, 0, 0, 0, 1, 1, 0, 0, 0, 0, 1, 1, 0, 0, 0, 0, 1, 1, 0, 0, 0, 0, 1, 1, 0, 0, 0, 0, 1, 1, 0, 0, 0, 0, 1, 1, 0, 0, 0, 0, 1, 1, 0, 0, 0, 0, 1, 1, 0, 0, 0, 0, 1, 1, 0, 0, 0, 0, 1, 1, 0, 0, 0, 0, 1, 1, 0, 0, 0, 0, 1, 1, 0, 0, 0, 0, 1, 1, 0, 0, 0, 0, 1, 1, 0, 0, 0, 0, 1, 1, 0, 0, 0, 0, 1, 1, 0, 0, 0, 0, 1, 1, 0, 0, 0, 0, 1, 1, 0, 0, 0, 0, 1, 1, 0, 0, 0, 0, 1, 1, 0, 0, 0, 0, 1, 1, 0, 0, 0, 0, 1, 1, 0, 0, 0, 0, 1, 1, 0, 0, 0, 0, 1, 1, 0, 0, 0, 0, 1, 1, 0, 0, 0, 0, 1, 1, 0, 0, 0, 0, 1, 1, 0, 0, 0, 0, 1, 1, 0, 0, 0, 0, 1, 1, 0, 0, 0, 0, 1, 1, 0, 0, 0, 0, 1, 1, 0, 0, 0, 0, 1, 1, 0, 0, 0, 0, 1, 1, 0, 0, 0, 0, 1, 1, 0, 0, 0, 0, 1, 1, 0, 0, 0, 0, 1, 1, 0, 0, 0, 0, 1, 1, 0, 0, 0, 0, 1, 1, 0, 0, 0, 0, 1, 1, 0, 0, 0, 0, 1, 1, 0, 0, 0, 0, 1, 1, 0, 0, 0, 0, 1, 1, 0, 0, 0, 0, 1, 1, 0, 0, 0, 0, 1, 1, 0, 0, 0, 0, 1, 1, 0, 0, 0, 0, 1, 1, 0, 0, 0, 0, 1, 1, 0, 0, 0, 0, 1, 1, 0, 0, 0, 0, 1, 1, 0, 0, 0, 0, 1, 1, 0, 0, 0, 0, 1, 1, 0, 0, 0, 0, 1, 1, 0, 0, 0, 0, 1, 1, 0, 0, 0, 0, 1, 1, 0, 0, 0, 0, 1, 1, 0, 0, 0, 0, 1, 1, 0, 0, 0, 0, 1, 1, 0, 0, 0, 0, 1, 1, 0, 0, 0, 0, 1, 1, 0, 0, 0, 0, 1, 1, 0, 0, 0, 0, 1, 1, 0, 0, 0, 0, 1, 1, 0, 0, 0, 0, 1, 1, 0, 0, 0, 0, 1, 1, 0, 0, 0, 0, 1, 1, 0, 0, 0, 0, 1, 1, 0, 0, 0, 0, 1, 1, 0, 0, 0, 0, 1, 1, 0, 0, 0, 0, 1, 1, 0, 0, 0, 0, 1, 1, 0, 0, 0, 0, 1, 1, 0, 0, 0, 0, 1, 1, 0, 0, 0, 0, 1, 1, 0, 0, 0, 0, 1, 1, 0, 0, 0, 0, 1, 1, 0, 0, 0, 0, 1, 1, 0, 0, 0, 0, 1, 1, 0, 0, 0, 0, 1, 1, 0, 0, 0, 0, 1, 1, 0, 0, 0, 0, 1, 1, 0, 0, 0, 0, 1, 1, 0, 0, 0, 0, 1, 1, 0, 0, 0, 0, 1, 1, 0, 0, 0, 0, 1, 1, 0, 0, 0, 0, 1, 1, 0, 0, 0, 0, 1, 1, 0, 0, 0, 0, 1, 1, 0, 0, 0, 0, 1, 1, 0, 0, 0, 0, 1, 1, 0, 0, 0, 0, 1, 1, 0, 0, 0, 0, 1, 1, 0, 0, 0, 0, 1, 1, 0, 0, 0, 0, 1, 1, 0, 0, 0, 0, 1, 1, 0, 0, 0, 0, 1, 1, 0, 0, 0, 0, 1, 1, 0, 0, 0, 0, 1, 1, 0, 0, 0, 0, 1, 1, 0, 1, 1, 1, 1, 1, 1, 1, 1, 1, 1, 1, 1, 1, 1, 1, 1, 1, 1, 1, 1, 1, 1, 1, 1, 1, 1, 1, 1, 1, 1, 1, 1, 1, 1, 1, 1, 1, 1, 1, 1, 1, 1, 1, 1, 1, 1, 1, 1, 1, 1, 1, 1, 1, 1, 1, 1, 1, 1, 1, 1, 1, 1, 1, 1, 1, 1, 1, 1, 1, 1, 1, 1, 1, 1, 1, 1, 1, 1, 1, 1, 1, 1, 1, 1, 1, 1, 1, 1, 1, 1, 1, 1, 1, 1, 1, 1, 1, 1, 1, 1, 1, 1, 1, 1, 1, 1, 1, 1, 1, 1, 1, 1, 1, 1, 1, 1, 1, 1, 1, 1, 1, 1, 1, 1, 1, 1, 1, 1, 1, 1, 1, 1, 1, 1, 1, 1, 1, 1, 1, 1, 1, 1, 1, 1, 1, 1, 1, 1, 1, 1, 1, 1, 1, 1, 1, 1, 1, 1, 1, 1, 1, 1, 1, 1, 1, 1, 1, 1, 1, 1, 1, 1, 1, 1, 1, 1, 1, 1, 1, 1, 1, 1, 1, 1, 1, 1, 1, 1, 1, 1, 1, 1, 1, 1, 1, 1, 1, 1, 1, 1, 1, 1, 1, 1, 1, 1, 1, 1, 1, 1, 1, 1, 1, 1, 1, 1, 1, 1, 1, 1, 1, 1, 1, 1, 1, 1, 1, 1, 1, 1, 1, 1, 1, 1, 1, 1, 1, 1, 1, 1, 1, 1, 1, 1, 1, 1, 1, 1, 1, 1, 1, 1, 1, 1, 1, 1, 1, 1, 1, 1, 1, 1, 1, 1, 1, 1, 1, 1, 1, 1, 1, 1, 1, 1, 1, 1, 1, 1, 1, 1, 1, 1, 1, 1, 1, 1, 1, 1, 1, 1, 1, 1, 1, 1, 1, 1, 1, 1, 1, 1, 1, 1, 1, 1, 1, 1, 1, 1, 1, 1, 1, 1, 1, 1, 1, 1, 1, 1, 1, 1, 1, 1, 1, 1, 1, 1, 1, 1, 1, 1, 1, 1, 1, 1, 1, 1, 1, 1, 1, 1, 1, 1, 1, 1, 1, 1, 1, 1, 1, 1, 1, 1, 1, 1, 1, 1, 1, 1, 1, 1, 1, 1, 1, 1, 1, 1, 1, 1, 1, 1, 1, 1, 1, 1, 1, 1, 1, 1, 1, 1, 1, 1, 1, 1, 1, 1, 1, 1, 1, 1, 1, 1, 1, 1, 1, 1, 1, 1, 1, 1, 1, 1, 1, 1, 1, 1, 1, 1, 1, 1, 1, 1, 1, 1, 1, 1, 1, 1, 1, 1, 1, 1, 1, 1, 1, 1, 1, 1, 1, 1, 1, 1, 1, 1, 1, 1, 1, 1, 1, 1, 1, 1, 1, 1, 1, 1, 1, 1, 1, 1, 1, 1, 1, 1, 1, 1, 1, 1, 1, 1, 1, 1, 1, 1, 1, 1, 1, 1, 1, 1, 1, 1, 1, 1, 1, 1, 1, 1, 1, 1, 1, 1, 1, 1, 1, 1, 1, 1, 1, 1, 1, 1, 1, 1, 1, 1, 1, 1, 1, 1, 1, 1, 1, 1, 1, 1, 1, 1, 1, 1, 1, 1, 1, 1, 1, 1, 1, 1, 1, 1, 1, 1, 1, 1, 1, 1, 1, 1, 1, 1, 1, 1, 1, 1, 1, 1, 1, 1, 1, 1, 1, 1, 1, 1, 1, 1, 1, 1, 1, 1, 1, 1, 1, 1, 1, 1, 1, 1, 1, 1, 1, 1, 1, 1, 1, 1, 1, 1, 1, 1, 1, 1, 1, 1, 1, 1, 1, 1, 1, 1, 1, 1, 1, 1, 1, 1, 1, 1, 1, 1, 1, 1, 1, 1, 1, 1, 1, 1, 1, 1, 1, 1, 1, 1, 1, 1, 1, 1, 1, 1, 1, 1, 1, 1, 1, 1, 1, 1, 1, 1, 1, 1, 1, 1, 1, 1, 1, 1, 1, 1, 1, 1, 1, 1, 1, 1, 1, 1, 1, 1, 1, 1, 1, 1, 1, 1, 1, 1, 1, 1, 1, 1, 1, 1, 1, 1, 1, 1, 1, 1, 1, 1, 1, 1, 1, 1, 1, 1, 1, 1, 1, 1, 1, 1, 1, 1, 1, 1, 1, 1, 1, 1, 1, 1, 1, 1, 1, 1, 1, 1, 1, 1, 1, 1, 1, 1, 1, 1, 1, 1, 1, 1, 1, 1, 1, 1, 1, 1, 1, 1, 1, 1, 1, 1, 1, 1, 1, 1, 1, 1, 1, 1, 1, 1, 1, 1, 1, 1, 1, 1, 1, 1, 1, 1, 1, 1, 1, 1, 1, 1, 1, 1, 1, 1, 1, 1, 1, 1, 1, 1, 1, 1, 1, 1, 1, 1, 1, 1, 1, 1, 1, 1, 1, 1, 1, 1, 1, 1, 1, 1, 1, 1, 1, 1, 1, 1, 1, 1, 1, 1, 1, 1, 1, 1, 1, 1, 1, 1, 1, 1, 1, 1, 1, 1, 1, 1, 1, 1, 1, 1, 1, 1, 1, 1, 1, 1, 1, 1, 1, 1, 1, 1, 1, 1, 1, 1, 1, 1, 1, 1, 1, 1, 1, 1, 1, 1, 1, 1, 1, 1, 1, 1, 1, 1, 1, 1, 1, 1, 1, 1, 1, 1, 1, 1, 1, 1, 1, 1, 1, 1, 1, 1, 1, 1, 1, 1, 1, 1, 1, 1, 1, 1, 1, 1, 1, 1, 1, 1, 1, 1, 1, 1, 1, 1, 1, 1, 1, 1, 1, 1, 1, 1, 1, 1, 1, 1, 1, 1, 1, 1, 1, 1, 1, 1, 1, 1, 1, 1, 1, 1, 1, 1, 1, 1, 1, 1, 1, 1, 1, 1, 1, 1, 1, 1, 1, 1, 1, 1, 1, 1, 1, 1, 1, 1, 1, 1, 1, 1, 1, 1, 1, 1, 1, 1, 1, 1, 1, 1, 1, 1, 1, 1, 1, 1, 1, 1, 1, 1, 1, 1, 1, 1, 1, 1, 1, 1, 1, 1, 1, 1, 1, 1, 1, 1, 1, 1, 1, 1, 1, 1, 1, 1, 1, 1, 1, 1, 1, 1, 1, 1, 1, 1, 1, 1, 1, 1, 1, 1, 1, 1, 1, 1, 1, 1, 1, 1, 1, 1, 1, 1, 1, 1, 1, 1, 1, 1, 1, 1, 1, 1, 1, 1, 1, 1, 1, 1, 1, 1, 1, 1, 1, 1, 1, 1, 1, 1, 1, 1, 1, 1, 1, 1, 1, 1, 1, 1, 1, 1, 1, 1, 1, 1, 1, 1, 1, 1, 1, 1, 1, 1, 1, 1, 1, 1, 1, 1, 1, 1, 1, 1, 1, 1, 1, 1, 1, 1, 1, 1, 1, 1, 1, 1, 1, 1, 1, 1, 1, 1, 1, 1, 1, 1, 1, 1, 1, 1, 1, 1, 1, 1, 1, 1, 1, 1, 1, 1, 1, 1, 1, 1, 1, 1, 1, 1, 1, 1, 1, 1, 1, 1, 1, 1, 1, 1, 1, 1, 1, 1, 1, 1, 1, 1, 1, 1, 1, 1, 1, 1, 1, 1, 1, 1, 1, 1, 1, 1, 1, 1, 1, 1, 1, 1, 1, 1, 1, 1, 1, 1, 1, 1, 1, 1, 1, 1, 1, 1, 1, 1, 1, 1, 1, 1, 1, 1, 1, 1, 1, 1, 1, 1, 1, 1, 1, 1, 1, 1, 1, 1, 1, 1, 1, 1, 1, 1, 1, 1, 1, 1, 1, 1, 1, 1, 1, 1, 1, 1, 1, 1, 1, 1, 1, 1, 1, 1, 1, 1, 1, 1, 1, 1, 1, 1, 1, 1, 1, 1, 1, 1, 1, 1, 1, 1, 1, 1, 1, 1, 1, 1, 1, 1, 1, 1, 1, 1, 1, 1, 1, 1, 1, 1, 1, 1, 1, 1, 1, 1, 1, 1, 1, 1, 1, 1, 1, 1, 1, 1, 1, 1, 1, 1, 1, 1, 1, 1, 1, 1, 1, 1, 1, 1, 1, 1, 1, 1, 1, 1, 1, 1, 1, 1, 1, 1, 1, 1, 1, 1, 1, 1, 1, 1, 1, 1, 1, 1, 1, 1, 1, 1, 1, 1, 1, 1, 1, 1, 1, 1, 1, 1, 1, 1, 1, 1, 1, 1, 1, 1, 1, 1, 1, 1, 1, 1, 1, 1, 1, 1, 1, 1, 1, 1, 1, 1, 1, 1, 1, 1, 1, 1, 1, 1, 1, 1, 1, 1, 1, 1, 1, 1, 1, 1, 1, 1, 1, 1, 1, 1, 1, 1, 1, 1, 1, 1, 1, 1, 1, 1, 1, 1, 1, 1, 1, 1, 1, 1, 1, 1, 1, 1, 1, 1, 1, 1, 1, 1, 1, 1, 1, 1, 1, 1, 1, 1, 1, 1, 1, 1, 1, 1, 1, 1, 1, 1, 1, 1, 1, 1, 1, 1, 1, 1, 1, 1, 1, 1, 1, 1, 1, 1, 1, 1, 1, 1, 1, 1, 1, 1, 1, 1, 1, 1, 1, 1, 1, 1, 1, 1, 1, 1, 1, 1, 1, 1, 1, 1, 1, 1, 1, 1, 1, 1, 1, 1, 1, 1, 1, 1, 1, 1, 1, 1, 1, 1, 1, 1, 1, 1, 1, 1, 1, 1, 1, 1, 1, 1, 1, 1, 1, 1, 1, 1, 1, 1, 1, 1, 1, 1, 1, 1, 1, 1, 1, 1, 1, 1, 1, 1, 1, 1, 1, 1, 1, 1, 1, 1, 1, 1, 1, 1, 1, 1, 1, 1, 1, 1, 1, 1, 1, 1, 1, 1, 1, 1, 1, 1, 1, 1, 1, 1, 1, 1, 1, 1, 1, 1, 1, 1, 1, 1, 1, 1, 1, 1, 1, 1, 1, 1, 1, 1, 1, 1, 1, 1, 1, 1, 1, 1, 1, 1, 1, 1, 1, 1, 1, 1, 1, 1, 1, 1, 1, 1, 1, 1, 1, 1, 1, 1, 1, 1, 1, 1, 1, 1, 1, 1, 1, 1, 1, 1, 1, 1, 1, 1, 1, 1, 1, 1, 1, 1, 1, 1, 1, 1, 1, 1, 1, 1, 1, 1, 1, 1, 1, 1, 1, 1, 1, 1, 1, 1, 1, 1, 1, 1, 1, 1, 1, 1, 1, 1, 1, 1, 1, 1, 1, 1, 1, 1, 1, 1, 1, 1, 1, 1, 1, 1, 1, 1, 1, 1, 1, 1, 1, 1, 1, 1, 1, 1, 1, 1, 1, 1, 1, 1, 1, 1, 1, 1, 1, 1, 1, 1, 1, 1, 1, 1, 1, 1, 1, 1, 1, 1, 1, 1, 1, 1, 1, 1, 1, 1, 1, 1, 1, 1, 1, 1, 1, 1, 1, 1, 1, 1, 1, 1, 1, 1, 1, 1, 1, 1, 1, 1, 1, 1, 1, 1, 1, 1, 1, 1, 1, 1, 1, 1, 1, 1, 1, 1, 1, 1, 1, 1, 1, 1, 1, 1, 1, 1, 1, 1, 1, 1, 1, 1, 1, 1, 1, 1, 1, 1, 1, 1, 1, 1, 1, 1, 1, 1, 1, 1, 1, 1, 1, 1, 1, 1, 1, 1, 1, 1, 1, 1, 1, 1, 1, 1, 1, 1, 1, 1, 1, 1, 1, 1, 1, 1, 1, 1, 1, 1, 1, 1, 1, 1, 1, 1, 1, 1, 1, 1, 1, 1, 1, 1, 1, 1, 1, 1, 1, 1, 1, 1, 1, 1, 1, 1, 1, 1, 1, 1, 1, 1, 1, 1, 1, 1, 1, 1, 1, 1, 1, 1, 1, 1, 1, 1, 1, 1, 1, 1, 1, 1, 1, 1, 1, 1, 1, 1, 1, 1, 1, 1, 1, 1, 1, 1, 1, 1, 1, 1, 1, 1, 1, 1, 1, 1, 1, 1, 1, 1, 1, 1, 1, 1, 1, 1, 1, 1, 1, 1, 1, 1, 1, 1, 1, 1, 1, 1, 1, 1, 1, 1, 1, 1, 1, 1, 1, 1, 1, 1, 1, 1, 1, 1, 1, 1, 1, 1, 1, 1, 1, 1, 1, 1, 1, 1, 1, 1, 1, 1, 1, 1, 1, 1, 1, 1, 1, 1, 1, 1, 1, 1, 1, 1, 1, 1, 1, 1, 1, 1, 1, 1, 1, 1, 1, 1, 1, 1, 1, 1, 1, 1, 1, 1, 1, 1, 1, 1, 1, 1, 1, 1, 1, 1, 1, 1, 1, 1, 1, 1, 1, 1, 1, 1, 1, 1, 1, 1, 1, 1, 1, 1, 1, 1, 1, 1, 1, 1, 1, 1, 1, 1, 1, 1, 1, 1, 1, 1, 1, 1, 1, 1, 1, 1, 1, 1, 1, 1, 1, 1, 1, 1, 1, 1, 1, 1, 1, 1, 1, 1, 1, 1, 1, 1, 1, 1, 1, 1, 1, 1, 1, 1, 1, 1, 1, 1, 1, 1, 1, 1, 1, 1, 1, 1, 1, 1, 1, 1, 1, 1, 1, 1, 1, 1, 1, 1, 1, 1, 1, 1, 1, 1, 1, 1, 1, 1, 1, 1, 1, 1, 1, 1, 1, 1, 1, 1, 1, 1, 1, 1, 1, 1, 1, 1, 1, 1, 1, 1, 1, 1, 1, 1, 1, 1, 1, 1, 1, 1, 1, 1, 1, 1, 1, 1, 1, 1, 1, 1, 1, 1, 1, 1, 1, 1, 1, 1, 1, 1, 1, 1, 1, 1, 1, 1, 1, 1, 1, 1, 1, 1, 1, 1, 1, 1, 1, 1, 1, 1, 1, 1, 1, 1, 1, 1, 1, 1, 1, 1, 1, 1, 1, 1, 1, 1, 1, 1, 1, 1, 1, 1, 1, 1, 1, 1, 1, 1, 1, 1, 1, 1, 1, 1, 1, 1, 1, 1, 1, 1, 1, 1, 1, 1, 1, 1, 1, 1, 1, 1, 1, 1, 1, 1, 1, 1, 1, 1, 1, 1, 1, 1, 1, 1, 1, 1, 1, 1, 1, 1, 1, 1, 1, 1, 1, 1, 1, 1, 1, 1, 1, 1, 1, 1, 1, 1, 1, 1, 1, 1, 1, 1, 1, 1, 1, 1, 1, 1, 1, 1, 1, 1, 1, 1, 1, 1, 1, 1, 1, 1, 1, 1, 1, 1, 1, 1, 1, 1, 1, 1, 1, 1, 1, 1, 1, 1, 1, 1, 1, 1, 1, 1, 1, 1, 1, 1, 1, 1, 1, 1, 1, 1, 1, 1, 1, 1, 1, 1, 1, 1, 1, 1, 1, 1, 1, 1, 1, 1, 1, 1, 1, 1, 1, 1, 1, 1, 1, 1, 1, 1, 1, 1, 1, 1, 1, 1, 1, 1, 1, 1, 1, 1, 1, 1, 1, 1, 1, 1, 1, 1, 1, 1, 1, 1, 1, 1, 1, 1, 1, 1, 1, 1, 1, 1, 1, 1, 1, 1, 1, 1, 1, 1, 1, 1, 1, 1, 1, 1, 1, 1, 1, 1, 1, 1, 1, 1, 1, 1, 1, 1, 1, 1, 1, 1, 1, 1, 1, 1, 1, 1, 1, 1, 1, 1, 1, 1, 1, 1, 1, 1, 1, 1, 1, 1, 1, 1, 1, 1, 1, 1, 1, 1, 1, 1, 1, 1, 1, 1, 1, 1, 1, 1, 1, 1, 1, 1, 1, 1, 1, 1, 1, 1, 1, 1, 1, 1, 1, 1, 1, 1, 1, 1, 1, 1, 1, 1, 1, 1, 1, 1, 1, 1, 1, 1, 1, 1, 1, 1, 1, 1, 1, 1, 1, 1, 1, 1, 1, 1, 1, 1, 1, 1, 1, 1, 1, 1, 1, 1, 1, 1, 1, 1, 1, 1, 1, 1, 1, 1, 1, 1, 1, 1, 1, 1, 1, 1, 1, 1, 1, 1, 1, 1, 1, 1, 1, 1, 1, 1, 1, 1, 1, 1, 1, 1, 1, 1, 1, 1, 1, 1, 1, 1, 1, 1, 1, 1, 1, 1, 1, 1, 1, 1, 1, 1, 1, 1, 1, 1, 1, 1, 1, 1, 1, 1, 1, 1, 1, 1, 1, 1, 1, 1, 1, 1, 1, 1, 1, 1, 1, 1, 1, 1, 1, 1, 1, 1, 1, 1, 1, 1, 1, 1, 1, 1, 1, 1, 1, 1, 1, 1, 1, 1, 1, 1, 1, 1, 1, 1, 1, 1, 1, 1, 1, 1, 1, 1, 1, 1, 1, 1, 1, 1, 1, 1, 1, 1, 1, 1, 2, 2, 2, 2, 1, 1, 2, 2, 2, 2, 1, 1, 2, 2, 2, 2, 1, 1, 2, 2, 2, 2, 1, 1, 2, 2, 2, 2, 1, 1, 2, 2, 2, 2, 1, 1, 2, 2, 2, 2, 1, 1, 2, 2, 2, 2, 1, 1, 2, 2, 2, 2, 1, 1, 2, 2, 2, 2, 1, 1, 2, 2, 2, 2, 1, 1, 2, 2, 2, 2, 1, 1, 2, 2, 2, 2, 1, 1, 2, 2, 2, 2, 1, 1, 2, 2, 2, 2, 1, 1, 2, 2, 2, 2, 1, 1, 2, 2, 2, 2, 1, 1, 2, 2, 2, 2, 1, 1, 2, 2, 2, 2, 1, 1, 2, 2, 2, 2, 1, 1, 2, 2, 2, 2, 1, 1, 2, 2, 2, 2, 1, 1, 2, 2, 2, 2, 1, 1, 2, 2, 2, 2, 1, 1, 2, 2, 2, 2, 1, 1, 2, 2, 2, 2, 1, 1, 2, 2, 2, 2, 1, 1, 2, 2, 2, 2, 1, 1, 2, 2, 2, 2, 1, 1, 2, 2, 2, 2, 1, 1, 2, 2, 2, 2, 1, 1, 2, 2, 2, 2, 1, 1, 2, 2, 2, 2, 1, 1, 2, 2, 2, 2, 1, 1, 2, 2, 2, 2, 1, 1, 2, 2, 2, 2, 1, 1, 2, 2, 2, 2, 1, 1, 2, 2, 2, 2, 1, 1, 2, 2, 2, 2, 1, 1, 2, 2, 2, 2, 1, 1, 2, 2, 2, 2, 1, 1, 2, 2, 2, 2, 1, 1, 2, 2, 2, 2, 1, 1, 2, 2, 2, 2, 1, 1, 2, 2, 2, 2, 1, 1, 2, 2, 2, 2, 1, 1, 2, 2, 2, 2, 1, 1, 2, 2, 2, 2, 1, 1, 2, 2, 2, 2, 1, 1, 2, 2, 2, 2, 1, 1, 2, 2, 2, 2, 1, 1, 2, 2, 2, 2, 1, 1, 2, 2, 2, 2, 1, 1, 2, 2, 2, 2, 1, 1, 2, 2, 2, 2, 1, 1, 2, 2, 2, 2, 1, 1, 2, 2, 2, 2, 1, 1, 2, 2, 2, 2, 1, 1, 2, 2, 2, 2, 1, 1, 2, 2, 2, 2, 1, 1, 2, 2, 2, 2, 1, 1, 2, 2, 2, 2, 1, 1, 2, 2, 2, 2, 1, 1, 2, 2, 2, 2, 1, 1, 2, 2, 2, 2, 1, 1, 2, 2, 2, 2, 1, 1, 2, 2, 2, 2, 1, 1, 2, 2, 2, 2, 1, 1, 2, 2, 2, 2, 1, 1, 2, 2, 2, 2, 1, 1, 2, 2, 2, 2, 1, 1, 2, 2, 2, 2, 1, 1, 2, 2, 2, 2, 1, 1, 2, 2, 2, 2, 1, 1, 2, 2, 2, 2, 1, 1, 2, 2, 2, 2, 1, 1, 2, 2, 2, 2, 1, 1, 2, 2, 2, 2, 1, 1, 2, 2, 2, 2, 1, 1, 2, 2, 2, 2, 1, 1, 2, 2, 2, 2, 1, 1, 2, 2, 2, 2, 1, 1, 2, 2, 2, 2, 1, 1, 2, 2, 2, 2, 1, 1, 2, 2, 2, 2, 1, 1, 2, 2, 2, 2, 1, 1, 2, 2, 2, 2, 1, 1, 2, 2, 2, 2, 1, 1, 2, 2, 2, 2, 1, 1, 2, 2, 2, 2, 1, 1, 2, 2, 2, 2, 1, 1, 2, 2, 2, 2, 1, 1, 2, 2, 2, 2, 1, 1, 2, 2, 2, 2, 1, 1, 2, 2, 2, 2, 1, 1, 2, 2, 2, 2, 1, 1, 2, 2, 2, 2, 1, 1, 2, 2, 2, 2, 1, 1, 2, 2, 2, 2, 1, 1, 2, 2, 2, 2, 1, 1, 2, 2, 2, 2, 1, 1, 2, 2, 2, 2, 1, 1, 2, 2, 2, 2, 1, 1, 2, 2, 2, 2, 1, 1, 2, 2, 2, 2, 1, 1, 2, 2, 2, 2, 1, 1, 2, 2, 2, 2, 1, 1, 2, 2, 2, 2, 1, 1, 2, 2, 2, 2, 1, 1, 2, 2, 2, 2, 1, 1, 2, 2, 2, 2, 1, 1, 2, 2, 2, 2, 1, 1, 2, 2, 2, 2, 1, 1, 2, 2, 2, 2, 1, 1, 2, 2, 2, 2, 1, 1, 2, 2, 2, 2, 1, 1, 2, 2, 2, 2, 1, 1, 2, 2, 2, 2, 1, 1, 2, 2, 2, 2, 1, 1, 2, 2, 2, 2, 1, 1, 2, 2, 2, 2, 1, 1, 2, 2, 2, 2, 1, 1, 2, 2, 2, 2, 1, 1, 2, 2, 2, 2, 1, 1, 2, 2, 2, 2, 1, 1, 2, 2, 2, 2, 1, 1, 2, 2, 2, 2, 1, 1, 2, 2, 2, 2, 1, 1, 2, 2, 2, 2, 1, 1, 2, 2, 2, 2, 1, 1, 2, 2, 2, 2, 1, 1, 2, 2, 2, 2, 1, 1, 2, 2, 2, 2, 1, 1, 2, 2, 2, 2, 1, 1, 2, 2, 2, 2, 1, 1, 2, 2, 2, 2, 1, 1, 2, 2, 2, 2, 1, 1, 2, 2, 2, 2, 1, 1, 2, 2, 2, 2, 1, 1, 2, 2, 2, 2, 1, 1, 2, 2, 2, 2, 1, 1, 2, 2, 2, 2, 1, 1, 2, 2, 2, 2, 1, 1, 2, 2, 2, 2, 1, 1, 2, 2, 2, 2, 1, 1, 2, 2, 2, 2, 1, 1, 2, 2, 2, 2, 1, 1, 2, 2, 2, 2, 1, 1, 2, 2, 2, 2, 1, 1, 2, 2, 2, 2, 1, 1, 2, 2, 2, 2, 1, 1, 2, 2, 2, 2, 1, 1, 2, 2, 2, 2, 1, 1, 2, 2, 2, 2, 1, 1, 2, 2, 2, 2, 1, 1, 2, 2, 2, 2, 1, 1, 2, 2, 2, 2, 1, 1, 2, 2, 2, 2, 1, 1, 2, 2, 2, 2, 1, 1, 2, 2, 2, 2, 1, 1, 2, 2, 2, 2, 1, 1, 2, 2, 2, 2, 1, 1, 2, 2, 2, 2, 1, 1, 2, 2, 2, 2, 1, 1, 2, 2, 2, 2, 1, 1, 2, 2, 2, 2, 1, 1, 2, 2, 2, 2, 1, 1, 2, 2, 2, 2, 1, 1, 2, 2, 2, 2, 1, 1, 2, 2, 2, 2, 1, 1, 2, 2, 2, 2, 1, 1, 2, 2, 2, 2, 1, 1, 2, 2, 2, 2, 1, 1, 2, 2, 2, 2, 1, 1, 2, 2, 2, 2, 1, 1, 2, 2, 2, 2, 1, 1, 2, 2, 2, 2, 1, 1, 2, 2, 2, 2, 1, 1, 2, 2, 2, 2, 1, 1, 2, 2, 2, 2, 1, 1, 2, 2, 2, 2, 1, 1, 2, 2, 2, 2, 1, 1, 2, 2, 2, 2, 1, 1, 2, 2, 2, 2, 1, 1, 2, 2, 2, 2, 1, 1, 2, 2, 2, 2, 1, 1, 2, 2, 2, 2, 1, 1, 2, 2, 2, 2, 1, 1, 2, 2, 2, 2, 1, 1, 2, 2, 2, 2, 1, 1, 2, 2, 2, 2, 1, 1, 2, 2, 2, 2, 1, 1, 2, 2, 2, 2, 1, 1, 2, 2, 2, 2, 1, 1, 2, 2, 2, 2, 1, 1, 2, 2, 2, 2, 1, 1, 2, 2, 2, 2, 1, 1, 2, 2, 2, 2, 1, 1, 2, 2, 2, 2, 1, 1, 2, 2, 2, 2, 1, 1, 2, 2, 2, 2, 1, 1, 2, 2, 2, 2, 1, 1, 2, 2, 2, 2, 1, 1, 2, 2, 2, 2, 1, 1, 2, 2, 2, 2, 1, 1, 2, 2, 2, 2, 1, 1, 2, 2, 2, 2, 1, 1, 2, 2, 2, 2, 1, 1, 2, 2, 2, 2, 1, 1, 2, 2, 2, 2, 1, 1, 2, 2, 2, 2, 1, 1, 2, 2, 2, 2, 1, 1, 2, 2, 2, 2, 1, 1, 2, 2, 2, 2, 1, 1, 2, 2, 2, 2, 1, 1, 2, 2, 2, 2]
    }

    def Mesh "Visual" (
        prepend apiSchemas = ["MaterialBindingAPI"]
    )
    {
        float3[] extent = [(-0.035, -0.0225, -0.003), (0.035, 0.0225, 0.003)]
int[] faceVertexCounts = [3, 3, 3, 3, 3, 3, 3, 3, 3, 3, 3, 3, 3, 3, 3, 3, 3, 3, 3, 3, 3, 3, 3, 3, 3, 3, 3, 3, 3, 3, 3, 3, 3, 3, 3, 3, 3, 3, 3, 3, 3, 3, 3, 3, 3, 3, 3, 3, 3, 3, 3, 3, 3, 3, 3, 3, 3, 3, 3, 3, 3, 3, 3, 3, 3, 3, 3, 3, 3, 3, 3, 3, 3, 3, 3, 3, 3, 3, 3, 3, 3, 3, 3, 3, 3, 3, 3, 3, 3, 3, 3, 3, 3, 3, 3, 3, 3, 3, 3, 3, 3, 3, 3, 3, 3, 3, 3, 3, 3, 3, 3, 3, 3, 3, 3, 3, 3, 3, 3, 3, 3, 3, 3, 3, 3, 3, 3, 3, 3, 3, 3, 3, 3, 3, 3, 3, 3, 3, 3, 3, 3, 3, 3, 3, 3, 3, 3, 3, 3, 3, 3, 3, 3, 3, 3, 3, 3, 3, 3, 3, 3, 3, 3, 3, 3, 3, 3, 3, 3, 3, 3, 3, 3, 3, 3, 3, 3, 3, 3, 3, 3, 3, 3, 3, 3, 3, 3, 3, 3, 3, 3, 3, 3, 3, 3, 3, 3, 3, 3, 3, 3, 3, 3, 3, 3, 3, 3, 3, 3, 3, 3, 3, 3, 3, 3, 3, 3, 3, 3, 3, 3, 3, 3, 3, 3, 3, 3, 3, 3, 3, 3, 3, 3, 3, 3, 3, 3, 3, 3, 3, 3, 3, 3, 3, 3, 3, 3, 3, 3, 3, 3, 3, 3, 3, 3, 3, 3, 3, 3, 3, 3, 3, 3, 3, 3, 3, 3, 3, 3, 3, 3, 3, 3, 3, 3, 3, 3, 3, 3, 3, 3, 3, 3, 3, 3, 3, 3, 3, 3, 3, 3, 3, 3, 3, 3, 3, 3, 3, 3, 3, 3, 3, 3, 3, 3, 3, 3, 3, 3, 3, 3, 3, 3, 3, 3, 3, 3, 3, 3, 3, 3, 3, 3, 3, 3, 3, 3, 3, 3, 3, 3, 3, 3, 3, 3, 3, 3, 3, 3, 3, 3, 3, 3, 3, 3, 3, 3, 3, 3, 3, 3, 3, 3, 3, 3, 3, 3, 3, 3, 3, 3, 3, 3, 3, 3, 3, 3, 3, 3, 3, 3, 3, 3, 3, 3, 3, 3, 3, 3, 3, 3, 3, 3, 3, 3, 3, 3, 3, 3, 3, 3, 3, 3, 3, 3, 3, 3, 3, 3, 3, 3, 3, 3, 3, 3, 3, 3, 3, 3, 3, 3, 3, 3, 3, 3, 3, 3, 3, 3, 3, 3, 3, 3, 3, 3, 3, 3, 3, 3, 3, 3, 3, 3, 3, 3, 3, 3, 3, 3, 3, 3, 3, 3, 3, 3, 3, 3, 3, 3, 3, 3, 3, 3, 3, 3, 3, 3, 3, 3, 3, 3, 3, 3, 3, 3, 3, 3, 3, 3, 3, 3, 3, 3, 3, 3, 3, 3, 3, 3, 3, 3, 3, 3, 3, 3, 3, 3, 3, 3, 3, 3, 3, 3, 3, 3, 3, 3, 3, 3, 3, 3, 3, 3, 3, 3, 3, 3, 3, 3, 3, 3, 3, 3, 3, 3, 3, 3, 3, 3, 3, 3, 3, 3, 3, 3, 3, 3, 3, 3, 3, 3, 3, 3, 3, 3, 3, 3, 3, 3, 3, 3, 3, 3, 3, 3, 3, 3, 3, 3, 3, 3, 3, 3, 3, 3, 3, 3, 3, 3, 3, 3, 3, 3, 3, 3, 3, 3, 3, 3, 3, 3, 3, 3, 3, 3, 3, 3, 3, 3, 3, 3, 3, 3, 3, 3, 3, 3, 3, 3, 3, 3, 3, 3, 3, 3, 3, 3, 3, 3, 3, 3, 3, 3, 3, 3, 3, 3, 3, 3, 3, 3, 3, 3, 3, 3, 3, 3, 3, 3, 3, 3, 3, 3, 3, 3, 3, 3, 3, 3, 3, 3, 3, 3, 3, 3, 3, 3, 3, 3, 3, 3, 3, 3, 3, 3, 3, 3, 3, 3, 3, 3, 3, 3, 3, 3, 3, 3, 3, 3, 3, 3, 3, 3, 3, 3, 3, 3, 3, 3, 3, 3, 3, 3, 3, 3, 3, 3, 3, 3, 3, 3, 3, 3, 3, 3, 3, 3, 3, 3, 3, 3, 3, 3, 3, 3, 3, 3, 3, 3, 3, 3, 3, 3, 3, 3, 3, 3, 3, 3, 3, 3, 3, 3, 3, 3, 3, 3, 3, 3, 3, 3, 3, 3, 3, 3, 3, 3, 3, 3, 3, 3, 3, 3, 3, 3, 3, 3, 3, 3, 3, 3, 3, 3, 3, 3, 3, 3, 3, 3, 3, 3, 3, 3, 3, 3, 3, 3, 3, 3, 3, 3, 3, 3, 3, 3, 3, 3, 3, 3, 3, 3, 3, 3, 3, 3, 3, 3, 3, 3, 3, 3, 3, 3, 3, 3, 3, 3, 3, 3, 3, 3, 3, 3, 3, 3, 3, 3, 3, 3, 3, 3, 3, 3, 3, 3, 3, 3, 3, 3, 3, 3, 3, 3, 3, 3, 3, 3, 3, 3, 3, 3, 3, 3, 3, 3, 3, 3, 3, 3, 3, 3, 3, 3, 3, 3, 3, 3, 3, 3, 3, 3, 3, 3, 3, 3, 3, 3, 3, 3, 3, 3, 3, 3, 3, 3, 3, 3, 3, 3, 3, 3, 3, 3, 3, 3, 3, 3, 3, 3, 3, 3, 3, 3, 3, 3, 3, 3, 3, 3, 3, 3, 3, 3, 3, 3, 3, 3, 3, 3, 3, 3, 3, 3, 3, 3, 3, 3, 3, 3, 3, 3, 3, 3, 3, 3, 3, 3, 3, 3, 3, 3, 3, 3, 3, 3, 3, 3, 3, 3, 3, 3, 3, 3, 3, 3, 3, 3, 3, 3, 3, 3, 3, 3, 3, 3, 3, 3, 3, 3, 3, 3, 3, 3, 3, 3, 3, 3, 3, 3, 3, 3, 3, 3, 3, 3, 3, 3, 3, 3, 3, 3, 3, 3, 3, 3, 3, 3, 3, 3, 3, 3, 3, 3, 3, 3, 3, 3, 3, 3, 3, 3, 3, 3, 3, 3, 3, 3, 3, 3, 3, 3, 3, 3, 3, 3, 3, 3, 3, 3, 3, 3, 3, 3, 3, 3, 3, 3, 3, 3, 3, 3, 3, 3, 3, 3, 3, 3, 3, 3, 3, 3, 3, 3, 3, 3, 3, 3, 3, 3, 3, 3, 3, 3, 3, 3, 3, 3, 3, 3, 3, 3, 3, 3, 3, 3, 3, 3, 3, 3, 3, 3, 3, 3, 3, 3, 3, 3, 3, 3, 3, 3, 3, 3, 3, 3, 3, 3, 3, 3, 3, 3, 3, 3, 3, 3, 3, 3, 3, 3, 3, 3, 3, 3, 3, 3, 3, 3, 3, 3, 3, 3, 3, 3, 3, 3, 3, 3, 3, 3, 3, 3, 3, 3, 3, 3, 3, 3, 3, 3, 3, 3, 3, 3, 3, 3, 3, 3, 3, 3, 3, 3, 3, 3, 3, 3, 3, 3, 3, 3, 3, 3, 3, 3, 3, 3, 3, 3, 3, 3, 3, 3, 3, 3, 3, 3, 3, 3, 3, 3, 3, 3, 3, 3, 3, 3, 3, 3, 3, 3, 3, 3, 3, 3, 3, 3, 3, 3, 3, 3, 3, 3, 3, 3, 3, 3, 3, 3, 3, 3, 3, 3, 3, 3, 3, 3, 3, 3, 3, 3, 3, 3, 3, 3, 3, 3, 3, 3, 3, 3, 3, 3, 3, 3, 3, 3, 3, 3, 3, 3, 3, 3, 3, 3, 3, 3, 3, 3, 3, 3, 3, 3, 3, 3, 3, 3, 3, 3, 3, 3, 3, 3, 3, 3, 3, 3, 3, 3, 3, 3, 3, 3, 3, 3, 3, 3, 3, 3, 3, 3, 3, 3, 3, 3, 3, 3, 3, 3, 3, 3, 3, 3, 3, 3, 3, 3, 3, 3, 3, 3, 3, 3, 3, 3, 3, 3, 3, 3, 3, 3, 3, 3, 3, 3, 3, 3, 3, 3, 3, 3, 3, 3, 3, 3, 3, 3, 3, 3, 3, 3, 3, 3, 3, 3, 3, 3, 3, 3, 3, 3, 3, 3, 3, 3, 3, 3, 3, 3, 3, 3, 3, 3, 3, 3, 3, 3, 3, 3, 3, 3, 3, 3, 3, 3, 3, 3, 3, 3, 3, 3, 3, 3, 3, 3, 3, 3, 3, 3, 3, 3, 3, 3, 3, 3, 3, 3, 3, 3, 3, 3, 3, 3, 3, 3, 3, 3, 3, 3, 3, 3, 3, 3, 3, 3, 3, 3, 3, 3, 3, 3, 3, 3, 3, 3, 3, 3, 3, 3, 3, 3, 3, 3, 3, 3, 3, 3, 3, 3, 3, 3, 3, 3, 3, 3, 3, 3, 3, 3, 3, 3, 3, 3, 3, 3, 3, 3, 3, 3, 3, 3, 3, 3, 3, 3, 3, 3, 3, 3, 3, 3, 3, 3, 3, 3, 3, 3, 3, 3, 3, 3, 3, 3, 3, 3, 3, 3, 3, 3, 3, 3, 3, 3, 3, 3, 3, 3, 3, 3, 3, 3, 3, 3, 3, 3, 3, 3, 3, 3, 3, 3, 3, 3, 3, 3, 3, 3, 3, 3, 3, 3, 3, 3, 3, 3, 3, 3, 3, 3, 3, 3, 3, 3, 3, 3, 3, 3, 3, 3, 3, 3, 3, 3, 3, 3, 3, 3, 3, 3, 3, 3, 3, 3, 3, 3, 3, 3, 3, 3, 3, 3, 3, 3, 3, 3, 3, 3, 3, 3, 3, 3, 3, 3, 3, 3, 3, 3, 3, 3, 3, 3, 3, 3, 3, 3, 3, 3, 3, 3, 3, 3, 3, 3, 3, 3, 3, 3, 3, 3, 3, 3, 3, 3, 3, 3, 3, 3, 3, 3, 3, 3, 3, 3, 3, 3, 3, 3, 3, 3, 3, 3, 3, 3, 3, 3, 3, 3, 3, 3, 3, 3, 3, 3, 3, 3, 3, 3, 3, 3, 3, 3, 3, 3, 3, 3, 3, 3, 3, 3, 3, 3, 3, 3, 3, 3, 3, 3, 3, 3, 3, 3, 3, 3, 3, 3, 3, 3, 3, 3, 3, 3, 3, 3, 3, 3, 3, 3, 3, 3, 3, 3, 3, 3, 3, 3, 3, 3, 3, 3, 3, 3, 3, 3, 3, 3, 3, 3, 3, 3, 3, 3, 3, 3, 3, 3, 3, 3, 3, 3, 3, 3, 3, 3, 3, 3, 3, 3, 3, 3, 3, 3, 3, 3, 3, 3, 3, 3, 3, 3, 3, 3, 3, 3, 3, 3, 3, 3, 3, 3, 3, 3, 3, 3, 3, 3, 3, 3, 3, 3, 3, 3, 3, 3, 3, 3, 3, 3, 3, 3, 3, 3, 3, 3, 3, 3, 3, 3, 3, 3, 3, 3, 3, 3, 3, 3, 3, 3, 3, 3, 3, 3, 3, 3, 3, 3, 3, 3, 3, 3, 3, 3, 3, 3, 3, 3, 3, 3, 3, 3, 3, 3, 3, 3, 3, 3, 3, 3, 3, 3, 3, 3, 3, 3, 3, 3, 3, 3, 3, 3, 3, 3, 3, 3, 3, 3, 3, 3, 3, 3, 3, 3, 3, 3, 3, 3, 3, 3, 3, 3, 3, 3, 3, 3, 3, 3, 3, 3, 3, 3, 3, 3, 3, 3, 3, 3, 3, 3, 3, 3, 3, 3, 3, 3, 3, 3, 3, 3, 3, 3, 3, 3, 3, 3, 3, 3, 3, 3, 3, 3, 3, 3, 3, 3, 3, 3, 3, 3, 3, 3, 3, 3, 3, 3, 3, 3, 3, 3, 3, 3, 3, 3, 3, 3, 3, 3, 3, 3, 3, 3, 3, 3, 3, 3, 3, 3, 3, 3, 3, 3, 3, 3, 3, 3, 3, 3, 3, 3, 3, 3, 3, 3, 3, 3, 3, 3, 3, 3, 3, 3, 3, 3, 3, 3, 3, 3, 3, 3, 3, 3, 3, 3, 3, 3, 3, 3, 3, 3, 3, 3, 3, 3, 3, 3, 3, 3, 3, 3, 3, 3, 3, 3, 3, 3, 3, 3, 3, 3, 3, 3, 3, 3, 3, 3, 3, 3, 3, 3, 3, 3, 3, 3, 3, 3, 3, 3, 3, 3, 3, 3, 3, 3, 3, 3, 3, 3, 3, 3, 3, 3, 3, 3, 3, 3, 3, 3, 3, 3, 3, 3, 3, 3, 3, 3, 3, 3, 3, 3, 3, 3, 3, 3, 3, 3, 3, 3, 3, 3, 3, 3, 3, 3, 3, 3, 3, 3, 3, 3, 3, 3, 3, 3, 3, 3, 3, 3, 3, 3, 3, 3, 3, 3, 3, 3, 3, 3, 3, 3, 3, 3, 3, 3, 3, 3, 3, 3, 3, 3, 3, 3, 3, 3, 3, 3, 3, 3, 3, 3, 3, 3, 3, 3, 3, 3, 3, 3, 3, 3, 3, 3, 3, 3, 3, 3, 3, 3, 3, 3, 3, 3, 3, 3, 3, 3, 3, 3, 3, 3, 3, 3, 3, 3, 3, 3, 3, 3, 3, 3, 3, 3, 3, 3, 3, 3, 3, 3, 3, 3, 3, 3, 3, 3, 3, 3, 3, 3, 3, 3, 3, 3, 3, 3, 3, 3, 3, 3, 3, 3, 3, 3, 3, 3, 3, 3, 3, 3, 3, 3, 3, 3, 3, 3, 3, 3, 3, 3, 3, 3, 3, 3, 3, 3, 3, 3, 3, 3, 3, 3, 3, 3, 3, 3, 3, 3, 3, 3, 3, 3, 3, 3, 3, 3, 3, 3, 3, 3, 3, 3, 3, 3, 3, 3, 3, 3, 3, 3, 3, 3, 3, 3, 3, 3, 3, 3, 3, 3, 3, 3, 3, 3, 3, 3, 3, 3, 3, 3, 3, 3, 3, 3, 3, 3, 3, 3, 3, 3, 3, 3, 3, 3, 3, 3, 3, 3, 3, 3, 3, 3, 3, 3, 3, 3, 3, 3, 3, 3, 3, 3, 3, 3, 3, 3, 3, 3, 3, 3, 3, 3, 3, 3, 3, 3, 3, 3, 3, 3, 3, 3, 3, 3, 3, 3, 3, 3, 3, 3, 3, 3, 3, 3, 3, 3, 3, 3, 3, 3, 3, 3, 3, 3, 3, 3, 3, 3, 3, 3, 3, 3, 3, 3, 3, 3, 3, 3, 3, 3, 3, 3, 3, 3, 3, 3, 3, 3, 3, 3, 3, 3, 3, 3, 3, 3, 3, 3, 3, 3, 3, 3, 3, 3, 3, 3, 3, 3, 3, 3, 3, 3, 3, 3, 3, 3, 3, 3, 3, 3, 3, 3, 3, 3, 3, 3, 3, 3, 3, 3, 3, 3, 3, 3, 3, 3, 3, 3, 3, 3, 3, 3, 3, 3, 3, 3, 3, 3, 3, 3, 3, 3, 3, 3, 3, 3, 3, 3, 3, 3, 3, 3, 3, 3, 3, 3, 3, 3, 3, 3, 3, 3, 3, 3, 3, 3, 3, 3, 3, 3, 3, 3, 3, 3, 3, 3, 3, 3, 3, 3, 3, 3, 3, 3, 3, 3, 3, 3, 3, 3, 3, 3, 3, 3, 3, 3, 3, 3, 3, 3, 3, 3, 3, 3, 3, 3, 3, 3, 3, 3, 3, 3, 3, 3, 3, 3, 3, 3, 3, 3, 3, 3, 3, 3, 3, 3, 3, 3, 3, 3, 3, 3, 3, 3, 3, 3, 3, 3, 3, 3, 3, 3, 3, 3, 3, 3, 3, 3, 3, 3, 3, 3, 3, 3, 3, 3, 3, 3, 3, 3, 3, 3, 3, 3, 3, 3, 3, 3, 3, 3, 3, 3, 3, 3, 3, 3, 3, 3, 3, 3, 3, 3, 3, 3, 3, 3, 3, 3, 3, 3, 3, 3, 3, 3, 3, 3, 3, 3, 3, 3, 3, 3, 3, 3, 3, 3, 3, 3, 3, 3, 3, 3, 3, 3, 3, 3, 3, 3, 3, 3, 3, 3, 3, 3, 3, 3, 3, 3, 3, 3, 3, 3, 3, 3, 3, 3, 3, 3, 3, 3, 3, 3, 3, 3, 3, 3, 3, 3, 3, 3, 3, 3, 3, 3, 3, 3, 3, 3, 3, 3, 3, 3, 3, 3, 3, 3, 3, 3, 3, 3, 3, 3, 3, 3, 3, 3, 3, 3, 3, 3, 3, 3, 3, 3, 3, 3, 3, 3, 3, 3, 3, 3, 3, 3, 3, 3, 3, 3, 3, 3, 3, 3, 3, 3, 3, 3, 3, 3, 3, 3, 3, 3, 3, 3, 3, 3, 3, 3, 3, 3, 3, 3, 3, 3, 3, 3, 3, 3, 3, 3, 3, 3, 3, 3, 3, 3, 3, 3, 3, 3, 3, 3, 3, 3, 3, 3, 3, 3, 3, 3, 3, 3, 3, 3, 3, 3, 3, 3, 3, 3, 3, 3, 3, 3, 3, 3, 3, 3, 3, 3, 3, 3, 3, 3, 3]
int[] faceVertexIndices = [0, 14, 1, 0, 1, 248, 0, 13, 14, 0, 260, 13, 0, 248, 247, 0, 247, 260, 1, 15, 2, 1, 2, 249, 1, 14, 15, 1, 249, 248, 2, 16, 3, 2, 3, 250, 2, 15, 16, 2, 250, 249, 3, 17, 4, 3, 4, 251, 3, 16, 17, 3, 251, 250, 4, 18, 5, 4, 5, 252, 4, 17, 18, 4, 252, 251, 5, 19, 6, 5, 6, 253, 5, 18, 19, 5, 253, 252, 6, 20, 7, 6, 7, 254, 6, 19, 20, 6, 254, 253, 7, 21, 8, 7, 8, 255, 7, 20, 21, 7, 255, 254, 8, 22, 9, 8, 9, 256, 8, 21, 22, 8, 256, 255, 9, 23, 10, 9, 10, 257, 9, 22, 23, 9, 257, 256, 10, 24, 11, 10, 11, 258, 10, 23, 24, 10, 258, 257, 11, 25, 12, 11, 12, 259, 11, 24, 25, 11, 259, 258, 12, 25, 272, 259, 12, 272, 13, 27, 14, 13, 26, 27, 13, 273, 26, 13, 260, 273, 14, 28, 15, 14, 27, 28, 15, 29, 16, 15, 28, 29, 16, 30, 17, 16, 29, 30, 17, 31, 18, 17, 30, 31, 18, 32, 19, 18, 31, 32, 19, 33, 20, 19, 32, 33, 20, 34, 21, 20, 33, 34, 21, 35, 22, 21, 34, 35, 22, 36, 23, 22, 35, 36, 23, 37, 24, 23, 36, 37, 24, 38, 25, 24, 37, 38, 25, 38, 285, 272, 25, 285, 26, 40, 27, 26, 39, 40, 26, 286, 39, 26, 273, 286, 27, 41, 28, 27, 40, 41, 28, 42, 29, 28, 41, 42, 29, 43, 30, 29, 42, 43, 30, 44, 31, 30, 43, 44, 31, 45, 32, 31, 44, 45, 32, 46, 33, 32, 45, 46, 33, 47, 34, 33, 46, 47, 34, 48, 35, 34, 47, 48, 35, 49, 36, 35, 48, 49, 36, 50, 37, 36, 49, 50, 37, 51, 38, 37, 50, 51, 38, 51, 298, 285, 38, 298, 39, 53, 40, 39, 52, 53, 39, 299, 52, 39, 286, 299, 40, 54, 41, 40, 53, 54, 41, 55, 42, 41, 54, 55, 42, 56, 43, 42, 55, 56, 43, 57, 44, 43, 56, 57, 44, 58, 45, 44, 57, 58, 45, 59, 46, 45, 58, 59, 46, 60, 47, 46, 59, 60, 47, 61, 48, 47, 60, 61, 48, 62, 49, 48, 61, 62, 49, 63, 50, 49, 62, 63, 50, 64, 51, 50, 63, 64, 51, 64, 311, 298, 51, 311, 52, 66, 53, 52, 65, 66, 52, 312, 65, 52, 299, 312, 53, 67, 54, 53, 66, 67, 54, 68, 55, 54, 67, 68, 55, 69, 56, 55, 68, 69, 56, 70, 57, 56, 69, 70, 57, 71, 58, 57, 70, 71, 58, 72, 59, 58, 71, 72, 59, 73, 60, 59, 72, 73, 60, 74, 61, 60, 73, 74, 61, 75, 62, 61, 74, 75, 62, 76, 63, 62, 75, 76, 63, 77, 64, 63, 76, 77, 64, 77, 324, 311, 64, 324, 65, 79, 66, 65, 78, 79, 65, 325, 78, 65, 312, 325, 66, 80, 67, 66, 79, 80, 67, 81, 68, 67, 80, 81, 68, 82, 69, 68, 81, 82, 69, 83, 70, 69, 82, 83, 70, 84, 71, 70, 83, 84, 71, 85, 72, 71, 84, 85, 72, 86, 73, 72, 85, 86, 73, 87, 74, 73, 86, 87, 74, 88, 75, 74, 87, 88, 75, 89, 76, 75, 88, 89, 76, 90, 77, 76, 89, 90, 77, 90, 337, 324, 77, 337, 78, 92, 79, 78, 91, 92, 78, 338, 91, 78, 325, 338, 79, 93, 80, 79, 92, 93, 80, 94, 81, 80, 93, 94, 81, 95, 82, 81, 94, 95, 82, 96, 83, 82, 95, 96, 83, 97, 84, 83, 96, 97, 84, 98, 85, 84, 97, 98, 85, 99, 86, 85, 98, 99, 86, 100, 87, 86, 99, 100, 87, 101, 88, 87, 100, 101, 88, 102, 89, 88, 101, 102, 89, 103, 90, 89, 102, 103, 90, 103, 350, 337, 90, 350, 91, 105, 92, 91, 104, 105, 91, 351, 104, 91, 338, 351, 92, 106, 93, 92, 105, 106, 93, 107, 94, 93, 106, 107, 94, 108, 95, 94, 107, 108, 95, 109, 96, 95, 108, 109, 96, 110, 97, 96, 109, 110, 97, 111, 98, 97, 110, 111, 98, 112, 99, 98, 111, 112, 99, 113, 100, 99, 112, 113, 100, 114, 101, 100, 113, 114, 101, 115, 102, 101, 114, 115, 102, 116, 103, 102, 115, 116, 103, 116, 363, 350, 103, 363, 104, 118, 105, 104, 117, 118, 104, 364, 117, 104, 351, 364, 105, 119, 106, 105, 118, 119, 106, 120, 107, 106, 119, 120, 107, 121, 108, 107, 120, 121, 108, 122, 109, 108, 121, 122, 109, 123, 110, 109, 122, 123, 110, 124, 111, 110, 123, 124, 111, 125, 112, 111, 124, 125, 112, 126, 113, 112, 125, 126, 113, 127, 114, 113, 126, 127, 114, 128, 115, 114, 127, 128, 115, 129, 116, 115, 128, 129, 116, 129, 376, 363, 116, 376, 117, 131, 118, 117, 130, 131, 117, 377, 130, 117, 364, 377, 118, 132, 119, 118, 131, 132, 119, 133, 120, 119, 132, 133, 120, 134, 121, 120, 133, 134, 121, 135, 122, 121, 134, 135, 122, 136, 123, 122, 135, 136, 123, 137, 124, 123, 136, 137, 124, 138, 125, 124, 137, 138, 125, 139, 126, 125, 138, 139, 126, 140, 127, 126, 139, 140, 127, 141, 128, 127, 140, 141, 128, 142, 129, 128, 141, 142, 129, 142, 389, 376, 129, 389, 130, 144, 131, 130, 143, 144, 130, 390, 143, 130, 377, 390, 131, 145, 132, 131, 144, 145, 132, 146, 133, 132, 145, 146, 133, 147, 134, 133, 146, 147, 134, 148, 135, 134, 147, 148, 135, 149, 136, 135, 148, 149, 136, 150, 137, 136, 149, 150, 137, 151, 138, 137, 150, 151, 138, 152, 139, 138, 151, 152, 139, 153, 140, 139, 152, 153, 140, 154, 141, 140, 153, 154, 141, 155, 142, 141, 154, 155, 142, 155, 402, 389, 142, 402, 143, 157, 144, 143, 156, 157, 143, 403, 156, 143, 390, 403, 144, 158, 145, 144, 157, 158, 145, 159, 146, 145, 158, 159, 146, 160, 147, 146, 159, 160, 147, 161, 148, 147, 160, 161, 148, 162, 149, 148, 161, 162, 149, 163, 150, 149, 162, 163, 150, 164, 151, 150, 163, 164, 151, 165, 152, 151, 164, 165, 152, 166, 153, 152, 165, 166, 153, 167, 154, 153, 166, 167, 154, 168, 155, 154, 167, 168, 155, 168, 415, 402, 155, 415, 156, 170, 157, 156, 169, 170, 156, 416, 169, 156, 403, 416, 157, 171, 158, 157, 170, 171, 158, 172, 159, 158, 171, 172, 159, 173, 160, 159, 172, 173, 160, 174, 161, 160, 173, 174, 161, 175, 162, 161, 174, 175, 162, 176, 163, 162, 175, 176, 163, 177, 164, 163, 176, 177, 164, 178, 165, 164, 177, 178, 165, 179, 166, 165, 178, 179, 166, 180, 167, 166, 179, 180, 167, 181, 168, 167, 180, 181, 168, 181, 428, 415, 168, 428, 169, 183, 170, 169, 182, 183, 169, 429, 182, 169, 416, 429, 170, 184, 171, 170, 183, 184, 171, 185, 172, 171, 184, 185, 172, 186, 173, 172, 185, 186, 173, 187, 174, 173, 186, 187, 174, 188, 175, 174, 187, 188, 175, 189, 176, 175, 188, 189, 176, 190, 177, 176, 189, 190, 177, 191, 178, 177, 190, 191, 178, 192, 179, 178, 191, 192, 179, 193, 180, 179, 192, 193, 180, 194, 181, 180, 193, 194, 181, 194, 441, 428, 181, 441, 182, 196, 183, 182, 195, 196, 182, 442, 195, 182, 429, 442, 183, 197, 184, 183, 196, 197, 184, 198, 185, 184, 197, 198, 185, 199, 186, 185, 198, 199, 186, 200, 187, 186, 199, 200, 187, 201, 188, 187, 200, 201, 188, 202, 189, 188, 201, 202, 189, 203, 190, 189, 202, 203, 190, 204, 191, 190, 203, 204, 191, 205, 192, 191, 204, 205, 192, 206, 193, 192, 205, 206, 193, 207, 194, 193, 206, 207, 194, 207, 454, 441, 194, 454, 195, 209, 196, 195, 208, 209, 195, 455, 208, 195, 442, 455, 196, 210, 197, 196, 209, 210, 197, 211, 198, 197, 210, 211, 198, 212, 199, 198, 211, 212, 199, 213, 200, 199, 212, 213, 200, 214, 201, 200, 213, 214, 201, 215, 202, 201, 214, 215, 202, 216, 203, 202, 215, 216, 203, 217, 204, 203, 216, 217, 204, 218, 205, 204, 217, 218, 205, 219, 206, 205, 218, 219, 206, 220, 207, 206, 219, 220, 207, 220, 467, 454, 207, 467, 208, 222, 209, 208, 221, 222, 208, 468, 221, 208, 455, 468, 209, 223, 210, 209, 222, 223, 210, 224, 211, 210, 223, 224, 211, 225, 212, 211, 224, 225, 212, 226, 213, 212, 225, 226, 213, 227, 214, 213, 226, 227, 214, 228, 215, 214, 227, 228, 215, 229, 216, 215, 228, 229, 216, 230, 217, 216, 229, 230, 217, 231, 218, 217, 230, 231, 218, 232, 219, 218, 231, 232, 219, 233, 220, 219, 232, 233, 220, 233, 480, 467, 220, 480, 221, 235, 222, 221, 234, 235, 221, 481, 234, 221, 468, 481, 222, 236, 223, 222, 235, 236, 223, 237, 224, 223, 236, 237, 224, 238, 225, 224, 237, 238, 225, 239, 226, 225, 238, 239, 226, 240, 227, 226, 239, 240, 227, 241, 228, 227, 240, 241, 228, 242, 229, 228, 241, 242, 229, 243, 230, 229, 242, 243, 230, 244, 231, 230, 243, 244, 231, 245, 232, 231, 244, 245, 232, 246, 233, 232, 245, 246, 233, 246, 493, 480, 233, 493, 235, 234, 482, 234, 481, 482, 236, 235, 483, 235, 482, 483, 237, 236, 484, 236, 483, 484, 238, 237, 485, 237, 484, 485, 239, 238, 486, 238, 485, 486, 240, 239, 487, 239, 486, 487, 241, 240, 488, 240, 487, 488, 242, 241, 489, 241, 488, 489, 243, 242, 490, 242, 489, 490, 244, 243, 491, 243, 490, 491, 245, 244, 492, 244, 491, 492, 246, 245, 493, 245, 492, 493, 247, 248, 495, 247, 507, 260, 247, 495, 494, 247, 494, 507, 248, 249, 496, 248, 496, 495, 249, 250, 497, 249, 497, 496, 250, 251, 498, 250, 498, 497, 251, 252, 499, 251, 499, 498, 252, 253, 500, 252, 500, 499, 253, 254, 501, 253, 501, 500, 254, 255, 502, 254, 502, 501, 255, 256, 503, 255, 503, 502, 256, 257, 504, 256, 504, 503, 257, 258, 505, 257, 505, 504, 258, 259, 506, 258, 506, 505, 259, 272, 519, 506, 259, 519, 260, 520, 273, 260, 507, 520, 272, 285, 532, 519, 272, 532, 273, 533, 286, 273, 520, 533, 285, 298, 545, 532, 285, 545, 286, 546, 299, 286, 533, 546, 298, 311, 558, 545, 298, 558, 299, 559, 312, 299, 546, 559, 311, 324, 571, 558, 311, 571, 312, 572, 325, 312, 559, 572, 324, 337, 584, 571, 324, 584, 325, 585, 338, 325, 572, 585, 337, 350, 597, 584, 337, 597, 338, 598, 351, 338, 585, 598, 350, 363, 610, 597, 350, 610, 351, 611, 364, 351, 598, 611, 363, 376, 623, 610, 363, 623, 364, 624, 377, 364, 611, 624, 376, 389, 636, 623, 376, 636, 377, 637, 390, 377, 624, 637, 389, 402, 649, 636, 389, 649, 390, 650, 403, 390, 637, 650, 402, 415, 662, 649, 402, 662, 403, 663, 416, 403, 650, 663, 415, 428, 675, 662, 415, 675, 416, 676, 429, 416, 663, 676, 428, 441, 688, 675, 428, 688, 429, 689, 442, 429, 676, 689, 441, 454, 701, 688, 441, 701, 442, 702, 455, 442, 689, 702, 454, 467, 714, 701, 454, 714, 455, 715, 468, 455, 702, 715, 467, 480, 727, 714, 467, 727, 468, 728, 481, 468, 715, 728, 480, 493, 740, 727, 480, 740, 482, 481, 729, 481, 728, 729, 483, 482, 730, 482, 729, 730, 484, 483, 731, 483, 730, 731, 485, 484, 732, 484, 731, 732, 486, 485, 733, 485, 732, 733, 487, 486, 734, 486, 733, 734, 488, 487, 735, 487, 734, 735, 489, 488, 736, 488, 735, 736, 490, 489, 737, 489, 736, 737, 491, 490, 738, 490, 737, 738, 492, 491, 739, 491, 738, 739, 493, 492, 740, 492, 739, 740, 494, 495, 742, 494, 754, 507, 494, 742, 741, 494, 741, 754, 495, 496, 743, 495, 743, 742, 496, 497, 744, 496, 744, 743, 497, 498, 745, 497, 745, 744, 498, 499, 746, 498, 746, 745, 499, 500, 747, 499, 747, 746, 500, 501, 748, 500, 748, 747, 501, 502, 749, 501, 749, 748, 502, 503, 750, 502, 750, 749, 503, 504, 751, 503, 751, 750, 504, 505, 752, 504, 752, 751, 505, 506, 753, 505, 753, 752, 506, 519, 766, 753, 506, 766, 507, 767, 520, 507, 754, 767, 519, 532, 779, 766, 519, 779, 520, 780, 533, 520, 767, 780, 532, 545, 792, 779, 532, 792, 533, 793, 546, 533, 780, 793, 545, 558, 805, 792, 545, 805, 546, 806, 559, 546, 793, 806, 558, 571, 818, 805, 558, 818, 559, 819, 572, 559, 806, 819, 571, 584, 831, 818, 571, 831, 572, 832, 585, 572, 819, 832, 584, 597, 844, 831, 584, 844, 585, 845, 598, 585, 832, 845, 597, 610, 857, 844, 597, 857, 598, 858, 611, 598, 845, 858, 610, 623, 870, 857, 610, 870, 611, 871, 624, 611, 858, 871, 623, 636, 883, 870, 623, 883, 624, 884, 637, 624, 871, 884, 636, 649, 896, 883, 636, 896, 637, 897, 650, 637, 884, 897, 649, 662, 909, 896, 649, 909, 650, 910, 663, 650, 897, 910, 662, 675, 922, 909, 662, 922, 663, 923, 676, 663, 910, 923, 675, 688, 935, 922, 675, 935, 676, 936, 689, 676, 923, 936, 688, 701, 948, 935, 688, 948, 689, 949, 702, 689, 936, 949, 701, 714, 961, 948, 701, 961, 702, 962, 715, 702, 949, 962, 714, 727, 974, 961, 714, 974, 715, 975, 728, 715, 962, 975, 727, 740, 987, 974, 727, 987, 729, 728, 976, 728, 975, 976, 730, 729, 977, 729, 976, 977, 731, 730, 978, 730, 977, 978, 732, 731, 979, 731, 978, 979, 733, 732, 980, 732, 979, 980, 734, 733, 981, 733, 980, 981, 735, 734, 982, 734, 981, 982, 736, 735, 983, 735, 982, 983, 737, 736, 984, 736, 983, 984, 738, 737, 985, 737, 984, 985, 739, 738, 986, 738, 985, 986, 740, 739, 987, 739, 986, 987, 741, 742, 989, 741, 1001, 754, 741, 989, 988, 741, 988, 1001, 742, 743, 990, 742, 990, 989, 743, 744, 991, 743, 991, 990, 744, 745, 992, 744, 992, 991, 745, 746, 993, 745, 993, 992, 746, 747, 994, 746, 994, 993, 747, 748, 995, 747, 995, 994, 748, 749, 996, 748, 996, 995, 749, 750, 997, 749, 997, 996, 750, 751, 998, 750, 998, 997, 751, 752, 999, 751, 999, 998, 752, 753, 1000, 752, 1000, 999, 753, 766, 1013, 1000, 753, 1013, 754, 1014, 767, 754, 1001, 1014, 766, 779, 1026, 1013, 766, 1026, 767, 1027, 780, 767, 1014, 1027, 779, 792, 1039, 1026, 779, 1039, 780, 1040, 793, 780, 1027, 1040, 792, 805, 1052, 1039, 792, 1052, 793, 1053, 806, 793, 1040, 1053, 805, 818, 1065, 1052, 805, 1065, 806, 1066, 819, 806, 1053, 1066, 818, 831, 1078, 1065, 818, 1078, 819, 1079, 832, 819, 1066, 1079, 831, 844, 1091, 1078, 831, 1091, 832, 1092, 845, 832, 1079, 1092, 844, 857, 1104, 1091, 844, 1104, 845, 1105, 858, 845, 1092, 1105, 857, 870, 1117, 1104, 857, 1117, 858, 1118, 871, 858, 1105, 1118, 870, 883, 1130, 1117, 870, 1130, 871, 1131, 884, 871, 1118, 1131, 883, 896, 1143, 1130, 883, 1143, 884, 1144, 897, 884, 1131, 1144, 896, 909, 1156, 1143, 896, 1156, 897, 1157, 910, 897, 1144, 1157, 909, 922, 1169, 1156, 909, 1169, 910, 1170, 923, 910, 1157, 1170, 922, 935, 1182, 1169, 922, 1182, 923, 1183, 936, 923, 1170, 1183, 935, 948, 1195, 1182, 935, 1195, 936, 1196, 949, 936, 1183, 1196, 948, 961, 1208, 1195, 948, 1208, 949, 1209, 962, 949, 1196, 1209, 961, 974, 1221, 1208, 961, 1221, 962, 1222, 975, 962, 1209, 1222, 974, 987, 1234, 1221, 974, 1234, 976, 975, 1223, 975, 1222, 1223, 977, 976, 1224, 976, 1223, 1224, 978, 977, 1225, 977, 1224, 1225, 979, 978, 1226, 978, 1225, 1226, 980, 979, 1227, 979, 1226, 1227, 981, 980, 1228, 980, 1227, 1228, 982, 981, 1229, 981, 1228, 1229, 983, 982, 1230, 982, 1229, 1230, 984, 983, 1231, 983, 1230, 1231, 985, 984, 1232, 984, 1231, 1232, 986, 985, 1233, 985, 1232, 1233, 987, 986, 1234, 986, 1233, 1234, 988, 989, 1002, 1001, 988, 1002, 989, 990, 1003, 1002, 989, 1003, 990, 991, 1004, 1003, 990, 1004, 991, 992, 1005, 1004, 991, 1005, 992, 993, 1006, 1005, 992, 1006, 993, 994, 1007, 1006, 993, 1007, 994, 995, 1008, 1007, 994, 1008, 995, 996, 1009, 1008, 995, 1009, 996, 997, 1010, 1009, 996, 1010, 997, 998, 1011, 1010, 997, 1011, 998, 999, 1012, 1011, 998, 1012, 999, 1000, 1013, 1012, 999, 1013, 1001, 1002, 1015, 1014, 1001, 1015, 1002, 1003, 1016, 1015, 1002, 1016, 1003, 1004, 1017, 1016, 1003, 1017, 1004, 1005, 1018, 1017, 1004, 1018, 1005, 1006, 1019, 1018, 1005, 1019, 1006, 1007, 1020, 1019, 1006, 1020, 1007, 1008, 1021, 1020, 1007, 1021, 1008, 1009, 1022, 1021, 1008, 1022, 1009, 1010, 1023, 1022, 1009, 1023, 1010, 1011, 1024, 1023, 1010, 1024, 1011, 1012, 1025, 1024, 1011, 1025, 1012, 1013, 1026, 1025, 1012, 1026, 1014, 1015, 1028, 1027, 1014, 1028, 1015, 1016, 1029, 1028, 1015, 1029, 1016, 1017, 1030, 1029, 1016, 1030, 1017, 1018, 1031, 1030, 1017, 1031, 1018, 1019, 1032, 1031, 1018, 1032, 1019, 1020, 1033, 1032, 1019, 1033, 1020, 1021, 1034, 1033, 1020, 1034, 1021, 1022, 1035, 1034, 1021, 1035, 1022, 1023, 1036, 1035, 1022, 1036, 1023, 1024, 1037, 1036, 1023, 1037, 1024, 1025, 1038, 1037, 1024, 1038, 1025, 1026, 1039, 1038, 1025, 1039, 1027, 1028, 1041, 1040, 1027, 1041, 1028, 1029, 1042, 1041, 1028, 1042, 1029, 1030, 1043, 1042, 1029, 1043, 1030, 1031, 1044, 1043, 1030, 1044, 1031, 1032, 1045, 1044, 1031, 1045, 1032, 1033, 1046, 1045, 1032, 1046, 1033, 1034, 1047, 1046, 1033, 1047, 1034, 1035, 1048, 1047, 1034, 1048, 1035, 1036, 1049, 1048, 1035, 1049, 1036, 1037, 1050, 1049, 1036, 1050, 1037, 1038, 1051, 1050, 1037, 1051, 1038, 1039, 1052, 1051, 1038, 1052, 1040, 1041, 1054, 1053, 1040, 1054, 1041, 1042, 1055, 1054, 1041, 1055, 1042, 1043, 1056, 1055, 1042, 1056, 1043, 1044, 1057, 1056, 1043, 1057, 1044, 1045, 1058, 1057, 1044, 1058, 1045, 1046, 1059, 1058, 1045, 1059, 1046, 1047, 1060, 1059, 1046, 1060, 1047, 1048, 1061, 1060, 1047, 1061, 1048, 1049, 1062, 1061, 1048, 1062, 1049, 1050, 1063, 1062, 1049, 1063, 1050, 1051, 1064, 1063, 1050, 1064, 1051, 1052, 1065, 1064, 1051, 1065, 1053, 1054, 1067, 1066, 1053, 1067, 1054, 1055, 1068, 1067, 1054, 1068, 1055, 1056, 1069, 1068, 1055, 1069, 1056, 1057, 1070, 1069, 1056, 1070, 1057, 1058, 1071, 1070, 1057, 1071, 1058, 1059, 1072, 1071, 1058, 1072, 1059, 1060, 1073, 1072, 1059, 1073, 1060, 1061, 1074, 1073, 1060, 1074, 1061, 1062, 1075, 1074, 1061, 1075, 1062, 1063, 1076, 1075, 1062, 1076, 1063, 1064, 1077, 1076, 1063, 1077, 1064, 1065, 1078, 1077, 1064, 1078, 1066, 1067, 1080, 1079, 1066, 1080, 1067, 1068, 1081, 1080, 1067, 1081, 1068, 1069, 1082, 1081, 1068, 1082, 1069, 1070, 1083, 1082, 1069, 1083, 1070, 1071, 1084, 1083, 1070, 1084, 1071, 1072, 1085, 1084, 1071, 1085, 1072, 1073, 1086, 1085, 1072, 1086, 1073, 1074, 1087, 1086, 1073, 1087, 1074, 1075, 1088, 1087, 1074, 1088, 1075, 1076, 1089, 1088, 1075, 1089, 1076, 1077, 1090, 1089, 1076, 1090, 1077, 1078, 1091, 1090, 1077, 1091, 1079, 1080, 1093, 1092, 1079, 1093, 1080, 1081, 1094, 1093, 1080, 1094, 1081, 1082, 1095, 1094, 1081, 1095, 1082, 1083, 1096, 1095, 1082, 1096, 1083, 1084, 1097, 1096, 1083, 1097, 1084, 1085, 1098, 1097, 1084, 1098, 1085, 1086, 1099, 1098, 1085, 1099, 1086, 1087, 1100, 1099, 1086, 1100, 1087, 1088, 1101, 1100, 1087, 1101, 1088, 1089, 1102, 1101, 1088, 1102, 1089, 1090, 1103, 1102, 1089, 1103, 1090, 1091, 1104, 1103, 1090, 1104, 1092, 1093, 1106, 1105, 1092, 1106, 1093, 1094, 1107, 1106, 1093, 1107, 1094, 1095, 1108, 1107, 1094, 1108, 1095, 1096, 1109, 1108, 1095, 1109, 1096, 1097, 1110, 1109, 1096, 1110, 1097, 1098, 1111, 1110, 1097, 1111, 1098, 1099, 1112, 1111, 1098, 1112, 1099, 1100, 1113, 1112, 1099, 1113, 1100, 1101, 1114, 1113, 1100, 1114, 1101, 1102, 1115, 1114, 1101, 1115, 1102, 1103, 1116, 1115, 1102, 1116, 1103, 1104, 1117, 1116, 1103, 1117, 1105, 1106, 1119, 1118, 1105, 1119, 1106, 1107, 1120, 1119, 1106, 1120, 1107, 1108, 1121, 1120, 1107, 1121, 1108, 1109, 1122, 1121, 1108, 1122, 1109, 1110, 1123, 1122, 1109, 1123, 1110, 1111, 1124, 1123, 1110, 1124, 1111, 1112, 1125, 1124, 1111, 1125, 1112, 1113, 1126, 1125, 1112, 1126, 1113, 1114, 1127, 1126, 1113, 1127, 1114, 1115, 1128, 1127, 1114, 1128, 1115, 1116, 1129, 1128, 1115, 1129, 1116, 1117, 1130, 1129, 1116, 1130, 1118, 1119, 1132, 1131, 1118, 1132, 1119, 1120, 1133, 1132, 1119, 1133, 1120, 1121, 1134, 1133, 1120, 1134, 1121, 1122, 1135, 1134, 1121, 1135, 1122, 1123, 1136, 1135, 1122, 1136, 1123, 1124, 1137, 1136, 1123, 1137, 1124, 1125, 1138, 1137, 1124, 1138, 1125, 1126, 1139, 1138, 1125, 1139, 1126, 1127, 1140, 1139, 1126, 1140, 1127, 1128, 1141, 1140, 1127, 1141, 1128, 1129, 1142, 1141, 1128, 1142, 1129, 1130, 1143, 1142, 1129, 1143, 1131, 1132, 1145, 1144, 1131, 1145, 1132, 1133, 1146, 1145, 1132, 1146, 1133, 1134, 1147, 1146, 1133, 1147, 1134, 1135, 1148, 1147, 1134, 1148, 1135, 1136, 1149, 1148, 1135, 1149, 1136, 1137, 1150, 1149, 1136, 1150, 1137, 1138, 1151, 1150, 1137, 1151, 1138, 1139, 1152, 1151, 1138, 1152, 1139, 1140, 1153, 1152, 1139, 1153, 1140, 1141, 1154, 1153, 1140, 1154, 1141, 1142, 1155, 1154, 1141, 1155, 1142, 1143, 1156, 1155, 1142, 1156, 1144, 1145, 1158, 1157, 1144, 1158, 1145, 1146, 1159, 1158, 1145, 1159, 1146, 1147, 1160, 1159, 1146, 1160, 1147, 1148, 1161, 1160, 1147, 1161, 1148, 1149, 1162, 1161, 1148, 1162, 1149, 1150, 1163, 1162, 1149, 1163, 1150, 1151, 1164, 1163, 1150, 1164, 1151, 1152, 1165, 1164, 1151, 1165, 1152, 1153, 1166, 1165, 1152, 1166, 1153, 1154, 1167, 1166, 1153, 1167, 1154, 1155, 1168, 1167, 1154, 1168, 1155, 1156, 1169, 1168, 1155, 1169, 1157, 1158, 1171, 1170, 1157, 1171, 1158, 1159, 1172, 1171, 1158, 1172, 1159, 1160, 1173, 1172, 1159, 1173, 1160, 1161, 1174, 1173, 1160, 1174, 1161, 1162, 1175, 1174, 1161, 1175, 1162, 1163, 1176, 1175, 1162, 1176, 1163, 1164, 1177, 1176, 1163, 1177, 1164, 1165, 1178, 1177, 1164, 1178, 1165, 1166, 1179, 1178, 1165, 1179, 1166, 1167, 1180, 1179, 1166, 1180, 1167, 1168, 1181, 1180, 1167, 1181, 1168, 1169, 1182, 1181, 1168, 1182, 1170, 1171, 1184, 1183, 1170, 1184, 1171, 1172, 1185, 1184, 1171, 1185, 1172, 1173, 1186, 1185, 1172, 1186, 1173, 1174, 1187, 1186, 1173, 1187, 1174, 1175, 1188, 1187, 1174, 1188, 1175, 1176, 1189, 1188, 1175, 1189, 1176, 1177, 1190, 1189, 1176, 1190, 1177, 1178, 1191, 1190, 1177, 1191, 1178, 1179, 1192, 1191, 1178, 1192, 1179, 1180, 1193, 1192, 1179, 1193, 1180, 1181, 1194, 1193, 1180, 1194, 1181, 1182, 1195, 1194, 1181, 1195, 1183, 1184, 1197, 1196, 1183, 1197, 1184, 1185, 1198, 1197, 1184, 1198, 1185, 1186, 1199, 1198, 1185, 1199, 1186, 1187, 1200, 1199, 1186, 1200, 1187, 1188, 1201, 1200, 1187, 1201, 1188, 1189, 1202, 1201, 1188, 1202, 1189, 1190, 1203, 1202, 1189, 1203, 1190, 1191, 1204, 1203, 1190, 1204, 1191, 1192, 1205, 1204, 1191, 1205, 1192, 1193, 1206, 1205, 1192, 1206, 1193, 1194, 1207, 1206, 1193, 1207, 1194, 1195, 1208, 1207, 1194, 1208, 1196, 1197, 1210, 1209, 1196, 1210, 1197, 1198, 1211, 1210, 1197, 1211, 1198, 1199, 1212, 1211, 1198, 1212, 1199, 1200, 1213, 1212, 1199, 1213, 1200, 1201, 1214, 1213, 1200, 1214, 1201, 1202, 1215, 1214, 1201, 1215, 1202, 1203, 1216, 1215, 1202, 1216, 1203, 1204, 1217, 1216, 1203, 1217, 1204, 1205, 1218, 1217, 1204, 1218, 1205, 1206, 1219, 1218, 1205, 1219, 1206, 1207, 1220, 1219, 1206, 1220, 1207, 1208, 1221, 1220, 1207, 1221, 1209, 1210, 1223, 1222, 1209, 1223, 1210, 1211, 1224, 1223, 1210, 1224, 1211, 1212, 1225, 1224, 1211, 1225, 1212, 1213, 1226, 1225, 1212, 1226, 1213, 1214, 1227, 1226, 1213, 1227, 1214, 1215, 1228, 1227, 1214, 1228, 1215, 1216, 1229, 1228, 1215, 1229, 1216, 1217, 1230, 1229, 1216, 1230, 1217, 1218, 1231, 1230, 1217, 1231, 1218, 1219, 1232, 1231, 1218, 1232, 1219, 1220, 1233, 1232, 1219, 1233, 1220, 1221, 1234, 1233, 1220, 1234, 1235, 1249, 1236, 1235, 1236, 1483, 1235, 1248, 1249, 1235, 1495, 1248, 1235, 1483, 1482, 1235, 1482, 1495, 1236, 1250, 1237, 1236, 1237, 1484, 1236, 1249, 1250, 1236, 1484, 1483, 1237, 1251, 1238, 1237, 1238, 1485, 1237, 1250, 1251, 1237, 1485, 1484, 1238, 1252, 1239, 1238, 1239, 1486, 1238, 1251, 1252, 1238, 1486, 1485, 1239, 1253, 1240, 1239, 1240, 1487, 1239, 1252, 1253, 1239, 1487, 1486, 1240, 1254, 1241, 1240, 1241, 1488, 1240, 1253, 1254, 1240, 1488, 1487, 1241, 1255, 1242, 1241, 1242, 1489, 1241, 1254, 1255, 1241, 1489, 1488, 1242, 1256, 1243, 1242, 1243, 1490, 1242, 1255, 1256, 1242, 1490, 1489, 1243, 1257, 1244, 1243, 1244, 1491, 1243, 1256, 1257, 1243, 1491, 1490, 1244, 1258, 1245, 1244, 1245, 1492, 1244, 1257, 1258, 1244, 1492, 1491, 1245, 1259, 1246, 1245, 1246, 1493, 1245, 1258, 1259, 1245, 1493, 1492, 1246, 1260, 1247, 1246, 1247, 1494, 1246, 1259, 1260, 1246, 1494, 1493, 1247, 1260, 1507, 1494, 1247, 1507, 1248, 1262, 1249, 1248, 1261, 1262, 1248, 1508, 1261, 1248, 1495, 1508, 1249, 1263, 1250, 1249, 1262, 1263, 1250, 1264, 1251, 1250, 1263, 1264, 1251, 1265, 1252, 1251, 1264, 1265, 1252, 1266, 1253, 1252, 1265, 1266, 1253, 1267, 1254, 1253, 1266, 1267, 1254, 1268, 1255, 1254, 1267, 1268, 1255, 1269, 1256, 1255, 1268, 1269, 1256, 1270, 1257, 1256, 1269, 1270, 1257, 1271, 1258, 1257, 1270, 1271, 1258, 1272, 1259, 1258, 1271, 1272, 1259, 1273, 1260, 1259, 1272, 1273, 1260, 1273, 1520, 1507, 1260, 1520, 1261, 1275, 1262, 1261, 1274, 1275, 1261, 1521, 1274, 1261, 1508, 1521, 1262, 1276, 1263, 1262, 1275, 1276, 1263, 1277, 1264, 1263, 1276, 1277, 1264, 1278, 1265, 1264, 1277, 1278, 1265, 1279, 1266, 1265, 1278, 1279, 1266, 1280, 1267, 1266, 1279, 1280, 1267, 1281, 1268, 1267, 1280, 1281, 1268, 1282, 1269, 1268, 1281, 1282, 1269, 1283, 1270, 1269, 1282, 1283, 1270, 1284, 1271, 1270, 1283, 1284, 1271, 1285, 1272, 1271, 1284, 1285, 1272, 1286, 1273, 1272, 1285, 1286, 1273, 1286, 1533, 1520, 1273, 1533, 1274, 1288, 1275, 1274, 1287, 1288, 1274, 1534, 1287, 1274, 1521, 1534, 1275, 1289, 1276, 1275, 1288, 1289, 1276, 1290, 1277, 1276, 1289, 1290, 1277, 1291, 1278, 1277, 1290, 1291, 1278, 1292, 1279, 1278, 1291, 1292, 1279, 1293, 1280, 1279, 1292, 1293, 1280, 1294, 1281, 1280, 1293, 1294, 1281, 1295, 1282, 1281, 1294, 1295, 1282, 1296, 1283, 1282, 1295, 1296, 1283, 1297, 1284, 1283, 1296, 1297, 1284, 1298, 1285, 1284, 1297, 1298, 1285, 1299, 1286, 1285, 1298, 1299, 1286, 1299, 1546, 1533, 1286, 1546, 1287, 1301, 1288, 1287, 1300, 1301, 1287, 1547, 1300, 1287, 1534, 1547, 1288, 1302, 1289, 1288, 1301, 1302, 1289, 1303, 1290, 1289, 1302, 1303, 1290, 1304, 1291, 1290, 1303, 1304, 1291, 1305, 1292, 1291, 1304, 1305, 1292, 1306, 1293, 1292, 1305, 1306, 1293, 1307, 1294, 1293, 1306, 1307, 1294, 1308, 1295, 1294, 1307, 1308, 1295, 1309, 1296, 1295, 1308, 1309, 1296, 1310, 1297, 1296, 1309, 1310, 1297, 1311, 1298, 1297, 1310, 1311, 1298, 1312, 1299, 1298, 1311, 1312, 1299, 1312, 1559, 1546, 1299, 1559, 1300, 1314, 1301, 1300, 1313, 1314, 1300, 1560, 1313, 1300, 1547, 1560, 1301, 1315, 1302, 1301, 1314, 1315, 1302, 1316, 1303, 1302, 1315, 1316, 1303, 1317, 1304, 1303, 1316, 1317, 1304, 1318, 1305, 1304, 1317, 1318, 1305, 1319, 1306, 1305, 1318, 1319, 1306, 1320, 1307, 1306, 1319, 1320, 1307, 1321, 1308, 1307, 1320, 1321, 1308, 1322, 1309, 1308, 1321, 1322, 1309, 1323, 1310, 1309, 1322, 1323, 1310, 1324, 1311, 1310, 1323, 1324, 1311, 1325, 1312, 1311, 1324, 1325, 1312, 1325, 1572, 1559, 1312, 1572, 1313, 1327, 1314, 1313, 1326, 1327, 1313, 1573, 1326, 1313, 1560, 1573, 1314, 1328, 1315, 1314, 1327, 1328, 1315, 1329, 1316, 1315, 1328, 1329, 1316, 1330, 1317, 1316, 1329, 1330, 1317, 1331, 1318, 1317, 1330, 1331, 1318, 1332, 1319, 1318, 1331, 1332, 1319, 1333, 1320, 1319, 1332, 1333, 1320, 1334, 1321, 1320, 1333, 1334, 1321, 1335, 1322, 1321, 1334, 1335, 1322, 1336, 1323, 1322, 1335, 1336, 1323, 1337, 1324, 1323, 1336, 1337, 1324, 1338, 1325, 1324, 1337, 1338, 1325, 1338, 1585, 1572, 1325, 1585, 1326, 1340, 1327, 1326, 1339, 1340, 1326, 1586, 1339, 1326, 1573, 1586, 1327, 1341, 1328, 1327, 1340, 1341, 1328, 1342, 1329, 1328, 1341, 1342, 1329, 1343, 1330, 1329, 1342, 1343, 1330, 1344, 1331, 1330, 1343, 1344, 1331, 1345, 1332, 1331, 1344, 1345, 1332, 1346, 1333, 1332, 1345, 1346, 1333, 1347, 1334, 1333, 1346, 1347, 1334, 1348, 1335, 1334, 1347, 1348, 1335, 1349, 1336, 1335, 1348, 1349, 1336, 1350, 1337, 1336, 1349, 1350, 1337, 1351, 1338, 1337, 1350, 1351, 1338, 1351, 1598, 1585, 1338, 1598, 1339, 1353, 1340, 1339, 1352, 1353, 1339, 1599, 1352, 1339, 1586, 1599, 1340, 1354, 1341, 1340, 1353, 1354, 1341, 1355, 1342, 1341, 1354, 1355, 1342, 1356, 1343, 1342, 1355, 1356, 1343, 1357, 1344, 1343, 1356, 1357, 1344, 1358, 1345, 1344, 1357, 1358, 1345, 1359, 1346, 1345, 1358, 1359, 1346, 1360, 1347, 1346, 1359, 1360, 1347, 1361, 1348, 1347, 1360, 1361, 1348, 1362, 1349, 1348, 1361, 1362, 1349, 1363, 1350, 1349, 1362, 1363, 1350, 1364, 1351, 1350, 1363, 1364, 1351, 1364, 1611, 1598, 1351, 1611, 1352, 1366, 1353, 1352, 1365, 1366, 1352, 1612, 1365, 1352, 1599, 1612, 1353, 1367, 1354, 1353, 1366, 1367, 1354, 1368, 1355, 1354, 1367, 1368, 1355, 1369, 1356, 1355, 1368, 1369, 1356, 1370, 1357, 1356, 1369, 1370, 1357, 1371, 1358, 1357, 1370, 1371, 1358, 1372, 1359, 1358, 1371, 1372, 1359, 1373, 1360, 1359, 1372, 1373, 1360, 1374, 1361, 1360, 1373, 1374, 1361, 1375, 1362, 1361, 1374, 1375, 1362, 1376, 1363, 1362, 1375, 1376, 1363, 1377, 1364, 1363, 1376, 1377, 1364, 1377, 1624, 1611, 1364, 1624, 1365, 1379, 1366, 1365, 1378, 1379, 1365, 1625, 1378, 1365, 1612, 1625, 1366, 1380, 1367, 1366, 1379, 1380, 1367, 1381, 1368, 1367, 1380, 1381, 1368, 1382, 1369, 1368, 1381, 1382, 1369, 1383, 1370, 1369, 1382, 1383, 1370, 1384, 1371, 1370, 1383, 1384, 1371, 1385, 1372, 1371, 1384, 1385, 1372, 1386, 1373, 1372, 1385, 1386, 1373, 1387, 1374, 1373, 1386, 1387, 1374, 1388, 1375, 1374, 1387, 1388, 1375, 1389, 1376, 1375, 1388, 1389, 1376, 1390, 1377, 1376, 1389, 1390, 1377, 1390, 1637, 1624, 1377, 1637, 1378, 1392, 1379, 1378, 1391, 1392, 1378, 1638, 1391, 1378, 1625, 1638, 1379, 1393, 1380, 1379, 1392, 1393, 1380, 1394, 1381, 1380, 1393, 1394, 1381, 1395, 1382, 1381, 1394, 1395, 1382, 1396, 1383, 1382, 1395, 1396, 1383, 1397, 1384, 1383, 1396, 1397, 1384, 1398, 1385, 1384, 1397, 1398, 1385, 1399, 1386, 1385, 1398, 1399, 1386, 1400, 1387, 1386, 1399, 1400, 1387, 1401, 1388, 1387, 1400, 1401, 1388, 1402, 1389, 1388, 1401, 1402, 1389, 1403, 1390, 1389, 1402, 1403, 1390, 1403, 1650, 1637, 1390, 1650, 1391, 1405, 1392, 1391, 1404, 1405, 1391, 1651, 1404, 1391, 1638, 1651, 1392, 1406, 1393, 1392, 1405, 1406, 1393, 1407, 1394, 1393, 1406, 1407, 1394, 1408, 1395, 1394, 1407, 1408, 1395, 1409, 1396, 1395, 1408, 1409, 1396, 1410, 1397, 1396, 1409, 1410, 1397, 1411, 1398, 1397, 1410, 1411, 1398, 1412, 1399, 1398, 1411, 1412, 1399, 1413, 1400, 1399, 1412, 1413, 1400, 1414, 1401, 1400, 1413, 1414, 1401, 1415, 1402, 1401, 1414, 1415, 1402, 1416, 1403, 1402, 1415, 1416, 1403, 1416, 1663, 1650, 1403, 1663, 1404, 1418, 1405, 1404, 1417, 1418, 1404, 1664, 1417, 1404, 1651, 1664, 1405, 1419, 1406, 1405, 1418, 1419, 1406, 1420, 1407, 1406, 1419, 1420, 1407, 1421, 1408, 1407, 1420, 1421, 1408, 1422, 1409, 1408, 1421, 1422, 1409, 1423, 1410, 1409, 1422, 1423, 1410, 1424, 1411, 1410, 1423, 1424, 1411, 1425, 1412, 1411, 1424, 1425, 1412, 1426, 1413, 1412, 1425, 1426, 1413, 1427, 1414, 1413, 1426, 1427, 1414, 1428, 1415, 1414, 1427, 1428, 1415, 1429, 1416, 1415, 1428, 1429, 1416, 1429, 1676, 1663, 1416, 1676, 1417, 1431, 1418, 1417, 1430, 1431, 1417, 1677, 1430, 1417, 1664, 1677, 1418, 1432, 1419, 1418, 1431, 1432, 1419, 1433, 1420, 1419, 1432, 1433, 1420, 1434, 1421, 1420, 1433, 1434, 1421, 1435, 1422, 1421, 1434, 1435, 1422, 1436, 1423, 1422, 1435, 1436, 1423, 1437, 1424, 1423, 1436, 1437, 1424, 1438, 1425, 1424, 1437, 1438, 1425, 1439, 1426, 1425, 1438, 1439, 1426, 1440, 1427, 1426, 1439, 1440, 1427, 1441, 1428, 1427, 1440, 1441, 1428, 1442, 1429, 1428, 1441, 1442, 1429, 1442, 1689, 1676, 1429, 1689, 1430, 1444, 1431, 1430, 1443, 1444, 1430, 1690, 1443, 1430, 1677, 1690, 1431, 1445, 1432, 1431, 1444, 1445, 1432, 1446, 1433, 1432, 1445, 1446, 1433, 1447, 1434, 1433, 1446, 1447, 1434, 1448, 1435, 1434, 1447, 1448, 1435, 1449, 1436, 1435, 1448, 1449, 1436, 1450, 1437, 1436, 1449, 1450, 1437, 1451, 1438, 1437, 1450, 1451, 1438, 1452, 1439, 1438, 1451, 1452, 1439, 1453, 1440, 1439, 1452, 1453, 1440, 1454, 1441, 1440, 1453, 1454, 1441, 1455, 1442, 1441, 1454, 1455, 1442, 1455, 1702, 1689, 1442, 1702, 1443, 1457, 1444, 1443, 1456, 1457, 1443, 1703, 1456, 1443, 1690, 1703, 1444, 1458, 1445, 1444, 1457, 1458, 1445, 1459, 1446, 1445, 1458, 1459, 1446, 1460, 1447, 1446, 1459, 1460, 1447, 1461, 1448, 1447, 1460, 1461, 1448, 1462, 1449, 1448, 1461, 1462, 1449, 1463, 1450, 1449, 1462, 1463, 1450, 1464, 1451, 1450, 1463, 1464, 1451, 1465, 1452, 1451, 1464, 1465, 1452, 1466, 1453, 1452, 1465, 1466, 1453, 1467, 1454, 1453, 1466, 1467, 1454, 1468, 1455, 1454, 1467, 1468, 1455, 1468, 1715, 1702, 1455, 1715, 1456, 1470, 1457, 1456, 1469, 1470, 1456, 1716, 1469, 1456, 1703, 1716, 1457, 1471, 1458, 1457, 1470, 1471, 1458, 1472, 1459, 1458, 1471, 1472, 1459, 1473, 1460, 1459, 1472, 1473, 1460, 1474, 1461, 1460, 1473, 1474, 1461, 1475, 1462, 1461, 1474, 1475, 1462, 1476, 1463, 1462, 1475, 1476, 1463, 1477, 1464, 1463, 1476, 1477, 1464, 1478, 1465, 1464, 1477, 1478, 1465, 1479, 1466, 1465, 1478, 1479, 1466, 1480, 1467, 1466, 1479, 1480, 1467, 1481, 1468, 1467, 1480, 1481, 1468, 1481, 1728, 1715, 1468, 1728, 1470, 1469, 1717, 1469, 1716, 1717, 1471, 1470, 1718, 1470, 1717, 1718, 1472, 1471, 1719, 1471, 1718, 1719, 1473, 1472, 1720, 1472, 1719, 1720, 1474, 1473, 1721, 1473, 1720, 1721, 1475, 1474, 1722, 1474, 1721, 1722, 1476, 1475, 1723, 1475, 1722, 1723, 1477, 1476, 1724, 1476, 1723, 1724, 1478, 1477, 1725, 1477, 1724, 1725, 1479, 1478, 1726, 1478, 1725, 1726, 1480, 1479, 1727, 1479, 1726, 1727, 1481, 1480, 1728, 1480, 1727, 1728, 1482, 1483, 1730, 1482, 1742, 1495, 1482, 1730, 1729, 1482, 1729, 1742, 1483, 1484, 1731, 1483, 1731, 1730, 1484, 1485, 1732, 1484, 1732, 1731, 1485, 1486, 1733, 1485, 1733, 1732, 1486, 1487, 1734, 1486, 1734, 1733, 1487, 1488, 1735, 1487, 1735, 1734, 1488, 1489, 1736, 1488, 1736, 1735, 1489, 1490, 1737, 1489, 1737, 1736, 1490, 1491, 1738, 1490, 1738, 1737, 1491, 1492, 1739, 1491, 1739, 1738, 1492, 1493, 1740, 1492, 1740, 1739, 1493, 1494, 1741, 1493, 1741, 1740, 1494, 1507, 1754, 1741, 1494, 1754, 1495, 1755, 1508, 1495, 1742, 1755, 1507, 1520, 1767, 1754, 1507, 1767, 1508, 1768, 1521, 1508, 1755, 1768, 1520, 1533, 1780, 1767, 1520, 1780, 1521, 1781, 1534, 1521, 1768, 1781, 1533, 1546, 1793, 1780, 1533, 1793, 1534, 1794, 1547, 1534, 1781, 1794, 1546, 1559, 1806, 1793, 1546, 1806, 1547, 1807, 1560, 1547, 1794, 1807, 1559, 1572, 1819, 1806, 1559, 1819, 1560, 1820, 1573, 1560, 1807, 1820, 1572, 1585, 1832, 1819, 1572, 1832, 1573, 1833, 1586, 1573, 1820, 1833, 1585, 1598, 1845, 1832, 1585, 1845, 1586, 1846, 1599, 1586, 1833, 1846, 1598, 1611, 1858, 1845, 1598, 1858, 1599, 1859, 1612, 1599, 1846, 1859, 1611, 1624, 1871, 1858, 1611, 1871, 1612, 1872, 1625, 1612, 1859, 1872, 1624, 1637, 1884, 1871, 1624, 1884, 1625, 1885, 1638, 1625, 1872, 1885, 1637, 1650, 1897, 1884, 1637, 1897, 1638, 1898, 1651, 1638, 1885, 1898, 1650, 1663, 1910, 1897, 1650, 1910, 1651, 1911, 1664, 1651, 1898, 1911, 1663, 1676, 1923, 1910, 1663, 1923, 1664, 1924, 1677, 1664, 1911, 1924, 1676, 1689, 1936, 1923, 1676, 1936, 1677, 1937, 1690, 1677, 1924, 1937, 1689, 1702, 1949, 1936, 1689, 1949, 1690, 1950, 1703, 1690, 1937, 1950, 1702, 1715, 1962, 1949, 1702, 1962, 1703, 1963, 1716, 1703, 1950, 1963, 1715, 1728, 1975, 1962, 1715, 1975, 1717, 1716, 1964, 1716, 1963, 1964, 1718, 1717, 1965, 1717, 1964, 1965, 1719, 1718, 1966, 1718, 1965, 1966, 1720, 1719, 1967, 1719, 1966, 1967, 1721, 1720, 1968, 1720, 1967, 1968, 1722, 1721, 1969, 1721, 1968, 1969, 1723, 1722, 1970, 1722, 1969, 1970, 1724, 1723, 1971, 1723, 1970, 1971, 1725, 1724, 1972, 1724, 1971, 1972, 1726, 1725, 1973, 1725, 1972, 1973, 1727, 1726, 1974, 1726, 1973, 1974, 1728, 1727, 1975, 1727, 1974, 1975, 1729, 1730, 1977, 1729, 1989, 1742, 1729, 1977, 1976, 1729, 1976, 1989, 1730, 1731, 1978, 1730, 1978, 1977, 1731, 1732, 1979, 1731, 1979, 1978, 1732, 1733, 1980, 1732, 1980, 1979, 1733, 1734, 1981, 1733, 1981, 1980, 1734, 1735, 1982, 1734, 1982, 1981, 1735, 1736, 1983, 1735, 1983, 1982, 1736, 1737, 1984, 1736, 1984, 1983, 1737, 1738, 1985, 1737, 1985, 1984, 1738, 1739, 1986, 1738, 1986, 1985, 1739, 1740, 1987, 1739, 1987, 1986, 1740, 1741, 1988, 1740, 1988, 1987, 1741, 1754, 2001, 1988, 1741, 2001, 1742, 2002, 1755, 1742, 1989, 2002, 1754, 1767, 2014, 2001, 1754, 2014, 1755, 2015, 1768, 1755, 2002, 2015, 1767, 1780, 2027, 2014, 1767, 2027, 1768, 2028, 1781, 1768, 2015, 2028, 1780, 1793, 2040, 2027, 1780, 2040, 1781, 2041, 1794, 1781, 2028, 2041, 1793, 1806, 2053, 2040, 1793, 2053, 1794, 2054, 1807, 1794, 2041, 2054, 1806, 1819, 2066, 2053, 1806, 2066, 1807, 2067, 1820, 1807, 2054, 2067, 1819, 1832, 2079, 2066, 1819, 2079, 1820, 2080, 1833, 1820, 2067, 2080, 1832, 1845, 2092, 2079, 1832, 2092, 1833, 2093, 1846, 1833, 2080, 2093, 1845, 1858, 2105, 2092, 1845, 2105, 1846, 2106, 1859, 1846, 2093, 2106, 1858, 1871, 2118, 2105, 1858, 2118, 1859, 2119, 1872, 1859, 2106, 2119, 1871, 1884, 2131, 2118, 1871, 2131, 1872, 2132, 1885, 1872, 2119, 2132, 1884, 1897, 2144, 2131, 1884, 2144, 1885, 2145, 1898, 1885, 2132, 2145, 1897, 1910, 2157, 2144, 1897, 2157, 1898, 2158, 1911, 1898, 2145, 2158, 1910, 1923, 2170, 2157, 1910, 2170, 1911, 2171, 1924, 1911, 2158, 2171, 1923, 1936, 2183, 2170, 1923, 2183, 1924, 2184, 1937, 1924, 2171, 2184, 1936, 1949, 2196, 2183, 1936, 2196, 1937, 2197, 1950, 1937, 2184, 2197, 1949, 1962, 2209, 2196, 1949, 2209, 1950, 2210, 1963, 1950, 2197, 2210, 1962, 1975, 2222, 2209, 1962, 2222, 1964, 1963, 2211, 1963, 2210, 2211, 1965, 1964, 2212, 1964, 2211, 2212, 1966, 1965, 2213, 1965, 2212, 2213, 1967, 1966, 2214, 1966, 2213, 2214, 1968, 1967, 2215, 1967, 2214, 2215, 1969, 1968, 2216, 1968, 2215, 2216, 1970, 1969, 2217, 1969, 2216, 2217, 1971, 1970, 2218, 1970, 2217, 2218, 1972, 1971, 2219, 1971, 2218, 2219, 1973, 1972, 2220, 1972, 2219, 2220, 1974, 1973, 2221, 1973, 2220, 2221, 1975, 1974, 2222, 1974, 2221, 2222, 1976, 1977, 2224, 1976, 2236, 1989, 1976, 2224, 2223, 1976, 2223, 2236, 1977, 1978, 2225, 1977, 2225, 2224, 1978, 1979, 2226, 1978, 2226, 2225, 1979, 1980, 2227, 1979, 2227, 2226, 1980, 1981, 2228, 1980, 2228, 2227, 1981, 1982, 2229, 1981, 2229, 2228, 1982, 1983, 2230, 1982, 2230, 2229, 1983, 1984, 2231, 1983, 2231, 2230, 1984, 1985, 2232, 1984, 2232, 2231, 1985, 1986, 2233, 1985, 2233, 2232, 1986, 1987, 2234, 1986, 2234, 2233, 1987, 1988, 2235, 1987, 2235, 2234, 1988, 2001, 2248, 2235, 1988, 2248, 1989, 2249, 2002, 1989, 2236, 2249, 2001, 2014, 2261, 2248, 2001, 2261, 2002, 2262, 2015, 2002, 2249, 2262, 2014, 2027, 2274, 2261, 2014, 2274, 2015, 2275, 2028, 2015, 2262, 2275, 2027, 2040, 2287, 2274, 2027, 2287, 2028, 2288, 2041, 2028, 2275, 2288, 2040, 2053, 2300, 2287, 2040, 2300, 2041, 2301, 2054, 2041, 2288, 2301, 2053, 2066, 2313, 2300, 2053, 2313, 2054, 2314, 2067, 2054, 2301, 2314, 2066, 2079, 2326, 2313, 2066, 2326, 2067, 2327, 2080, 2067, 2314, 2327, 2079, 2092, 2339, 2326, 2079, 2339, 2080, 2340, 2093, 2080, 2327, 2340, 2092, 2105, 2352, 2339, 2092, 2352, 2093, 2353, 2106, 2093, 2340, 2353, 2105, 2118, 2365, 2352, 2105, 2365, 2106, 2366, 2119, 2106, 2353, 2366, 2118, 2131, 2378, 2365, 2118, 2378, 2119, 2379, 2132, 2119, 2366, 2379, 2131, 2144, 2391, 2378, 2131, 2391, 2132, 2392, 2145, 2132, 2379, 2392, 2144, 2157, 2404, 2391, 2144, 2404, 2145, 2405, 2158, 2145, 2392, 2405, 2157, 2170, 2417, 2404, 2157, 2417, 2158, 2418, 2171, 2158, 2405, 2418, 2170, 2183, 2430, 2417, 2170, 2430, 2171, 2431, 2184, 2171, 2418, 2431, 2183, 2196, 2443, 2430, 2183, 2443, 2184, 2444, 2197, 2184, 2431, 2444, 2196, 2209, 2456, 2443, 2196, 2456, 2197, 2457, 2210, 2197, 2444, 2457, 2209, 2222, 2469, 2456, 2209, 2469, 2211, 2210, 2458, 2210, 2457, 2458, 2212, 2211, 2459, 2211, 2458, 2459, 2213, 2212, 2460, 2212, 2459, 2460, 2214, 2213, 2461, 2213, 2460, 2461, 2215, 2214, 2462, 2214, 2461, 2462, 2216, 2215, 2463, 2215, 2462, 2463, 2217, 2216, 2464, 2216, 2463, 2464, 2218, 2217, 2465, 2217, 2464, 2465, 2219, 2218, 2466, 2218, 2465, 2466, 2220, 2219, 2467, 2219, 2466, 2467, 2221, 2220, 2468, 2220, 2467, 2468, 2222, 2221, 2469, 2221, 2468, 2469, 2223, 2224, 2237, 2236, 2223, 2237, 2224, 2225, 2238, 2237, 2224, 2238, 2225, 2226, 2239, 2238, 2225, 2239, 2226, 2227, 2240, 2239, 2226, 2240, 2227, 2228, 2241, 2240, 2227, 2241, 2228, 2229, 2242, 2241, 2228, 2242, 2229, 2230, 2243, 2242, 2229, 2243, 2230, 2231, 2244, 2243, 2230, 2244, 2231, 2232, 2245, 2244, 2231, 2245, 2232, 2233, 2246, 2245, 2232, 2246, 2233, 2234, 2247, 2246, 2233, 2247, 2234, 2235, 2248, 2247, 2234, 2248, 2236, 2237, 2250, 2249, 2236, 2250, 2237, 2238, 2251, 2250, 2237, 2251, 2238, 2239, 2252, 2251, 2238, 2252, 2239, 2240, 2253, 2252, 2239, 2253, 2240, 2241, 2254, 2253, 2240, 2254, 2241, 2242, 2255, 2254, 2241, 2255, 2242, 2243, 2256, 2255, 2242, 2256, 2243, 2244, 2257, 2256, 2243, 2257, 2244, 2245, 2258, 2257, 2244, 2258, 2245, 2246, 2259, 2258, 2245, 2259, 2246, 2247, 2260, 2259, 2246, 2260, 2247, 2248, 2261, 2260, 2247, 2261, 2249, 2250, 2263, 2262, 2249, 2263, 2250, 2251, 2264, 2263, 2250, 2264, 2251, 2252, 2265, 2264, 2251, 2265, 2252, 2253, 2266, 2265, 2252, 2266, 2253, 2254, 2267, 2266, 2253, 2267, 2254, 2255, 2268, 2267, 2254, 2268, 2255, 2256, 2269, 2268, 2255, 2269, 2256, 2257, 2270, 2269, 2256, 2270, 2257, 2258, 2271, 2270, 2257, 2271, 2258, 2259, 2272, 2271, 2258, 2272, 2259, 2260, 2273, 2272, 2259, 2273, 2260, 2261, 2274, 2273, 2260, 2274, 2262, 2263, 2276, 2275, 2262, 2276, 2263, 2264, 2277, 2276, 2263, 2277, 2264, 2265, 2278, 2277, 2264, 2278, 2265, 2266, 2279, 2278, 2265, 2279, 2266, 2267, 2280, 2279, 2266, 2280, 2267, 2268, 2281, 2280, 2267, 2281, 2268, 2269, 2282, 2281, 2268, 2282, 2269, 2270, 2283, 2282, 2269, 2283, 2270, 2271, 2284, 2283, 2270, 2284, 2271, 2272, 2285, 2284, 2271, 2285, 2272, 2273, 2286, 2285, 2272, 2286, 2273, 2274, 2287, 2286, 2273, 2287, 2275, 2276, 2289, 2288, 2275, 2289, 2276, 2277, 2290, 2289, 2276, 2290, 2277, 2278, 2291, 2290, 2277, 2291, 2278, 2279, 2292, 2291, 2278, 2292, 2279, 2280, 2293, 2292, 2279, 2293, 2280, 2281, 2294, 2293, 2280, 2294, 2281, 2282, 2295, 2294, 2281, 2295, 2282, 2283, 2296, 2295, 2282, 2296, 2283, 2284, 2297, 2296, 2283, 2297, 2284, 2285, 2298, 2297, 2284, 2298, 2285, 2286, 2299, 2298, 2285, 2299, 2286, 2287, 2300, 2299, 2286, 2300, 2288, 2289, 2302, 2301, 2288, 2302, 2289, 2290, 2303, 2302, 2289, 2303, 2290, 2291, 2304, 2303, 2290, 2304, 2291, 2292, 2305, 2304, 2291, 2305, 2292, 2293, 2306, 2305, 2292, 2306, 2293, 2294, 2307, 2306, 2293, 2307, 2294, 2295, 2308, 2307, 2294, 2308, 2295, 2296, 2309, 2308, 2295, 2309, 2296, 2297, 2310, 2309, 2296, 2310, 2297, 2298, 2311, 2310, 2297, 2311, 2298, 2299, 2312, 2311, 2298, 2312, 2299, 2300, 2313, 2312, 2299, 2313, 2301, 2302, 2315, 2314, 2301, 2315, 2302, 2303, 2316, 2315, 2302, 2316, 2303, 2304, 2317, 2316, 2303, 2317, 2304, 2305, 2318, 2317, 2304, 2318, 2305, 2306, 2319, 2318, 2305, 2319, 2306, 2307, 2320, 2319, 2306, 2320, 2307, 2308, 2321, 2320, 2307, 2321, 2308, 2309, 2322, 2321, 2308, 2322, 2309, 2310, 2323, 2322, 2309, 2323, 2310, 2311, 2324, 2323, 2310, 2324, 2311, 2312, 2325, 2324, 2311, 2325, 2312, 2313, 2326, 2325, 2312, 2326, 2314, 2315, 2328, 2327, 2314, 2328, 2315, 2316, 2329, 2328, 2315, 2329, 2316, 2317, 2330, 2329, 2316, 2330, 2317, 2318, 2331, 2330, 2317, 2331, 2318, 2319, 2332, 2331, 2318, 2332, 2319, 2320, 2333, 2332, 2319, 2333, 2320, 2321, 2334, 2333, 2320, 2334, 2321, 2322, 2335, 2334, 2321, 2335, 2322, 2323, 2336, 2335, 2322, 2336, 2323, 2324, 2337, 2336, 2323, 2337, 2324, 2325, 2338, 2337, 2324, 2338, 2325, 2326, 2339, 2338, 2325, 2339, 2327, 2328, 2341, 2340, 2327, 2341, 2328, 2329, 2342, 2341, 2328, 2342, 2329, 2330, 2343, 2342, 2329, 2343, 2330, 2331, 2344, 2343, 2330, 2344, 2331, 2332, 2345, 2344, 2331, 2345, 2332, 2333, 2346, 2345, 2332, 2346, 2333, 2334, 2347, 2346, 2333, 2347, 2334, 2335, 2348, 2347, 2334, 2348, 2335, 2336, 2349, 2348, 2335, 2349, 2336, 2337, 2350, 2349, 2336, 2350, 2337, 2338, 2351, 2350, 2337, 2351, 2338, 2339, 2352, 2351, 2338, 2352, 2340, 2341, 2354, 2353, 2340, 2354, 2341, 2342, 2355, 2354, 2341, 2355, 2342, 2343, 2356, 2355, 2342, 2356, 2343, 2344, 2357, 2356, 2343, 2357, 2344, 2345, 2358, 2357, 2344, 2358, 2345, 2346, 2359, 2358, 2345, 2359, 2346, 2347, 2360, 2359, 2346, 2360, 2347, 2348, 2361, 2360, 2347, 2361, 2348, 2349, 2362, 2361, 2348, 2362, 2349, 2350, 2363, 2362, 2349, 2363, 2350, 2351, 2364, 2363, 2350, 2364, 2351, 2352, 2365, 2364, 2351, 2365, 2353, 2354, 2367, 2366, 2353, 2367, 2354, 2355, 2368, 2367, 2354, 2368, 2355, 2356, 2369, 2368, 2355, 2369, 2356, 2357, 2370, 2369, 2356, 2370, 2357, 2358, 2371, 2370, 2357, 2371, 2358, 2359, 2372, 2371, 2358, 2372, 2359, 2360, 2373, 2372, 2359, 2373, 2360, 2361, 2374, 2373, 2360, 2374, 2361, 2362, 2375, 2374, 2361, 2375, 2362, 2363, 2376, 2375, 2362, 2376, 2363, 2364, 2377, 2376, 2363, 2377, 2364, 2365, 2378, 2377, 2364, 2378, 2366, 2367, 2380, 2379, 2366, 2380, 2367, 2368, 2381, 2380, 2367, 2381, 2368, 2369, 2382, 2381, 2368, 2382, 2369, 2370, 2383, 2382, 2369, 2383, 2370, 2371, 2384, 2383, 2370, 2384, 2371, 2372, 2385, 2384, 2371, 2385, 2372, 2373, 2386, 2385, 2372, 2386, 2373, 2374, 2387, 2386, 2373, 2387, 2374, 2375, 2388, 2387, 2374, 2388, 2375, 2376, 2389, 2388, 2375, 2389, 2376, 2377, 2390, 2389, 2376, 2390, 2377, 2378, 2391, 2390, 2377, 2391, 2379, 2380, 2393, 2392, 2379, 2393, 2380, 2381, 2394, 2393, 2380, 2394, 2381, 2382, 2395, 2394, 2381, 2395, 2382, 2383, 2396, 2395, 2382, 2396, 2383, 2384, 2397, 2396, 2383, 2397, 2384, 2385, 2398, 2397, 2384, 2398, 2385, 2386, 2399, 2398, 2385, 2399, 2386, 2387, 2400, 2399, 2386, 2400, 2387, 2388, 2401, 2400, 2387, 2401, 2388, 2389, 2402, 2401, 2388, 2402, 2389, 2390, 2403, 2402, 2389, 2403, 2390, 2391, 2404, 2403, 2390, 2404, 2392, 2393, 2406, 2405, 2392, 2406, 2393, 2394, 2407, 2406, 2393, 2407, 2394, 2395, 2408, 2407, 2394, 2408, 2395, 2396, 2409, 2408, 2395, 2409, 2396, 2397, 2410, 2409, 2396, 2410, 2397, 2398, 2411, 2410, 2397, 2411, 2398, 2399, 2412, 2411, 2398, 2412, 2399, 2400, 2413, 2412, 2399, 2413, 2400, 2401, 2414, 2413, 2400, 2414, 2401, 2402, 2415, 2414, 2401, 2415, 2402, 2403, 2416, 2415, 2402, 2416, 2403, 2404, 2417, 2416, 2403, 2417, 2405, 2406, 2419, 2418, 2405, 2419, 2406, 2407, 2420, 2419, 2406, 2420, 2407, 2408, 2421, 2420, 2407, 2421, 2408, 2409, 2422, 2421, 2408, 2422, 2409, 2410, 2423, 2422, 2409, 2423, 2410, 2411, 2424, 2423, 2410, 2424, 2411, 2412, 2425, 2424, 2411, 2425, 2412, 2413, 2426, 2425, 2412, 2426, 2413, 2414, 2427, 2426, 2413, 2427, 2414, 2415, 2428, 2427, 2414, 2428, 2415, 2416, 2429, 2428, 2415, 2429, 2416, 2417, 2430, 2429, 2416, 2430, 2418, 2419, 2432, 2431, 2418, 2432, 2419, 2420, 2433, 2432, 2419, 2433, 2420, 2421, 2434, 2433, 2420, 2434, 2421, 2422, 2435, 2434, 2421, 2435, 2422, 2423, 2436, 2435, 2422, 2436, 2423, 2424, 2437, 2436, 2423, 2437, 2424, 2425, 2438, 2437, 2424, 2438, 2425, 2426, 2439, 2438, 2425, 2439, 2426, 2427, 2440, 2439, 2426, 2440, 2427, 2428, 2441, 2440, 2427, 2441, 2428, 2429, 2442, 2441, 2428, 2442, 2429, 2430, 2443, 2442, 2429, 2443, 2431, 2432, 2445, 2444, 2431, 2445, 2432, 2433, 2446, 2445, 2432, 2446, 2433, 2434, 2447, 2446, 2433, 2447, 2434, 2435, 2448, 2447, 2434, 2448, 2435, 2436, 2449, 2448, 2435, 2449, 2436, 2437, 2450, 2449, 2436, 2450, 2437, 2438, 2451, 2450, 2437, 2451, 2438, 2439, 2452, 2451, 2438, 2452, 2439, 2440, 2453, 2452, 2439, 2453, 2440, 2441, 2454, 2453, 2440, 2454, 2441, 2442, 2455, 2454, 2441, 2455, 2442, 2443, 2456, 2455, 2442, 2456, 2444, 2445, 2458, 2457, 2444, 2458, 2445, 2446, 2459, 2458, 2445, 2459, 2446, 2447, 2460, 2459, 2446, 2460, 2447, 2448, 2461, 2460, 2447, 2461, 2448, 2449, 2462, 2461, 2448, 2462, 2449, 2450, 2463, 2462, 2449, 2463, 2450, 2451, 2464, 2463, 2450, 2464, 2451, 2452, 2465, 2464, 2451, 2465, 2452, 2453, 2466, 2465, 2452, 2466, 2453, 2454, 2467, 2466, 2453, 2467, 2454, 2455, 2468, 2467, 2454, 2468, 2455, 2456, 2469, 2468, 2455, 2469]
point3f[] points = [
        (-0.035, -0.0225, -0.003),
        (-0.03225, -0.0225, -0.003),
        (-0.0295, -0.0225, -0.003),
        (-0.02675, -0.0225, -0.003),
        (-0.024, -0.0225, -0.003),
        (-0.02125, -0.0225, -0.003),
        (-0.0185, -0.0225, -0.003),
        (-0.01575, -0.0225, -0.003),
        (-0.013, -0.0225, -0.003),
        (-0.01025, -0.0225, -0.003),
        (-0.0075, -0.0225, -0.003),
        (-0.00475, -0.0225, -0.003),
        (-0.002, -0.0225, -0.003),
        (-0.035, -0.02, -0.003),
        (-0.0322212733334, -0.02, -0.003),
        (-0.0294425466668, -0.02, -0.003),
        (-0.0266638200001, -0.02, -0.003),
        (-0.0238850933335, -0.02, -0.003),
        (-0.0211063666669, -0.02, -0.003),
        (-0.0183276400003, -0.02, -0.003),
        (-0.0155489133337, -0.02, -0.003),
        (-0.0127701866671, -0.02, -0.003),
        (-0.00999146000045, -0.02, -0.003),
        (-0.00721273333383, -0.02, -0.003),
        (-0.00443400666721, -0.02, -0.003),
        (-0.0016552800006, -0.02, -0.003),
        (-0.035, -0.0175, -0.003),
        (-0.0322130697093, -0.0175, -0.003),
        (-0.0294261394185, -0.0175, -0.003),
        (-0.0266392091278, -0.0175, -0.003),
        (-0.023852278837, -0.0175, -0.003),
        (-0.0210653485463, -0.0175, -0.003),
        (-0.0182784182556, -0.0175, -0.003),
        (-0.0154914879648, -0.0175, -0.003),
        (-0.0127045576741, -0.0175, -0.003),
        (-0.00991762738336, -0.0175, -0.003),
        (-0.00713069709262, -0.0175, -0.003),
        (-0.00434376680188, -0.0175, -0.003),
        (-0.00155683651114, -0.0175, -0.003),
        (-0.035, -0.015, -0.003),
        (-0.03223125, -0.015, -0.003),
        (-0.0294625, -0.015, -0.003),
        (-0.02669375, -0.015, -0.003),
        (-0.023925, -0.015, -0.003),
        (-0.02115625, -0.015, -0.003),
        (-0.0183875, -0.015, -0.003),
        (-0.01561875, -0.015, -0.003),
        (-0.01285, -0.015, -0.003),
        (-0.01008125, -0.015, -0.003),
        (-0.0073125, -0.015, -0.003),
        (-0.00454375, -0.015, -0.003),
        (-0.001775, -0.015, -0.003),
        (-0.035, -0.0125, -0.003),
        (-0.0322628257554, -0.0125, -0.003),
        (-0.0295256515107, -0.0125, -0.003),
        (-0.0267884772661, -0.0125, -0.003),
        (-0.0240513030215, -0.0125, -0.003),
        (-0.0213141287769, -0.0125, -0.003),
        (-0.0185769545322, -0.0125, -0.003),
        (-0.0158397802876, -0.0125, -0.003),
        (-0.013102606043, -0.0125, -0.003),
        (-0.0103654317984, -0.0125, -0.003),
        (-0.00762825755375, -0.0125, -0.003),
        (-0.00489108330912, -0.0125, -0.003),
        (-0.0021539090645, -0.0125, -0.003),
        (-0.035, -0.01, -0.003),
        (-0.0322852384733, -0.01, -0.003),
        (-0.0295704769466, -0.01, -0.003),
        (-0.0268557154198, -0.01, -0.003),
        (-0.0241409538931, -0.01, -0.003),
        (-0.0214261923664, -0.01, -0.003),
        (-0.0187114308397, -0.01, -0.003),
        (-0.015996669313, -0.01, -0.003),
        (-0.0132819077862, -0.01, -0.003),
        (-0.0105671462595, -0.01, -0.003),
        (-0.00785238473279, -0.01, -0.003),
        (-0.00513762320607, -0.01, -0.003),
        (-0.00242286167935, -0.01, -0.003),
        (-0.035, -0.0075, -0.003),
        (-0.0322824759526, -0.0075, -0.003),
        (-0.0295649519053, -0.0075, -0.003),
        (-0.0268474278579, -0.0075, -0.003),
        (-0.0241299038106, -0.0075, -0.003),
        (-0.0214123797632, -0.0075, -0.003),
        (-0.0186948557159, -0.0075, -0.003),
        (-0.0159773316685, -0.0075, -0.003),
        (-0.0132598076211, -0.0075, -0.003),
        (-0.0105422835738, -0.0075, -0.003),
        (-0.00782475952642, -0.0075, -0.003),
        (-0.00510723547906, -0.0075, -0.003),
        (-0.0023897114317, -0.0075, -0.003),
        (-0.035, -0.005, -0.003),
        (-0.0322565118067, -0.005, -0.003),
        (-0.0295130236133, -0.005, -0.003),
        (-0.02676953542, -0.005, -0.003),
        (-0.0240260472267, -0.005, -0.003),
        (-0.0212825590333, -0.005, -0.003),
        (-0.01853907084, -0.005, -0.003),
        (-0.0157955826466, -0.005, -0.003),
        (-0.0130520944533, -0.005, -0.003),
        (-0.01030860626, -0.005, -0.003),
        (-0.00756511806663, -0.005, -0.003),
        (-0.00482162987329, -0.005, -0.003),
        (-0.00207814167995, -0.005, -0.003),
        (-0.035, -0.0025, -0.003),
        (-0.0322258954646, -0.0025, -0.003),
        (-0.0294517909293, -0.0025, -0.003),
        (-0.0266776863939, -0.0025, -0.003),
        (-0.0239035818585, -0.0025, -0.003),
        (-0.0211294773232, -0.0025, -0.003),
        (-0.0183553727878, -0.0025, -0.003),
        (-0.0155812682525, -0.0025, -0.003),
        (-0.0128071637171, -0.0025, -0.003),
        (-0.0100330591817, -0.0025, -0.003),
        (-0.00725895464637, -0.0025, -0.003),
        (-0.004484850111, -0.0025, -0.003),
        (-0.00171074557564, -0.0025, -0.003),
        (-0.035, 0, -0.003),
        (-0.0322125, 0, -0.003),
        (-0.029425, 0, -0.003),
        (-0.0266375, 0, -0.003),
        (-0.02385, 0, -0.003),
        (-0.0210625, 0, -0.003),
        (-0.018275, 0, -0.003),
        (-0.0154875, 0, -0.003),
        (-0.0127, 0, -0.003),
        (-0.0099125, 0, -0.003),
        (-0.007125, 0, -0.003),
        (-0.0043375, 0, -0.003),
        (-0.00155, 0, -0.003),
        (-0.035, 0.0025, -0.003),
        (-0.0322258954646, 0.0025, -0.003),
        (-0.0294517909293, 0.0025, -0.003),
        (-0.0266776863939, 0.0025, -0.003),
        (-0.0239035818585, 0.0025, -0.003),
        (-0.0211294773232, 0.0025, -0.003),
        (-0.0183553727878, 0.0025, -0.003),
        (-0.0155812682525, 0.0025, -0.003),
        (-0.0128071637171, 0.0025, -0.003),
        (-0.0100330591817, 0.0025, -0.003),
        (-0.00725895464637, 0.0025, -0.003),
        (-0.004484850111, 0.0025, -0.003),
        (-0.00171074557564, 0.0025, -0.003),
        (-0.035, 0.005, -0.003),
        (-0.0322565118067, 0.005, -0.003),
        (-0.0295130236133, 0.005, -0.003),
        (-0.02676953542, 0.005, -0.003),
        (-0.0240260472267, 0.005, -0.003),
        (-0.0212825590333, 0.005, -0.003),
        (-0.01853907084, 0.005, -0.003),
        (-0.0157955826466, 0.005, -0.003),
        (-0.0130520944533, 0.005, -0.003),
        (-0.01030860626, 0.005, -0.003),
        (-0.00756511806663, 0.005, -0.003),
        (-0.00482162987329, 0.005, -0.003),
        (-0.00207814167995, 0.005, -0.003),
        (-0.035, 0.0075, -0.003),
        (-0.0322824759526, 0.0075, -0.003),
        (-0.0295649519053, 0.0075, -0.003),
        (-0.0268474278579, 0.0075, -0.003),
        (-0.0241299038106, 0.0075, -0.003),
        (-0.0214123797632, 0.0075, -0.003),
        (-0.0186948557159, 0.0075, -0.003),
        (-0.0159773316685, 0.0075, -0.003),
        (-0.0132598076211, 0.0075, -0.003),
        (-0.0105422835738, 0.0075, -0.003),
        (-0.00782475952642, 0.0075, -0.003),
        (-0.00510723547906, 0.0075, -0.003),
        (-0.0023897114317, 0.0075, -0.003),
        (-0.035, 0.01, -0.003),
        (-0.0322852384733, 0.01, -0.003),
        (-0.0295704769466, 0.01, -0.003),
        (-0.0268557154198, 0.01, -0.003),
        (-0.0241409538931, 0.01, -0.003),
        (-0.0214261923664, 0.01, -0.003),
        (-0.0187114308397, 0.01, -0.003),
        (-0.015996669313, 0.01, -0.003),
        (-0.0132819077862, 0.01, -0.003),
        (-0.0105671462595, 0.01, -0.003),
        (-0.00785238473279, 0.01, -0.003),
        (-0.00513762320607, 0.01, -0.003),
        (-0.00242286167935, 0.01, -0.003),
        (-0.035, 0.0125, -0.003),
        (-0.0322628257554, 0.0125, -0.003),
        (-0.0295256515107, 0.0125, -0.003),
        (-0.0267884772661, 0.0125, -0.003),
        (-0.0240513030215, 0.0125, -0.003),
        (-0.0213141287769, 0.0125, -0.003),
        (-0.0185769545322, 0.0125, -0.003),
        (-0.0158397802876, 0.0125, -0.003),
        (-0.013102606043, 0.0125, -0.003),
        (-0.0103654317984, 0.0125, -0.003),
        (-0.00762825755375, 0.0125, -0.003),
        (-0.00489108330912, 0.0125, -0.003),
        (-0.0021539090645, 0.0125, -0.003),
        (-0.035, 0.015, -0.003),
        (-0.03223125, 0.015, -0.003),
        (-0.0294625, 0.015, -0.003),
        (-0.02669375, 0.015, -0.003),
        (-0.023925, 0.015, -0.003),
        (-0.02115625, 0.015, -0.003),
        (-0.0183875, 0.015, -0.003),
        (-0.01561875, 0.015, -0.003),
        (-0.01285, 0.015, -0.003),
        (-0.01008125, 0.015, -0.003),
        (-0.0073125, 0.015, -0.003),
        (-0.00454375, 0.015, -0.003),
        (-0.001775, 0.015, -0.003),
        (-0.035, 0.0175, -0.003),
        (-0.0322130697093, 0.0175, -0.003),
        (-0.0294261394185, 0.0175, -0.003),
        (-0.0266392091278, 0.0175, -0.003),
        (-0.023852278837, 0.0175, -0.003),
        (-0.0210653485463, 0.0175, -0.003),
        (-0.0182784182556, 0.0175, -0.003),
        (-0.0154914879648, 0.0175, -0.003),
        (-0.0127045576741, 0.0175, -0.003),
        (-0.00991762738336, 0.0175, -0.003),
        (-0.00713069709262, 0.0175, -0.003),
        (-0.00434376680188, 0.0175, -0.003),
        (-0.00155683651114, 0.0175, -0.003),
        (-0.035, 0.02, -0.003),
        (-0.0322212733334, 0.02, -0.003),
        (-0.0294425466668, 0.02, -0.003),
        (-0.0266638200001, 0.02, -0.003),
        (-0.0238850933335, 0.02, -0.003),
        (-0.0211063666669, 0.02, -0.003),
        (-0.0183276400003, 0.02, -0.003),
        (-0.0155489133337, 0.02, -0.003),
        (-0.0127701866671, 0.02, -0.003),
        (-0.00999146000045, 0.02, -0.003),
        (-0.00721273333383, 0.02, -0.003),
        (-0.00443400666721, 0.02, -0.003),
        (-0.0016552800006, 0.02, -0.003),
        (-0.035, 0.0225, -0.003),
        (-0.03225, 0.0225, -0.003),
        (-0.0295, 0.0225, -0.003),
        (-0.02675, 0.0225, -0.003),
        (-0.024, 0.0225, -0.003),
        (-0.02125, 0.0225, -0.003),
        (-0.0185, 0.0225, -0.003),
        (-0.01575, 0.0225, -0.003),
        (-0.013, 0.0225, -0.003),
        (-0.01025, 0.0225, -0.003),
        (-0.0075, 0.0225, -0.003),
        (-0.00475, 0.0225, -0.003),
        (-0.002, 0.0225, -0.003),
        (-0.035, -0.0225, -0.0015),
        (-0.0322708333333, -0.0225, -0.0015),
        (-0.0295416666667, -0.0225, -0.0015),
        (-0.0268125, -0.0225, -0.0015),
        (-0.0240833333333, -0.0225, -0.0015),
        (-0.0213541666667, -0.0225, -0.0015),
        (-0.018625, -0.0225, -0.0015),
        (-0.0158958333333, -0.0225, -0.0015),
        (-0.0131666666667, -0.0225, -0.0015),
        (-0.0104375, -0.0225, -0.0015),
        (-0.00770833333333, -0.0225, -0.0015),
        (-0.00497916666667, -0.0225, -0.0015),
        (-0.00225, -0.0225, -0.0015),
        (-0.035, -0.02, -0.0015),
        (-0.0322421066667, -0.02, -0.0015),
        (-0.0294842133334, -0.02, -0.0015),
        (-0.0267263200001, -0.02, -0.0015),
        (-0.0239684266669, -0.02, -0.0015),
        (-0.0212105333336, -0.02, -0.0015),
        (-0.0184526400003, -0.02, -0.0015),
        (-0.015694746667, -0.02, -0.0015),
        (-0.0129368533337, -0.02, -0.0015),
        (-0.0101789600004, -0.02, -0.0015),
        (-0.00742106666716, -0.02, -0.0015),
        (-0.00466317333388, -0.02, -0.0015),
        (-0.0019052800006, -0.02, -0.0015),
        (-0.035, -0.0175, -0.0015),
        (-0.0322339030426, -0.0175, -0.0015),
        (-0.0294678060852, -0.0175, -0.0015),
        (-0.0267017091278, -0.0175, -0.0015),
        (-0.0239356121704, -0.0175, -0.0015),
        (-0.021169515213, -0.0175, -0.0015),
        (-0.0184034182556, -0.0175, -0.0015),
        (-0.0156373212982, -0.0175, -0.0015),
        (-0.0128712243408, -0.0175, -0.0015),
        (-0.0101051273834, -0.0175, -0.0015),
        (-0.00733903042595, -0.0175, -0.0015),
        (-0.00457293346855, -0.0175, -0.0015),
        (-0.00180683651114, -0.0175, -0.0015),
        (-0.035, -0.015, -0.0015),
        (-0.0322520833333, -0.015, -0.0015),
        (-0.0295041666667, -0.015, -0.0015),
        (-0.02675625, -0.015, -0.0015),
        (-0.0240083333333, -0.015, -0.0015),
        (-0.0212604166667, -0.015, -0.0015),
        (-0.0185125, -0.015, -0.0015),
        (-0.0157645833333, -0.015, -0.0015),
        (-0.0130166666667, -0.015, -0.0015),
        (-0.01026875, -0.015, -0.0015),
        (-0.00752083333333, -0.015, -0.0015),
        (-0.00477291666667, -0.015, -0.0015),
        (-0.002025, -0.015, -0.0015),
        (-0.035, -0.0125, -0.0015),
        (-0.0322836590887, -0.0125, -0.0015),
        (-0.0295673181774, -0.0125, -0.0015),
        (-0.0268509772661, -0.0125, -0.0015),
        (-0.0241346363548, -0.0125, -0.0015),
        (-0.0214182954435, -0.0125, -0.0015),
        (-0.0187019545322, -0.0125, -0.0015),
        (-0.015985613621, -0.0125, -0.0015),
        (-0.0132692727097, -0.0125, -0.0015),
        (-0.0105529317984, -0.0125, -0.0015),
        (-0.00783659088708, -0.0125, -0.0015),
        (-0.00512024997579, -0.0125, -0.0015),
        (-0.0024039090645, -0.0125, -0.0015),
        (-0.035, -0.01, -0.0015),
        (-0.0323060718066, -0.01, -0.0015),
        (-0.0296121436132, -0.01, -0.0015),
        (-0.0269182154198, -0.01, -0.0015),
        (-0.0242242872265, -0.01, -0.0015),
        (-0.0215303590331, -0.01, -0.0015),
        (-0.0188364308397, -0.01, -0.0015),
        (-0.0161425026463, -0.01, -0.0015),
        (-0.0134485744529, -0.01, -0.0015),
        (-0.0107546462595, -0.01, -0.0015),
        (-0.00806071806613, -0.01, -0.0015),
        (-0.00536678987274, -0.01, -0.0015),
        (-0.00267286167935, -0.01, -0.0015),
        (-0.035, -0.0075, -0.0015),
        (-0.032303309286, -0.0075, -0.0015),
        (-0.029606618572, -0.0075, -0.0015),
        (-0.0269099278579, -0.0075, -0.0015),
        (-0.0242132371439, -0.0075, -0.0015),
        (-0.0215165464299, -0.0075, -0.0015),
        (-0.0188198557159, -0.0075, -0.0015),
        (-0.0161231650018, -0.0075, -0.0015),
        (-0.0134264742878, -0.0075, -0.0015),
        (-0.0107297835738, -0.0075, -0.0015),
        (-0.00803309285975, -0.0075, -0.0015),
        (-0.00533640214573, -0.0075, -0.0015),
        (-0.0026397114317, -0.0075, -0.0015),
        (-0.035, -0.005, -0.0015),
        (-0.03227734514, -0.005, -0.0015),
        (-0.02955469028, -0.005, -0.0015),
        (-0.02683203542, -0.005, -0.0015),
        (-0.02410938056, -0.005, -0.0015),
        (-0.0213867257, -0.005, -0.0015),
        (-0.01866407084, -0.005, -0.0015),
        (-0.01594141598, -0.005, -0.0015),
        (-0.01321876112, -0.005, -0.0015),
        (-0.01049610626, -0.005, -0.0015),
        (-0.00777345139996, -0.005, -0.0015),
        (-0.00505079653995, -0.005, -0.0015),
        (-0.00232814167995, -0.005, -0.0015),
        (-0.035, -0.0025, -0.0015),
        (-0.032246728798, -0.0025, -0.0015),
        (-0.0294934575959, -0.0025, -0.0015),
        (-0.0267401863939, -0.0025, -0.0015),
        (-0.0239869151919, -0.0025, -0.0015),
        (-0.0212336439899, -0.0025, -0.0015),
        (-0.0184803727878, -0.0025, -0.0015),
        (-0.0157271015858, -0.0025, -0.0015),
        (-0.0129738303838, -0.0025, -0.0015),
        (-0.0102205591817, -0.0025, -0.0015),
        (-0.0074672879797, -0.0025, -0.0015),
        (-0.00471401677767, -0.0025, -0.0015),
        (-0.00196074557564, -0.0025, -0.0015),
        (-0.035, 0, -0.0015),
        (-0.0322333333333, 0, -0.0015),
        (-0.0294666666667, 0, -0.0015),
        (-0.0267, 0, -0.0015),
        (-0.0239333333333, 0, -0.0015),
        (-0.0211666666667, 0, -0.0015),
        (-0.0184, 0, -0.0015),
        (-0.0156333333333, 0, -0.0015),
        (-0.0128666666667, 0, -0.0015),
        (-0.0101, 0, -0.0015),
        (-0.00733333333333, 0, -0.0015),
        (-0.00456666666667, 0, -0.0015),
        (-0.0018, 0, -0.0015),
        (-0.035, 0.0025, -0.0015),
        (-0.032246728798, 0.0025, -0.0015),
        (-0.0294934575959, 0.0025, -0.0015),
        (-0.0267401863939, 0.0025, -0.0015),
        (-0.0239869151919, 0.0025, -0.0015),
        (-0.0212336439899, 0.0025, -0.0015),
        (-0.0184803727878, 0.0025, -0.0015),
        (-0.0157271015858, 0.0025, -0.0015),
        (-0.0129738303838, 0.0025, -0.0015),
        (-0.0102205591817, 0.0025, -0.0015),
        (-0.0074672879797, 0.0025, -0.0015),
        (-0.00471401677767, 0.0025, -0.0015),
        (-0.00196074557564, 0.0025, -0.0015),
        (-0.035, 0.005, -0.0015),
        (-0.03227734514, 0.005, -0.0015),
        (-0.02955469028, 0.005, -0.0015),
        (-0.02683203542, 0.005, -0.0015),
        (-0.02410938056, 0.005, -0.0015),
        (-0.0213867257, 0.005, -0.0015),
        (-0.01866407084, 0.005, -0.0015),
        (-0.01594141598, 0.005, -0.0015),
        (-0.01321876112, 0.005, -0.0015),
        (-0.01049610626, 0.005, -0.0015),
        (-0.00777345139996, 0.005, -0.0015),
        (-0.00505079653995, 0.005, -0.0015),
        (-0.00232814167995, 0.005, -0.0015),
        (-0.035, 0.0075, -0.0015),
        (-0.032303309286, 0.0075, -0.0015),
        (-0.029606618572, 0.0075, -0.0015),
        (-0.0269099278579, 0.0075, -0.0015),
        (-0.0242132371439, 0.0075, -0.0015),
        (-0.0215165464299, 0.0075, -0.0015),
        (-0.0188198557159, 0.0075, -0.0015),
        (-0.0161231650018, 0.0075, -0.0015),
        (-0.0134264742878, 0.0075, -0.0015),
        (-0.0107297835738, 0.0075, -0.0015),
        (-0.00803309285975, 0.0075, -0.0015),
        (-0.00533640214573, 0.0075, -0.0015),
        (-0.0026397114317, 0.0075, -0.0015),
        (-0.035, 0.01, -0.0015),
        (-0.0323060718066, 0.01, -0.0015),
        (-0.0296121436132, 0.01, -0.0015),
        (-0.0269182154198, 0.01, -0.0015),
        (-0.0242242872265, 0.01, -0.0015),
        (-0.0215303590331, 0.01, -0.0015),
        (-0.0188364308397, 0.01, -0.0015),
        (-0.0161425026463, 0.01, -0.0015),
        (-0.0134485744529, 0.01, -0.0015),
        (-0.0107546462595, 0.01, -0.0015),
        (-0.00806071806613, 0.01, -0.0015),
        (-0.00536678987274, 0.01, -0.0015),
        (-0.00267286167935, 0.01, -0.0015),
        (-0.035, 0.0125, -0.0015),
        (-0.0322836590887, 0.0125, -0.0015),
        (-0.0295673181774, 0.0125, -0.0015),
        (-0.0268509772661, 0.0125, -0.0015),
        (-0.0241346363548, 0.0125, -0.0015),
        (-0.0214182954435, 0.0125, -0.0015),
        (-0.0187019545322, 0.0125, -0.0015),
        (-0.015985613621, 0.0125, -0.0015),
        (-0.0132692727097, 0.0125, -0.0015),
        (-0.0105529317984, 0.0125, -0.0015),
        (-0.00783659088708, 0.0125, -0.0015),
        (-0.00512024997579, 0.0125, -0.0015),
        (-0.0024039090645, 0.0125, -0.0015),
        (-0.035, 0.015, -0.0015),
        (-0.0322520833333, 0.015, -0.0015),
        (-0.0295041666667, 0.015, -0.0015),
        (-0.02675625, 0.015, -0.0015),
        (-0.0240083333333, 0.015, -0.0015),
        (-0.0212604166667, 0.015, -0.0015),
        (-0.0185125, 0.015, -0.0015),
        (-0.0157645833333, 0.015, -0.0015),
        (-0.0130166666667, 0.015, -0.0015),
        (-0.01026875, 0.015, -0.0015),
        (-0.00752083333333, 0.015, -0.0015),
        (-0.00477291666667, 0.015, -0.0015),
        (-0.002025, 0.015, -0.0015),
        (-0.035, 0.0175, -0.0015),
        (-0.0322339030426, 0.0175, -0.0015),
        (-0.0294678060852, 0.0175, -0.0015),
        (-0.0267017091278, 0.0175, -0.0015),
        (-0.0239356121704, 0.0175, -0.0015),
        (-0.021169515213, 0.0175, -0.0015),
        (-0.0184034182556, 0.0175, -0.0015),
        (-0.0156373212982, 0.0175, -0.0015),
        (-0.0128712243408, 0.0175, -0.0015),
        (-0.0101051273834, 0.0175, -0.0015),
        (-0.00733903042595, 0.0175, -0.0015),
        (-0.00457293346855, 0.0175, -0.0015),
        (-0.00180683651114, 0.0175, -0.0015),
        (-0.035, 0.02, -0.0015),
        (-0.0322421066667, 0.02, -0.0015),
        (-0.0294842133334, 0.02, -0.0015),
        (-0.0267263200001, 0.02, -0.0015),
        (-0.0239684266669, 0.02, -0.0015),
        (-0.0212105333336, 0.02, -0.0015),
        (-0.0184526400003, 0.02, -0.0015),
        (-0.015694746667, 0.02, -0.0015),
        (-0.0129368533337, 0.02, -0.0015),
        (-0.0101789600004, 0.02, -0.0015),
        (-0.00742106666716, 0.02, -0.0015),
        (-0.00466317333388, 0.02, -0.0015),
        (-0.0019052800006, 0.02, -0.0015),
        (-0.035, 0.0225, -0.0015),
        (-0.0322708333333, 0.0225, -0.0015),
        (-0.0295416666667, 0.0225, -0.0015),
        (-0.0268125, 0.0225, -0.0015),
        (-0.0240833333333, 0.0225, -0.0015),
        (-0.0213541666667, 0.0225, -0.0015),
        (-0.018625, 0.0225, -0.0015),
        (-0.0158958333333, 0.0225, -0.0015),
        (-0.0131666666667, 0.0225, -0.0015),
        (-0.0104375, 0.0225, -0.0015),
        (-0.00770833333333, 0.0225, -0.0015),
        (-0.00497916666667, 0.0225, -0.0015),
        (-0.00225, 0.0225, -0.0015),
        (-0.035, -0.0225, 0),
        (-0.0322916666667, -0.0225, 0),
        (-0.0295833333333, -0.0225, 0),
        (-0.026875, -0.0225, 0),
        (-0.0241666666667, -0.0225, 0),
        (-0.0214583333333, -0.0225, 0),
        (-0.01875, -0.0225, 0),
        (-0.0160416666667, -0.0225, 0),
        (-0.0133333333333, -0.0225, 0),
        (-0.010625, -0.0225, 0),
        (-0.00791666666667, -0.0225, 0),
        (-0.00520833333333, -0.0225, 0),
        (-0.0025, -0.0225, 0),
        (-0.035, -0.02, 0),
        (-0.03226294, -0.02, 0),
        (-0.0295258800001, -0.02, 0),
        (-0.0267888200001, -0.02, 0),
        (-0.0240517600002, -0.02, 0),
        (-0.0213147000002, -0.02, 0),
        (-0.0185776400003, -0.02, 0),
        (-0.0158405800003, -0.02, 0),
        (-0.0131035200004, -0.02, 0),
        (-0.0103664600004, -0.02, 0),
        (-0.0076294000005, -0.02, 0),
        (-0.00489234000055, -0.02, 0),
        (-0.0021552800006, -0.02, 0),
        (-0.035, -0.0175, 0),
        (-0.0322547363759, -0.0175, 0),
        (-0.0295094727519, -0.0175, 0),
        (-0.0267642091278, -0.0175, 0),
        (-0.0240189455037, -0.0175, 0),
        (-0.0212736818796, -0.0175, 0),
        (-0.0185284182556, -0.0175, 0),
        (-0.0157831546315, -0.0175, 0),
        (-0.0130378910074, -0.0175, 0),
        (-0.0102926273834, -0.0175, 0),
        (-0.00754736375929, -0.0175, 0),
        (-0.00480210013522, -0.0175, 0),
        (-0.00205683651114, -0.0175, 0),
        (-0.035, -0.015, 0),
        (-0.0322729166667, -0.015, 0),
        (-0.0295458333333, -0.015, 0),
        (-0.02681875, -0.015, 0),
        (-0.0240916666667, -0.015, 0),
        (-0.0213645833333, -0.015, 0),
        (-0.0186375, -0.015, 0),
        (-0.0159104166667, -0.015, 0),
        (-0.0131833333333, -0.015, 0),
        (-0.01045625, -0.015, 0),
        (-0.00772916666667, -0.015, 0),
        (-0.00500208333333, -0.015, 0),
        (-0.002275, -0.015, 0),
        (-0.035, -0.0125, 0),
        (-0.032304492422, -0.0125, 0),
        (-0.0296089848441, -0.0125, 0),
        (-0.0269134772661, -0.0125, 0),
        (-0.0242179696882, -0.0125, 0),
        (-0.0215224621102, -0.0125, 0),
        (-0.0188269545322, -0.0125, 0),
        (-0.0161314469543, -0.0125, 0),
        (-0.0134359393763, -0.0125, 0),
        (-0.0107404317984, -0.0125, 0),
        (-0.00804492422041, -0.0125, 0),
        (-0.00534941664246, -0.0125, 0),
        (-0.0026539090645, -0.0125, 0),
        (-0.035, -0.01, 0),
        (-0.0323269051399, -0.01, 0),
        (-0.0296538102799, -0.01, 0),
        (-0.0269807154198, -0.01, 0),
        (-0.0243076205598, -0.01, 0),
        (-0.0216345256997, -0.01, 0),
        (-0.0189614308397, -0.01, 0),
        (-0.0162883359796, -0.01, 0),
        (-0.0136152411196, -0.01, 0),
        (-0.0109421462595, -0.01, 0),
        (-0.00826905139946, -0.01, 0),
        (-0.00559595653941, -0.01, 0),
        (-0.00292286167935, -0.01, 0),
        (-0.035, -0.0075, 0),
        (-0.0323241426193, -0.0075, 0),
        (-0.0296482852386, -0.0075, 0),
        (-0.0269724278579, -0.0075, 0),
        (-0.0242965704772, -0.0075, 0),
        (-0.0216207130965, -0.0075, 0),
        (-0.0189448557159, -0.0075, 0),
        (-0.0162689983352, -0.0075, 0),
        (-0.0135931409545, -0.0075, 0),
        (-0.0109172835738, -0.0075, 0),
        (-0.00824142619309, -0.0075, 0),
        (-0.00556556881239, -0.0075, 0),
        (-0.0028897114317, -0.0075, 0),
        (-0.035, -0.005, 0),
        (-0.0322981784733, -0.005, 0),
        (-0.0295963569467, -0.005, 0),
        (-0.02689453542, -0.005, 0),
        (-0.0241927138933, -0.005, 0),
        (-0.0214908923666, -0.005, 0),
        (-0.01878907084, -0.005, 0),
        (-0.0160872493133, -0.005, 0),
        (-0.0133854277866, -0.005, 0),
        (-0.01068360626, -0.005, 0),
        (-0.00798178473329, -0.005, 0),
        (-0.00527996320662, -0.005, 0),
        (-0.00257814167995, -0.005, 0),
        (-0.035, -0.0025, 0),
        (-0.0322675621313, -0.0025, 0),
        (-0.0295351242626, -0.0025, 0),
        (-0.0268026863939, -0.0025, 0),
        (-0.0240702485252, -0.0025, 0),
        (-0.0213378106565, -0.0025, 0),
        (-0.0186053727878, -0.0025, 0),
        (-0.0158729349191, -0.0025, 0),
        (-0.0131404970504, -0.0025, 0),
        (-0.0104080591817, -0.0025, 0),
        (-0.00767562131303, -0.0025, 0),
        (-0.00494318344434, -0.0025, 0),
        (-0.00221074557564, -0.0025, 0),
        (-0.035, 0, 0),
        (-0.0322541666667, 0, 0),
        (-0.0295083333333, 0, 0),
        (-0.0267625, 0, 0),
        (-0.0240166666667, 0, 0),
        (-0.0212708333333, 0, 0),
        (-0.018525, 0, 0),
        (-0.0157791666667, 0, 0),
        (-0.0130333333333, 0, 0),
        (-0.0102875, 0, 0),
        (-0.00754166666667, 0, 0),
        (-0.00479583333333, 0, 0),
        (-0.00205, 0, 0),
        (-0.035, 0.0025, 0),
        (-0.0322675621313, 0.0025, 0),
        (-0.0295351242626, 0.0025, 0),
        (-0.0268026863939, 0.0025, 0),
        (-0.0240702485252, 0.0025, 0),
        (-0.0213378106565, 0.0025, 0),
        (-0.0186053727878, 0.0025, 0),
        (-0.0158729349191, 0.0025, 0),
        (-0.0131404970504, 0.0025, 0),
        (-0.0104080591817, 0.0025, 0),
        (-0.00767562131303, 0.0025, 0),
        (-0.00494318344434, 0.0025, 0),
        (-0.00221074557564, 0.0025, 0),
        (-0.035, 0.005, 0),
        (-0.0322981784733, 0.005, 0),
        (-0.0295963569467, 0.005, 0),
        (-0.02689453542, 0.005, 0),
        (-0.0241927138933, 0.005, 0),
        (-0.0214908923666, 0.005, 0),
        (-0.01878907084, 0.005, 0),
        (-0.0160872493133, 0.005, 0),
        (-0.0133854277866, 0.005, 0),
        (-0.01068360626, 0.005, 0),
        (-0.00798178473329, 0.005, 0),
        (-0.00527996320662, 0.005, 0),
        (-0.00257814167995, 0.005, 0),
        (-0.035, 0.0075, 0),
        (-0.0323241426193, 0.0075, 0),
        (-0.0296482852386, 0.0075, 0),
        (-0.0269724278579, 0.0075, 0),
        (-0.0242965704772, 0.0075, 0),
        (-0.0216207130965, 0.0075, 0),
        (-0.0189448557159, 0.0075, 0),
        (-0.0162689983352, 0.0075, 0),
        (-0.0135931409545, 0.0075, 0),
        (-0.0109172835738, 0.0075, 0),
        (-0.00824142619309, 0.0075, 0),
        (-0.00556556881239, 0.0075, 0),
        (-0.0028897114317, 0.0075, 0),
        (-0.035, 0.01, 0),
        (-0.0323269051399, 0.01, 0),
        (-0.0296538102799, 0.01, 0),
        (-0.0269807154198, 0.01, 0),
        (-0.0243076205598, 0.01, 0),
        (-0.0216345256997, 0.01, 0),
        (-0.0189614308397, 0.01, 0),
        (-0.0162883359796, 0.01, 0),
        (-0.0136152411196, 0.01, 0),
        (-0.0109421462595, 0.01, 0),
        (-0.00826905139946, 0.01, 0),
        (-0.00559595653941, 0.01, 0),
        (-0.00292286167935, 0.01, 0),
        (-0.035, 0.0125, 0),
        (-0.032304492422, 0.0125, 0),
        (-0.0296089848441, 0.0125, 0),
        (-0.0269134772661, 0.0125, 0),
        (-0.0242179696882, 0.0125, 0),
        (-0.0215224621102, 0.0125, 0),
        (-0.0188269545322, 0.0125, 0),
        (-0.0161314469543, 0.0125, 0),
        (-0.0134359393763, 0.0125, 0),
        (-0.0107404317984, 0.0125, 0),
        (-0.00804492422041, 0.0125, 0),
        (-0.00534941664246, 0.0125, 0),
        (-0.0026539090645, 0.0125, 0),
        (-0.035, 0.015, 0),
        (-0.0322729166667, 0.015, 0),
        (-0.0295458333333, 0.015, 0),
        (-0.02681875, 0.015, 0),
        (-0.0240916666667, 0.015, 0),
        (-0.0213645833333, 0.015, 0),
        (-0.0186375, 0.015, 0),
        (-0.0159104166667, 0.015, 0),
        (-0.0131833333333, 0.015, 0),
        (-0.01045625, 0.015, 0),
        (-0.00772916666667, 0.015, 0),
        (-0.00500208333333, 0.015, 0),
        (-0.002275, 0.015, 0),
        (-0.035, 0.0175, 0),
        (-0.0322547363759, 0.0175, 0),
        (-0.0295094727519, 0.0175, 0),
        (-0.0267642091278, 0.0175, 0),
        (-0.0240189455037, 0.0175, 0),
        (-0.0212736818796, 0.0175, 0),
        (-0.0185284182556, 0.0175, 0),
        (-0.0157831546315, 0.0175, 0),
        (-0.0130378910074, 0.0175, 0),
        (-0.0102926273834, 0.0175, 0),
        (-0.00754736375929, 0.0175, 0),
        (-0.00480210013522, 0.0175, 0),
        (-0.00205683651114, 0.0175, 0),
        (-0.035, 0.02, 0),
        (-0.03226294, 0.02, 0),
        (-0.0295258800001, 0.02, 0),
        (-0.0267888200001, 0.02, 0),
        (-0.0240517600002, 0.02, 0),
        (-0.0213147000002, 0.02, 0),
        (-0.0185776400003, 0.02, 0),
        (-0.0158405800003, 0.02, 0),
        (-0.0131035200004, 0.02, 0),
        (-0.0103664600004, 0.02, 0),
        (-0.0076294000005, 0.02, 0),
        (-0.00489234000055, 0.02, 0),
        (-0.0021552800006, 0.02, 0),
        (-0.035, 0.0225, 0),
        (-0.0322916666667, 0.0225, 0),
        (-0.0295833333333, 0.0225, 0),
        (-0.026875, 0.0225, 0),
        (-0.0241666666667, 0.0225, 0),
        (-0.0214583333333, 0.0225, 0),
        (-0.01875, 0.0225, 0),
        (-0.0160416666667, 0.0225, 0),
        (-0.0133333333333, 0.0225, 0),
        (-0.010625, 0.0225, 0),
        (-0.00791666666667, 0.0225, 0),
        (-0.00520833333333, 0.0225, 0),
        (-0.0025, 0.0225, 0),
        (-0.035, -0.0225, 0.0015),
        (-0.0323125, -0.0225, 0.0015),
        (-0.029625, -0.0225, 0.0015),
        (-0.0269375, -0.0225, 0.0015),
        (-0.02425, -0.0225, 0.0015),
        (-0.0215625, -0.0225, 0.0015),
        (-0.018875, -0.0225, 0.0015),
        (-0.0161875, -0.0225, 0.0015),
        (-0.0135, -0.0225, 0.0015),
        (-0.0108125, -0.0225, 0.0015),
        (-0.008125, -0.0225, 0.0015),
        (-0.0054375, -0.0225, 0.0015),
        (-0.00275, -0.0225, 0.0015),
        (-0.035, -0.02, 0.0015),
        (-0.0322837733334, -0.02, 0.0015),
        (-0.0295675466668, -0.02, 0.0015),
        (-0.0268513200001, -0.02, 0.0015),
        (-0.0241350933335, -0.02, 0.0015),
        (-0.0214188666669, -0.02, 0.0015),
        (-0.0187026400003, -0.02, 0.0015),
        (-0.0159864133337, -0.02, 0.0015),
        (-0.0132701866671, -0.02, 0.0015),
        (-0.0105539600004, -0.02, 0.0015),
        (-0.00783773333383, -0.02, 0.0015),
        (-0.00512150666721, -0.02, 0.0015),
        (-0.0024052800006, -0.02, 0.0015),
        (-0.035, -0.0175, 0.0015),
        (-0.0322755697093, -0.0175, 0.0015),
        (-0.0295511394185, -0.0175, 0.0015),
        (-0.0268267091278, -0.0175, 0.0015),
        (-0.024102278837, -0.0175, 0.0015),
        (-0.0213778485463, -0.0175, 0.0015),
        (-0.0186534182556, -0.0175, 0.0015),
        (-0.0159289879648, -0.0175, 0.0015),
        (-0.0132045576741, -0.0175, 0.0015),
        (-0.0104801273834, -0.0175, 0.0015),
        (-0.00775569709262, -0.0175, 0.0015),
        (-0.00503126680188, -0.0175, 0.0015),
        (-0.00230683651114, -0.0175, 0.0015),
        (-0.035, -0.015, 0.0015),
        (-0.03229375, -0.015, 0.0015),
        (-0.0295875, -0.015, 0.0015),
        (-0.02688125, -0.015, 0.0015),
        (-0.024175, -0.015, 0.0015),
        (-0.02146875, -0.015, 0.0015),
        (-0.0187625, -0.015, 0.0015),
        (-0.01605625, -0.015, 0.0015),
        (-0.01335, -0.015, 0.0015),
        (-0.01064375, -0.015, 0.0015),
        (-0.0079375, -0.015, 0.0015),
        (-0.00523125, -0.015, 0.0015),
        (-0.002525, -0.015, 0.0015),
        (-0.035, -0.0125, 0.0015),
        (-0.0323253257554, -0.0125, 0.0015),
        (-0.0296506515107, -0.0125, 0.0015),
        (-0.0269759772661, -0.0125, 0.0015),
        (-0.0243013030215, -0.0125, 0.0015),
        (-0.0216266287769, -0.0125, 0.0015),
        (-0.0189519545322, -0.0125, 0.0015),
        (-0.0162772802876, -0.0125, 0.0015),
        (-0.013602606043, -0.0125, 0.0015),
        (-0.0109279317984, -0.0125, 0.0015),
        (-0.00825325755375, -0.0125, 0.0015),
        (-0.00557858330912, -0.0125, 0.0015),
        (-0.0029039090645, -0.0125, 0.0015),
        (-0.035, -0.01, 0.0015),
        (-0.0323477384733, -0.01, 0.0015),
        (-0.0296954769466, -0.01, 0.0015),
        (-0.0270432154198, -0.01, 0.0015),
        (-0.0243909538931, -0.01, 0.0015),
        (-0.0217386923664, -0.01, 0.0015),
        (-0.0190864308397, -0.01, 0.0015),
        (-0.016434169313, -0.01, 0.0015),
        (-0.0137819077862, -0.01, 0.0015),
        (-0.0111296462595, -0.01, 0.0015),
        (-0.00847738473279, -0.01, 0.0015),
        (-0.00582512320607, -0.01, 0.0015),
        (-0.00317286167935, -0.01, 0.0015),
        (-0.035, -0.0075, 0.0015),
        (-0.0323449759526, -0.0075, 0.0015),
        (-0.0296899519053, -0.0075, 0.0015),
        (-0.0270349278579, -0.0075, 0.0015),
        (-0.0243799038106, -0.0075, 0.0015),
        (-0.0217248797632, -0.0075, 0.0015),
        (-0.0190698557159, -0.0075, 0.0015),
        (-0.0164148316685, -0.0075, 0.0015),
        (-0.0137598076211, -0.0075, 0.0015),
        (-0.0111047835738, -0.0075, 0.0015),
        (-0.00844975952642, -0.0075, 0.0015),
        (-0.00579473547906, -0.0075, 0.0015),
        (-0.0031397114317, -0.0075, 0.0015),
        (-0.035, -0.005, 0.0015),
        (-0.0323190118067, -0.005, 0.0015),
        (-0.0296380236133, -0.005, 0.0015),
        (-0.02695703542, -0.005, 0.0015),
        (-0.0242760472267, -0.005, 0.0015),
        (-0.0215950590333, -0.005, 0.0015),
        (-0.01891407084, -0.005, 0.0015),
        (-0.0162330826466, -0.005, 0.0015),
        (-0.0135520944533, -0.005, 0.0015),
        (-0.01087110626, -0.005, 0.0015),
        (-0.00819011806663, -0.005, 0.0015),
        (-0.00550912987329, -0.005, 0.0015),
        (-0.00282814167995, -0.005, 0.0015),
        (-0.035, -0.0025, 0.0015),
        (-0.0322883954646, -0.0025, 0.0015),
        (-0.0295767909293, -0.0025, 0.0015),
        (-0.0268651863939, -0.0025, 0.0015),
        (-0.0241535818585, -0.0025, 0.0015),
        (-0.0214419773232, -0.0025, 0.0015),
        (-0.0187303727878, -0.0025, 0.0015),
        (-0.0160187682525, -0.0025, 0.0015),
        (-0.0133071637171, -0.0025, 0.0015),
        (-0.0105955591817, -0.0025, 0.0015),
        (-0.00788395464637, -0.0025, 0.0015),
        (-0.005172350111, -0.0025, 0.0015),
        (-0.00246074557564, -0.0025, 0.0015),
        (-0.035, 0, 0.0015),
        (-0.032275, 0, 0.0015),
        (-0.02955, 0, 0.0015),
        (-0.026825, 0, 0.0015),
        (-0.0241, 0, 0.0015),
        (-0.021375, 0, 0.0015),
        (-0.01865, 0, 0.0015),
        (-0.015925, 0, 0.0015),
        (-0.0132, 0, 0.0015),
        (-0.010475, 0, 0.0015),
        (-0.00775, 0, 0.0015),
        (-0.005025, 0, 0.0015),
        (-0.0023, 0, 0.0015),
        (-0.035, 0.0025, 0.0015),
        (-0.0322883954646, 0.0025, 0.0015),
        (-0.0295767909293, 0.0025, 0.0015),
        (-0.0268651863939, 0.0025, 0.0015),
        (-0.0241535818585, 0.0025, 0.0015),
        (-0.0214419773232, 0.0025, 0.0015),
        (-0.0187303727878, 0.0025, 0.0015),
        (-0.0160187682525, 0.0025, 0.0015),
        (-0.0133071637171, 0.0025, 0.0015),
        (-0.0105955591817, 0.0025, 0.0015),
        (-0.00788395464637, 0.0025, 0.0015),
        (-0.005172350111, 0.0025, 0.0015),
        (-0.00246074557564, 0.0025, 0.0015),
        (-0.035, 0.005, 0.0015),
        (-0.0323190118067, 0.005, 0.0015),
        (-0.0296380236133, 0.005, 0.0015),
        (-0.02695703542, 0.005, 0.0015),
        (-0.0242760472267, 0.005, 0.0015),
        (-0.0215950590333, 0.005, 0.0015),
        (-0.01891407084, 0.005, 0.0015),
        (-0.0162330826466, 0.005, 0.0015),
        (-0.0135520944533, 0.005, 0.0015),
        (-0.01087110626, 0.005, 0.0015),
        (-0.00819011806663, 0.005, 0.0015),
        (-0.00550912987329, 0.005, 0.0015),
        (-0.00282814167995, 0.005, 0.0015),
        (-0.035, 0.0075, 0.0015),
        (-0.0323449759526, 0.0075, 0.0015),
        (-0.0296899519053, 0.0075, 0.0015),
        (-0.0270349278579, 0.0075, 0.0015),
        (-0.0243799038106, 0.0075, 0.0015),
        (-0.0217248797632, 0.0075, 0.0015),
        (-0.0190698557159, 0.0075, 0.0015),
        (-0.0164148316685, 0.0075, 0.0015),
        (-0.0137598076211, 0.0075, 0.0015),
        (-0.0111047835738, 0.0075, 0.0015),
        (-0.00844975952642, 0.0075, 0.0015),
        (-0.00579473547906, 0.0075, 0.0015),
        (-0.0031397114317, 0.0075, 0.0015),
        (-0.035, 0.01, 0.0015),
        (-0.0323477384733, 0.01, 0.0015),
        (-0.0296954769466, 0.01, 0.0015),
        (-0.0270432154198, 0.01, 0.0015),
        (-0.0243909538931, 0.01, 0.0015),
        (-0.0217386923664, 0.01, 0.0015),
        (-0.0190864308397, 0.01, 0.0015),
        (-0.016434169313, 0.01, 0.0015),
        (-0.0137819077862, 0.01, 0.0015),
        (-0.0111296462595, 0.01, 0.0015),
        (-0.00847738473279, 0.01, 0.0015),
        (-0.00582512320607, 0.01, 0.0015),
        (-0.00317286167935, 0.01, 0.0015),
        (-0.035, 0.0125, 0.0015),
        (-0.0323253257554, 0.0125, 0.0015),
        (-0.0296506515107, 0.0125, 0.0015),
        (-0.0269759772661, 0.0125, 0.0015),
        (-0.0243013030215, 0.0125, 0.0015),
        (-0.0216266287769, 0.0125, 0.0015),
        (-0.0189519545322, 0.0125, 0.0015),
        (-0.0162772802876, 0.0125, 0.0015),
        (-0.013602606043, 0.0125, 0.0015),
        (-0.0109279317984, 0.0125, 0.0015),
        (-0.00825325755375, 0.0125, 0.0015),
        (-0.00557858330912, 0.0125, 0.0015),
        (-0.0029039090645, 0.0125, 0.0015),
        (-0.035, 0.015, 0.0015),
        (-0.03229375, 0.015, 0.0015),
        (-0.0295875, 0.015, 0.0015),
        (-0.02688125, 0.015, 0.0015),
        (-0.024175, 0.015, 0.0015),
        (-0.02146875, 0.015, 0.0015),
        (-0.0187625, 0.015, 0.0015),
        (-0.01605625, 0.015, 0.0015),
        (-0.01335, 0.015, 0.0015),
        (-0.01064375, 0.015, 0.0015),
        (-0.0079375, 0.015, 0.0015),
        (-0.00523125, 0.015, 0.0015),
        (-0.002525, 0.015, 0.0015),
        (-0.035, 0.0175, 0.0015),
        (-0.0322755697093, 0.0175, 0.0015),
        (-0.0295511394185, 0.0175, 0.0015),
        (-0.0268267091278, 0.0175, 0.0015),
        (-0.024102278837, 0.0175, 0.0015),
        (-0.0213778485463, 0.0175, 0.0015),
        (-0.0186534182556, 0.0175, 0.0015),
        (-0.0159289879648, 0.0175, 0.0015),
        (-0.0132045576741, 0.0175, 0.0015),
        (-0.0104801273834, 0.0175, 0.0015),
        (-0.00775569709262, 0.0175, 0.0015),
        (-0.00503126680188, 0.0175, 0.0015),
        (-0.00230683651114, 0.0175, 0.0015),
        (-0.035, 0.02, 0.0015),
        (-0.0322837733334, 0.02, 0.0015),
        (-0.0295675466668, 0.02, 0.0015),
        (-0.0268513200001, 0.02, 0.0015),
        (-0.0241350933335, 0.02, 0.0015),
        (-0.0214188666669, 0.02, 0.0015),
        (-0.0187026400003, 0.02, 0.0015),
        (-0.0159864133337, 0.02, 0.0015),
        (-0.0132701866671, 0.02, 0.0015),
        (-0.0105539600004, 0.02, 0.0015),
        (-0.00783773333383, 0.02, 0.0015),
        (-0.00512150666721, 0.02, 0.0015),
        (-0.0024052800006, 0.02, 0.0015),
        (-0.035, 0.0225, 0.0015),
        (-0.0323125, 0.0225, 0.0015),
        (-0.029625, 0.0225, 0.0015),
        (-0.0269375, 0.0225, 0.0015),
        (-0.02425, 0.0225, 0.0015),
        (-0.0215625, 0.0225, 0.0015),
        (-0.018875, 0.0225, 0.0015),
        (-0.0161875, 0.0225, 0.0015),
        (-0.0135, 0.0225, 0.0015),
        (-0.0108125, 0.0225, 0.0015),
        (-0.008125, 0.0225, 0.0015),
        (-0.0054375, 0.0225, 0.0015),
        (-0.00275, 0.0225, 0.0015),
        (-0.035, -0.0225, 0.003),
        (-0.0323333333333, -0.0225, 0.003),
        (-0.0296666666667, -0.0225, 0.003),
        (-0.027, -0.0225, 0.003),
        (-0.0243333333333, -0.0225, 0.003),
        (-0.0216666666667, -0.0225, 0.003),
        (-0.019, -0.0225, 0.003),
        (-0.0163333333333, -0.0225, 0.003),
        (-0.0136666666667, -0.0225, 0.003),
        (-0.011, -0.0225, 0.003),
        (-0.00833333333333, -0.0225, 0.003),
        (-0.00566666666667, -0.0225, 0.003),
        (-0.003, -0.0225, 0.003),
        (-0.035, -0.02, 0.003),
        (-0.0323046066667, -0.02, 0.003),
        (-0.0296092133334, -0.02, 0.003),
        (-0.0269138200001, -0.02, 0.003),
        (-0.0242184266669, -0.02, 0.003),
        (-0.0215230333336, -0.02, 0.003),
        (-0.0188276400003, -0.02, 0.003),
        (-0.016132246667, -0.02, 0.003),
        (-0.0134368533337, -0.02, 0.003),
        (-0.0107414600004, -0.02, 0.003),
        (-0.00804606666716, -0.02, 0.003),
        (-0.00535067333388, -0.02, 0.003),
        (-0.0026552800006, -0.02, 0.003),
        (-0.035, -0.0175, 0.003),
        (-0.0322964030426, -0.0175, 0.003),
        (-0.0295928060852, -0.0175, 0.003),
        (-0.0268892091278, -0.0175, 0.003),
        (-0.0241856121704, -0.0175, 0.003),
        (-0.021482015213, -0.0175, 0.003),
        (-0.0187784182556, -0.0175, 0.003),
        (-0.0160748212982, -0.0175, 0.003),
        (-0.0133712243408, -0.0175, 0.003),
        (-0.0106676273834, -0.0175, 0.003),
        (-0.00796403042595, -0.0175, 0.003),
        (-0.00526043346855, -0.0175, 0.003),
        (-0.00255683651114, -0.0175, 0.003),
        (-0.035, -0.015, 0.003),
        (-0.0323145833333, -0.015, 0.003),
        (-0.0296291666667, -0.015, 0.003),
        (-0.02694375, -0.015, 0.003),
        (-0.0242583333333, -0.015, 0.003),
        (-0.0215729166667, -0.015, 0.003),
        (-0.0188875, -0.015, 0.003),
        (-0.0162020833333, -0.015, 0.003),
        (-0.0135166666667, -0.015, 0.003),
        (-0.01083125, -0.015, 0.003),
        (-0.00814583333333, -0.015, 0.003),
        (-0.00546041666667, -0.015, 0.003),
        (-0.002775, -0.015, 0.003),
        (-0.035, -0.0125, 0.003),
        (-0.0323461590887, -0.0125, 0.003),
        (-0.0296923181774, -0.0125, 0.003),
        (-0.0270384772661, -0.0125, 0.003),
        (-0.0243846363548, -0.0125, 0.003),
        (-0.0217307954435, -0.0125, 0.003),
        (-0.0190769545322, -0.0125, 0.003),
        (-0.016423113621, -0.0125, 0.003),
        (-0.0137692727097, -0.0125, 0.003),
        (-0.0111154317984, -0.0125, 0.003),
        (-0.00846159088708, -0.0125, 0.003),
        (-0.00580774997579, -0.0125, 0.003),
        (-0.0031539090645, -0.0125, 0.003),
        (-0.035, -0.01, 0.003),
        (-0.0323685718066, -0.01, 0.003),
        (-0.0297371436132, -0.01, 0.003),
        (-0.0271057154198, -0.01, 0.003),
        (-0.0244742872265, -0.01, 0.003),
        (-0.0218428590331, -0.01, 0.003),
        (-0.0192114308397, -0.01, 0.003),
        (-0.0165800026463, -0.01, 0.003),
        (-0.0139485744529, -0.01, 0.003),
        (-0.0113171462595, -0.01, 0.003),
        (-0.00868571806613, -0.01, 0.003),
        (-0.00605428987274, -0.01, 0.003),
        (-0.00342286167935, -0.01, 0.003),
        (-0.035, -0.0075, 0.003),
        (-0.032365809286, -0.0075, 0.003),
        (-0.029731618572, -0.0075, 0.003),
        (-0.0270974278579, -0.0075, 0.003),
        (-0.0244632371439, -0.0075, 0.003),
        (-0.0218290464299, -0.0075, 0.003),
        (-0.0191948557159, -0.0075, 0.003),
        (-0.0165606650018, -0.0075, 0.003),
        (-0.0139264742878, -0.0075, 0.003),
        (-0.0112922835738, -0.0075, 0.003),
        (-0.00865809285975, -0.0075, 0.003),
        (-0.00602390214573, -0.0075, 0.003),
        (-0.0033897114317, -0.0075, 0.003),
        (-0.035, -0.005, 0.003),
        (-0.03233984514, -0.005, 0.003),
        (-0.02967969028, -0.005, 0.003),
        (-0.02701953542, -0.005, 0.003),
        (-0.02435938056, -0.005, 0.003),
        (-0.0216992257, -0.005, 0.003),
        (-0.01903907084, -0.005, 0.003),
        (-0.01637891598, -0.005, 0.003),
        (-0.01371876112, -0.005, 0.003),
        (-0.01105860626, -0.005, 0.003),
        (-0.00839845139996, -0.005, 0.003),
        (-0.00573829653995, -0.005, 0.003),
        (-0.00307814167995, -0.005, 0.003),
        (-0.035, -0.0025, 0.003),
        (-0.032309228798, -0.0025, 0.003),
        (-0.0296184575959, -0.0025, 0.003),
        (-0.0269276863939, -0.0025, 0.003),
        (-0.0242369151919, -0.0025, 0.003),
        (-0.0215461439899, -0.0025, 0.003),
        (-0.0188553727878, -0.0025, 0.003),
        (-0.0161646015858, -0.0025, 0.003),
        (-0.0134738303838, -0.0025, 0.003),
        (-0.0107830591817, -0.0025, 0.003),
        (-0.0080922879797, -0.0025, 0.003),
        (-0.00540151677767, -0.0025, 0.003),
        (-0.00271074557564, -0.0025, 0.003),
        (-0.035, 0, 0.003),
        (-0.0322958333333, 0, 0.003),
        (-0.0295916666667, 0, 0.003),
        (-0.0268875, 0, 0.003),
        (-0.0241833333333, 0, 0.003),
        (-0.0214791666667, 0, 0.003),
        (-0.018775, 0, 0.003),
        (-0.0160708333333, 0, 0.003),
        (-0.0133666666667, 0, 0.003),
        (-0.0106625, 0, 0.003),
        (-0.00795833333333, 0, 0.003),
        (-0.00525416666667, 0, 0.003),
        (-0.00255, 0, 0.003),
        (-0.035, 0.0025, 0.003),
        (-0.032309228798, 0.0025, 0.003),
        (-0.0296184575959, 0.0025, 0.003),
        (-0.0269276863939, 0.0025, 0.003),
        (-0.0242369151919, 0.0025, 0.003),
        (-0.0215461439899, 0.0025, 0.003),
        (-0.0188553727878, 0.0025, 0.003),
        (-0.0161646015858, 0.0025, 0.003),
        (-0.0134738303838, 0.0025, 0.003),
        (-0.0107830591817, 0.0025, 0.003),
        (-0.0080922879797, 0.0025, 0.003),
        (-0.00540151677767, 0.0025, 0.003),
        (-0.00271074557564, 0.0025, 0.003),
        (-0.035, 0.005, 0.003),
        (-0.03233984514, 0.005, 0.003),
        (-0.02967969028, 0.005, 0.003),
        (-0.02701953542, 0.005, 0.003),
        (-0.02435938056, 0.005, 0.003),
        (-0.0216992257, 0.005, 0.003),
        (-0.01903907084, 0.005, 0.003),
        (-0.01637891598, 0.005, 0.003),
        (-0.01371876112, 0.005, 0.003),
        (-0.01105860626, 0.005, 0.003),
        (-0.00839845139996, 0.005, 0.003),
        (-0.00573829653995, 0.005, 0.003),
        (-0.00307814167995, 0.005, 0.003),
        (-0.035, 0.0075, 0.003),
        (-0.032365809286, 0.0075, 0.003),
        (-0.029731618572, 0.0075, 0.003),
        (-0.0270974278579, 0.0075, 0.003),
        (-0.0244632371439, 0.0075, 0.003),
        (-0.0218290464299, 0.0075, 0.003),
        (-0.0191948557159, 0.0075, 0.003),
        (-0.0165606650018, 0.0075, 0.003),
        (-0.0139264742878, 0.0075, 0.003),
        (-0.0112922835738, 0.0075, 0.003),
        (-0.00865809285975, 0.0075, 0.003),
        (-0.00602390214573, 0.0075, 0.003),
        (-0.0033897114317, 0.0075, 0.003),
        (-0.035, 0.01, 0.003),
        (-0.0323685718066, 0.01, 0.003),
        (-0.0297371436132, 0.01, 0.003),
        (-0.0271057154198, 0.01, 0.003),
        (-0.0244742872265, 0.01, 0.003),
        (-0.0218428590331, 0.01, 0.003),
        (-0.0192114308397, 0.01, 0.003),
        (-0.0165800026463, 0.01, 0.003),
        (-0.0139485744529, 0.01, 0.003),
        (-0.0113171462595, 0.01, 0.003),
        (-0.00868571806613, 0.01, 0.003),
        (-0.00605428987274, 0.01, 0.003),
        (-0.00342286167935, 0.01, 0.003),
        (-0.035, 0.0125, 0.003),
        (-0.0323461590887, 0.0125, 0.003),
        (-0.0296923181774, 0.0125, 0.003),
        (-0.0270384772661, 0.0125, 0.003),
        (-0.0243846363548, 0.0125, 0.003),
        (-0.0217307954435, 0.0125, 0.003),
        (-0.0190769545322, 0.0125, 0.003),
        (-0.016423113621, 0.0125, 0.003),
        (-0.0137692727097, 0.0125, 0.003),
        (-0.0111154317984, 0.0125, 0.003),
        (-0.00846159088708, 0.0125, 0.003),
        (-0.00580774997579, 0.0125, 0.003),
        (-0.0031539090645, 0.0125, 0.003),
        (-0.035, 0.015, 0.003),
        (-0.0323145833333, 0.015, 0.003),
        (-0.0296291666667, 0.015, 0.003),
        (-0.02694375, 0.015, 0.003),
        (-0.0242583333333, 0.015, 0.003),
        (-0.0215729166667, 0.015, 0.003),
        (-0.0188875, 0.015, 0.003),
        (-0.0162020833333, 0.015, 0.003),
        (-0.0135166666667, 0.015, 0.003),
        (-0.01083125, 0.015, 0.003),
        (-0.00814583333333, 0.015, 0.003),
        (-0.00546041666667, 0.015, 0.003),
        (-0.002775, 0.015, 0.003),
        (-0.035, 0.0175, 0.003),
        (-0.0322964030426, 0.0175, 0.003),
        (-0.0295928060852, 0.0175, 0.003),
        (-0.0268892091278, 0.0175, 0.003),
        (-0.0241856121704, 0.0175, 0.003),
        (-0.021482015213, 0.0175, 0.003),
        (-0.0187784182556, 0.0175, 0.003),
        (-0.0160748212982, 0.0175, 0.003),
        (-0.0133712243408, 0.0175, 0.003),
        (-0.0106676273834, 0.0175, 0.003),
        (-0.00796403042595, 0.0175, 0.003),
        (-0.00526043346855, 0.0175, 0.003),
        (-0.00255683651114, 0.0175, 0.003),
        (-0.035, 0.02, 0.003),
        (-0.0323046066667, 0.02, 0.003),
        (-0.0296092133334, 0.02, 0.003),
        (-0.0269138200001, 0.02, 0.003),
        (-0.0242184266669, 0.02, 0.003),
        (-0.0215230333336, 0.02, 0.003),
        (-0.0188276400003, 0.02, 0.003),
        (-0.016132246667, 0.02, 0.003),
        (-0.0134368533337, 0.02, 0.003),
        (-0.0107414600004, 0.02, 0.003),
        (-0.00804606666716, 0.02, 0.003),
        (-0.00535067333388, 0.02, 0.003),
        (-0.0026552800006, 0.02, 0.003),
        (-0.035, 0.0225, 0.003),
        (-0.0323333333333, 0.0225, 0.003),
        (-0.0296666666667, 0.0225, 0.003),
        (-0.027, 0.0225, 0.003),
        (-0.0243333333333, 0.0225, 0.003),
        (-0.0216666666667, 0.0225, 0.003),
        (-0.019, 0.0225, 0.003),
        (-0.0163333333333, 0.0225, 0.003),
        (-0.0136666666667, 0.0225, 0.003),
        (-0.011, 0.0225, 0.003),
        (-0.00833333333333, 0.0225, 0.003),
        (-0.00566666666667, 0.0225, 0.003),
        (-0.003, 0.0225, 0.003),
        (0.002, -0.0225, -0.003),
        (0.00475, -0.0225, -0.003),
        (0.0075, -0.0225, -0.003),
        (0.01025, -0.0225, -0.003),
        (0.013, -0.0225, -0.003),
        (0.01575, -0.0225, -0.003),
        (0.0185, -0.0225, -0.003),
        (0.02125, -0.0225, -0.003),
        (0.024, -0.0225, -0.003),
        (0.02675, -0.0225, -0.003),
        (0.0295, -0.0225, -0.003),
        (0.03225, -0.0225, -0.003),
        (0.035, -0.0225, -0.003),
        (0.0023447199994, -0.02, -0.003),
        (0.00506599333279, -0.02, -0.003),
        (0.00778726666617, -0.02, -0.003),
        (0.0105085399996, -0.02, -0.003),
        (0.0132298133329, -0.02, -0.003),
        (0.0159510866663, -0.02, -0.003),
        (0.0186723599997, -0.02, -0.003),
        (0.0213936333331, -0.02, -0.003),
        (0.0241149066665, -0.02, -0.003),
        (0.0268361799999, -0.02, -0.003),
        (0.0295574533332, -0.02, -0.003),
        (0.0322787266666, -0.02, -0.003),
        (0.035, -0.02, -0.003),
        (0.00244316348886, -0.0175, -0.003),
        (0.00515623319812, -0.0175, -0.003),
        (0.00786930290738, -0.0175, -0.003),
        (0.0105823726166, -0.0175, -0.003),
        (0.0132954423259, -0.0175, -0.003),
        (0.0160085120352, -0.0175, -0.003),
        (0.0187215817444, -0.0175, -0.003),
        (0.0214346514537, -0.0175, -0.003),
        (0.024147721163, -0.0175, -0.003),
        (0.0268607908722, -0.0175, -0.003),
        (0.0295738605815, -0.0175, -0.003),
        (0.0322869302907, -0.0175, -0.003),
        (0.035, -0.0175, -0.003),
        (0.002225, -0.015, -0.003),
        (0.00495625, -0.015, -0.003),
        (0.0076875, -0.015, -0.003),
        (0.01041875, -0.015, -0.003),
        (0.01315, -0.015, -0.003),
        (0.01588125, -0.015, -0.003),
        (0.0186125, -0.015, -0.003),
        (0.02134375, -0.015, -0.003),
        (0.024075, -0.015, -0.003),
        (0.02680625, -0.015, -0.003),
        (0.0295375, -0.015, -0.003),
        (0.03226875, -0.015, -0.003),
        (0.035, -0.015, -0.003),
        (0.0018460909355, -0.0125, -0.003),
        (0.00460891669088, -0.0125, -0.003),
        (0.00737174244625, -0.0125, -0.003),
        (0.0101345682016, -0.0125, -0.003),
        (0.012897393957, -0.0125, -0.003),
        (0.0156602197124, -0.0125, -0.003),
        (0.0184230454678, -0.0125, -0.003),
        (0.0211858712231, -0.0125, -0.003),
        (0.0239486969785, -0.0125, -0.003),
        (0.0267115227339, -0.0125, -0.003),
        (0.0294743484893, -0.0125, -0.003),
        (0.0322371742446, -0.0125, -0.003),
        (0.035, -0.0125, -0.003),
        (0.00157713832065, -0.01, -0.003),
        (0.00436237679393, -0.01, -0.003),
        (0.00714761526721, -0.01, -0.003),
        (0.00993285374048, -0.01, -0.003),
        (0.0127180922138, -0.01, -0.003),
        (0.015503330687, -0.01, -0.003),
        (0.0182885691603, -0.01, -0.003),
        (0.0210738076336, -0.01, -0.003),
        (0.0238590461069, -0.01, -0.003),
        (0.0266442845802, -0.01, -0.003),
        (0.0294295230534, -0.01, -0.003),
        (0.0322147615267, -0.01, -0.003),
        (0.035, -0.01, -0.003),
        (0.0016102885683, -0.0075, -0.003),
        (0.00439276452094, -0.0075, -0.003),
        (0.00717524047358, -0.0075, -0.003),
        (0.00995771642622, -0.0075, -0.003),
        (0.0127401923789, -0.0075, -0.003),
        (0.0155226683315, -0.0075, -0.003),
        (0.0183051442841, -0.0075, -0.003),
        (0.0210876202368, -0.0075, -0.003),
        (0.0238700961894, -0.0075, -0.003),
        (0.0266525721421, -0.0075, -0.003),
        (0.0294350480947, -0.0075, -0.003),
        (0.0322175240474, -0.0075, -0.003),
        (0.035, -0.0075, -0.003),
        (0.00192185832005, -0.005, -0.003),
        (0.00467837012671, -0.005, -0.003),
        (0.00743488193337, -0.005, -0.003),
        (0.01019139374, -0.005, -0.003),
        (0.0129479055467, -0.005, -0.003),
        (0.0157044173534, -0.005, -0.003),
        (0.01846092916, -0.005, -0.003),
        (0.0212174409667, -0.005, -0.003),
        (0.0239739527733, -0.005, -0.003),
        (0.02673046458, -0.005, -0.003),
        (0.0294869763867, -0.005, -0.003),
        (0.0322434881933, -0.005, -0.003),
        (0.035, -0.005, -0.003),
        (0.00228925442436, -0.0025, -0.003),
        (0.005015149889, -0.0025, -0.003),
        (0.00774104535363, -0.0025, -0.003),
        (0.0104669408183, -0.0025, -0.003),
        (0.0131928362829, -0.0025, -0.003),
        (0.0159187317475, -0.0025, -0.003),
        (0.0186446272122, -0.0025, -0.003),
        (0.0213705226768, -0.0025, -0.003),
        (0.0240964181415, -0.0025, -0.003),
        (0.0268223136061, -0.0025, -0.003),
        (0.0295482090707, -0.0025, -0.003),
        (0.0322741045354, -0.0025, -0.003),
        (0.035, -0.0025, -0.003),
        (0.00245, 0, -0.003),
        (0.0051625, 0, -0.003),
        (0.007875, 0, -0.003),
        (0.0105875, 0, -0.003),
        (0.0133, 0, -0.003),
        (0.0160125, 0, -0.003),
        (0.018725, 0, -0.003),
        (0.0214375, 0, -0.003),
        (0.02415, 0, -0.003),
        (0.0268625, 0, -0.003),
        (0.029575, 0, -0.003),
        (0.0322875, 0, -0.003),
        (0.035, 0, -0.003),
        (0.00228925442436, 0.0025, -0.003),
        (0.005015149889, 0.0025, -0.003),
        (0.00774104535363, 0.0025, -0.003),
        (0.0104669408183, 0.0025, -0.003),
        (0.0131928362829, 0.0025, -0.003),
        (0.0159187317475, 0.0025, -0.003),
        (0.0186446272122, 0.0025, -0.003),
        (0.0213705226768, 0.0025, -0.003),
        (0.0240964181415, 0.0025, -0.003),
        (0.0268223136061, 0.0025, -0.003),
        (0.0295482090707, 0.0025, -0.003),
        (0.0322741045354, 0.0025, -0.003),
        (0.035, 0.0025, -0.003),
        (0.00192185832005, 0.005, -0.003),
        (0.00467837012671, 0.005, -0.003),
        (0.00743488193337, 0.005, -0.003),
        (0.01019139374, 0.005, -0.003),
        (0.0129479055467, 0.005, -0.003),
        (0.0157044173534, 0.005, -0.003),
        (0.01846092916, 0.005, -0.003),
        (0.0212174409667, 0.005, -0.003),
        (0.0239739527733, 0.005, -0.003),
        (0.02673046458, 0.005, -0.003),
        (0.0294869763867, 0.005, -0.003),
        (0.0322434881933, 0.005, -0.003),
        (0.035, 0.005, -0.003),
        (0.0016102885683, 0.0075, -0.003),
        (0.00439276452094, 0.0075, -0.003),
        (0.00717524047358, 0.0075, -0.003),
        (0.00995771642622, 0.0075, -0.003),
        (0.0127401923789, 0.0075, -0.003),
        (0.0155226683315, 0.0075, -0.003),
        (0.0183051442841, 0.0075, -0.003),
        (0.0210876202368, 0.0075, -0.003),
        (0.0238700961894, 0.0075, -0.003),
        (0.0266525721421, 0.0075, -0.003),
        (0.0294350480947, 0.0075, -0.003),
        (0.0322175240474, 0.0075, -0.003),
        (0.035, 0.0075, -0.003),
        (0.00157713832065, 0.01, -0.003),
        (0.00436237679393, 0.01, -0.003),
        (0.00714761526721, 0.01, -0.003),
        (0.00993285374048, 0.01, -0.003),
        (0.0127180922138, 0.01, -0.003),
        (0.015503330687, 0.01, -0.003),
        (0.0182885691603, 0.01, -0.003),
        (0.0210738076336, 0.01, -0.003),
        (0.0238590461069, 0.01, -0.003),
        (0.0266442845802, 0.01, -0.003),
        (0.0294295230534, 0.01, -0.003),
        (0.0322147615267, 0.01, -0.003),
        (0.035, 0.01, -0.003),
        (0.0018460909355, 0.0125, -0.003),
        (0.00460891669088, 0.0125, -0.003),
        (0.00737174244625, 0.0125, -0.003),
        (0.0101345682016, 0.0125, -0.003),
        (0.012897393957, 0.0125, -0.003),
        (0.0156602197124, 0.0125, -0.003),
        (0.0184230454678, 0.0125, -0.003),
        (0.0211858712231, 0.0125, -0.003),
        (0.0239486969785, 0.0125, -0.003),
        (0.0267115227339, 0.0125, -0.003),
        (0.0294743484893, 0.0125, -0.003),
        (0.0322371742446, 0.0125, -0.003),
        (0.035, 0.0125, -0.003),
        (0.002225, 0.015, -0.003),
        (0.00495625, 0.015, -0.003),
        (0.0076875, 0.015, -0.003),
        (0.01041875, 0.015, -0.003),
        (0.01315, 0.015, -0.003),
        (0.01588125, 0.015, -0.003),
        (0.0186125, 0.015, -0.003),
        (0.02134375, 0.015, -0.003),
        (0.024075, 0.015, -0.003),
        (0.02680625, 0.015, -0.003),
        (0.0295375, 0.015, -0.003),
        (0.03226875, 0.015, -0.003),
        (0.035, 0.015, -0.003),
        (0.00244316348886, 0.0175, -0.003),
        (0.00515623319812, 0.0175, -0.003),
        (0.00786930290738, 0.0175, -0.003),
        (0.0105823726166, 0.0175, -0.003),
        (0.0132954423259, 0.0175, -0.003),
        (0.0160085120352, 0.0175, -0.003),
        (0.0187215817444, 0.0175, -0.003),
        (0.0214346514537, 0.0175, -0.003),
        (0.024147721163, 0.0175, -0.003),
        (0.0268607908722, 0.0175, -0.003),
        (0.0295738605815, 0.0175, -0.003),
        (0.0322869302907, 0.0175, -0.003),
        (0.035, 0.0175, -0.003),
        (0.0023447199994, 0.02, -0.003),
        (0.00506599333279, 0.02, -0.003),
        (0.00778726666617, 0.02, -0.003),
        (0.0105085399996, 0.02, -0.003),
        (0.0132298133329, 0.02, -0.003),
        (0.0159510866663, 0.02, -0.003),
        (0.0186723599997, 0.02, -0.003),
        (0.0213936333331, 0.02, -0.003),
        (0.0241149066665, 0.02, -0.003),
        (0.0268361799999, 0.02, -0.003),
        (0.0295574533332, 0.02, -0.003),
        (0.0322787266666, 0.02, -0.003),
        (0.035, 0.02, -0.003),
        (0.002, 0.0225, -0.003),
        (0.00475, 0.0225, -0.003),
        (0.0075, 0.0225, -0.003),
        (0.01025, 0.0225, -0.003),
        (0.013, 0.0225, -0.003),
        (0.01575, 0.0225, -0.003),
        (0.0185, 0.0225, -0.003),
        (0.02125, 0.0225, -0.003),
        (0.024, 0.0225, -0.003),
        (0.02675, 0.0225, -0.003),
        (0.0295, 0.0225, -0.003),
        (0.03225, 0.0225, -0.003),
        (0.035, 0.0225, -0.003),
        (0.00225, -0.0225, -0.0015),
        (0.00497916666667, -0.0225, -0.0015),
        (0.00770833333333, -0.0225, -0.0015),
        (0.0104375, -0.0225, -0.0015),
        (0.0131666666667, -0.0225, -0.0015),
        (0.0158958333333, -0.0225, -0.0015),
        (0.018625, -0.0225, -0.0015),
        (0.0213541666667, -0.0225, -0.0015),
        (0.0240833333333, -0.0225, -0.0015),
        (0.0268125, -0.0225, -0.0015),
        (0.0295416666667, -0.0225, -0.0015),
        (0.0322708333333, -0.0225, -0.0015),
        (0.035, -0.0225, -0.0015),
        (0.0025947199994, -0.02, -0.0015),
        (0.00529515999945, -0.02, -0.0015),
        (0.0079955999995, -0.02, -0.0015),
        (0.0106960399996, -0.02, -0.0015),
        (0.0133964799996, -0.02, -0.0015),
        (0.0160969199997, -0.02, -0.0015),
        (0.0187973599997, -0.02, -0.0015),
        (0.0214977999998, -0.02, -0.0015),
        (0.0241982399998, -0.02, -0.0015),
        (0.0268986799999, -0.02, -0.0015),
        (0.0295991199999, -0.02, -0.0015),
        (0.03229956, -0.02, -0.0015),
        (0.035, -0.02, -0.0015),
        (0.00269316348886, -0.0175, -0.0015),
        (0.00538539986478, -0.0175, -0.0015),
        (0.00807763624071, -0.0175, -0.0015),
        (0.0107698726166, -0.0175, -0.0015),
        (0.0134621089926, -0.0175, -0.0015),
        (0.0161543453685, -0.0175, -0.0015),
        (0.0188465817444, -0.0175, -0.0015),
        (0.0215388181204, -0.0175, -0.0015),
        (0.0242310544963, -0.0175, -0.0015),
        (0.0269232908722, -0.0175, -0.0015),
        (0.0296155272481, -0.0175, -0.0015),
        (0.0323077636241, -0.0175, -0.0015),
        (0.035, -0.0175, -0.0015),
        (0.002475, -0.015, -0.0015),
        (0.00518541666667, -0.015, -0.0015),
        (0.00789583333333, -0.015, -0.0015),
        (0.01060625, -0.015, -0.0015),
        (0.0133166666667, -0.015, -0.0015),
        (0.0160270833333, -0.015, -0.0015),
        (0.0187375, -0.015, -0.0015),
        (0.0214479166667, -0.015, -0.0015),
        (0.0241583333333, -0.015, -0.0015),
        (0.02686875, -0.015, -0.0015),
        (0.0295791666667, -0.015, -0.0015),
        (0.0322895833333, -0.015, -0.0015),
        (0.035, -0.015, -0.0015),
        (0.0020960909355, -0.0125, -0.0015),
        (0.00483808335754, -0.0125, -0.0015),
        (0.00758007577959, -0.0125, -0.0015),
        (0.0103220682016, -0.0125, -0.0015),
        (0.0130640606237, -0.0125, -0.0015),
        (0.0158060530457, -0.0125, -0.0015),
        (0.0185480454678, -0.0125, -0.0015),
        (0.0212900378898, -0.0125, -0.0015),
        (0.0240320303118, -0.0125, -0.0015),
        (0.0267740227339, -0.0125, -0.0015),
        (0.0295160151559, -0.0125, -0.0015),
        (0.032258007578, -0.0125, -0.0015),
        (0.035, -0.0125, -0.0015),
        (0.00182713832065, -0.01, -0.0015),
        (0.00459154346059, -0.01, -0.0015),
        (0.00735594860054, -0.01, -0.0015),
        (0.0101203537405, -0.01, -0.0015),
        (0.0128847588804, -0.01, -0.0015),
        (0.0156491640204, -0.01, -0.0015),
        (0.0184135691603, -0.01, -0.0015),
        (0.0211779743003, -0.01, -0.0015),
        (0.0239423794402, -0.01, -0.0015),
        (0.0267067845802, -0.01, -0.0015),
        (0.0294711897201, -0.01, -0.0015),
        (0.0322355948601, -0.01, -0.0015),
        (0.035, -0.01, -0.0015),
        (0.0018602885683, -0.0075, -0.0015),
        (0.00462193118761, -0.0075, -0.0015),
        (0.00738357380691, -0.0075, -0.0015),
        (0.0101452164262, -0.0075, -0.0015),
        (0.0129068590455, -0.0075, -0.0015),
        (0.0156685016648, -0.0075, -0.0015),
        (0.0184301442841, -0.0075, -0.0015),
        (0.0211917869035, -0.0075, -0.0015),
        (0.0239534295228, -0.0075, -0.0015),
        (0.0267150721421, -0.0075, -0.0015),
        (0.0294767147614, -0.0075, -0.0015),
        (0.0322383573807, -0.0075, -0.0015),
        (0.035, -0.0075, -0.0015),
        (0.00217185832005, -0.005, -0.0015),
        (0.00490753679338, -0.005, -0.0015),
        (0.00764321526671, -0.005, -0.0015),
        (0.01037889374, -0.005, -0.0015),
        (0.0131145722134, -0.005, -0.0015),
        (0.0158502506867, -0.005, -0.0015),
        (0.01858592916, -0.005, -0.0015),
        (0.0213216076334, -0.005, -0.0015),
        (0.0240572861067, -0.005, -0.0015),
        (0.02679296458, -0.005, -0.0015),
        (0.0295286430533, -0.005, -0.0015),
        (0.0322643215267, -0.005, -0.0015),
        (0.035, -0.005, -0.0015),
        (0.00253925442436, -0.0025, -0.0015),
        (0.00524431655566, -0.0025, -0.0015),
        (0.00794937868697, -0.0025, -0.0015),
        (0.0106544408183, -0.0025, -0.0015),
        (0.0133595029496, -0.0025, -0.0015),
        (0.0160645650809, -0.0025, -0.0015),
        (0.0187696272122, -0.0025, -0.0015),
        (0.0214746893435, -0.0025, -0.0015),
        (0.0241797514748, -0.0025, -0.0015),
        (0.0268848136061, -0.0025, -0.0015),
        (0.0295898757374, -0.0025, -0.0015),
        (0.0322949378687, -0.0025, -0.0015),
        (0.035, -0.0025, -0.0015),
        (0.0027, 0, -0.0015),
        (0.00539166666667, 0, -0.0015),
        (0.00808333333333, 0, -0.0015),
        (0.010775, 0, -0.0015),
        (0.0134666666667, 0, -0.0015),
        (0.0161583333333, 0, -0.0015),
        (0.01885, 0, -0.0015),
        (0.0215416666667, 0, -0.0015),
        (0.0242333333333, 0, -0.0015),
        (0.026925, 0, -0.0015),
        (0.0296166666667, 0, -0.0015),
        (0.0323083333333, 0, -0.0015),
        (0.035, 0, -0.0015),
        (0.00253925442436, 0.0025, -0.0015),
        (0.00524431655566, 0.0025, -0.0015),
        (0.00794937868697, 0.0025, -0.0015),
        (0.0106544408183, 0.0025, -0.0015),
        (0.0133595029496, 0.0025, -0.0015),
        (0.0160645650809, 0.0025, -0.0015),
        (0.0187696272122, 0.0025, -0.0015),
        (0.0214746893435, 0.0025, -0.0015),
        (0.0241797514748, 0.0025, -0.0015),
        (0.0268848136061, 0.0025, -0.0015),
        (0.0295898757374, 0.0025, -0.0015),
        (0.0322949378687, 0.0025, -0.0015),
        (0.035, 0.0025, -0.0015),
        (0.00217185832005, 0.005, -0.0015),
        (0.00490753679338, 0.005, -0.0015),
        (0.00764321526671, 0.005, -0.0015),
        (0.01037889374, 0.005, -0.0015),
        (0.0131145722134, 0.005, -0.0015),
        (0.0158502506867, 0.005, -0.0015),
        (0.01858592916, 0.005, -0.0015),
        (0.0213216076334, 0.005, -0.0015),
        (0.0240572861067, 0.005, -0.0015),
        (0.02679296458, 0.005, -0.0015),
        (0.0295286430533, 0.005, -0.0015),
        (0.0322643215267, 0.005, -0.0015),
        (0.035, 0.005, -0.0015),
        (0.0018602885683, 0.0075, -0.0015),
        (0.00462193118761, 0.0075, -0.0015),
        (0.00738357380691, 0.0075, -0.0015),
        (0.0101452164262, 0.0075, -0.0015),
        (0.0129068590455, 0.0075, -0.0015),
        (0.0156685016648, 0.0075, -0.0015),
        (0.0184301442841, 0.0075, -0.0015),
        (0.0211917869035, 0.0075, -0.0015),
        (0.0239534295228, 0.0075, -0.0015),
        (0.0267150721421, 0.0075, -0.0015),
        (0.0294767147614, 0.0075, -0.0015),
        (0.0322383573807, 0.0075, -0.0015),
        (0.035, 0.0075, -0.0015),
        (0.00182713832065, 0.01, -0.0015),
        (0.00459154346059, 0.01, -0.0015),
        (0.00735594860054, 0.01, -0.0015),
        (0.0101203537405, 0.01, -0.0015),
        (0.0128847588804, 0.01, -0.0015),
        (0.0156491640204, 0.01, -0.0015),
        (0.0184135691603, 0.01, -0.0015),
        (0.0211779743003, 0.01, -0.0015),
        (0.0239423794402, 0.01, -0.0015),
        (0.0267067845802, 0.01, -0.0015),
        (0.0294711897201, 0.01, -0.0015),
        (0.0322355948601, 0.01, -0.0015),
        (0.035, 0.01, -0.0015),
        (0.0020960909355, 0.0125, -0.0015),
        (0.00483808335754, 0.0125, -0.0015),
        (0.00758007577959, 0.0125, -0.0015),
        (0.0103220682016, 0.0125, -0.0015),
        (0.0130640606237, 0.0125, -0.0015),
        (0.0158060530457, 0.0125, -0.0015),
        (0.0185480454678, 0.0125, -0.0015),
        (0.0212900378898, 0.0125, -0.0015),
        (0.0240320303118, 0.0125, -0.0015),
        (0.0267740227339, 0.0125, -0.0015),
        (0.0295160151559, 0.0125, -0.0015),
        (0.032258007578, 0.0125, -0.0015),
        (0.035, 0.0125, -0.0015),
        (0.002475, 0.015, -0.0015),
        (0.00518541666667, 0.015, -0.0015),
        (0.00789583333333, 0.015, -0.0015),
        (0.01060625, 0.015, -0.0015),
        (0.0133166666667, 0.015, -0.0015),
        (0.0160270833333, 0.015, -0.0015),
        (0.0187375, 0.015, -0.0015),
        (0.0214479166667, 0.015, -0.0015),
        (0.0241583333333, 0.015, -0.0015),
        (0.02686875, 0.015, -0.0015),
        (0.0295791666667, 0.015, -0.0015),
        (0.0322895833333, 0.015, -0.0015),
        (0.035, 0.015, -0.0015),
        (0.00269316348886, 0.0175, -0.0015),
        (0.00538539986478, 0.0175, -0.0015),
        (0.00807763624071, 0.0175, -0.0015),
        (0.0107698726166, 0.0175, -0.0015),
        (0.0134621089926, 0.0175, -0.0015),
        (0.0161543453685, 0.0175, -0.0015),
        (0.0188465817444, 0.0175, -0.0015),
        (0.0215388181204, 0.0175, -0.0015),
        (0.0242310544963, 0.0175, -0.0015),
        (0.0269232908722, 0.0175, -0.0015),
        (0.0296155272481, 0.0175, -0.0015),
        (0.0323077636241, 0.0175, -0.0015),
        (0.035, 0.0175, -0.0015),
        (0.0025947199994, 0.02, -0.0015),
        (0.00529515999945, 0.02, -0.0015),
        (0.0079955999995, 0.02, -0.0015),
        (0.0106960399996, 0.02, -0.0015),
        (0.0133964799996, 0.02, -0.0015),
        (0.0160969199997, 0.02, -0.0015),
        (0.0187973599997, 0.02, -0.0015),
        (0.0214977999998, 0.02, -0.0015),
        (0.0241982399998, 0.02, -0.0015),
        (0.0268986799999, 0.02, -0.0015),
        (0.0295991199999, 0.02, -0.0015),
        (0.03229956, 0.02, -0.0015),
        (0.035, 0.02, -0.0015),
        (0.00225, 0.0225, -0.0015),
        (0.00497916666667, 0.0225, -0.0015),
        (0.00770833333333, 0.0225, -0.0015),
        (0.0104375, 0.0225, -0.0015),
        (0.0131666666667, 0.0225, -0.0015),
        (0.0158958333333, 0.0225, -0.0015),
        (0.018625, 0.0225, -0.0015),
        (0.0213541666667, 0.0225, -0.0015),
        (0.0240833333333, 0.0225, -0.0015),
        (0.0268125, 0.0225, -0.0015),
        (0.0295416666667, 0.0225, -0.0015),
        (0.0322708333333, 0.0225, -0.0015),
        (0.035, 0.0225, -0.0015),
        (0.0025, -0.0225, 0),
        (0.00520833333333, -0.0225, 0),
        (0.00791666666667, -0.0225, 0),
        (0.010625, -0.0225, 0),
        (0.0133333333333, -0.0225, 0),
        (0.0160416666667, -0.0225, 0),
        (0.01875, -0.0225, 0),
        (0.0214583333333, -0.0225, 0),
        (0.0241666666667, -0.0225, 0),
        (0.026875, -0.0225, 0),
        (0.0295833333333, -0.0225, 0),
        (0.0322916666667, -0.0225, 0),
        (0.035, -0.0225, 0),
        (0.0028447199994, -0.02, 0),
        (0.00552432666612, -0.02, 0),
        (0.00820393333284, -0.02, 0),
        (0.0108835399996, -0.02, 0),
        (0.0135631466663, -0.02, 0),
        (0.016242753333, -0.02, 0),
        (0.0189223599997, -0.02, 0),
        (0.0216019666664, -0.02, 0),
        (0.0242815733331, -0.02, 0),
        (0.0269611799999, -0.02, 0),
        (0.0296407866666, -0.02, 0),
        (0.0323203933333, -0.02, 0),
        (0.035, -0.02, 0),
        (0.00294316348886, -0.0175, 0),
        (0.00561456653145, -0.0175, 0),
        (0.00828596957405, -0.0175, 0),
        (0.0109573726166, -0.0175, 0),
        (0.0136287756592, -0.0175, 0),
        (0.0163001787018, -0.0175, 0),
        (0.0189715817444, -0.0175, 0),
        (0.021642984787, -0.0175, 0),
        (0.0243143878296, -0.0175, 0),
        (0.0269857908722, -0.0175, 0),
        (0.0296571939148, -0.0175, 0),
        (0.0323285969574, -0.0175, 0),
        (0.035, -0.0175, 0),
        (0.002725, -0.015, 0),
        (0.00541458333333, -0.015, 0),
        (0.00810416666667, -0.015, 0),
        (0.01079375, -0.015, 0),
        (0.0134833333333, -0.015, 0),
        (0.0161729166667, -0.015, 0),
        (0.0188625, -0.015, 0),
        (0.0215520833333, -0.015, 0),
        (0.0242416666667, -0.015, 0),
        (0.02693125, -0.015, 0),
        (0.0296208333333, -0.015, 0),
        (0.0323104166667, -0.015, 0),
        (0.035, -0.015, 0),
        (0.0023460909355, -0.0125, 0),
        (0.00506725002421, -0.0125, 0),
        (0.00778840911292, -0.0125, 0),
        (0.0105095682016, -0.0125, 0),
        (0.0132307272903, -0.0125, 0),
        (0.015951886379, -0.0125, 0),
        (0.0186730454678, -0.0125, 0),
        (0.0213942045565, -0.0125, 0),
        (0.0241153636452, -0.0125, 0),
        (0.0268365227339, -0.0125, 0),
        (0.0295576818226, -0.0125, 0),
        (0.0322788409113, -0.0125, 0),
        (0.035, -0.0125, 0),
        (0.00207713832065, -0.01, 0),
        (0.00482071012726, -0.01, 0),
        (0.00756428193387, -0.01, 0),
        (0.0103078537405, -0.01, 0),
        (0.0130514255471, -0.01, 0),
        (0.0157949973537, -0.01, 0),
        (0.0185385691603, -0.01, 0),
        (0.0212821409669, -0.01, 0),
        (0.0240257127735, -0.01, 0),
        (0.0267692845802, -0.01, 0),
        (0.0295128563868, -0.01, 0),
        (0.0322564281934, -0.01, 0),
        (0.035, -0.01, 0),
        (0.0021102885683, -0.0075, 0),
        (0.00485109785427, -0.0075, 0),
        (0.00759190714025, -0.0075, 0),
        (0.0103327164262, -0.0075, 0),
        (0.0130735257122, -0.0075, 0),
        (0.0158143349982, -0.0075, 0),
        (0.0185551442841, -0.0075, 0),
        (0.0212959535701, -0.0075, 0),
        (0.0240367628561, -0.0075, 0),
        (0.0267775721421, -0.0075, 0),
        (0.029518381428, -0.0075, 0),
        (0.032259190714, -0.0075, 0),
        (0.035, -0.0075, 0),
        (0.00242185832005, -0.005, 0),
        (0.00513670346005, -0.005, 0),
        (0.00785154860004, -0.005, 0),
        (0.01056639374, -0.005, 0),
        (0.01328123888, -0.005, 0),
        (0.01599608402, -0.005, 0),
        (0.01871092916, -0.005, 0),
        (0.0214257743, -0.005, 0),
        (0.02414061944, -0.005, 0),
        (0.02685546458, -0.005, 0),
        (0.02957030972, -0.005, 0),
        (0.03228515486, -0.005, 0),
        (0.035, -0.005, 0),
        (0.00278925442436, -0.0025, 0),
        (0.00547348322233, -0.0025, 0),
        (0.0081577120203, -0.0025, 0),
        (0.0108419408183, -0.0025, 0),
        (0.0135261696162, -0.0025, 0),
        (0.0162103984142, -0.0025, 0),
        (0.0188946272122, -0.0025, 0),
        (0.0215788560101, -0.0025, 0),
        (0.0242630848081, -0.0025, 0),
        (0.0269473136061, -0.0025, 0),
        (0.0296315424041, -0.0025, 0),
        (0.032315771202, -0.0025, 0),
        (0.035, -0.0025, 0),
        (0.00295, 0, 0),
        (0.00562083333333, 0, 0),
        (0.00829166666667, 0, 0),
        (0.0109625, 0, 0),
        (0.0136333333333, 0, 0),
        (0.0163041666667, 0, 0),
        (0.018975, 0, 0),
        (0.0216458333333, 0, 0),
        (0.0243166666667, 0, 0),
        (0.0269875, 0, 0),
        (0.0296583333333, 0, 0),
        (0.0323291666667, 0, 0),
        (0.035, 0, 0),
        (0.00278925442436, 0.0025, 0),
        (0.00547348322233, 0.0025, 0),
        (0.0081577120203, 0.0025, 0),
        (0.0108419408183, 0.0025, 0),
        (0.0135261696162, 0.0025, 0),
        (0.0162103984142, 0.0025, 0),
        (0.0188946272122, 0.0025, 0),
        (0.0215788560101, 0.0025, 0),
        (0.0242630848081, 0.0025, 0),
        (0.0269473136061, 0.0025, 0),
        (0.0296315424041, 0.0025, 0),
        (0.032315771202, 0.0025, 0),
        (0.035, 0.0025, 0),
        (0.00242185832005, 0.005, 0),
        (0.00513670346005, 0.005, 0),
        (0.00785154860004, 0.005, 0),
        (0.01056639374, 0.005, 0),
        (0.01328123888, 0.005, 0),
        (0.01599608402, 0.005, 0),
        (0.01871092916, 0.005, 0),
        (0.0214257743, 0.005, 0),
        (0.02414061944, 0.005, 0),
        (0.02685546458, 0.005, 0),
        (0.02957030972, 0.005, 0),
        (0.03228515486, 0.005, 0),
        (0.035, 0.005, 0),
        (0.0021102885683, 0.0075, 0),
        (0.00485109785427, 0.0075, 0),
        (0.00759190714025, 0.0075, 0),
        (0.0103327164262, 0.0075, 0),
        (0.0130735257122, 0.0075, 0),
        (0.0158143349982, 0.0075, 0),
        (0.0185551442841, 0.0075, 0),
        (0.0212959535701, 0.0075, 0),
        (0.0240367628561, 0.0075, 0),
        (0.0267775721421, 0.0075, 0),
        (0.029518381428, 0.0075, 0),
        (0.032259190714, 0.0075, 0),
        (0.035, 0.0075, 0),
        (0.00207713832065, 0.01, 0),
        (0.00482071012726, 0.01, 0),
        (0.00756428193387, 0.01, 0),
        (0.0103078537405, 0.01, 0),
        (0.0130514255471, 0.01, 0),
        (0.0157949973537, 0.01, 0),
        (0.0185385691603, 0.01, 0),
        (0.0212821409669, 0.01, 0),
        (0.0240257127735, 0.01, 0),
        (0.0267692845802, 0.01, 0),
        (0.0295128563868, 0.01, 0),
        (0.0322564281934, 0.01, 0),
        (0.035, 0.01, 0),
        (0.0023460909355, 0.0125, 0),
        (0.00506725002421, 0.0125, 0),
        (0.00778840911292, 0.0125, 0),
        (0.0105095682016, 0.0125, 0),
        (0.0132307272903, 0.0125, 0),
        (0.015951886379, 0.0125, 0),
        (0.0186730454678, 0.0125, 0),
        (0.0213942045565, 0.0125, 0),
        (0.0241153636452, 0.0125, 0),
        (0.0268365227339, 0.0125, 0),
        (0.0295576818226, 0.0125, 0),
        (0.0322788409113, 0.0125, 0),
        (0.035, 0.0125, 0),
        (0.002725, 0.015, 0),
        (0.00541458333333, 0.015, 0),
        (0.00810416666667, 0.015, 0),
        (0.01079375, 0.015, 0),
        (0.0134833333333, 0.015, 0),
        (0.0161729166667, 0.015, 0),
        (0.0188625, 0.015, 0),
        (0.0215520833333, 0.015, 0),
        (0.0242416666667, 0.015, 0),
        (0.02693125, 0.015, 0),
        (0.0296208333333, 0.015, 0),
        (0.0323104166667, 0.015, 0),
        (0.035, 0.015, 0),
        (0.00294316348886, 0.0175, 0),
        (0.00561456653145, 0.0175, 0),
        (0.00828596957405, 0.0175, 0),
        (0.0109573726166, 0.0175, 0),
        (0.0136287756592, 0.0175, 0),
        (0.0163001787018, 0.0175, 0),
        (0.0189715817444, 0.0175, 0),
        (0.021642984787, 0.0175, 0),
        (0.0243143878296, 0.0175, 0),
        (0.0269857908722, 0.0175, 0),
        (0.0296571939148, 0.0175, 0),
        (0.0323285969574, 0.0175, 0),
        (0.035, 0.0175, 0),
        (0.0028447199994, 0.02, 0),
        (0.00552432666612, 0.02, 0),
        (0.00820393333284, 0.02, 0),
        (0.0108835399996, 0.02, 0),
        (0.0135631466663, 0.02, 0),
        (0.016242753333, 0.02, 0),
        (0.0189223599997, 0.02, 0),
        (0.0216019666664, 0.02, 0),
        (0.0242815733331, 0.02, 0),
        (0.0269611799999, 0.02, 0),
        (0.0296407866666, 0.02, 0),
        (0.0323203933333, 0.02, 0),
        (0.035, 0.02, 0),
        (0.0025, 0.0225, 0),
        (0.00520833333333, 0.0225, 0),
        (0.00791666666667, 0.0225, 0),
        (0.010625, 0.0225, 0),
        (0.0133333333333, 0.0225, 0),
        (0.0160416666667, 0.0225, 0),
        (0.01875, 0.0225, 0),
        (0.0214583333333, 0.0225, 0),
        (0.0241666666667, 0.0225, 0),
        (0.026875, 0.0225, 0),
        (0.0295833333333, 0.0225, 0),
        (0.0322916666667, 0.0225, 0),
        (0.035, 0.0225, 0),
        (0.00275, -0.0225, 0.0015),
        (0.0054375, -0.0225, 0.0015),
        (0.008125, -0.0225, 0.0015),
        (0.0108125, -0.0225, 0.0015),
        (0.0135, -0.0225, 0.0015),
        (0.0161875, -0.0225, 0.0015),
        (0.018875, -0.0225, 0.0015),
        (0.0215625, -0.0225, 0.0015),
        (0.02425, -0.0225, 0.0015),
        (0.0269375, -0.0225, 0.0015),
        (0.029625, -0.0225, 0.0015),
        (0.0323125, -0.0225, 0.0015),
        (0.035, -0.0225, 0.0015),
        (0.0030947199994, -0.02, 0.0015),
        (0.00575349333279, -0.02, 0.0015),
        (0.00841226666617, -0.02, 0.0015),
        (0.0110710399996, -0.02, 0.0015),
        (0.0137298133329, -0.02, 0.0015),
        (0.0163885866663, -0.02, 0.0015),
        (0.0190473599997, -0.02, 0.0015),
        (0.0217061333331, -0.02, 0.0015),
        (0.0243649066665, -0.02, 0.0015),
        (0.0270236799999, -0.02, 0.0015),
        (0.0296824533332, -0.02, 0.0015),
        (0.0323412266666, -0.02, 0.0015),
        (0.035, -0.02, 0.0015),
        (0.00319316348886, -0.0175, 0.0015),
        (0.00584373319812, -0.0175, 0.0015),
        (0.00849430290738, -0.0175, 0.0015),
        (0.0111448726166, -0.0175, 0.0015),
        (0.0137954423259, -0.0175, 0.0015),
        (0.0164460120352, -0.0175, 0.0015),
        (0.0190965817444, -0.0175, 0.0015),
        (0.0217471514537, -0.0175, 0.0015),
        (0.024397721163, -0.0175, 0.0015),
        (0.0270482908722, -0.0175, 0.0015),
        (0.0296988605815, -0.0175, 0.0015),
        (0.0323494302907, -0.0175, 0.0015),
        (0.035, -0.0175, 0.0015),
        (0.002975, -0.015, 0.0015),
        (0.00564375, -0.015, 0.0015),
        (0.0083125, -0.015, 0.0015),
        (0.01098125, -0.015, 0.0015),
        (0.01365, -0.015, 0.0015),
        (0.01631875, -0.015, 0.0015),
        (0.0189875, -0.015, 0.0015),
        (0.02165625, -0.015, 0.0015),
        (0.024325, -0.015, 0.0015),
        (0.02699375, -0.015, 0.0015),
        (0.0296625, -0.015, 0.0015),
        (0.03233125, -0.015, 0.0015),
        (0.035, -0.015, 0.0015),
        (0.0025960909355, -0.0125, 0.0015),
        (0.00529641669088, -0.0125, 0.0015),
        (0.00799674244625, -0.0125, 0.0015),
        (0.0106970682016, -0.0125, 0.0015),
        (0.013397393957, -0.0125, 0.0015),
        (0.0160977197124, -0.0125, 0.0015),
        (0.0187980454678, -0.0125, 0.0015),
        (0.0214983712231, -0.0125, 0.0015),
        (0.0241986969785, -0.0125, 0.0015),
        (0.0268990227339, -0.0125, 0.0015),
        (0.0295993484893, -0.0125, 0.0015),
        (0.0322996742446, -0.0125, 0.0015),
        (0.035, -0.0125, 0.0015),
        (0.00232713832065, -0.01, 0.0015),
        (0.00504987679393, -0.01, 0.0015),
        (0.00777261526721, -0.01, 0.0015),
        (0.0104953537405, -0.01, 0.0015),
        (0.0132180922138, -0.01, 0.0015),
        (0.015940830687, -0.01, 0.0015),
        (0.0186635691603, -0.01, 0.0015),
        (0.0213863076336, -0.01, 0.0015),
        (0.0241090461069, -0.01, 0.0015),
        (0.0268317845802, -0.01, 0.0015),
        (0.0295545230534, -0.01, 0.0015),
        (0.0322772615267, -0.01, 0.0015),
        (0.035, -0.01, 0.0015),
        (0.0023602885683, -0.0075, 0.0015),
        (0.00508026452094, -0.0075, 0.0015),
        (0.00780024047358, -0.0075, 0.0015),
        (0.0105202164262, -0.0075, 0.0015),
        (0.0132401923789, -0.0075, 0.0015),
        (0.0159601683315, -0.0075, 0.0015),
        (0.0186801442841, -0.0075, 0.0015),
        (0.0214001202368, -0.0075, 0.0015),
        (0.0241200961894, -0.0075, 0.0015),
        (0.0268400721421, -0.0075, 0.0015),
        (0.0295600480947, -0.0075, 0.0015),
        (0.0322800240474, -0.0075, 0.0015),
        (0.035, -0.0075, 0.0015),
        (0.00267185832005, -0.005, 0.0015),
        (0.00536587012671, -0.005, 0.0015),
        (0.00805988193337, -0.005, 0.0015),
        (0.01075389374, -0.005, 0.0015),
        (0.0134479055467, -0.005, 0.0015),
        (0.0161419173534, -0.005, 0.0015),
        (0.01883592916, -0.005, 0.0015),
        (0.0215299409667, -0.005, 0.0015),
        (0.0242239527733, -0.005, 0.0015),
        (0.02691796458, -0.005, 0.0015),
        (0.0296119763867, -0.005, 0.0015),
        (0.0323059881933, -0.005, 0.0015),
        (0.035, -0.005, 0.0015),
        (0.00303925442436, -0.0025, 0.0015),
        (0.005702649889, -0.0025, 0.0015),
        (0.00836604535363, -0.0025, 0.0015),
        (0.0110294408183, -0.0025, 0.0015),
        (0.0136928362829, -0.0025, 0.0015),
        (0.0163562317475, -0.0025, 0.0015),
        (0.0190196272122, -0.0025, 0.0015),
        (0.0216830226768, -0.0025, 0.0015),
        (0.0243464181415, -0.0025, 0.0015),
        (0.0270098136061, -0.0025, 0.0015),
        (0.0296732090707, -0.0025, 0.0015),
        (0.0323366045354, -0.0025, 0.0015),
        (0.035, -0.0025, 0.0015),
        (0.0032, 0, 0.0015),
        (0.00585, 0, 0.0015),
        (0.0085, 0, 0.0015),
        (0.01115, 0, 0.0015),
        (0.0138, 0, 0.0015),
        (0.01645, 0, 0.0015),
        (0.0191, 0, 0.0015),
        (0.02175, 0, 0.0015),
        (0.0244, 0, 0.0015),
        (0.02705, 0, 0.0015),
        (0.0297, 0, 0.0015),
        (0.03235, 0, 0.0015),
        (0.035, 0, 0.0015),
        (0.00303925442436, 0.0025, 0.0015),
        (0.005702649889, 0.0025, 0.0015),
        (0.00836604535363, 0.0025, 0.0015),
        (0.0110294408183, 0.0025, 0.0015),
        (0.0136928362829, 0.0025, 0.0015),
        (0.0163562317475, 0.0025, 0.0015),
        (0.0190196272122, 0.0025, 0.0015),
        (0.0216830226768, 0.0025, 0.0015),
        (0.0243464181415, 0.0025, 0.0015),
        (0.0270098136061, 0.0025, 0.0015),
        (0.0296732090707, 0.0025, 0.0015),
        (0.0323366045354, 0.0025, 0.0015),
        (0.035, 0.0025, 0.0015),
        (0.00267185832005, 0.005, 0.0015),
        (0.00536587012671, 0.005, 0.0015),
        (0.00805988193337, 0.005, 0.0015),
        (0.01075389374, 0.005, 0.0015),
        (0.0134479055467, 0.005, 0.0015),
        (0.0161419173534, 0.005, 0.0015),
        (0.01883592916, 0.005, 0.0015),
        (0.0215299409667, 0.005, 0.0015),
        (0.0242239527733, 0.005, 0.0015),
        (0.02691796458, 0.005, 0.0015),
        (0.0296119763867, 0.005, 0.0015),
        (0.0323059881933, 0.005, 0.0015),
        (0.035, 0.005, 0.0015),
        (0.0023602885683, 0.0075, 0.0015),
        (0.00508026452094, 0.0075, 0.0015),
        (0.00780024047358, 0.0075, 0.0015),
        (0.0105202164262, 0.0075, 0.0015),
        (0.0132401923789, 0.0075, 0.0015),
        (0.0159601683315, 0.0075, 0.0015),
        (0.0186801442841, 0.0075, 0.0015),
        (0.0214001202368, 0.0075, 0.0015),
        (0.0241200961894, 0.0075, 0.0015),
        (0.0268400721421, 0.0075, 0.0015),
        (0.0295600480947, 0.0075, 0.0015),
        (0.0322800240474, 0.0075, 0.0015),
        (0.035, 0.0075, 0.0015),
        (0.00232713832065, 0.01, 0.0015),
        (0.00504987679393, 0.01, 0.0015),
        (0.00777261526721, 0.01, 0.0015),
        (0.0104953537405, 0.01, 0.0015),
        (0.0132180922138, 0.01, 0.0015),
        (0.015940830687, 0.01, 0.0015),
        (0.0186635691603, 0.01, 0.0015),
        (0.0213863076336, 0.01, 0.0015),
        (0.0241090461069, 0.01, 0.0015),
        (0.0268317845802, 0.01, 0.0015),
        (0.0295545230534, 0.01, 0.0015),
        (0.0322772615267, 0.01, 0.0015),
        (0.035, 0.01, 0.0015),
        (0.0025960909355, 0.0125, 0.0015),
        (0.00529641669088, 0.0125, 0.0015),
        (0.00799674244625, 0.0125, 0.0015),
        (0.0106970682016, 0.0125, 0.0015),
        (0.013397393957, 0.0125, 0.0015),
        (0.0160977197124, 0.0125, 0.0015),
        (0.0187980454678, 0.0125, 0.0015),
        (0.0214983712231, 0.0125, 0.0015),
        (0.0241986969785, 0.0125, 0.0015),
        (0.0268990227339, 0.0125, 0.0015),
        (0.0295993484893, 0.0125, 0.0015),
        (0.0322996742446, 0.0125, 0.0015),
        (0.035, 0.0125, 0.0015),
        (0.002975, 0.015, 0.0015),
        (0.00564375, 0.015, 0.0015),
        (0.0083125, 0.015, 0.0015),
        (0.01098125, 0.015, 0.0015),
        (0.01365, 0.015, 0.0015),
        (0.01631875, 0.015, 0.0015),
        (0.0189875, 0.015, 0.0015),
        (0.02165625, 0.015, 0.0015),
        (0.024325, 0.015, 0.0015),
        (0.02699375, 0.015, 0.0015),
        (0.0296625, 0.015, 0.0015),
        (0.03233125, 0.015, 0.0015),
        (0.035, 0.015, 0.0015),
        (0.00319316348886, 0.0175, 0.0015),
        (0.00584373319812, 0.0175, 0.0015),
        (0.00849430290738, 0.0175, 0.0015),
        (0.0111448726166, 0.0175, 0.0015),
        (0.0137954423259, 0.0175, 0.0015),
        (0.0164460120352, 0.0175, 0.0015),
        (0.0190965817444, 0.0175, 0.0015),
        (0.0217471514537, 0.0175, 0.0015),
        (0.024397721163, 0.0175, 0.0015),
        (0.0270482908722, 0.0175, 0.0015),
        (0.0296988605815, 0.0175, 0.0015),
        (0.0323494302907, 0.0175, 0.0015),
        (0.035, 0.0175, 0.0015),
        (0.0030947199994, 0.02, 0.0015),
        (0.00575349333279, 0.02, 0.0015),
        (0.00841226666617, 0.02, 0.0015),
        (0.0110710399996, 0.02, 0.0015),
        (0.0137298133329, 0.02, 0.0015),
        (0.0163885866663, 0.02, 0.0015),
        (0.0190473599997, 0.02, 0.0015),
        (0.0217061333331, 0.02, 0.0015),
        (0.0243649066665, 0.02, 0.0015),
        (0.0270236799999, 0.02, 0.0015),
        (0.0296824533332, 0.02, 0.0015),
        (0.0323412266666, 0.02, 0.0015),
        (0.035, 0.02, 0.0015),
        (0.00275, 0.0225, 0.0015),
        (0.0054375, 0.0225, 0.0015),
        (0.008125, 0.0225, 0.0015),
        (0.0108125, 0.0225, 0.0015),
        (0.0135, 0.0225, 0.0015),
        (0.0161875, 0.0225, 0.0015),
        (0.018875, 0.0225, 0.0015),
        (0.0215625, 0.0225, 0.0015),
        (0.02425, 0.0225, 0.0015),
        (0.0269375, 0.0225, 0.0015),
        (0.029625, 0.0225, 0.0015),
        (0.0323125, 0.0225, 0.0015),
        (0.035, 0.0225, 0.0015),
        (0.003, -0.0225, 0.003),
        (0.00566666666667, -0.0225, 0.003),
        (0.00833333333333, -0.0225, 0.003),
        (0.011, -0.0225, 0.003),
        (0.0136666666667, -0.0225, 0.003),
        (0.0163333333333, -0.0225, 0.003),
        (0.019, -0.0225, 0.003),
        (0.0216666666667, -0.0225, 0.003),
        (0.0243333333333, -0.0225, 0.003),
        (0.027, -0.0225, 0.003),
        (0.0296666666667, -0.0225, 0.003),
        (0.0323333333333, -0.0225, 0.003),
        (0.035, -0.0225, 0.003),
        (0.0033447199994, -0.02, 0.003),
        (0.00598265999945, -0.02, 0.003),
        (0.0086205999995, -0.02, 0.003),
        (0.0112585399996, -0.02, 0.003),
        (0.0138964799996, -0.02, 0.003),
        (0.0165344199997, -0.02, 0.003),
        (0.0191723599997, -0.02, 0.003),
        (0.0218102999998, -0.02, 0.003),
        (0.0244482399998, -0.02, 0.003),
        (0.0270861799999, -0.02, 0.003),
        (0.0297241199999, -0.02, 0.003),
        (0.03236206, -0.02, 0.003),
        (0.035, -0.02, 0.003),
        (0.00344316348886, -0.0175, 0.003),
        (0.00607289986478, -0.0175, 0.003),
        (0.00870263624071, -0.0175, 0.003),
        (0.0113323726166, -0.0175, 0.003),
        (0.0139621089926, -0.0175, 0.003),
        (0.0165918453685, -0.0175, 0.003),
        (0.0192215817444, -0.0175, 0.003),
        (0.0218513181204, -0.0175, 0.003),
        (0.0244810544963, -0.0175, 0.003),
        (0.0271107908722, -0.0175, 0.003),
        (0.0297405272481, -0.0175, 0.003),
        (0.0323702636241, -0.0175, 0.003),
        (0.035, -0.0175, 0.003),
        (0.003225, -0.015, 0.003),
        (0.00587291666667, -0.015, 0.003),
        (0.00852083333333, -0.015, 0.003),
        (0.01116875, -0.015, 0.003),
        (0.0138166666667, -0.015, 0.003),
        (0.0164645833333, -0.015, 0.003),
        (0.0191125, -0.015, 0.003),
        (0.0217604166667, -0.015, 0.003),
        (0.0244083333333, -0.015, 0.003),
        (0.02705625, -0.015, 0.003),
        (0.0297041666667, -0.015, 0.003),
        (0.0323520833333, -0.015, 0.003),
        (0.035, -0.015, 0.003),
        (0.0028460909355, -0.0125, 0.003),
        (0.00552558335754, -0.0125, 0.003),
        (0.00820507577959, -0.0125, 0.003),
        (0.0108845682016, -0.0125, 0.003),
        (0.0135640606237, -0.0125, 0.003),
        (0.0162435530457, -0.0125, 0.003),
        (0.0189230454678, -0.0125, 0.003),
        (0.0216025378898, -0.0125, 0.003),
        (0.0242820303118, -0.0125, 0.003),
        (0.0269615227339, -0.0125, 0.003),
        (0.0296410151559, -0.0125, 0.003),
        (0.032320507578, -0.0125, 0.003),
        (0.035, -0.0125, 0.003),
        (0.00257713832065, -0.01, 0.003),
        (0.00527904346059, -0.01, 0.003),
        (0.00798094860054, -0.01, 0.003),
        (0.0106828537405, -0.01, 0.003),
        (0.0133847588804, -0.01, 0.003),
        (0.0160866640204, -0.01, 0.003),
        (0.0187885691603, -0.01, 0.003),
        (0.0214904743003, -0.01, 0.003),
        (0.0241923794402, -0.01, 0.003),
        (0.0268942845802, -0.01, 0.003),
        (0.0295961897201, -0.01, 0.003),
        (0.0322980948601, -0.01, 0.003),
        (0.035, -0.01, 0.003),
        (0.0026102885683, -0.0075, 0.003),
        (0.00530943118761, -0.0075, 0.003),
        (0.00800857380691, -0.0075, 0.003),
        (0.0107077164262, -0.0075, 0.003),
        (0.0134068590455, -0.0075, 0.003),
        (0.0161060016648, -0.0075, 0.003),
        (0.0188051442841, -0.0075, 0.003),
        (0.0215042869035, -0.0075, 0.003),
        (0.0242034295228, -0.0075, 0.003),
        (0.0269025721421, -0.0075, 0.003),
        (0.0296017147614, -0.0075, 0.003),
        (0.0323008573807, -0.0075, 0.003),
        (0.035, -0.0075, 0.003),
        (0.00292185832005, -0.005, 0.003),
        (0.00559503679338, -0.005, 0.003),
        (0.00826821526671, -0.005, 0.003),
        (0.01094139374, -0.005, 0.003),
        (0.0136145722134, -0.005, 0.003),
        (0.0162877506867, -0.005, 0.003),
        (0.01896092916, -0.005, 0.003),
        (0.0216341076334, -0.005, 0.003),
        (0.0243072861067, -0.005, 0.003),
        (0.02698046458, -0.005, 0.003),
        (0.0296536430533, -0.005, 0.003),
        (0.0323268215267, -0.005, 0.003),
        (0.035, -0.005, 0.003),
        (0.00328925442436, -0.0025, 0.003),
        (0.00593181655566, -0.0025, 0.003),
        (0.00857437868697, -0.0025, 0.003),
        (0.0112169408183, -0.0025, 0.003),
        (0.0138595029496, -0.0025, 0.003),
        (0.0165020650809, -0.0025, 0.003),
        (0.0191446272122, -0.0025, 0.003),
        (0.0217871893435, -0.0025, 0.003),
        (0.0244297514748, -0.0025, 0.003),
        (0.0270723136061, -0.0025, 0.003),
        (0.0297148757374, -0.0025, 0.003),
        (0.0323574378687, -0.0025, 0.003),
        (0.035, -0.0025, 0.003),
        (0.00345, 0, 0.003),
        (0.00607916666667, 0, 0.003),
        (0.00870833333333, 0, 0.003),
        (0.0113375, 0, 0.003),
        (0.0139666666667, 0, 0.003),
        (0.0165958333333, 0, 0.003),
        (0.019225, 0, 0.003),
        (0.0218541666667, 0, 0.003),
        (0.0244833333333, 0, 0.003),
        (0.0271125, 0, 0.003),
        (0.0297416666667, 0, 0.003),
        (0.0323708333333, 0, 0.003),
        (0.035, 0, 0.003),
        (0.00328925442436, 0.0025, 0.003),
        (0.00593181655566, 0.0025, 0.003),
        (0.00857437868697, 0.0025, 0.003),
        (0.0112169408183, 0.0025, 0.003),
        (0.0138595029496, 0.0025, 0.003),
        (0.0165020650809, 0.0025, 0.003),
        (0.0191446272122, 0.0025, 0.003),
        (0.0217871893435, 0.0025, 0.003),
        (0.0244297514748, 0.0025, 0.003),
        (0.0270723136061, 0.0025, 0.003),
        (0.0297148757374, 0.0025, 0.003),
        (0.0323574378687, 0.0025, 0.003),
        (0.035, 0.0025, 0.003),
        (0.00292185832005, 0.005, 0.003),
        (0.00559503679338, 0.005, 0.003),
        (0.00826821526671, 0.005, 0.003),
        (0.01094139374, 0.005, 0.003),
        (0.0136145722134, 0.005, 0.003),
        (0.0162877506867, 0.005, 0.003),
        (0.01896092916, 0.005, 0.003),
        (0.0216341076334, 0.005, 0.003),
        (0.0243072861067, 0.005, 0.003),
        (0.02698046458, 0.005, 0.003),
        (0.0296536430533, 0.005, 0.003),
        (0.0323268215267, 0.005, 0.003),
        (0.035, 0.005, 0.003),
        (0.0026102885683, 0.0075, 0.003),
        (0.00530943118761, 0.0075, 0.003),
        (0.00800857380691, 0.0075, 0.003),
        (0.0107077164262, 0.0075, 0.003),
        (0.0134068590455, 0.0075, 0.003),
        (0.0161060016648, 0.0075, 0.003),
        (0.0188051442841, 0.0075, 0.003),
        (0.0215042869035, 0.0075, 0.003),
        (0.0242034295228, 0.0075, 0.003),
        (0.0269025721421, 0.0075, 0.003),
        (0.0296017147614, 0.0075, 0.003),
        (0.0323008573807, 0.0075, 0.003),
        (0.035, 0.0075, 0.003),
        (0.00257713832065, 0.01, 0.003),
        (0.00527904346059, 0.01, 0.003),
        (0.00798094860054, 0.01, 0.003),
        (0.0106828537405, 0.01, 0.003),
        (0.0133847588804, 0.01, 0.003),
        (0.0160866640204, 0.01, 0.003),
        (0.0187885691603, 0.01, 0.003),
        (0.0214904743003, 0.01, 0.003),
        (0.0241923794402, 0.01, 0.003),
        (0.0268942845802, 0.01, 0.003),
        (0.0295961897201, 0.01, 0.003),
        (0.0322980948601, 0.01, 0.003),
        (0.035, 0.01, 0.003),
        (0.0028460909355, 0.0125, 0.003),
        (0.00552558335754, 0.0125, 0.003),
        (0.00820507577959, 0.0125, 0.003),
        (0.0108845682016, 0.0125, 0.003),
        (0.0135640606237, 0.0125, 0.003),
        (0.0162435530457, 0.0125, 0.003),
        (0.0189230454678, 0.0125, 0.003),
        (0.0216025378898, 0.0125, 0.003),
        (0.0242820303118, 0.0125, 0.003),
        (0.0269615227339, 0.0125, 0.003),
        (0.0296410151559, 0.0125, 0.003),
        (0.032320507578, 0.0125, 0.003),
        (0.035, 0.0125, 0.003),
        (0.003225, 0.015, 0.003),
        (0.00587291666667, 0.015, 0.003),
        (0.00852083333333, 0.015, 0.003),
        (0.01116875, 0.015, 0.003),
        (0.0138166666667, 0.015, 0.003),
        (0.0164645833333, 0.015, 0.003),
        (0.0191125, 0.015, 0.003),
        (0.0217604166667, 0.015, 0.003),
        (0.0244083333333, 0.015, 0.003),
        (0.02705625, 0.015, 0.003),
        (0.0297041666667, 0.015, 0.003),
        (0.0323520833333, 0.015, 0.003),
        (0.035, 0.015, 0.003),
        (0.00344316348886, 0.0175, 0.003),
        (0.00607289986478, 0.0175, 0.003),
        (0.00870263624071, 0.0175, 0.003),
        (0.0113323726166, 0.0175, 0.003),
        (0.0139621089926, 0.0175, 0.003),
        (0.0165918453685, 0.0175, 0.003),
        (0.0192215817444, 0.0175, 0.003),
        (0.0218513181204, 0.0175, 0.003),
        (0.0244810544963, 0.0175, 0.003),
        (0.0271107908722, 0.0175, 0.003),
        (0.0297405272481, 0.0175, 0.003),
        (0.0323702636241, 0.0175, 0.003),
        (0.035, 0.0175, 0.003),
        (0.0033447199994, 0.02, 0.003),
        (0.00598265999945, 0.02, 0.003),
        (0.0086205999995, 0.02, 0.003),
        (0.0112585399996, 0.02, 0.003),
        (0.0138964799996, 0.02, 0.003),
        (0.0165344199997, 0.02, 0.003),
        (0.0191723599997, 0.02, 0.003),
        (0.0218102999998, 0.02, 0.003),
        (0.0244482399998, 0.02, 0.003),
        (0.0270861799999, 0.02, 0.003),
        (0.0297241199999, 0.02, 0.003),
        (0.03236206, 0.02, 0.003),
        (0.035, 0.02, 0.003),
        (0.003, 0.0225, 0.003),
        (0.00566666666667, 0.0225, 0.003),
        (0.00833333333333, 0.0225, 0.003),
        (0.011, 0.0225, 0.003),
        (0.0136666666667, 0.0225, 0.003),
        (0.0163333333333, 0.0225, 0.003),
        (0.019, 0.0225, 0.003),
        (0.0216666666667, 0.0225, 0.003),
        (0.0243333333333, 0.0225, 0.003),
        (0.027, 0.0225, 0.003),
        (0.0296666666667, 0.0225, 0.003),
        (0.0323333333333, 0.0225, 0.003),
        (0.035, 0.0225, 0.003)
]
uniform token subdivisionScheme = "none"
uniform token orientation = "rightHanded"

        def GeomSubset "SurfaceFaces"
        {
            uniform token elementType = "face"
            uniform token familyName = "materialBind"
            int[] indices = [912, 913, 914, 915, 916, 917, 918, 919, 920, 921, 922, 923, 924, 925, 926, 927, 928, 929, 930, 931, 932, 933, 934, 935, 936, 937, 938, 939, 940, 941, 942, 943, 944, 945, 946, 947, 948, 949, 950, 951, 952, 953, 954, 955, 956, 957, 958, 959, 960, 961, 962, 963, 964, 965, 966, 967, 968, 969, 970, 971, 972, 973, 974, 975, 976, 977, 978, 979, 980, 981, 982, 983, 984, 985, 986, 987, 988, 989, 990, 991, 992, 993, 994, 995, 996, 997, 998, 999, 1000, 1001, 1002, 1003, 1004, 1005, 1006, 1007, 1008, 1009, 1010, 1011, 1012, 1013, 1014, 1015, 1016, 1017, 1018, 1019, 1020, 1021, 1022, 1023, 1024, 1025, 1026, 1027, 1028, 1029, 1030, 1031, 1032, 1033, 1034, 1035, 1036, 1037, 1038, 1039, 1040, 1041, 1042, 1043, 1044, 1045, 1046, 1047, 1048, 1049, 1050, 1051, 1052, 1053, 1054, 1055, 1056, 1057, 1058, 1059, 1060, 1061, 1062, 1063, 1064, 1065, 1066, 1067, 1068, 1069, 1070, 1071, 1072, 1073, 1074, 1075, 1076, 1077, 1078, 1079, 1080, 1081, 1082, 1083, 1084, 1085, 1086, 1087, 1088, 1089, 1090, 1091, 1092, 1093, 1094, 1095, 1096, 1097, 1098, 1099, 1100, 1101, 1102, 1103, 1104, 1105, 1106, 1107, 1108, 1109, 1110, 1111, 1112, 1113, 1114, 1115, 1116, 1117, 1118, 1119, 1120, 1121, 1122, 1123, 1124, 1125, 1126, 1127, 1128, 1129, 1130, 1131, 1132, 1133, 1134, 1135, 1136, 1137, 1138, 1139, 1140, 1141, 1142, 1143, 1144, 1145, 1146, 1147, 1148, 1149, 1150, 1151, 1152, 1153, 1154, 1155, 1156, 1157, 1158, 1159, 1160, 1161, 1162, 1163, 1164, 1165, 1166, 1167, 1168, 1169, 1170, 1171, 1172, 1173, 1174, 1175, 1176, 1177, 1178, 1179, 1180, 1181, 1182, 1183, 1184, 1185, 1186, 1187, 1188, 1189, 1190, 1191, 1192, 1193, 1194, 1195, 1196, 1197, 1198, 1199, 1200, 1201, 1202, 1203, 1204, 1205, 1206, 1207, 1208, 1209, 1210, 1211, 1212, 1213, 1214, 1215, 1216, 1217, 1218, 1219, 1220, 1221, 1222, 1223, 1224, 1225, 1226, 1227, 1228, 1229, 1230, 1231, 1232, 1233, 1234, 1235, 1236, 1237, 1238, 1239, 1240, 1241, 1242, 1243, 1244, 1245, 1246, 1247, 1248, 1249, 1250, 1251, 1252, 1253, 1254, 1255, 1256, 1257, 1258, 1259, 1260, 1261, 1262, 1263, 1264, 1265, 1266, 1267, 1268, 1269, 1270, 1271, 1272, 1273, 1274, 1275, 1276, 1277, 1278, 1279, 1280, 1281, 1282, 1283, 1284, 1285, 1286, 1287, 1288, 1289, 1290, 1291, 1292, 1293, 1294, 1295, 1296, 1297, 1298, 1299, 1300, 1301, 1302, 1303, 1304, 1305, 1306, 1307, 1308, 1309, 1310, 1311, 1312, 1313, 1314, 1315, 1316, 1317, 1318, 1319, 1320, 1321, 1322, 1323, 1324, 1325, 1326, 1327, 1328, 1329, 1330, 1331, 1332, 1333, 1334, 1335, 1336, 1337, 1338, 1339, 1340, 1341, 1342, 1343, 2256, 2257, 2258, 2259, 2260, 2261, 2262, 2263, 2264, 2265, 2266, 2267, 2268, 2269, 2270, 2271, 2272, 2273, 2274, 2275, 2276, 2277, 2278, 2279, 2280, 2281, 2282, 2283, 2284, 2285, 2286, 2287, 2288, 2289, 2290, 2291, 2292, 2293, 2294, 2295, 2296, 2297, 2298, 2299, 2300, 2301, 2302, 2303, 2304, 2305, 2306, 2307, 2308, 2309, 2310, 2311, 2312, 2313, 2314, 2315, 2316, 2317, 2318, 2319, 2320, 2321, 2322, 2323, 2324, 2325, 2326, 2327, 2328, 2329, 2330, 2331, 2332, 2333, 2334, 2335, 2336, 2337, 2338, 2339, 2340, 2341, 2342, 2343, 2344, 2345, 2346, 2347, 2348, 2349, 2350, 2351, 2352, 2353, 2354, 2355, 2356, 2357, 2358, 2359, 2360, 2361, 2362, 2363, 2364, 2365, 2366, 2367, 2368, 2369, 2370, 2371, 2372, 2373, 2374, 2375, 2376, 2377, 2378, 2379, 2380, 2381, 2382, 2383, 2384, 2385, 2386, 2387, 2388, 2389, 2390, 2391, 2392, 2393, 2394, 2395, 2396, 2397, 2398, 2399, 2400, 2401, 2402, 2403, 2404, 2405, 2406, 2407, 2408, 2409, 2410, 2411, 2412, 2413, 2414, 2415, 2416, 2417, 2418, 2419, 2420, 2421, 2422, 2423, 2424, 2425, 2426, 2427, 2428, 2429, 2430, 2431, 2432, 2433, 2434, 2435, 2436, 2437, 2438, 2439, 2440, 2441, 2442, 2443, 2444, 2445, 2446, 2447, 2448, 2449, 2450, 2451, 2452, 2453, 2454, 2455, 2456, 2457, 2458, 2459, 2460, 2461, 2462, 2463, 2464, 2465, 2466, 2467, 2468, 2469, 2470, 2471, 2472, 2473, 2474, 2475, 2476, 2477, 2478, 2479, 2480, 2481, 2482, 2483, 2484, 2485, 2486, 2487, 2488, 2489, 2490, 2491, 2492, 2493, 2494, 2495, 2496, 2497, 2498, 2499, 2500, 2501, 2502, 2503, 2504, 2505, 2506, 2507, 2508, 2509, 2510, 2511, 2512, 2513, 2514, 2515, 2516, 2517, 2518, 2519, 2520, 2521, 2522, 2523, 2524, 2525, 2526, 2527, 2528, 2529, 2530, 2531, 2532, 2533, 2534, 2535, 2536, 2537, 2538, 2539, 2540, 2541, 2542, 2543, 2544, 2545, 2546, 2547, 2548, 2549, 2550, 2551, 2552, 2553, 2554, 2555, 2556, 2557, 2558, 2559, 2560, 2561, 2562, 2563, 2564, 2565, 2566, 2567, 2568, 2569, 2570, 2571, 2572, 2573, 2574, 2575, 2576, 2577, 2578, 2579, 2580, 2581, 2582, 2583, 2584, 2585, 2586, 2587, 2588, 2589, 2590, 2591, 2592, 2593, 2594, 2595, 2596, 2597, 2598, 2599, 2600, 2601, 2602, 2603, 2604, 2605, 2606, 2607, 2608, 2609, 2610, 2611, 2612, 2613, 2614, 2615, 2616, 2617, 2618, 2619, 2620, 2621, 2622, 2623, 2624, 2625, 2626, 2627, 2628, 2629, 2630, 2631, 2632, 2633, 2634, 2635, 2636, 2637, 2638, 2639, 2640, 2641, 2642, 2643, 2644, 2645, 2646, 2647, 2648, 2649, 2650, 2651, 2652, 2653, 2654, 2655, 2656, 2657, 2658, 2659, 2660, 2661, 2662, 2663, 2664, 2665, 2666, 2667, 2668, 2669, 2670, 2671, 2672, 2673, 2674, 2675, 2676, 2677, 2678, 2679, 2680, 2681, 2682, 2683, 2684, 2685, 2686, 2687]
            rel material:binding = </DrAnmarSuturableTissueTet/Materials/Surface>
        }

        def GeomSubset "BulkFaces"
        {
            uniform token elementType = "face"
            uniform token familyName = "materialBind"
            int[] indices = [1, 3, 4, 5, 7, 9, 11, 13, 15, 17, 19, 21, 23, 25, 27, 29, 31, 33, 35, 37, 39, 41, 43, 45, 47, 49, 54, 55, 82, 83, 110, 111, 138, 139, 166, 167, 194, 195, 222, 223, 250, 251, 278, 279, 306, 307, 334, 335, 362, 363, 390, 391, 418, 419, 446, 447, 474, 475, 502, 503, 528, 529, 530, 531, 532, 533, 534, 535, 536, 537, 538, 539, 540, 541, 542, 543, 544, 545, 546, 547, 548, 549, 550, 551, 552, 553, 554, 555, 556, 557, 558, 559, 560, 561, 562, 563, 564, 565, 566, 567, 568, 569, 570, 571, 572, 573, 574, 575, 576, 577, 580, 581, 584, 585, 588, 589, 592, 593, 596, 597, 600, 601, 604, 605, 608, 609, 612, 613, 616, 617, 620, 621, 624, 625, 628, 629, 632, 633, 636, 637, 640, 641, 644, 645, 648, 649, 650, 651, 652, 653, 654, 655, 656, 657, 658, 659, 660, 661, 662, 663, 664, 665, 666, 667, 668, 669, 670, 671, 672, 673, 674, 675, 676, 677, 678, 679, 680, 681, 682, 683, 684, 685, 686, 687, 688, 689, 690, 691, 692, 693, 694, 695, 696, 697, 700, 701, 704, 705, 708, 709, 712, 713, 716, 717, 720, 721, 724, 725, 728, 729, 732, 733, 736, 737, 740, 741, 744, 745, 748, 749, 752, 753, 756, 757, 760, 761, 764, 765, 768, 769, 770, 771, 772, 773, 774, 775, 776, 777, 778, 779, 780, 781, 782, 783, 784, 785, 786, 787, 788, 789, 790, 791, 792, 793, 794, 795, 796, 797, 798, 799, 800, 801, 802, 803, 804, 805, 806, 807, 808, 809, 810, 811, 812, 813, 814, 815, 816, 817, 820, 821, 824, 825, 828, 829, 832, 833, 836, 837, 840, 841, 844, 845, 848, 849, 852, 853, 856, 857, 860, 861, 864, 865, 868, 869, 872, 873, 876, 877, 880, 881, 884, 885, 888, 889, 890, 891, 892, 893, 894, 895, 896, 897, 898, 899, 900, 901, 902, 903, 904, 905, 906, 907, 908, 909, 910, 911, 1345, 1348, 1351, 1353, 1355, 1357, 1359, 1361, 1363, 1365, 1367, 1369, 1371, 1373, 1375, 1377, 1379, 1381, 1383, 1385, 1387, 1389, 1391, 1393, 1394, 1395, 1422, 1423, 1450, 1451, 1478, 1479, 1506, 1507, 1534, 1535, 1562, 1563, 1590, 1591, 1618, 1619, 1646, 1647, 1674, 1675, 1702, 1703, 1730, 1731, 1758, 1759, 1786, 1787, 1814, 1815, 1842, 1843, 1870, 1871, 1872, 1873, 1874, 1875, 1876, 1877, 1878, 1879, 1880, 1881, 1882, 1883, 1884, 1885, 1886, 1887, 1888, 1889, 1890, 1891, 1892, 1893, 1894, 1895, 1896, 1898, 1900, 1901, 1902, 1903, 1904, 1905, 1906, 1907, 1908, 1909, 1910, 1911, 1912, 1913, 1914, 1915, 1916, 1917, 1918, 1919, 1920, 1921, 1922, 1923, 1926, 1927, 1930, 1931, 1934, 1935, 1938, 1939, 1942, 1943, 1946, 1947, 1950, 1951, 1954, 1955, 1958, 1959, 1962, 1963, 1966, 1967, 1970, 1971, 1974, 1975, 1978, 1979, 1982, 1983, 1986, 1987, 1990, 1991, 1992, 1993, 1994, 1995, 1996, 1997, 1998, 1999, 2000, 2001, 2002, 2003, 2004, 2005, 2006, 2007, 2008, 2009, 2010, 2011, 2012, 2013, 2014, 2015, 2016, 2018, 2020, 2021, 2022, 2023, 2024, 2025, 2026, 2027, 2028, 2029, 2030, 2031, 2032, 2033, 2034, 2035, 2036, 2037, 2038, 2039, 2040, 2041, 2042, 2043, 2046, 2047, 2050, 2051, 2054, 2055, 2058, 2059, 2062, 2063, 2066, 2067, 2070, 2071, 2074, 2075, 2078, 2079, 2082, 2083, 2086, 2087, 2090, 2091, 2094, 2095, 2098, 2099, 2102, 2103, 2106, 2107, 2110, 2111, 2112, 2113, 2114, 2115, 2116, 2117, 2118, 2119, 2120, 2121, 2122, 2123, 2124, 2125, 2126, 2127, 2128, 2129, 2130, 2131, 2132, 2133, 2134, 2135, 2136, 2138, 2140, 2141, 2142, 2143, 2144, 2145, 2146, 2147, 2148, 2149, 2150, 2151, 2152, 2153, 2154, 2155, 2156, 2157, 2158, 2159, 2160, 2161, 2162, 2163, 2166, 2167, 2170, 2171, 2174, 2175, 2178, 2179, 2182, 2183, 2186, 2187, 2190, 2191, 2194, 2195, 2198, 2199, 2202, 2203, 2206, 2207, 2210, 2211, 2214, 2215, 2218, 2219, 2222, 2223, 2226, 2227, 2230, 2231, 2232, 2233, 2234, 2235, 2236, 2237, 2238, 2239, 2240, 2241, 2242, 2243, 2244, 2245, 2246, 2247, 2248, 2249, 2250, 2251, 2252, 2253, 2254, 2255]
            rel material:binding = </DrAnmarSuturableTissueTet/Materials/Bulk>
        }

        def GeomSubset "FasciaFaces"
        {
            uniform token elementType = "face"
            uniform token familyName = "materialBind"
            int[] indices = [0, 2, 6, 8, 10, 12, 14, 16, 18, 20, 22, 24, 26, 28, 30, 32, 34, 36, 38, 40, 42, 44, 46, 48, 52, 53, 56, 57, 58, 59, 60, 61, 62, 63, 64, 65, 66, 67, 68, 69, 70, 71, 72, 73, 74, 75, 76, 77, 80, 81, 84, 85, 86, 87, 88, 89, 90, 91, 92, 93, 94, 95, 96, 97, 98, 99, 100, 101, 102, 103, 104, 105, 108, 109, 112, 113, 114, 115, 116, 117, 118, 119, 120, 121, 122, 123, 124, 125, 126, 127, 128, 129, 130, 131, 132, 133, 136, 137, 140, 141, 142, 143, 144, 145, 146, 147, 148, 149, 150, 151, 152, 153, 154, 155, 156, 157, 158, 159, 160, 161, 164, 165, 168, 169, 170, 171, 172, 173, 174, 175, 176, 177, 178, 179, 180, 181, 182, 183, 184, 185, 186, 187, 188, 189, 192, 193, 196, 197, 198, 199, 200, 201, 202, 203, 204, 205, 206, 207, 208, 209, 210, 211, 212, 213, 214, 215, 216, 217, 220, 221, 224, 225, 226, 227, 228, 229, 230, 231, 232, 233, 234, 235, 236, 237, 238, 239, 240, 241, 242, 243, 244, 245, 248, 249, 252, 253, 254, 255, 256, 257, 258, 259, 260, 261, 262, 263, 264, 265, 266, 267, 268, 269, 270, 271, 272, 273, 276, 277, 280, 281, 282, 283, 284, 285, 286, 287, 288, 289, 290, 291, 292, 293, 294, 295, 296, 297, 298, 299, 300, 301, 304, 305, 308, 309, 310, 311, 312, 313, 314, 315, 316, 317, 318, 319, 320, 321, 322, 323, 324, 325, 326, 327, 328, 329, 332, 333, 336, 337, 338, 339, 340, 341, 342, 343, 344, 345, 346, 347, 348, 349, 350, 351, 352, 353, 354, 355, 356, 357, 360, 361, 364, 365, 366, 367, 368, 369, 370, 371, 372, 373, 374, 375, 376, 377, 378, 379, 380, 381, 382, 383, 384, 385, 388, 389, 392, 393, 394, 395, 396, 397, 398, 399, 400, 401, 402, 403, 404, 405, 406, 407, 408, 409, 410, 411, 412, 413, 416, 417, 420, 421, 422, 423, 424, 425, 426, 427, 428, 429, 430, 431, 432, 433, 434, 435, 436, 437, 438, 439, 440, 441, 444, 445, 448, 449, 450, 451, 452, 453, 454, 455, 456, 457, 458, 459, 460, 461, 462, 463, 464, 465, 466, 467, 468, 469, 472, 473, 476, 477, 478, 479, 480, 481, 482, 483, 484, 485, 486, 487, 488, 489, 490, 491, 492, 493, 494, 495, 496, 497, 500, 501, 504, 505, 506, 507, 508, 509, 510, 511, 512, 513, 514, 515, 516, 517, 518, 519, 520, 521, 522, 523, 524, 525, 1344, 1346, 1350, 1352, 1354, 1356, 1358, 1360, 1362, 1364, 1366, 1368, 1370, 1372, 1374, 1376, 1378, 1380, 1382, 1384, 1386, 1388, 1390, 1392, 1396, 1397, 1400, 1401, 1402, 1403, 1404, 1405, 1406, 1407, 1408, 1409, 1410, 1411, 1412, 1413, 1414, 1415, 1416, 1417, 1418, 1419, 1420, 1421, 1424, 1425, 1428, 1429, 1430, 1431, 1432, 1433, 1434, 1435, 1436, 1437, 1438, 1439, 1440, 1441, 1442, 1443, 1444, 1445, 1446, 1447, 1448, 1449, 1452, 1453, 1456, 1457, 1458, 1459, 1460, 1461, 1462, 1463, 1464, 1465, 1466, 1467, 1468, 1469, 1470, 1471, 1472, 1473, 1474, 1475, 1476, 1477, 1480, 1481, 1484, 1485, 1486, 1487, 1488, 1489, 1490, 1491, 1492, 1493, 1494, 1495, 1496, 1497, 1498, 1499, 1500, 1501, 1502, 1503, 1504, 1505, 1508, 1509, 1512, 1513, 1514, 1515, 1516, 1517, 1518, 1519, 1520, 1521, 1522, 1523, 1524, 1525, 1526, 1527, 1528, 1529, 1530, 1531, 1532, 1533, 1536, 1537, 1540, 1541, 1542, 1543, 1544, 1545, 1546, 1547, 1548, 1549, 1550, 1551, 1552, 1553, 1554, 1555, 1556, 1557, 1558, 1559, 1560, 1561, 1564, 1565, 1568, 1569, 1570, 1571, 1572, 1573, 1574, 1575, 1576, 1577, 1578, 1579, 1580, 1581, 1582, 1583, 1584, 1585, 1586, 1587, 1588, 1589, 1592, 1593, 1596, 1597, 1598, 1599, 1600, 1601, 1602, 1603, 1604, 1605, 1606, 1607, 1608, 1609, 1610, 1611, 1612, 1613, 1614, 1615, 1616, 1617, 1620, 1621, 1624, 1625, 1626, 1627, 1628, 1629, 1630, 1631, 1632, 1633, 1634, 1635, 1636, 1637, 1638, 1639, 1640, 1641, 1642, 1643, 1644, 1645, 1648, 1649, 1652, 1653, 1654, 1655, 1656, 1657, 1658, 1659, 1660, 1661, 1662, 1663, 1664, 1665, 1666, 1667, 1668, 1669, 1670, 1671, 1672, 1673, 1676, 1677, 1680, 1681, 1682, 1683, 1684, 1685, 1686, 1687, 1688, 1689, 1690, 1691, 1692, 1693, 1694, 1695, 1696, 1697, 1698, 1699, 1700, 1701, 1704, 1705, 1708, 1709, 1710, 1711, 1712, 1713, 1714, 1715, 1716, 1717, 1718, 1719, 1720, 1721, 1722, 1723, 1724, 1725, 1726, 1727, 1728, 1729, 1732, 1733, 1736, 1737, 1738, 1739, 1740, 1741, 1742, 1743, 1744, 1745, 1746, 1747, 1748, 1749, 1750, 1751, 1752, 1753, 1754, 1755, 1756, 1757, 1760, 1761, 1764, 1765, 1766, 1767, 1768, 1769, 1770, 1771, 1772, 1773, 1774, 1775, 1776, 1777, 1778, 1779, 1780, 1781, 1782, 1783, 1784, 1785, 1788, 1789, 1792, 1793, 1794, 1795, 1796, 1797, 1798, 1799, 1800, 1801, 1802, 1803, 1804, 1805, 1806, 1807, 1808, 1809, 1810, 1811, 1812, 1813, 1816, 1817, 1820, 1821, 1822, 1823, 1824, 1825, 1826, 1827, 1828, 1829, 1830, 1831, 1832, 1833, 1834, 1835, 1836, 1837, 1838, 1839, 1840, 1841, 1844, 1845, 1848, 1849, 1850, 1851, 1852, 1853, 1854, 1855, 1856, 1857, 1858, 1859, 1860, 1861, 1862, 1863, 1864, 1865, 1866, 1867, 1868, 1869]
            rel material:binding = </DrAnmarSuturableTissueTet/Materials/Fascia>
        }

        def GeomSubset "WoundFaces"
        {
            uniform token elementType = "face"
            uniform token familyName = "materialBind"
            int[] indices = [50, 51, 78, 79, 106, 107, 134, 135, 162, 163, 190, 191, 218, 219, 246, 247, 274, 275, 302, 303, 330, 331, 358, 359, 386, 387, 414, 415, 442, 443, 470, 471, 498, 499, 526, 527, 578, 579, 582, 583, 586, 587, 590, 591, 594, 595, 598, 599, 602, 603, 606, 607, 610, 611, 614, 615, 618, 619, 622, 623, 626, 627, 630, 631, 634, 635, 638, 639, 642, 643, 646, 647, 698, 699, 702, 703, 706, 707, 710, 711, 714, 715, 718, 719, 722, 723, 726, 727, 730, 731, 734, 735, 738, 739, 742, 743, 746, 747, 750, 751, 754, 755, 758, 759, 762, 763, 766, 767, 818, 819, 822, 823, 826, 827, 830, 831, 834, 835, 838, 839, 842, 843, 846, 847, 850, 851, 854, 855, 858, 859, 862, 863, 866, 867, 870, 871, 874, 875, 878, 879, 882, 883, 886, 887, 1347, 1349, 1398, 1399, 1426, 1427, 1454, 1455, 1482, 1483, 1510, 1511, 1538, 1539, 1566, 1567, 1594, 1595, 1622, 1623, 1650, 1651, 1678, 1679, 1706, 1707, 1734, 1735, 1762, 1763, 1790, 1791, 1818, 1819, 1846, 1847, 1897, 1899, 1924, 1925, 1928, 1929, 1932, 1933, 1936, 1937, 1940, 1941, 1944, 1945, 1948, 1949, 1952, 1953, 1956, 1957, 1960, 1961, 1964, 1965, 1968, 1969, 1972, 1973, 1976, 1977, 1980, 1981, 1984, 1985, 1988, 1989, 2017, 2019, 2044, 2045, 2048, 2049, 2052, 2053, 2056, 2057, 2060, 2061, 2064, 2065, 2068, 2069, 2072, 2073, 2076, 2077, 2080, 2081, 2084, 2085, 2088, 2089, 2092, 2093, 2096, 2097, 2100, 2101, 2104, 2105, 2108, 2109, 2137, 2139, 2164, 2165, 2168, 2169, 2172, 2173, 2176, 2177, 2180, 2181, 2184, 2185, 2188, 2189, 2192, 2193, 2196, 2197, 2200, 2201, 2204, 2205, 2208, 2209, 2212, 2213, 2216, 2217, 2220, 2221, 2224, 2225, 2228, 2229]
            rel material:binding = </DrAnmarSuturableTissueTet/Materials/Wound>
        }
    }
}
