#usda 1.0
(
    defaultPrim = "DrAnmarSealDivideVesselDemo"
    doc = "DrAnmar two-body hollow vessel division demo with removable mechanical bridge pins and two future stump seal zones."
    kilogramsPerUnit = 1
    metersPerUnit = 1
    upAxis = "Z"
)

def Xform "DrAnmarSealDivideVesselDemo" (
    customData = {
        string drAnmarAssetId = "dranmar-seal-divide-vessel-demo-v1"
        bool drAnmarClinicalValidation = false
        string drAnmarRepresentation = "two_watertight_surface_deformable_halves_with_runtime_bridge_attachments"
        int drAnmarBridgePinCount = 8
        string drAnmarFlowModel = "reduced_order_external_to_surface_solver"
    }
)
{
    def Scope "Looks"
    {
        def Material "BodyPolymer"
        {
            def Shader "PreviewSurface"
            {
                uniform token info:id = "UsdPreviewSurface"
                color3f inputs:diffuseColor = (0.82, 0.85, 0.88)
                float inputs:metallic = 0
                float inputs:roughness = 0.34
                float inputs:opacity = 1
                token outputs:surface
            }
            token outputs:surface.connect = </DrAnmarSealDivideVesselDemo/Looks/BodyPolymer/PreviewSurface.outputs:surface>
        }
        def Material "AccentPolymer"
        {
            def Shader "PreviewSurface"
            {
                uniform token info:id = "UsdPreviewSurface"
                color3f inputs:diffuseColor = (0.055, 0.31, 0.62)
                float inputs:metallic = 0
                float inputs:roughness = 0.29
                float inputs:opacity = 1
                token outputs:surface
            }
            token outputs:surface.connect = </DrAnmarSealDivideVesselDemo/Looks/AccentPolymer/PreviewSurface.outputs:surface>
        }
        def Material "DarkPolymer"
        {
            def Shader "PreviewSurface"
            {
                uniform token info:id = "UsdPreviewSurface"
                color3f inputs:diffuseColor = (0.035, 0.045, 0.055)
                float inputs:metallic = 0
                float inputs:roughness = 0.3
                float inputs:opacity = 1
                token outputs:surface
            }
            token outputs:surface.connect = </DrAnmarSealDivideVesselDemo/Looks/DarkPolymer/PreviewSurface.outputs:surface>
        }
        def Material "MountMetal"
        {
            def Shader "PreviewSurface"
            {
                uniform token info:id = "UsdPreviewSurface"
                color3f inputs:diffuseColor = (0.44, 0.48, 0.53)
                float inputs:metallic = 0.82
                float inputs:roughness = 0.24
                float inputs:opacity = 1
                token outputs:surface
            }
            token outputs:surface.connect = </DrAnmarSealDivideVesselDemo/Looks/MountMetal/PreviewSurface.outputs:surface>
        }
        def Material "RailMetal"
        {
            def Shader "PreviewSurface"
            {
                uniform token info:id = "UsdPreviewSurface"
                color3f inputs:diffuseColor = (0.25, 0.29, 0.34)
                float inputs:metallic = 0.74
                float inputs:roughness = 0.26
                float inputs:opacity = 1
                token outputs:surface
            }
            token outputs:surface.connect = </DrAnmarSealDivideVesselDemo/Looks/RailMetal/PreviewSurface.outputs:surface>
        }
        def Material "JawMetal"
        {
            def Shader "PreviewSurface"
            {
                uniform token info:id = "UsdPreviewSurface"
                color3f inputs:diffuseColor = (0.6, 0.64, 0.68)
                float inputs:metallic = 0.78
                float inputs:roughness = 0.22
                float inputs:opacity = 1
                token outputs:surface
            }
            token outputs:surface.connect = </DrAnmarSealDivideVesselDemo/Looks/JawMetal/PreviewSurface.outputs:surface>
        }
        def Material "ElectrodeCopper"
        {
            def Shader "PreviewSurface"
            {
                uniform token info:id = "UsdPreviewSurface"
                color3f inputs:diffuseColor = (0.78, 0.4, 0.13)
                float inputs:metallic = 0.88
                float inputs:roughness = 0.2
                float inputs:opacity = 1
                token outputs:surface
            }
            token outputs:surface.connect = </DrAnmarSealDivideVesselDemo/Looks/ElectrodeCopper/PreviewSurface.outputs:surface>
        }
        def Material "CeramicWhite"
        {
            def Shader "PreviewSurface"
            {
                uniform token info:id = "UsdPreviewSurface"
                color3f inputs:diffuseColor = (0.91, 0.91, 0.88)
                float inputs:metallic = 0
                float inputs:roughness = 0.16
                float inputs:opacity = 1
                token outputs:surface
            }
            token outputs:surface.connect = </DrAnmarSealDivideVesselDemo/Looks/CeramicWhite/PreviewSurface.outputs:surface>
        }
        def Material "BladeSteel"
        {
            def Shader "PreviewSurface"
            {
                uniform token info:id = "UsdPreviewSurface"
                color3f inputs:diffuseColor = (0.7, 0.73, 0.77)
                float inputs:metallic = 0.92
                float inputs:roughness = 0.12
                float inputs:opacity = 1
                token outputs:surface
            }
            token outputs:surface.connect = </DrAnmarSealDivideVesselDemo/Looks/BladeSteel/PreviewSurface.outputs:surface>
        }
        def Material "SpentBlade"
        {
            def Shader "PreviewSurface"
            {
                uniform token info:id = "UsdPreviewSurface"
                color3f inputs:diffuseColor = (0.32, 0.31, 0.3)
                float inputs:metallic = 0.72
                float inputs:roughness = 0.42
                float inputs:opacity = 1
                token outputs:surface
            }
            token outputs:surface.connect = </DrAnmarSealDivideVesselDemo/Looks/SpentBlade/PreviewSurface.outputs:surface>
        }
        def Material "PadElastomer"
        {
            def Shader "PreviewSurface"
            {
                uniform token info:id = "UsdPreviewSurface"
                color3f inputs:diffuseColor = (0.06, 0.53, 0.61)
                float inputs:metallic = 0
                float inputs:roughness = 0.52
                float inputs:opacity = 1
                token outputs:surface
            }
            token outputs:surface.connect = </DrAnmarSealDivideVesselDemo/Looks/PadElastomer/PreviewSurface.outputs:surface>
        }
        def Material "SensorGlass"
        {
            def Shader "PreviewSurface"
            {
                uniform token info:id = "UsdPreviewSurface"
                color3f inputs:diffuseColor = (0.05, 0.16, 0.24)
                float inputs:metallic = 0.15
                float inputs:roughness = 0.1
                float inputs:opacity = 0.75
                token outputs:surface
            }
            token outputs:surface.connect = </DrAnmarSealDivideVesselDemo/Looks/SensorGlass/PreviewSurface.outputs:surface>
        }
        def Material "ThermalGlass"
        {
            def Shader "PreviewSurface"
            {
                uniform token info:id = "UsdPreviewSurface"
                color3f inputs:diffuseColor = (0.31, 0.05, 0.43)
                float inputs:metallic = 0.18
                float inputs:roughness = 0.13
                float inputs:opacity = 0.85
                token outputs:surface
            }
            token outputs:surface.connect = </DrAnmarSealDivideVesselDemo/Looks/ThermalGlass/PreviewSurface.outputs:surface>
        }
        def Material "SensorBlue"
        {
            def Shader "PreviewSurface"
            {
                uniform token info:id = "UsdPreviewSurface"
                color3f inputs:diffuseColor = (0.04, 0.39, 0.86)
                float inputs:metallic = 0.05
                float inputs:roughness = 0.2
                float inputs:opacity = 1
                token outputs:surface
            }
            token outputs:surface.connect = </DrAnmarSealDivideVesselDemo/Looks/SensorBlue/PreviewSurface.outputs:surface>
        }
        def Material "IndicatorGreen"
        {
            def Shader "PreviewSurface"
            {
                uniform token info:id = "UsdPreviewSurface"
                color3f inputs:diffuseColor = (0.05, 0.86, 0.28)
                float inputs:metallic = 0
                float inputs:roughness = 0.2
                float inputs:opacity = 1
                token outputs:surface
            }
            token outputs:surface.connect = </DrAnmarSealDivideVesselDemo/Looks/IndicatorGreen/PreviewSurface.outputs:surface>
        }
        def Material "IndicatorAmber"
        {
            def Shader "PreviewSurface"
            {
                uniform token info:id = "UsdPreviewSurface"
                color3f inputs:diffuseColor = (1, 0.52, 0.02)
                float inputs:metallic = 0
                float inputs:roughness = 0.23
                float inputs:opacity = 1
                token outputs:surface
            }
            token outputs:surface.connect = </DrAnmarSealDivideVesselDemo/Looks/IndicatorAmber/PreviewSurface.outputs:surface>
        }
        def Material "IndicatorRed"
        {
            def Shader "PreviewSurface"
            {
                uniform token info:id = "UsdPreviewSurface"
                color3f inputs:diffuseColor = (0.92, 0.03, 0.04)
                float inputs:metallic = 0
                float inputs:roughness = 0.22
                float inputs:opacity = 1
                token outputs:surface
            }
            token outputs:surface.connect = </DrAnmarSealDivideVesselDemo/Looks/IndicatorRed/PreviewSurface.outputs:surface>
        }
        def Material "SalineBlue"
        {
            def Shader "PreviewSurface"
            {
                uniform token info:id = "UsdPreviewSurface"
                color3f inputs:diffuseColor = (0.04, 0.46, 0.92)
                float inputs:metallic = 0
                float inputs:roughness = 0.05
                float inputs:opacity = 0.56
                token outputs:surface
            }
            token outputs:surface.connect = </DrAnmarSealDivideVesselDemo/Looks/SalineBlue/PreviewSurface.outputs:surface>
        }
        def Material "CollectionDark"
        {
            def Shader "PreviewSurface"
            {
                uniform token info:id = "UsdPreviewSurface"
                color3f inputs:diffuseColor = (0.31, 0.12, 0.08)
                float inputs:metallic = 0
                float inputs:roughness = 0.16
                float inputs:opacity = 0.72
                token outputs:surface
            }
            token outputs:surface.connect = </DrAnmarSealDivideVesselDemo/Looks/CollectionDark/PreviewSurface.outputs:surface>
        }
        def Material "TubeClear"
        {
            def Shader "PreviewSurface"
            {
                uniform token info:id = "UsdPreviewSurface"
                color3f inputs:diffuseColor = (0.63, 0.8, 0.88)
                float inputs:metallic = 0
                float inputs:roughness = 0.08
                float inputs:opacity = 0.34
                token outputs:surface
            }
            token outputs:surface.connect = </DrAnmarSealDivideVesselDemo/Looks/TubeClear/PreviewSurface.outputs:surface>
        }
        def Material "LabelMaterial"
        {
            def Shader "PreviewSurface"
            {
                uniform token info:id = "UsdPreviewSurface"
                color3f inputs:diffuseColor = (0.96, 0.97, 0.98)
                float inputs:metallic = 0
                float inputs:roughness = 0.4
                float inputs:opacity = 1
                token outputs:surface
            }
            token outputs:surface.connect = </DrAnmarSealDivideVesselDemo/Looks/LabelMaterial/PreviewSurface.outputs:surface>
        }
        def Material "VesselMaterial"
        {
            def Shader "PreviewSurface"
            {
                uniform token info:id = "UsdPreviewSurface"
                color3f inputs:diffuseColor = (0.52, 0.055, 0.045)
                float inputs:metallic = 0
                float inputs:roughness = 0.44
                float inputs:opacity = 1
                token outputs:surface
            }
            token outputs:surface.connect = </DrAnmarSealDivideVesselDemo/Looks/VesselMaterial/PreviewSurface.outputs:surface>
        }
        def Material "VesselInner"
        {
            def Shader "PreviewSurface"
            {
                uniform token info:id = "UsdPreviewSurface"
                color3f inputs:diffuseColor = (0.74, 0.16, 0.13)
                float inputs:metallic = 0
                float inputs:roughness = 0.39
                float inputs:opacity = 1
                token outputs:surface
            }
            token outputs:surface.connect = </DrAnmarSealDivideVesselDemo/Looks/VesselInner/PreviewSurface.outputs:surface>
        }
        def Material "BridgeMaterial"
        {
            def Shader "PreviewSurface"
            {
                uniform token info:id = "UsdPreviewSurface"
                color3f inputs:diffuseColor = (0.59, 0.075, 0.06)
                float inputs:metallic = 0
                float inputs:roughness = 0.42
                float inputs:opacity = 1
                token outputs:surface
            }
            token outputs:surface.connect = </DrAnmarSealDivideVesselDemo/Looks/BridgeMaterial/PreviewSurface.outputs:surface>
        }
        def Material "SealBandFresh"
        {
            def Shader "PreviewSurface"
            {
                uniform token info:id = "UsdPreviewSurface"
                color3f inputs:diffuseColor = (0.94, 0.62, 0.1)
                float inputs:metallic = 0.15
                float inputs:roughness = 0.24
                float inputs:opacity = 0.62
                token outputs:surface
            }
            token outputs:surface.connect = </DrAnmarSealDivideVesselDemo/Looks/SealBandFresh/PreviewSurface.outputs:surface>
        }
        def Material "SealBandMature"
        {
            def Shader "PreviewSurface"
            {
                uniform token info:id = "UsdPreviewSurface"
                color3f inputs:diffuseColor = (0.47, 0.21, 0.05)
                float inputs:metallic = 0.15
                float inputs:roughness = 0.3
                float inputs:opacity = 0.78
                token outputs:surface
            }
            token outputs:surface.connect = </DrAnmarSealDivideVesselDemo/Looks/SealBandMature/PreviewSurface.outputs:surface>
        }
        def Material "SealBandFailed"
        {
            def Shader "PreviewSurface"
            {
                uniform token info:id = "UsdPreviewSurface"
                color3f inputs:diffuseColor = (0.2, 0.08, 0.04)
                float inputs:metallic = 0.05
                float inputs:roughness = 0.58
                float inputs:opacity = 0.58
                token outputs:surface
            }
            token outputs:surface.connect = </DrAnmarSealDivideVesselDemo/Looks/SealBandFailed/PreviewSurface.outputs:surface>
        }
        def Material "FixtureMaterial"
        {
            def Shader "PreviewSurface"
            {
                uniform token info:id = "UsdPreviewSurface"
                color3f inputs:diffuseColor = (0.08, 0.09, 0.11)
                float inputs:metallic = 0.2
                float inputs:roughness = 0.42
                float inputs:opacity = 1
                token outputs:surface
            }
            token outputs:surface.connect = </DrAnmarSealDivideVesselDemo/Looks/FixtureMaterial/PreviewSurface.outputs:surface>
        }
        def Material "VaporMaterial"
        {
            def Shader "PreviewSurface"
            {
                uniform token info:id = "UsdPreviewSurface"
                color3f inputs:diffuseColor = (0.78, 0.84, 0.88)
                float inputs:metallic = 0
                float inputs:roughness = 0.08
                float inputs:opacity = 0.3
                token outputs:surface
            }
            token outputs:surface.connect = </DrAnmarSealDivideVesselDemo/Looks/VaporMaterial/PreviewSurface.outputs:surface>
        }
    }
    def Scope "PhysicsMaterials"
    {
        def Material "MountPhysics" (
            prepend apiSchemas = ["PhysicsMaterialAPI", "PhysxMaterialAPI"]
        )
        {
            float physics:staticFriction = 0.34
            float physics:dynamicFriction = 0.26
            float physics:restitution = 0.02
            uniform token physxMaterial:frictionCombineMode = "max"
            uniform token physxMaterial:restitutionCombineMode = "min"
        }
        def Material "PolymerPhysics" (
            prepend apiSchemas = ["PhysicsMaterialAPI", "PhysxMaterialAPI"]
        )
        {
            float physics:staticFriction = 0.48
            float physics:dynamicFriction = 0.38
            float physics:restitution = 0.03
            uniform token physxMaterial:frictionCombineMode = "max"
            uniform token physxMaterial:restitutionCombineMode = "min"
        }
        def Material "MetalPhysics" (
            prepend apiSchemas = ["PhysicsMaterialAPI", "PhysxMaterialAPI"]
        )
        {
            float physics:staticFriction = 0.28
            float physics:dynamicFriction = 0.21
            float physics:restitution = 0.02
            uniform token physxMaterial:frictionCombineMode = "max"
            uniform token physxMaterial:restitutionCombineMode = "min"
        }
        def Material "PadContactPhysics" (
            prepend apiSchemas = ["PhysicsMaterialAPI", "PhysxMaterialAPI"]
        )
        {
            float physics:staticFriction = 0.72
            float physics:dynamicFriction = 0.58
            float physics:restitution = 0.01
            uniform token physxMaterial:frictionCombineMode = "max"
            uniform token physxMaterial:restitutionCombineMode = "min"
        }
        def Material "ElectrodePhysics" (
            prepend apiSchemas = ["PhysicsMaterialAPI", "PhysxMaterialAPI"]
        )
        {
            float physics:staticFriction = 0.44
            float physics:dynamicFriction = 0.34
            float physics:restitution = 0.01
            uniform token physxMaterial:frictionCombineMode = "max"
            uniform token physxMaterial:restitutionCombineMode = "min"
        }
        def Material "CeramicPhysics" (
            prepend apiSchemas = ["PhysicsMaterialAPI", "PhysxMaterialAPI"]
        )
        {
            float physics:staticFriction = 0.32
            float physics:dynamicFriction = 0.25
            float physics:restitution = 0.01
            uniform token physxMaterial:frictionCombineMode = "max"
            uniform token physxMaterial:restitutionCombineMode = "min"
        }
        def Material "BladePhysics" (
            prepend apiSchemas = ["PhysicsMaterialAPI", "PhysxMaterialAPI"]
        )
        {
            float physics:staticFriction = 0.2
            float physics:dynamicFriction = 0.14
            float physics:restitution = 0
            uniform token physxMaterial:frictionCombineMode = "max"
            uniform token physxMaterial:restitutionCombineMode = "min"
        }
        def Material "SealBandPhysics" (
            prepend apiSchemas = ["PhysicsMaterialAPI", "PhysxMaterialAPI"]
        )
        {
            float physics:staticFriction = 0.58
            float physics:dynamicFriction = 0.44
            float physics:restitution = 0
            uniform token physxMaterial:frictionCombineMode = "max"
            uniform token physxMaterial:restitutionCombineMode = "min"
        }
        def Material "VesselPhysics" (
            prepend apiSchemas = ["PhysicsMaterialAPI", "PhysxMaterialAPI"]
        )
        {
            float physics:staticFriction = 0.52
            float physics:dynamicFriction = 0.4
            float physics:restitution = 0
            uniform token physxMaterial:frictionCombineMode = "max"
            uniform token physxMaterial:restitutionCombineMode = "min"
        }
    }
    def Mesh "LeftVesselWall" (
        prepend apiSchemas = ["MaterialBindingAPI"]
    )
    {
        rel material:binding = </DrAnmarSealDivideVesselDemo/Looks/VesselMaterial>
        custom token[] drAnmar:labels = ["left_vessel_segment", "deformable_tissue"]
        float3[] extent = [(-0.042, -0.004796804216, -0.00434925471), (-0.0002, 0.004342603343, 0.004646991527)]
        int[] faceVertexCounts = [3, 3, 3, 3, 3, 3, 3, 3, 3, 3, 3, 3, 3, 3, 3, 3, 3, 3, 3, 3, 3, 3, 3, 3, 3, 3, 3, 3, 3, 3, 3, 3, 3, 3, 3, 3, 3, 3, 3, 3, 3, 3, 3, 3, 3, 3, 3, 3, 3, 3, 3, 3, 3, 3, 3, 3, 3, 3, 3, 3, 3, 3, 3, 3, 3, 3, 3, 3, 3, 3, 3, 3, 3, 3, 3, 3, 3, 3, 3, 3, 3, 3, 3, 3, 3, 3, 3, 3, 3, 3, 3, 3, 3, 3, 3, 3, 3, 3, 3, 3, 3, 3, 3, 3, 3, 3, 3, 3, 3, 3, 3, 3, 3, 3, 3, 3, 3, 3, 3, 3, 3, 3, 3, 3, 3, 3, 3, 3, 3, 3, 3, 3, 3, 3, 3, 3, 3, 3, 3, 3, 3, 3, 3, 3, 3, 3, 3, 3, 3, 3, 3, 3, 3, 3, 3, 3, 3, 3, 3, 3, 3, 3, 3, 3, 3, 3, 3, 3, 3, 3, 3, 3, 3, 3, 3, 3, 3, 3, 3, 3, 3, 3, 3, 3, 3, 3, 3, 3, 3, 3, 3, 3, 3, 3, 3, 3, 3, 3, 3, 3, 3, 3, 3, 3, 3, 3, 3, 3, 3, 3, 3, 3, 3, 3, 3, 3, 3, 3, 3, 3, 3, 3, 3, 3, 3, 3, 3, 3, 3, 3, 3, 3, 3, 3, 3, 3, 3, 3, 3, 3, 3, 3, 3, 3, 3, 3, 3, 3, 3, 3, 3, 3, 3, 3, 3, 3, 3, 3, 3, 3, 3, 3, 3, 3, 3, 3, 3, 3, 3, 3, 3, 3, 3, 3, 3, 3, 3, 3, 3, 3, 3, 3, 3, 3, 3, 3, 3, 3, 3, 3, 3, 3, 3, 3, 3, 3, 3, 3, 3, 3, 3, 3, 3, 3, 3, 3, 3, 3, 3, 3, 3, 3, 3, 3, 3, 3, 3, 3, 3, 3, 3, 3, 3, 3, 3, 3, 3, 3, 3, 3, 3, 3, 3, 3, 3, 3, 3, 3, 3, 3, 3, 3, 3, 3, 3, 3, 3, 3, 3, 3, 3, 3, 3, 3, 3, 3, 3, 3, 3, 3, 3, 3, 3, 3, 3, 3, 3, 3, 3, 3, 3, 3, 3, 3, 3, 3, 3, 3, 3, 3, 3, 3, 3, 3, 3, 3, 3, 3, 3, 3, 3, 3, 3, 3, 3, 3, 3, 3, 3, 3, 3, 3, 3, 3, 3, 3, 3, 3, 3, 3, 3, 3, 3, 3, 3, 3, 3, 3, 3, 3, 3, 3, 3, 3, 3, 3, 3, 3, 3, 3, 3, 3, 3, 3, 3, 3, 3, 3, 3, 3, 3, 3, 3, 3, 3, 3, 3, 3, 3, 3, 3, 3, 3, 3, 3, 3, 3, 3, 3, 3, 3, 3, 3, 3, 3, 3, 3, 3, 3, 3, 3, 3, 3, 3, 3, 3, 3, 3, 3, 3, 3, 3, 3, 3, 3, 3, 3, 3, 3, 3, 3, 3, 3, 3, 3, 3, 3, 3, 3, 3, 3, 3, 3, 3, 3, 3, 3, 3, 3, 3, 3, 3, 3, 3, 3, 3, 3, 3, 3, 3, 3, 3, 3, 3, 3, 3, 3, 3, 3, 3, 3, 3, 3, 3, 3, 3, 3, 3, 3, 3, 3, 3, 3, 3, 3, 3, 3, 3, 3, 3, 3, 3, 3, 3, 3, 3, 3, 3, 3, 3, 3, 3, 3, 3, 3, 3, 3, 3, 3, 3, 3, 3, 3, 3, 3, 3, 3, 3, 3, 3, 3, 3, 3, 3, 3, 3, 3, 3, 3, 3, 3, 3, 3, 3, 3, 3, 3, 3, 3, 3, 3, 3, 3, 3, 3, 3, 3, 3, 3, 3, 3, 3, 3, 3, 3, 3, 3, 3, 3, 3, 3, 3, 3, 3, 3, 3, 3, 3, 3, 3, 3, 3, 3, 3, 3, 3, 3, 3, 3, 3, 3, 3, 3, 3, 3, 3, 3, 3, 3, 3, 3, 3, 3, 3, 3, 3, 3, 3, 3, 3, 3, 3, 3, 3, 3, 3, 3, 3, 3, 3, 3, 3, 3, 3, 3, 3, 3, 3, 3, 3, 3, 3, 3, 3, 3, 3, 3, 3, 3, 3, 3, 3, 3, 3, 3, 3, 3, 3, 3, 3, 3, 3, 3, 3, 3, 3, 3, 3, 3, 3, 3, 3, 3, 3, 3, 3, 3, 3, 3, 3, 3, 3, 3, 3, 3, 3, 3, 3, 3, 3, 3, 3, 3, 3, 3, 3, 3, 3, 3, 3, 3, 3, 3, 3, 3, 3, 3, 3, 3, 3, 3, 3, 3, 3, 3, 3, 3, 3, 3, 3, 3, 3, 3, 3, 3, 3, 3, 3, 3, 3, 3, 3, 3, 3, 3, 3, 3, 3, 3, 3, 3, 3, 3, 3, 3, 3, 3, 3, 3, 3, 3, 3, 3, 3, 3, 3, 3, 3, 3, 3, 3, 3, 3, 3, 3, 3, 3, 3, 3, 3, 3, 3, 3, 3, 3, 3, 3, 3, 3, 3, 3, 3, 3, 3, 3, 3, 3, 3, 3, 3, 3, 3, 3, 3, 3, 3, 3, 3, 3, 3, 3, 3, 3, 3, 3, 3, 3, 3, 3, 3, 3, 3, 3, 3, 3, 3, 3, 3, 3, 3, 3, 3, 3, 3, 3, 3, 3, 3, 3, 3, 3, 3, 3, 3, 3, 3, 3, 3, 3, 3, 3, 3, 3, 3, 3, 3, 3, 3, 3, 3, 3, 3, 3, 3, 3, 3, 3, 3, 3, 3, 3, 3, 3, 3, 3, 3, 3, 3, 3, 3, 3, 3, 3, 3, 3, 3, 3, 3, 3, 3, 3, 3, 3, 3, 3, 3, 3, 3, 3, 3, 3, 3, 3, 3, 3, 3, 3, 3, 3, 3, 3, 3, 3, 3, 3, 3, 3, 3, 3, 3, 3, 3, 3, 3, 3, 3, 3, 3, 3, 3, 3, 3, 3, 3, 3, 3, 3, 3, 3, 3, 3, 3, 3, 3, 3, 3, 3, 3, 3, 3, 3, 3, 3, 3, 3, 3, 3, 3, 3, 3, 3, 3, 3, 3, 3, 3, 3, 3, 3, 3, 3, 3, 3, 3, 3, 3, 3, 3, 3, 3, 3, 3, 3, 3, 3, 3, 3, 3, 3, 3, 3, 3, 3, 3, 3, 3, 3, 3, 3, 3, 3, 3, 3, 3, 3, 3, 3, 3, 3, 3, 3, 3, 3, 3, 3, 3, 3, 3, 3, 3, 3, 3, 3, 3, 3, 3, 3, 3, 3, 3, 3, 3, 3, 3, 3, 3, 3, 3, 3, 3, 3, 3, 3, 3, 3, 3, 3, 3, 3, 3, 3, 3, 3, 3, 3, 3, 3, 3, 3, 3, 3, 3, 3, 3, 3, 3, 3, 3, 3, 3, 3, 3, 3, 3, 3, 3, 3, 3, 3, 3, 3, 3, 3, 3, 3, 3, 3, 3, 3, 3, 3, 3, 3, 3, 3, 3, 3, 3, 3, 3, 3, 3, 3, 3, 3, 3, 3, 3, 3, 3, 3, 3, 3, 3, 3, 3, 3, 3, 3, 3, 3, 3, 3, 3, 3, 3, 3, 3, 3, 3, 3, 3, 3, 3, 3, 3, 3, 3, 3, 3, 3, 3, 3, 3, 3, 3, 3, 3, 3, 3, 3, 3, 3, 3, 3, 3, 3, 3, 3, 3, 3, 3, 3, 3, 3, 3, 3, 3, 3, 3, 3, 3, 3, 3, 3, 3, 3, 3, 3, 3, 3, 3, 3, 3, 3, 3, 3, 3, 3, 3, 3, 3, 3, 3, 3, 3, 3, 3, 3, 3, 3, 3, 3, 3, 3, 3, 3, 3, 3, 3, 3, 3, 3, 3, 3, 3, 3, 3, 3, 3, 3, 3, 3, 3, 3, 3, 3, 3, 3, 3, 3, 3, 3, 3, 3, 3, 3, 3, 3, 3, 3, 3, 3, 3, 3, 3, 3, 3, 3, 3, 3, 3, 3, 3, 3, 3, 3, 3, 3, 3, 3, 3, 3, 3, 3, 3, 3, 3, 3, 3, 3, 3, 3, 3, 3, 3, 3, 3, 3, 3, 3, 3, 3, 3, 3, 3, 3, 3, 3, 3, 3, 3, 3, 3, 3, 3, 3, 3, 3, 3, 3, 3, 3, 3, 3, 3, 3, 3, 3, 3, 3, 3, 3, 3, 3, 3, 3, 3, 3, 3, 3, 3, 3, 3, 3, 3, 3, 3, 3, 3, 3, 3, 3, 3, 3, 3, 3, 3, 3, 3, 3, 3, 3, 3, 3, 3, 3, 3, 3, 3, 3, 3, 3, 3, 3, 3, 3, 3, 3, 3, 3, 3, 3, 3, 3, 3, 3, 3, 3, 3, 3, 3, 3, 3, 3, 3, 3, 3, 3, 3, 3, 3, 3, 3, 3, 3, 3, 3, 3, 3, 3, 3, 3, 3, 3, 3, 3, 3, 3, 3, 3, 3, 3, 3, 3, 3, 3, 3, 3, 3, 3, 3, 3, 3, 3, 3, 3, 3, 3, 3, 3, 3, 3, 3, 3, 3, 3, 3, 3, 3, 3, 3, 3, 3, 3, 3, 3, 3, 3, 3, 3, 3, 3, 3, 3, 3, 3, 3, 3, 3, 3, 3, 3, 3, 3, 3, 3, 3, 3, 3, 3, 3, 3, 3, 3, 3, 3, 3, 3, 3, 3, 3, 3, 3, 3, 3, 3, 3, 3, 3, 3, 3, 3, 3, 3, 3, 3, 3, 3, 3, 3, 3, 3, 3, 3, 3, 3, 3, 3, 3, 3, 3, 3, 3, 3, 3, 3, 3, 3, 3, 3, 3, 3, 3, 3, 3, 3, 3, 3, 3, 3, 3, 3, 3, 3, 3, 3, 3, 3, 3, 3, 3, 3, 3, 3, 3, 3, 3, 3, 3, 3, 3, 3, 3, 3, 3, 3, 3, 3, 3, 3, 3, 3, 3, 3, 3, 3, 3, 3, 3, 3, 3, 3, 3, 3, 3, 3, 3, 3, 3, 3, 3, 3, 3, 3, 3, 3, 3, 3, 3, 3, 3, 3, 3, 3, 3, 3, 3, 3, 3, 3, 3, 3, 3, 3, 3, 3, 3, 3, 3, 3, 3, 3, 3, 3, 3, 3, 3, 3, 3, 3, 3, 3, 3, 3, 3, 3, 3, 3, 3, 3, 3, 3, 3, 3, 3, 3, 3, 3, 3, 3, 3, 3, 3, 3, 3, 3, 3, 3, 3, 3, 3, 3, 3, 3, 3, 3, 3, 3, 3, 3, 3, 3, 3, 3, 3, 3, 3, 3, 3, 3, 3, 3, 3, 3, 3, 3, 3, 3, 3, 3, 3, 3, 3, 3, 3, 3, 3, 3, 3, 3, 3, 3, 3, 3, 3, 3, 3, 3, 3, 3, 3, 3, 3, 3, 3, 3, 3, 3, 3, 3, 3, 3, 3, 3, 3, 3, 3, 3, 3, 3, 3, 3, 3, 3, 3, 3, 3, 3, 3, 3, 3, 3, 3, 3, 3, 3, 3, 3, 3, 3, 3, 3, 3, 3, 3, 3, 3, 3, 3, 3, 3, 3, 3, 3, 3, 3, 3, 3, 3, 3, 3, 3, 3, 3, 3, 3, 3, 3, 3, 3, 3, 3, 3, 3, 3, 3, 3, 3, 3, 3, 3, 3, 3, 3, 3, 3, 3, 3, 3, 3, 3, 3, 3, 3, 3, 3, 3, 3, 3, 3, 3, 3, 3, 3, 3, 3, 3, 3, 3, 3, 3, 3, 3, 3, 3, 3, 3, 3, 3, 3, 3, 3, 3, 3, 3, 3, 3, 3, 3, 3, 3, 3, 3, 3, 3, 3, 3, 3, 3, 3, 3, 3, 3, 3, 3, 3, 3, 3, 3, 3, 3, 3, 3, 3, 3, 3, 3, 3, 3, 3, 3, 3, 3, 3, 3, 3, 3, 3, 3, 3, 3, 3, 3, 3, 3, 3, 3, 3, 3, 3, 3, 3, 3, 3, 3, 3, 3, 3, 3, 3, 3, 3, 3, 3, 3, 3, 3, 3, 3, 3, 3, 3, 3, 3, 3, 3, 3, 3, 3, 3, 3, 3, 3, 3, 3, 3, 3, 3, 3, 3, 3, 3, 3, 3, 3, 3, 3, 3, 3, 3, 3, 3, 3, 3, 3, 3, 3, 3, 3, 3, 3, 3, 3, 3, 3, 3, 3, 3, 3, 3, 3, 3, 3, 3, 3, 3, 3, 3, 3, 3, 3, 3, 3, 3, 3, 3, 3, 3, 3, 3, 3, 3, 3, 3, 3, 3, 3, 3, 3, 3, 3, 3, 3, 3, 3, 3, 3, 3, 3, 3, 3, 3, 3, 3, 3, 3, 3, 3, 3, 3, 3, 3, 3, 3, 3, 3, 3, 3, 3, 3, 3, 3, 3, 3, 3, 3, 3, 3, 3, 3, 3, 3, 3, 3, 3, 3, 3, 3, 3, 3, 3, 3, 3, 3, 3, 3, 3, 3, 3, 3, 3, 3, 3, 3, 3, 3, 3, 3, 3, 3, 3, 3, 3, 3, 3, 3, 3, 3, 3, 3, 3, 3, 3, 3, 3, 3, 3, 3, 3, 3, 3, 3, 3, 3, 3, 3, 3, 3, 3, 3, 3, 3, 3, 3, 3, 3, 3, 3, 3, 3, 3, 3, 3, 3, 3, 3, 3, 3, 3, 3, 3, 3, 3, 3, 3, 3, 3, 3, 3, 3, 3, 3, 3, 3, 3, 3, 3, 3, 3, 3, 3, 3, 3, 3, 3, 3, 3, 3, 3, 3, 3, 3, 3, 3, 3, 3, 3, 3, 3, 3, 3, 3, 3, 3, 3, 3, 3, 3, 3, 3, 3, 3, 3, 3, 3]
        int[] faceVertexIndices = [65, 64, 0, 1, 65, 0, 96, 97, 32, 97, 33, 32, 66, 65, 1, 2, 66, 1, 97, 98, 33, 98, 34, 33, 67, 66, 2, 3, 67, 2, 98, 99, 34, 99, 35, 34, 68, 67, 3, 4, 68, 3, 99, 100, 35, 100, 36, 35, 69, 68, 4, 5, 69, 4, 100, 101, 36, 101, 37, 36, 70, 69, 5, 6, 70, 5, 101, 102, 37, 102, 38, 37, 71, 70, 6, 7, 71, 6, 102, 103, 38, 103, 39, 38, 72, 71, 7, 8, 72, 7, 103, 104, 39, 104, 40, 39, 73, 72, 8, 9, 73, 8, 104, 105, 40, 105, 41, 40, 74, 73, 9, 10, 74, 9, 105, 106, 41, 106, 42, 41, 75, 74, 10, 11, 75, 10, 106, 107, 42, 107, 43, 42, 76, 75, 11, 12, 76, 11, 107, 108, 43, 108, 44, 43, 77, 76, 12, 13, 77, 12, 108, 109, 44, 109, 45, 44, 78, 77, 13, 14, 78, 13, 109, 110, 45, 110, 46, 45, 79, 78, 14, 15, 79, 14, 110, 111, 46, 111, 47, 46, 80, 79, 15, 16, 80, 15, 111, 112, 47, 112, 48, 47, 81, 80, 16, 17, 81, 16, 112, 113, 48, 113, 49, 48, 82, 81, 17, 18, 82, 17, 113, 114, 49, 114, 50, 49, 83, 82, 18, 19, 83, 18, 114, 115, 50, 115, 51, 50, 84, 83, 19, 20, 84, 19, 115, 116, 51, 116, 52, 51, 85, 84, 20, 21, 85, 20, 116, 117, 52, 117, 53, 52, 86, 85, 21, 22, 86, 21, 117, 118, 53, 118, 54, 53, 87, 86, 22, 23, 87, 22, 118, 119, 54, 119, 55, 54, 88, 87, 23, 24, 88, 23, 119, 120, 55, 120, 56, 55, 89, 88, 24, 25, 89, 24, 120, 121, 56, 121, 57, 56, 90, 89, 25, 26, 90, 25, 121, 122, 57, 122, 58, 57, 91, 90, 26, 27, 91, 26, 122, 123, 58, 123, 59, 58, 92, 91, 27, 28, 92, 27, 123, 124, 59, 124, 60, 59, 93, 92, 28, 29, 93, 28, 124, 125, 60, 125, 61, 60, 94, 93, 29, 30, 94, 29, 125, 126, 61, 126, 62, 61, 95, 94, 30, 31, 95, 30, 126, 127, 62, 127, 63, 62, 64, 95, 31, 0, 64, 31, 127, 96, 63, 96, 32, 63, 129, 128, 64, 65, 129, 64, 160, 161, 96, 161, 97, 96, 130, 129, 65, 66, 130, 65, 161, 162, 97, 162, 98, 97, 131, 130, 66, 67, 131, 66, 162, 163, 98, 163, 99, 98, 132, 131, 67, 68, 132, 67, 163, 164, 99, 164, 100, 99, 133, 132, 68, 69, 133, 68, 164, 165, 100, 165, 101, 100, 134, 133, 69, 70, 134, 69, 165, 166, 101, 166, 102, 101, 135, 134, 70, 71, 135, 70, 166, 167, 102, 167, 103, 102, 136, 135, 71, 72, 136, 71, 167, 168, 103, 168, 104, 103, 137, 136, 72, 73, 137, 72, 168, 169, 104, 169, 105, 104, 138, 137, 73, 74, 138, 73, 169, 170, 105, 170, 106, 105, 139, 138, 74, 75, 139, 74, 170, 171, 106, 171, 107, 106, 140, 139, 75, 76, 140, 75, 171, 172, 107, 172, 108, 107, 141, 140, 76, 77, 141, 76, 172, 173, 108, 173, 109, 108, 142, 141, 77, 78, 142, 77, 173, 174, 109, 174, 110, 109, 143, 142, 78, 79, 143, 78, 174, 175, 110, 175, 111, 110, 144, 143, 79, 80, 144, 79, 175, 176, 111, 176, 112, 111, 145, 144, 80, 81, 145, 80, 176, 177, 112, 177, 113, 112, 146, 145, 81, 82, 146, 81, 177, 178, 113, 178, 114, 113, 147, 146, 82, 83, 147, 82, 178, 179, 114, 179, 115, 114, 148, 147, 83, 84, 148, 83, 179, 180, 115, 180, 116, 115, 149, 148, 84, 85, 149, 84, 180, 181, 116, 181, 117, 116, 150, 149, 85, 86, 150, 85, 181, 182, 117, 182, 118, 117, 151, 150, 86, 87, 151, 86, 182, 183, 118, 183, 119, 118, 152, 151, 87, 88, 152, 87, 183, 184, 119, 184, 120, 119, 153, 152, 88, 89, 153, 88, 184, 185, 120, 185, 121, 120, 154, 153, 89, 90, 154, 89, 185, 186, 121, 186, 122, 121, 155, 154, 90, 91, 155, 90, 186, 187, 122, 187, 123, 122, 156, 155, 91, 92, 156, 91, 187, 188, 123, 188, 124, 123, 157, 156, 92, 93, 157, 92, 188, 189, 124, 189, 125, 124, 158, 157, 93, 94, 158, 93, 189, 190, 125, 190, 126, 125, 159, 158, 94, 95, 159, 94, 190, 191, 126, 191, 127, 126, 128, 159, 95, 64, 128, 95, 191, 160, 127, 160, 96, 127, 193, 192, 128, 129, 193, 128, 224, 225, 160, 225, 161, 160, 194, 193, 129, 130, 194, 129, 225, 226, 161, 226, 162, 161, 195, 194, 130, 131, 195, 130, 226, 227, 162, 227, 163, 162, 196, 195, 131, 132, 196, 131, 227, 228, 163, 228, 164, 163, 197, 196, 132, 133, 197, 132, 228, 229, 164, 229, 165, 164, 198, 197, 133, 134, 198, 133, 229, 230, 165, 230, 166, 165, 199, 198, 134, 135, 199, 134, 230, 231, 166, 231, 167, 166, 200, 199, 135, 136, 200, 135, 231, 232, 167, 232, 168, 167, 201, 200, 136, 137, 201, 136, 232, 233, 168, 233, 169, 168, 202, 201, 137, 138, 202, 137, 233, 234, 169, 234, 170, 169, 203, 202, 138, 139, 203, 138, 234, 235, 170, 235, 171, 170, 204, 203, 139, 140, 204, 139, 235, 236, 171, 236, 172, 171, 205, 204, 140, 141, 205, 140, 236, 237, 172, 237, 173, 172, 206, 205, 141, 142, 206, 141, 237, 238, 173, 238, 174, 173, 207, 206, 142, 143, 207, 142, 238, 239, 174, 239, 175, 174, 208, 207, 143, 144, 208, 143, 239, 240, 175, 240, 176, 175, 209, 208, 144, 145, 209, 144, 240, 241, 176, 241, 177, 176, 210, 209, 145, 146, 210, 145, 241, 242, 177, 242, 178, 177, 211, 210, 146, 147, 211, 146, 242, 243, 178, 243, 179, 178, 212, 211, 147, 148, 212, 147, 243, 244, 179, 244, 180, 179, 213, 212, 148, 149, 213, 148, 244, 245, 180, 245, 181, 180, 214, 213, 149, 150, 214, 149, 245, 246, 181, 246, 182, 181, 215, 214, 150, 151, 215, 150, 246, 247, 182, 247, 183, 182, 216, 215, 151, 152, 216, 151, 247, 248, 183, 248, 184, 183, 217, 216, 152, 153, 217, 152, 248, 249, 184, 249, 185, 184, 218, 217, 153, 154, 218, 153, 249, 250, 185, 250, 186, 185, 219, 218, 154, 155, 219, 154, 250, 251, 186, 251, 187, 186, 220, 219, 155, 156, 220, 155, 251, 252, 187, 252, 188, 187, 221, 220, 156, 157, 221, 156, 252, 253, 188, 253, 189, 188, 222, 221, 157, 158, 222, 157, 253, 254, 189, 254, 190, 189, 223, 222, 158, 159, 223, 158, 254, 255, 190, 255, 191, 190, 192, 223, 159, 128, 192, 159, 255, 224, 191, 224, 160, 191, 257, 256, 192, 193, 257, 192, 288, 289, 224, 289, 225, 224, 258, 257, 193, 194, 258, 193, 289, 290, 225, 290, 226, 225, 259, 258, 194, 195, 259, 194, 290, 291, 226, 291, 227, 226, 260, 259, 195, 196, 260, 195, 291, 292, 227, 292, 228, 227, 261, 260, 196, 197, 261, 196, 292, 293, 228, 293, 229, 228, 262, 261, 197, 198, 262, 197, 293, 294, 229, 294, 230, 229, 263, 262, 198, 199, 263, 198, 294, 295, 230, 295, 231, 230, 264, 263, 199, 200, 264, 199, 295, 296, 231, 296, 232, 231, 265, 264, 200, 201, 265, 200, 296, 297, 232, 297, 233, 232, 266, 265, 201, 202, 266, 201, 297, 298, 233, 298, 234, 233, 267, 266, 202, 203, 267, 202, 298, 299, 234, 299, 235, 234, 268, 267, 203, 204, 268, 203, 299, 300, 235, 300, 236, 235, 269, 268, 204, 205, 269, 204, 300, 301, 236, 301, 237, 236, 270, 269, 205, 206, 270, 205, 301, 302, 237, 302, 238, 237, 271, 270, 206, 207, 271, 206, 302, 303, 238, 303, 239, 238, 272, 271, 207, 208, 272, 207, 303, 304, 239, 304, 240, 239, 273, 272, 208, 209, 273, 208, 304, 305, 240, 305, 241, 240, 274, 273, 209, 210, 274, 209, 305, 306, 241, 306, 242, 241, 275, 274, 210, 211, 275, 210, 306, 307, 242, 307, 243, 242, 276, 275, 211, 212, 276, 211, 307, 308, 243, 308, 244, 243, 277, 276, 212, 213, 277, 212, 308, 309, 244, 309, 245, 244, 278, 277, 213, 214, 278, 213, 309, 310, 245, 310, 246, 245, 279, 278, 214, 215, 279, 214, 310, 311, 246, 311, 247, 246, 280, 279, 215, 216, 280, 215, 311, 312, 247, 312, 248, 247, 281, 280, 216, 217, 281, 216, 312, 313, 248, 313, 249, 248, 282, 281, 217, 218, 282, 217, 313, 314, 249, 314, 250, 249, 283, 282, 218, 219, 283, 218, 314, 315, 250, 315, 251, 250, 284, 283, 219, 220, 284, 219, 315, 316, 251, 316, 252, 251, 285, 284, 220, 221, 285, 220, 316, 317, 252, 317, 253, 252, 286, 285, 221, 222, 286, 221, 317, 318, 253, 318, 254, 253, 287, 286, 222, 223, 287, 222, 318, 319, 254, 319, 255, 254, 256, 287, 223, 192, 256, 223, 319, 288, 255, 288, 224, 255, 321, 320, 256, 257, 321, 256, 352, 353, 288, 353, 289, 288, 322, 321, 257, 258, 322, 257, 353, 354, 289, 354, 290, 289, 323, 322, 258, 259, 323, 258, 354, 355, 290, 355, 291, 290, 324, 323, 259, 260, 324, 259, 355, 356, 291, 356, 292, 291, 325, 324, 260, 261, 325, 260, 356, 357, 292, 357, 293, 292, 326, 325, 261, 262, 326, 261, 357, 358, 293, 358, 294, 293, 327, 326, 262, 263, 327, 262, 358, 359, 294, 359, 295, 294, 328, 327, 263, 264, 328, 263, 359, 360, 295, 360, 296, 295, 329, 328, 264, 265, 329, 264, 360, 361, 296, 361, 297, 296, 330, 329, 265, 266, 330, 265, 361, 362, 297, 362, 298, 297, 331, 330, 266, 267, 331, 266, 362, 363, 298, 363, 299, 298, 332, 331, 267, 268, 332, 267, 363, 364, 299, 364, 300, 299, 333, 332, 268, 269, 333, 268, 364, 365, 300, 365, 301, 300, 334, 333, 269, 270, 334, 269, 365, 366, 301, 366, 302, 301, 335, 334, 270, 271, 335, 270, 366, 367, 302, 367, 303, 302, 336, 335, 271, 272, 336, 271, 367, 368, 303, 368, 304, 303, 337, 336, 272, 273, 337, 272, 368, 369, 304, 369, 305, 304, 338, 337, 273, 274, 338, 273, 369, 370, 305, 370, 306, 305, 339, 338, 274, 275, 339, 274, 370, 371, 306, 371, 307, 306, 340, 339, 275, 276, 340, 275, 371, 372, 307, 372, 308, 307, 341, 340, 276, 277, 341, 276, 372, 373, 308, 373, 309, 308, 342, 341, 277, 278, 342, 277, 373, 374, 309, 374, 310, 309, 343, 342, 278, 279, 343, 278, 374, 375, 310, 375, 311, 310, 344, 343, 279, 280, 344, 279, 375, 376, 311, 376, 312, 311, 345, 344, 280, 281, 345, 280, 376, 377, 312, 377, 313, 312, 346, 345, 281, 282, 346, 281, 377, 378, 313, 378, 314, 313, 347, 346, 282, 283, 347, 282, 378, 379, 314, 379, 315, 314, 348, 347, 283, 284, 348, 283, 379, 380, 315, 380, 316, 315, 349, 348, 284, 285, 349, 284, 380, 381, 316, 381, 317, 316, 350, 349, 285, 286, 350, 285, 381, 382, 317, 382, 318, 317, 351, 350, 286, 287, 351, 286, 382, 383, 318, 383, 319, 318, 320, 351, 287, 256, 320, 287, 383, 352, 319, 352, 288, 319, 385, 384, 320, 321, 385, 320, 416, 417, 352, 417, 353, 352, 386, 385, 321, 322, 386, 321, 417, 418, 353, 418, 354, 353, 387, 386, 322, 323, 387, 322, 418, 419, 354, 419, 355, 354, 388, 387, 323, 324, 388, 323, 419, 420, 355, 420, 356, 355, 389, 388, 324, 325, 389, 324, 420, 421, 356, 421, 357, 356, 390, 389, 325, 326, 390, 325, 421, 422, 357, 422, 358, 357, 391, 390, 326, 327, 391, 326, 422, 423, 358, 423, 359, 358, 392, 391, 327, 328, 392, 327, 423, 424, 359, 424, 360, 359, 393, 392, 328, 329, 393, 328, 424, 425, 360, 425, 361, 360, 394, 393, 329, 330, 394, 329, 425, 426, 361, 426, 362, 361, 395, 394, 330, 331, 395, 330, 426, 427, 362, 427, 363, 362, 396, 395, 331, 332, 396, 331, 427, 428, 363, 428, 364, 363, 397, 396, 332, 333, 397, 332, 428, 429, 364, 429, 365, 364, 398, 397, 333, 334, 398, 333, 429, 430, 365, 430, 366, 365, 399, 398, 334, 335, 399, 334, 430, 431, 366, 431, 367, 366, 400, 399, 335, 336, 400, 335, 431, 432, 367, 432, 368, 367, 401, 400, 336, 337, 401, 336, 432, 433, 368, 433, 369, 368, 402, 401, 337, 338, 402, 337, 433, 434, 369, 434, 370, 369, 403, 402, 338, 339, 403, 338, 434, 435, 370, 435, 371, 370, 404, 403, 339, 340, 404, 339, 435, 436, 371, 436, 372, 371, 405, 404, 340, 341, 405, 340, 436, 437, 372, 437, 373, 372, 406, 405, 341, 342, 406, 341, 437, 438, 373, 438, 374, 373, 407, 406, 342, 343, 407, 342, 438, 439, 374, 439, 375, 374, 408, 407, 343, 344, 408, 343, 439, 440, 375, 440, 376, 375, 409, 408, 344, 345, 409, 344, 440, 441, 376, 441, 377, 376, 410, 409, 345, 346, 410, 345, 441, 442, 377, 442, 378, 377, 411, 410, 346, 347, 411, 346, 442, 443, 378, 443, 379, 378, 412, 411, 347, 348, 412, 347, 443, 444, 379, 444, 380, 379, 413, 412, 348, 349, 413, 348, 444, 445, 380, 445, 381, 380, 414, 413, 349, 350, 414, 349, 445, 446, 381, 446, 382, 381, 415, 414, 350, 351, 415, 350, 446, 447, 382, 447, 383, 382, 384, 415, 351, 320, 384, 351, 447, 416, 383, 416, 352, 383, 449, 448, 384, 385, 449, 384, 480, 481, 416, 481, 417, 416, 450, 449, 385, 386, 450, 385, 481, 482, 417, 482, 418, 417, 451, 450, 386, 387, 451, 386, 482, 483, 418, 483, 419, 418, 452, 451, 387, 388, 452, 387, 483, 484, 419, 484, 420, 419, 453, 452, 388, 389, 453, 388, 484, 485, 420, 485, 421, 420, 454, 453, 389, 390, 454, 389, 485, 486, 421, 486, 422, 421, 455, 454, 390, 391, 455, 390, 486, 487, 422, 487, 423, 422, 456, 455, 391, 392, 456, 391, 487, 488, 423, 488, 424, 423, 457, 456, 392, 393, 457, 392, 488, 489, 424, 489, 425, 424, 458, 457, 393, 394, 458, 393, 489, 490, 425, 490, 426, 425, 459, 458, 394, 395, 459, 394, 490, 491, 426, 491, 427, 426, 460, 459, 395, 396, 460, 395, 491, 492, 427, 492, 428, 427, 461, 460, 396, 397, 461, 396, 492, 493, 428, 493, 429, 428, 462, 461, 397, 398, 462, 397, 493, 494, 429, 494, 430, 429, 463, 462, 398, 399, 463, 398, 494, 495, 430, 495, 431, 430, 464, 463, 399, 400, 464, 399, 495, 496, 431, 496, 432, 431, 465, 464, 400, 401, 465, 400, 496, 497, 432, 497, 433, 432, 466, 465, 401, 402, 466, 401, 497, 498, 433, 498, 434, 433, 467, 466, 402, 403, 467, 402, 498, 499, 434, 499, 435, 434, 468, 467, 403, 404, 468, 403, 499, 500, 435, 500, 436, 435, 469, 468, 404, 405, 469, 404, 500, 501, 436, 501, 437, 436, 470, 469, 405, 406, 470, 405, 501, 502, 437, 502, 438, 437, 471, 470, 406, 407, 471, 406, 502, 503, 438, 503, 439, 438, 472, 471, 407, 408, 472, 407, 503, 504, 439, 504, 440, 439, 473, 472, 408, 409, 473, 408, 504, 505, 440, 505, 441, 440, 474, 473, 409, 410, 474, 409, 505, 506, 441, 506, 442, 441, 475, 474, 410, 411, 475, 410, 506, 507, 442, 507, 443, 442, 476, 475, 411, 412, 476, 411, 507, 508, 443, 508, 444, 443, 477, 476, 412, 413, 477, 412, 508, 509, 444, 509, 445, 444, 478, 477, 413, 414, 478, 413, 509, 510, 445, 510, 446, 445, 479, 478, 414, 415, 479, 414, 510, 511, 446, 511, 447, 446, 448, 479, 415, 384, 448, 415, 511, 480, 447, 480, 416, 447, 513, 512, 448, 449, 513, 448, 544, 545, 480, 545, 481, 480, 514, 513, 449, 450, 514, 449, 545, 546, 481, 546, 482, 481, 515, 514, 450, 451, 515, 450, 546, 547, 482, 547, 483, 482, 516, 515, 451, 452, 516, 451, 547, 548, 483, 548, 484, 483, 517, 516, 452, 453, 517, 452, 548, 549, 484, 549, 485, 484, 518, 517, 453, 454, 518, 453, 549, 550, 485, 550, 486, 485, 519, 518, 454, 455, 519, 454, 550, 551, 486, 551, 487, 486, 520, 519, 455, 456, 520, 455, 551, 552, 487, 552, 488, 487, 521, 520, 456, 457, 521, 456, 552, 553, 488, 553, 489, 488, 522, 521, 457, 458, 522, 457, 553, 554, 489, 554, 490, 489, 523, 522, 458, 459, 523, 458, 554, 555, 490, 555, 491, 490, 524, 523, 459, 460, 524, 459, 555, 556, 491, 556, 492, 491, 525, 524, 460, 461, 525, 460, 556, 557, 492, 557, 493, 492, 526, 525, 461, 462, 526, 461, 557, 558, 493, 558, 494, 493, 527, 526, 462, 463, 527, 462, 558, 559, 494, 559, 495, 494, 528, 527, 463, 464, 528, 463, 559, 560, 495, 560, 496, 495, 529, 528, 464, 465, 529, 464, 560, 561, 496, 561, 497, 496, 530, 529, 465, 466, 530, 465, 561, 562, 497, 562, 498, 497, 531, 530, 466, 467, 531, 466, 562, 563, 498, 563, 499, 498, 532, 531, 467, 468, 532, 467, 563, 564, 499, 564, 500, 499, 533, 532, 468, 469, 533, 468, 564, 565, 500, 565, 501, 500, 534, 533, 469, 470, 534, 469, 565, 566, 501, 566, 502, 501, 535, 534, 470, 471, 535, 470, 566, 567, 502, 567, 503, 502, 536, 535, 471, 472, 536, 471, 567, 568, 503, 568, 504, 503, 537, 536, 472, 473, 537, 472, 568, 569, 504, 569, 505, 504, 538, 537, 473, 474, 538, 473, 569, 570, 505, 570, 506, 505, 539, 538, 474, 475, 539, 474, 570, 571, 506, 571, 507, 506, 540, 539, 475, 476, 540, 475, 571, 572, 507, 572, 508, 507, 541, 540, 476, 477, 541, 476, 572, 573, 508, 573, 509, 508, 542, 541, 477, 478, 542, 477, 573, 574, 509, 574, 510, 509, 543, 542, 478, 479, 543, 478, 574, 575, 510, 575, 511, 510, 512, 543, 479, 448, 512, 479, 575, 544, 511, 544, 480, 511, 577, 576, 512, 513, 577, 512, 608, 609, 544, 609, 545, 544, 578, 577, 513, 514, 578, 513, 609, 610, 545, 610, 546, 545, 579, 578, 514, 515, 579, 514, 610, 611, 546, 611, 547, 546, 580, 579, 515, 516, 580, 515, 611, 612, 547, 612, 548, 547, 581, 580, 516, 517, 581, 516, 612, 613, 548, 613, 549, 548, 582, 581, 517, 518, 582, 517, 613, 614, 549, 614, 550, 549, 583, 582, 518, 519, 583, 518, 614, 615, 550, 615, 551, 550, 584, 583, 519, 520, 584, 519, 615, 616, 551, 616, 552, 551, 585, 584, 520, 521, 585, 520, 616, 617, 552, 617, 553, 552, 586, 585, 521, 522, 586, 521, 617, 618, 553, 618, 554, 553, 587, 586, 522, 523, 587, 522, 618, 619, 554, 619, 555, 554, 588, 587, 523, 524, 588, 523, 619, 620, 555, 620, 556, 555, 589, 588, 524, 525, 589, 524, 620, 621, 556, 621, 557, 556, 590, 589, 525, 526, 590, 525, 621, 622, 557, 622, 558, 557, 591, 590, 526, 527, 591, 526, 622, 623, 558, 623, 559, 558, 592, 591, 527, 528, 592, 527, 623, 624, 559, 624, 560, 559, 593, 592, 528, 529, 593, 528, 624, 625, 560, 625, 561, 560, 594, 593, 529, 530, 594, 529, 625, 626, 561, 626, 562, 561, 595, 594, 530, 531, 595, 530, 626, 627, 562, 627, 563, 562, 596, 595, 531, 532, 596, 531, 627, 628, 563, 628, 564, 563, 597, 596, 532, 533, 597, 532, 628, 629, 564, 629, 565, 564, 598, 597, 533, 534, 598, 533, 629, 630, 565, 630, 566, 565, 599, 598, 534, 535, 599, 534, 630, 631, 566, 631, 567, 566, 600, 599, 535, 536, 600, 535, 631, 632, 567, 632, 568, 567, 601, 600, 536, 537, 601, 536, 632, 633, 568, 633, 569, 568, 602, 601, 537, 538, 602, 537, 633, 634, 569, 634, 570, 569, 603, 602, 538, 539, 603, 538, 634, 635, 570, 635, 571, 570, 604, 603, 539, 540, 604, 539, 635, 636, 571, 636, 572, 571, 605, 604, 540, 541, 605, 540, 636, 637, 572, 637, 573, 572, 606, 605, 541, 542, 606, 541, 637, 638, 573, 638, 574, 573, 607, 606, 542, 543, 607, 542, 638, 639, 574, 639, 575, 574, 576, 607, 543, 512, 576, 543, 639, 608, 575, 608, 544, 575, 641, 640, 576, 577, 641, 576, 672, 673, 608, 673, 609, 608, 642, 641, 577, 578, 642, 577, 673, 674, 609, 674, 610, 609, 643, 642, 578, 579, 643, 578, 674, 675, 610, 675, 611, 610, 644, 643, 579, 580, 644, 579, 675, 676, 611, 676, 612, 611, 645, 644, 580, 581, 645, 580, 676, 677, 612, 677, 613, 612, 646, 645, 581, 582, 646, 581, 677, 678, 613, 678, 614, 613, 647, 646, 582, 583, 647, 582, 678, 679, 614, 679, 615, 614, 648, 647, 583, 584, 648, 583, 679, 680, 615, 680, 616, 615, 649, 648, 584, 585, 649, 584, 680, 681, 616, 681, 617, 616, 650, 649, 585, 586, 650, 585, 681, 682, 617, 682, 618, 617, 651, 650, 586, 587, 651, 586, 682, 683, 618, 683, 619, 618, 652, 651, 587, 588, 652, 587, 683, 684, 619, 684, 620, 619, 653, 652, 588, 589, 653, 588, 684, 685, 620, 685, 621, 620, 654, 653, 589, 590, 654, 589, 685, 686, 621, 686, 622, 621, 655, 654, 590, 591, 655, 590, 686, 687, 622, 687, 623, 622, 656, 655, 591, 592, 656, 591, 687, 688, 623, 688, 624, 623, 657, 656, 592, 593, 657, 592, 688, 689, 624, 689, 625, 624, 658, 657, 593, 594, 658, 593, 689, 690, 625, 690, 626, 625, 659, 658, 594, 595, 659, 594, 690, 691, 626, 691, 627, 626, 660, 659, 595, 596, 660, 595, 691, 692, 627, 692, 628, 627, 661, 660, 596, 597, 661, 596, 692, 693, 628, 693, 629, 628, 662, 661, 597, 598, 662, 597, 693, 694, 629, 694, 630, 629, 663, 662, 598, 599, 663, 598, 694, 695, 630, 695, 631, 630, 664, 663, 599, 600, 664, 599, 695, 696, 631, 696, 632, 631, 665, 664, 600, 601, 665, 600, 696, 697, 632, 697, 633, 632, 666, 665, 601, 602, 666, 601, 697, 698, 633, 698, 634, 633, 667, 666, 602, 603, 667, 602, 698, 699, 634, 699, 635, 634, 668, 667, 603, 604, 668, 603, 699, 700, 635, 700, 636, 635, 669, 668, 604, 605, 669, 604, 700, 701, 636, 701, 637, 636, 670, 669, 605, 606, 670, 605, 701, 702, 637, 702, 638, 637, 671, 670, 606, 607, 671, 606, 702, 703, 638, 703, 639, 638, 640, 671, 607, 576, 640, 607, 703, 672, 639, 672, 608, 639, 705, 704, 640, 641, 705, 640, 736, 737, 672, 737, 673, 672, 706, 705, 641, 642, 706, 641, 737, 738, 673, 738, 674, 673, 707, 706, 642, 643, 707, 642, 738, 739, 674, 739, 675, 674, 708, 707, 643, 644, 708, 643, 739, 740, 675, 740, 676, 675, 709, 708, 644, 645, 709, 644, 740, 741, 676, 741, 677, 676, 710, 709, 645, 646, 710, 645, 741, 742, 677, 742, 678, 677, 711, 710, 646, 647, 711, 646, 742, 743, 678, 743, 679, 678, 712, 711, 647, 648, 712, 647, 743, 744, 679, 744, 680, 679, 713, 712, 648, 649, 713, 648, 744, 745, 680, 745, 681, 680, 714, 713, 649, 650, 714, 649, 745, 746, 681, 746, 682, 681, 715, 714, 650, 651, 715, 650, 746, 747, 682, 747, 683, 682, 716, 715, 651, 652, 716, 651, 747, 748, 683, 748, 684, 683, 717, 716, 652, 653, 717, 652, 748, 749, 684, 749, 685, 684, 718, 717, 653, 654, 718, 653, 749, 750, 685, 750, 686, 685, 719, 718, 654, 655, 719, 654, 750, 751, 686, 751, 687, 686, 720, 719, 655, 656, 720, 655, 751, 752, 687, 752, 688, 687, 721, 720, 656, 657, 721, 656, 752, 753, 688, 753, 689, 688, 722, 721, 657, 658, 722, 657, 753, 754, 689, 754, 690, 689, 723, 722, 658, 659, 723, 658, 754, 755, 690, 755, 691, 690, 724, 723, 659, 660, 724, 659, 755, 756, 691, 756, 692, 691, 725, 724, 660, 661, 725, 660, 756, 757, 692, 757, 693, 692, 726, 725, 661, 662, 726, 661, 757, 758, 693, 758, 694, 693, 727, 726, 662, 663, 727, 662, 758, 759, 694, 759, 695, 694, 728, 727, 663, 664, 728, 663, 759, 760, 695, 760, 696, 695, 729, 728, 664, 665, 729, 664, 760, 761, 696, 761, 697, 696, 730, 729, 665, 666, 730, 665, 761, 762, 697, 762, 698, 697, 731, 730, 666, 667, 731, 666, 762, 763, 698, 763, 699, 698, 732, 731, 667, 668, 732, 667, 763, 764, 699, 764, 700, 699, 733, 732, 668, 669, 733, 668, 764, 765, 700, 765, 701, 700, 734, 733, 669, 670, 734, 669, 765, 766, 701, 766, 702, 701, 735, 734, 670, 671, 735, 670, 766, 767, 702, 767, 703, 702, 704, 735, 671, 640, 704, 671, 767, 736, 703, 736, 672, 703, 769, 768, 704, 705, 769, 704, 800, 801, 736, 801, 737, 736, 770, 769, 705, 706, 770, 705, 801, 802, 737, 802, 738, 737, 771, 770, 706, 707, 771, 706, 802, 803, 738, 803, 739, 738, 772, 771, 707, 708, 772, 707, 803, 804, 739, 804, 740, 739, 773, 772, 708, 709, 773, 708, 804, 805, 740, 805, 741, 740, 774, 773, 709, 710, 774, 709, 805, 806, 741, 806, 742, 741, 775, 774, 710, 711, 775, 710, 806, 807, 742, 807, 743, 742, 776, 775, 711, 712, 776, 711, 807, 808, 743, 808, 744, 743, 777, 776, 712, 713, 777, 712, 808, 809, 744, 809, 745, 744, 778, 777, 713, 714, 778, 713, 809, 810, 745, 810, 746, 745, 779, 778, 714, 715, 779, 714, 810, 811, 746, 811, 747, 746, 780, 779, 715, 716, 780, 715, 811, 812, 747, 812, 748, 747, 781, 780, 716, 717, 781, 716, 812, 813, 748, 813, 749, 748, 782, 781, 717, 718, 782, 717, 813, 814, 749, 814, 750, 749, 783, 782, 718, 719, 783, 718, 814, 815, 750, 815, 751, 750, 784, 783, 719, 720, 784, 719, 815, 816, 751, 816, 752, 751, 785, 784, 720, 721, 785, 720, 816, 817, 752, 817, 753, 752, 786, 785, 721, 722, 786, 721, 817, 818, 753, 818, 754, 753, 787, 786, 722, 723, 787, 722, 818, 819, 754, 819, 755, 754, 788, 787, 723, 724, 788, 723, 819, 820, 755, 820, 756, 755, 789, 788, 724, 725, 789, 724, 820, 821, 756, 821, 757, 756, 790, 789, 725, 726, 790, 725, 821, 822, 757, 822, 758, 757, 791, 790, 726, 727, 791, 726, 822, 823, 758, 823, 759, 758, 792, 791, 727, 728, 792, 727, 823, 824, 759, 824, 760, 759, 793, 792, 728, 729, 793, 728, 824, 825, 760, 825, 761, 760, 794, 793, 729, 730, 794, 729, 825, 826, 761, 826, 762, 761, 795, 794, 730, 731, 795, 730, 826, 827, 762, 827, 763, 762, 796, 795, 731, 732, 796, 731, 827, 828, 763, 828, 764, 763, 797, 796, 732, 733, 797, 732, 828, 829, 764, 829, 765, 764, 798, 797, 733, 734, 798, 733, 829, 830, 765, 830, 766, 765, 799, 798, 734, 735, 799, 734, 830, 831, 766, 831, 767, 766, 768, 799, 735, 704, 768, 735, 831, 800, 767, 800, 736, 767, 833, 832, 768, 769, 833, 768, 864, 865, 800, 865, 801, 800, 834, 833, 769, 770, 834, 769, 865, 866, 801, 866, 802, 801, 835, 834, 770, 771, 835, 770, 866, 867, 802, 867, 803, 802, 836, 835, 771, 772, 836, 771, 867, 868, 803, 868, 804, 803, 837, 836, 772, 773, 837, 772, 868, 869, 804, 869, 805, 804, 838, 837, 773, 774, 838, 773, 869, 870, 805, 870, 806, 805, 839, 838, 774, 775, 839, 774, 870, 871, 806, 871, 807, 806, 840, 839, 775, 776, 840, 775, 871, 872, 807, 872, 808, 807, 841, 840, 776, 777, 841, 776, 872, 873, 808, 873, 809, 808, 842, 841, 777, 778, 842, 777, 873, 874, 809, 874, 810, 809, 843, 842, 778, 779, 843, 778, 874, 875, 810, 875, 811, 810, 844, 843, 779, 780, 844, 779, 875, 876, 811, 876, 812, 811, 845, 844, 780, 781, 845, 780, 876, 877, 812, 877, 813, 812, 846, 845, 781, 782, 846, 781, 877, 878, 813, 878, 814, 813, 847, 846, 782, 783, 847, 782, 878, 879, 814, 879, 815, 814, 848, 847, 783, 784, 848, 783, 879, 880, 815, 880, 816, 815, 849, 848, 784, 785, 849, 784, 880, 881, 816, 881, 817, 816, 850, 849, 785, 786, 850, 785, 881, 882, 817, 882, 818, 817, 851, 850, 786, 787, 851, 786, 882, 883, 818, 883, 819, 818, 852, 851, 787, 788, 852, 787, 883, 884, 819, 884, 820, 819, 853, 852, 788, 789, 853, 788, 884, 885, 820, 885, 821, 820, 854, 853, 789, 790, 854, 789, 885, 886, 821, 886, 822, 821, 855, 854, 790, 791, 855, 790, 886, 887, 822, 887, 823, 822, 856, 855, 791, 792, 856, 791, 887, 888, 823, 888, 824, 823, 857, 856, 792, 793, 857, 792, 888, 889, 824, 889, 825, 824, 858, 857, 793, 794, 858, 793, 889, 890, 825, 890, 826, 825, 859, 858, 794, 795, 859, 794, 890, 891, 826, 891, 827, 826, 860, 859, 795, 796, 860, 795, 891, 892, 827, 892, 828, 827, 861, 860, 796, 797, 861, 796, 892, 893, 828, 893, 829, 828, 862, 861, 797, 798, 862, 797, 893, 894, 829, 894, 830, 829, 863, 862, 798, 799, 863, 798, 894, 895, 830, 895, 831, 830, 832, 863, 799, 768, 832, 799, 895, 864, 831, 864, 800, 831, 897, 896, 832, 833, 897, 832, 928, 929, 864, 929, 865, 864, 898, 897, 833, 834, 898, 833, 929, 930, 865, 930, 866, 865, 899, 898, 834, 835, 899, 834, 930, 931, 866, 931, 867, 866, 900, 899, 835, 836, 900, 835, 931, 932, 867, 932, 868, 867, 901, 900, 836, 837, 901, 836, 932, 933, 868, 933, 869, 868, 902, 901, 837, 838, 902, 837, 933, 934, 869, 934, 870, 869, 903, 902, 838, 839, 903, 838, 934, 935, 870, 935, 871, 870, 904, 903, 839, 840, 904, 839, 935, 936, 871, 936, 872, 871, 905, 904, 840, 841, 905, 840, 936, 937, 872, 937, 873, 872, 906, 905, 841, 842, 906, 841, 937, 938, 873, 938, 874, 873, 907, 906, 842, 843, 907, 842, 938, 939, 874, 939, 875, 874, 908, 907, 843, 844, 908, 843, 939, 940, 875, 940, 876, 875, 909, 908, 844, 845, 909, 844, 940, 941, 876, 941, 877, 876, 910, 909, 845, 846, 910, 845, 941, 942, 877, 942, 878, 877, 911, 910, 846, 847, 911, 846, 942, 943, 878, 943, 879, 878, 912, 911, 847, 848, 912, 847, 943, 944, 879, 944, 880, 879, 913, 912, 848, 849, 913, 848, 944, 945, 880, 945, 881, 880, 914, 913, 849, 850, 914, 849, 945, 946, 881, 946, 882, 881, 915, 914, 850, 851, 915, 850, 946, 947, 882, 947, 883, 882, 916, 915, 851, 852, 916, 851, 947, 948, 883, 948, 884, 883, 917, 916, 852, 853, 917, 852, 948, 949, 884, 949, 885, 884, 918, 917, 853, 854, 918, 853, 949, 950, 885, 950, 886, 885, 919, 918, 854, 855, 919, 854, 950, 951, 886, 951, 887, 886, 920, 919, 855, 856, 920, 855, 951, 952, 887, 952, 888, 887, 921, 920, 856, 857, 921, 856, 952, 953, 888, 953, 889, 888, 922, 921, 857, 858, 922, 857, 953, 954, 889, 954, 890, 889, 923, 922, 858, 859, 923, 858, 954, 955, 890, 955, 891, 890, 924, 923, 859, 860, 924, 859, 955, 956, 891, 956, 892, 891, 925, 924, 860, 861, 925, 860, 956, 957, 892, 957, 893, 892, 926, 925, 861, 862, 926, 861, 957, 958, 893, 958, 894, 893, 927, 926, 862, 863, 927, 862, 958, 959, 894, 959, 895, 894, 896, 927, 863, 832, 896, 863, 959, 928, 895, 928, 864, 895, 961, 960, 896, 897, 961, 896, 992, 993, 928, 993, 929, 928, 962, 961, 897, 898, 962, 897, 993, 994, 929, 994, 930, 929, 963, 962, 898, 899, 963, 898, 994, 995, 930, 995, 931, 930, 964, 963, 899, 900, 964, 899, 995, 996, 931, 996, 932, 931, 965, 964, 900, 901, 965, 900, 996, 997, 932, 997, 933, 932, 966, 965, 901, 902, 966, 901, 997, 998, 933, 998, 934, 933, 967, 966, 902, 903, 967, 902, 998, 999, 934, 999, 935, 934, 968, 967, 903, 904, 968, 903, 999, 1000, 935, 1000, 936, 935, 969, 968, 904, 905, 969, 904, 1000, 1001, 936, 1001, 937, 936, 970, 969, 905, 906, 970, 905, 1001, 1002, 937, 1002, 938, 937, 971, 970, 906, 907, 971, 906, 1002, 1003, 938, 1003, 939, 938, 972, 971, 907, 908, 972, 907, 1003, 1004, 939, 1004, 940, 939, 973, 972, 908, 909, 973, 908, 1004, 1005, 940, 1005, 941, 940, 974, 973, 909, 910, 974, 909, 1005, 1006, 941, 1006, 942, 941, 975, 974, 910, 911, 975, 910, 1006, 1007, 942, 1007, 943, 942, 976, 975, 911, 912, 976, 911, 1007, 1008, 943, 1008, 944, 943, 977, 976, 912, 913, 977, 912, 1008, 1009, 944, 1009, 945, 944, 978, 977, 913, 914, 978, 913, 1009, 1010, 945, 1010, 946, 945, 979, 978, 914, 915, 979, 914, 1010, 1011, 946, 1011, 947, 946, 980, 979, 915, 916, 980, 915, 1011, 1012, 947, 1012, 948, 947, 981, 980, 916, 917, 981, 916, 1012, 1013, 948, 1013, 949, 948, 982, 981, 917, 918, 982, 917, 1013, 1014, 949, 1014, 950, 949, 983, 982, 918, 919, 983, 918, 1014, 1015, 950, 1015, 951, 950, 984, 983, 919, 920, 984, 919, 1015, 1016, 951, 1016, 952, 951, 985, 984, 920, 921, 985, 920, 1016, 1017, 952, 1017, 953, 952, 986, 985, 921, 922, 986, 921, 1017, 1018, 953, 1018, 954, 953, 987, 986, 922, 923, 987, 922, 1018, 1019, 954, 1019, 955, 954, 988, 987, 923, 924, 988, 923, 1019, 1020, 955, 1020, 956, 955, 989, 988, 924, 925, 989, 924, 1020, 1021, 956, 1021, 957, 956, 990, 989, 925, 926, 990, 925, 1021, 1022, 957, 1022, 958, 957, 991, 990, 926, 927, 991, 926, 1022, 1023, 958, 1023, 959, 958, 960, 991, 927, 896, 960, 927, 1023, 992, 959, 992, 928, 959, 1025, 1024, 960, 961, 1025, 960, 1056, 1057, 992, 1057, 993, 992, 1026, 1025, 961, 962, 1026, 961, 1057, 1058, 993, 1058, 994, 993, 1027, 1026, 962, 963, 1027, 962, 1058, 1059, 994, 1059, 995, 994, 1028, 1027, 963, 964, 1028, 963, 1059, 1060, 995, 1060, 996, 995, 1029, 1028, 964, 965, 1029, 964, 1060, 1061, 996, 1061, 997, 996, 1030, 1029, 965, 966, 1030, 965, 1061, 1062, 997, 1062, 998, 997, 1031, 1030, 966, 967, 1031, 966, 1062, 1063, 998, 1063, 999, 998, 1032, 1031, 967, 968, 1032, 967, 1063, 1064, 999, 1064, 1000, 999, 1033, 1032, 968, 969, 1033, 968, 1064, 1065, 1000, 1065, 1001, 1000, 1034, 1033, 969, 970, 1034, 969, 1065, 1066, 1001, 1066, 1002, 1001, 1035, 1034, 970, 971, 1035, 970, 1066, 1067, 1002, 1067, 1003, 1002, 1036, 1035, 971, 972, 1036, 971, 1067, 1068, 1003, 1068, 1004, 1003, 1037, 1036, 972, 973, 1037, 972, 1068, 1069, 1004, 1069, 1005, 1004, 1038, 1037, 973, 974, 1038, 973, 1069, 1070, 1005, 1070, 1006, 1005, 1039, 1038, 974, 975, 1039, 974, 1070, 1071, 1006, 1071, 1007, 1006, 1040, 1039, 975, 976, 1040, 975, 1071, 1072, 1007, 1072, 1008, 1007, 1041, 1040, 976, 977, 1041, 976, 1072, 1073, 1008, 1073, 1009, 1008, 1042, 1041, 977, 978, 1042, 977, 1073, 1074, 1009, 1074, 1010, 1009, 1043, 1042, 978, 979, 1043, 978, 1074, 1075, 1010, 1075, 1011, 1010, 1044, 1043, 979, 980, 1044, 979, 1075, 1076, 1011, 1076, 1012, 1011, 1045, 1044, 980, 981, 1045, 980, 1076, 1077, 1012, 1077, 1013, 1012, 1046, 1045, 981, 982, 1046, 981, 1077, 1078, 1013, 1078, 1014, 1013, 1047, 1046, 982, 983, 1047, 982, 1078, 1079, 1014, 1079, 1015, 1014, 1048, 1047, 983, 984, 1048, 983, 1079, 1080, 1015, 1080, 1016, 1015, 1049, 1048, 984, 985, 1049, 984, 1080, 1081, 1016, 1081, 1017, 1016, 1050, 1049, 985, 986, 1050, 985, 1081, 1082, 1017, 1082, 1018, 1017, 1051, 1050, 986, 987, 1051, 986, 1082, 1083, 1018, 1083, 1019, 1018, 1052, 1051, 987, 988, 1052, 987, 1083, 1084, 1019, 1084, 1020, 1019, 1053, 1052, 988, 989, 1053, 988, 1084, 1085, 1020, 1085, 1021, 1020, 1054, 1053, 989, 990, 1054, 989, 1085, 1086, 1021, 1086, 1022, 1021, 1055, 1054, 990, 991, 1055, 990, 1086, 1087, 1022, 1087, 1023, 1022, 1024, 1055, 991, 960, 1024, 991, 1087, 1056, 1023, 1056, 992, 1023, 32, 33, 0, 33, 1, 0, 33, 34, 1, 34, 2, 1, 34, 35, 2, 35, 3, 2, 35, 36, 3, 36, 4, 3, 36, 37, 4, 37, 5, 4, 37, 38, 5, 38, 6, 5, 38, 39, 6, 39, 7, 6, 39, 40, 7, 40, 8, 7, 40, 41, 8, 41, 9, 8, 41, 42, 9, 42, 10, 9, 42, 43, 10, 43, 11, 10, 43, 44, 11, 44, 12, 11, 44, 45, 12, 45, 13, 12, 45, 46, 13, 46, 14, 13, 46, 47, 14, 47, 15, 14, 47, 48, 15, 48, 16, 15, 48, 49, 16, 49, 17, 16, 49, 50, 17, 50, 18, 17, 50, 51, 18, 51, 19, 18, 51, 52, 19, 52, 20, 19, 52, 53, 20, 53, 21, 20, 53, 54, 21, 54, 22, 21, 54, 55, 22, 55, 23, 22, 55, 56, 23, 56, 24, 23, 56, 57, 24, 57, 25, 24, 57, 58, 25, 58, 26, 25, 58, 59, 26, 59, 27, 26, 59, 60, 27, 60, 28, 27, 60, 61, 28, 61, 29, 28, 61, 62, 29, 62, 30, 29, 62, 63, 30, 63, 31, 30, 63, 32, 31, 32, 0, 31, 1057, 1056, 1024, 1025, 1057, 1024, 1058, 1057, 1025, 1026, 1058, 1025, 1059, 1058, 1026, 1027, 1059, 1026, 1060, 1059, 1027, 1028, 1060, 1027, 1061, 1060, 1028, 1029, 1061, 1028, 1062, 1061, 1029, 1030, 1062, 1029, 1063, 1062, 1030, 1031, 1063, 1030, 1064, 1063, 1031, 1032, 1064, 1031, 1065, 1064, 1032, 1033, 1065, 1032, 1066, 1065, 1033, 1034, 1066, 1033, 1067, 1066, 1034, 1035, 1067, 1034, 1068, 1067, 1035, 1036, 1068, 1035, 1069, 1068, 1036, 1037, 1069, 1036, 1070, 1069, 1037, 1038, 1070, 1037, 1071, 1070, 1038, 1039, 1071, 1038, 1072, 1071, 1039, 1040, 1072, 1039, 1073, 1072, 1040, 1041, 1073, 1040, 1074, 1073, 1041, 1042, 1074, 1041, 1075, 1074, 1042, 1043, 1075, 1042, 1076, 1075, 1043, 1044, 1076, 1043, 1077, 1076, 1044, 1045, 1077, 1044, 1078, 1077, 1045, 1046, 1078, 1045, 1079, 1078, 1046, 1047, 1079, 1046, 1080, 1079, 1047, 1048, 1080, 1047, 1081, 1080, 1048, 1049, 1081, 1048, 1082, 1081, 1049, 1050, 1082, 1049, 1083, 1082, 1050, 1051, 1083, 1050, 1084, 1083, 1051, 1052, 1084, 1051, 1085, 1084, 1052, 1053, 1085, 1052, 1086, 1085, 1053, 1054, 1086, 1053, 1087, 1086, 1054, 1055, 1087, 1054, 1056, 1087, 1055, 1024, 1056, 1055]
        point3f[] points = [
            (-0.042, 0.003948062242, -2.254710331e-06),
            (-0.042, 0.003853561155, 0.0007906293687),
            (-0.042, 0.003577388657, 0.001565237792),
            (-0.042, 0.003140008492, 0.002299886962),
            (-0.042, 0.002570910723, 0.002967593771),
            (-0.042, 0.001903203915, 0.003536691539),
            (-0.042, 0.001168554745, 0.003974071704),
            (-0.042, 0.0003939463213, 0.004250244202),
            (-0.042, -0.0003989377577, 0.00434474529),
            (-0.042, -0.001191821837, 0.004250244202),
            (-0.042, -0.00196643026, 0.003974071704),
            (-0.042, -0.00270107943, 0.003536691539),
            (-0.042, -0.003368786239, 0.002967593771),
            (-0.042, -0.003937884007, 0.002299886962),
            (-0.042, -0.004375264172, 0.001565237792),
            (-0.042, -0.00465143667, 0.0007906293687),
            (-0.042, -0.004745937758, -2.254710331e-06),
            (-0.042, -0.00465143667, -0.0007951387893),
            (-0.042, -0.004375264172, -0.001569747213),
            (-0.042, -0.003937884007, -0.002304396383),
            (-0.042, -0.003368786239, -0.002972103191),
            (-0.042, -0.00270107943, -0.00354120096),
            (-0.042, -0.00196643026, -0.003978581125),
            (-0.042, -0.001191821837, -0.004254753623),
            (-0.042, -0.0003989377577, -0.00434925471),
            (-0.042, 0.0003939463213, -0.004254753623),
            (-0.042, 0.001168554745, -0.003978581125),
            (-0.042, 0.001903203915, -0.00354120096),
            (-0.042, 0.002570910723, -0.002972103191),
            (-0.042, 0.003140008492, -0.002304396383),
            (-0.042, 0.003577388657, -0.001569747213),
            (-0.042, 0.003853561155, -0.0007951387893),
            (-0.042, 0.003244262242, -2.254710331e-06),
            (-0.042, 0.003165061331, 0.0006622576606),
            (-0.042, 0.002933602475, 0.001311453292),
            (-0.042, 0.002567036242, 0.001927159263),
            (-0.042, 0.002090078112, 0.002486761159),
            (-0.042, 0.001530476216, 0.002963719289),
            (-0.042, 0.0009147702445, 0.003330285523),
            (-0.042, 0.0002655746133, 0.003561744378),
            (-0.042, -0.0003989377577, 0.00364094529),
            (-0.042, -0.001063450129, 0.003561744378),
            (-0.042, -0.00171264576, 0.003330285523),
            (-0.042, -0.002328351731, 0.002963719289),
            (-0.042, -0.002887953627, 0.002486761159),
            (-0.042, -0.003364911757, 0.001927159263),
            (-0.042, -0.003731477991, 0.001311453292),
            (-0.042, -0.003962936846, 0.0006622576606),
            (-0.042, -0.004042137758, -2.254710331e-06),
            (-0.042, -0.003962936846, -0.0006667670813),
            (-0.042, -0.003731477991, -0.001315962712),
            (-0.042, -0.003364911757, -0.001931668684),
            (-0.042, -0.002887953627, -0.00249127058),
            (-0.042, -0.002328351731, -0.00296822871),
            (-0.042, -0.00171264576, -0.003334794943),
            (-0.042, -0.001063450129, -0.003566253799),
            (-0.042, -0.0003989377577, -0.00364545471),
            (-0.042, 0.0002655746133, -0.003566253799),
            (-0.042, 0.0009147702445, -0.003334794943),
            (-0.042, 0.001530476216, -0.00296822871),
            (-0.042, 0.002090078112, -0.00249127058),
            (-0.042, 0.002567036242, -0.001931668684),
            (-0.042, 0.002933602475, -0.001315962712),
            (-0.042, 0.003165061331, -0.0006667670813),
            (-0.0393875, 0.003924806583, 2.716045832e-05),
            (-0.0393875, 0.003830305495, 0.0008200445373),
            (-0.0393875, 0.003554132997, 0.001594652961),
            (-0.0393875, 0.003116752833, 0.002329302131),
            (-0.0393875, 0.002547655064, 0.002997008939),
            (-0.0393875, 0.001879948256, 0.003566106708),
            (-0.0393875, 0.001145299086, 0.004003486873),
            (-0.0393875, 0.000370690662, 0.004279659371),
            (-0.0393875, -0.000422193417, 0.004374160458),
            (-0.0393875, -0.001215077496, 0.004279659371),
            (-0.0393875, -0.00198968592, 0.004003486873),
            (-0.0393875, -0.00272433509, 0.003566106708),
            (-0.0393875, -0.003392041898, 0.002997008939),
            (-0.0393875, -0.003961139666, 0.002329302131),
            (-0.0393875, -0.004398519831, 0.001594652961),
            (-0.0393875, -0.004674692329, 0.0008200445373),
            (-0.0393875, -0.004769193417, 2.716045832e-05),
            (-0.0393875, -0.004674692329, -0.0007657236207),
            (-0.0393875, -0.004398519831, -0.001540332044),
            (-0.0393875, -0.003961139666, -0.002274981214),
            (-0.0393875, -0.003392041898, -0.002942688023),
            (-0.0393875, -0.00272433509, -0.003511785791),
            (-0.0393875, -0.00198968592, -0.003949165956),
            (-0.0393875, -0.001215077496, -0.004225338454),
            (-0.0393875, -0.000422193417, -0.004319839542),
            (-0.0393875, 0.000370690662, -0.004225338454),
            (-0.0393875, 0.001145299086, -0.003949165956),
            (-0.0393875, 0.001879948256, -0.003511785791),
            (-0.0393875, 0.002547655064, -0.002942688023),
            (-0.0393875, 0.003116752833, -0.002274981214),
            (-0.0393875, 0.003554132997, -0.001540332044),
            (-0.0393875, 0.003830305495, -0.0007657236207),
            (-0.0393875, 0.003221006583, 2.716045832e-05),
            (-0.0393875, 0.003141805671, 0.0006916728293),
            (-0.0393875, 0.002910346816, 0.00134086846),
            (-0.0393875, 0.002543780583, 0.001956574432),
            (-0.0393875, 0.002066822453, 0.002516176328),
            (-0.0393875, 0.001507220556, 0.002993134458),
            (-0.0393875, 0.0008915145852, 0.003359700691),
            (-0.0393875, 0.000242318954, 0.003591159547),
            (-0.0393875, -0.000422193417, 0.003670360458),
            (-0.0393875, -0.001086705788, 0.003591159547),
            (-0.0393875, -0.001735901419, 0.003359700691),
            (-0.0393875, -0.00235160739, 0.002993134458),
            (-0.0393875, -0.002911209287, 0.002516176328),
            (-0.0393875, -0.003388167417, 0.001956574432),
            (-0.0393875, -0.00375473365, 0.00134086846),
            (-0.0393875, -0.003986192505, 0.0006916728293),
            (-0.0393875, -0.004065393417, 2.716045832e-05),
            (-0.0393875, -0.003986192505, -0.0006373519127),
            (-0.0393875, -0.00375473365, -0.001286547544),
            (-0.0393875, -0.003388167417, -0.001902253515),
            (-0.0393875, -0.002911209287, -0.002461855411),
            (-0.0393875, -0.00235160739, -0.002938813541),
            (-0.0393875, -0.001735901419, -0.003305379775),
            (-0.0393875, -0.001086705788, -0.00353683863),
            (-0.0393875, -0.000422193417, -0.003616039542),
            (-0.0393875, 0.000242318954, -0.00353683863),
            (-0.0393875, 0.0008915145852, -0.003305379775),
            (-0.0393875, 0.001507220556, -0.002938813541),
            (-0.0393875, 0.002066822453, -0.002461855411),
            (-0.0393875, 0.002543780583, -0.001902253515),
            (-0.0393875, 0.002910346816, -0.001286547544),
            (-0.0393875, 0.003141805671, -0.0006373519127),
            (-0.036775, 0.003908418577, 5.63140569e-05),
            (-0.036775, 0.003813917489, 0.0008491981359),
            (-0.036775, 0.003537744992, 0.001623806559),
            (-0.036775, 0.003100364827, 0.00235845573),
            (-0.036775, 0.002531267058, 0.003026162538),
            (-0.036775, 0.00186356025, 0.003595260306),
            (-0.036775, 0.00112891108, 0.004032640471),
            (-0.036775, 0.0003543026561, 0.004308812969),
            (-0.036775, -0.0004385814229, 0.004403314057),
            (-0.036775, -0.001231465502, 0.004308812969),
            (-0.036775, -0.002006073926, 0.004032640471),
            (-0.036775, -0.002740723096, 0.003595260306),
            (-0.036775, -0.003408429904, 0.003026162538),
            (-0.036775, -0.003977527672, 0.00235845573),
            (-0.036775, -0.004414907837, 0.001623806559),
            (-0.036775, -0.004691080335, 0.0008491981359),
            (-0.036775, -0.004785581423, 5.63140569e-05),
            (-0.036775, -0.004691080335, -0.0007365700221),
            (-0.036775, -0.004414907837, -0.001511178446),
            (-0.036775, -0.003977527672, -0.002245827616),
            (-0.036775, -0.003408429904, -0.002913534424),
            (-0.036775, -0.002740723096, -0.003482632193),
            (-0.036775, -0.002006073926, -0.003920012358),
            (-0.036775, -0.001231465502, -0.004196184855),
            (-0.036775, -0.0004385814229, -0.004290685943),
            (-0.036775, 0.0003543026561, -0.004196184855),
            (-0.036775, 0.00112891108, -0.003920012358),
            (-0.036775, 0.00186356025, -0.003482632193),
            (-0.036775, 0.002531267058, -0.002913534424),
            (-0.036775, 0.003100364827, -0.002245827616),
            (-0.036775, 0.003537744992, -0.001511178446),
            (-0.036775, 0.003813917489, -0.0007365700221),
            (-0.036775, 0.003204618577, 5.63140569e-05),
            (-0.036775, 0.003125417665, 0.0007208264279),
            (-0.036775, 0.00289395881, 0.001370022059),
            (-0.036775, 0.002527392577, 0.00198572803),
            (-0.036775, 0.002050434447, 0.002545329927),
            (-0.036775, 0.00149083255, 0.003022288056),
            (-0.036775, 0.0008751265792, 0.00338885429),
            (-0.036775, 0.000225930948, 0.003620313145),
            (-0.036775, -0.0004385814229, 0.003699514057),
            (-0.036775, -0.001103093794, 0.003620313145),
            (-0.036775, -0.001752289425, 0.00338885429),
            (-0.036775, -0.002367995396, 0.003022288056),
            (-0.036775, -0.002927597293, 0.002545329927),
            (-0.036775, -0.003404555423, 0.00198572803),
            (-0.036775, -0.003771121656, 0.001370022059),
            (-0.036775, -0.004002580511, 0.0007208264279),
            (-0.036775, -0.004081781423, 5.63140569e-05),
            (-0.036775, -0.004002580511, -0.0006081983141),
            (-0.036775, -0.003771121656, -0.001257393945),
            (-0.036775, -0.003404555423, -0.001873099916),
            (-0.036775, -0.002927597293, -0.002432701813),
            (-0.036775, -0.002367995396, -0.002909659943),
            (-0.036775, -0.001752289425, -0.003276226176),
            (-0.036775, -0.001103093794, -0.003507685032),
            (-0.036775, -0.0004385814229, -0.003586885943),
            (-0.036775, 0.000225930948, -0.003507685032),
            (-0.036775, 0.0008751265792, -0.003276226176),
            (-0.036775, 0.00149083255, -0.002909659943),
            (-0.036775, 0.002050434447, -0.002432701813),
            (-0.036775, 0.002527392577, -0.001873099916),
            (-0.036775, 0.00289395881, -0.001257393945),
            (-0.036775, 0.003125417665, -0.0006081983141),
            (-0.0341625, 0.003899164802, 8.492532034e-05),
            (-0.0341625, 0.003804663714, 0.0008778093993),
            (-0.0341625, 0.003528491216, 0.001652417823),
            (-0.0341625, 0.003091111051, 0.002387066993),
            (-0.0341625, 0.002522013283, 0.003054773801),
            (-0.0341625, 0.001854306474, 0.00362387157),
            (-0.0341625, 0.001119657304, 0.004061251735),
            (-0.0341625, 0.0003450488806, 0.004337424233),
            (-0.0341625, -0.0004478351984, 0.00443192532),
            (-0.0341625, -0.001240719277, 0.004337424233),
            (-0.0341625, -0.002015327701, 0.004061251735),
            (-0.0341625, -0.002749976871, 0.00362387157),
            (-0.0341625, -0.003417683679, 0.003054773801),
            (-0.0341625, -0.003986781448, 0.002387066993),
            (-0.0341625, -0.004424161613, 0.001652417823),
            (-0.0341625, -0.004700334111, 0.0008778093993),
            (-0.0341625, -0.004794835198, 8.492532034e-05),
            (-0.0341625, -0.004700334111, -0.0007079587587),
            (-0.0341625, -0.004424161613, -0.001482567182),
            (-0.0341625, -0.003986781448, -0.002217216352),
            (-0.0341625, -0.003417683679, -0.002884923161),
            (-0.0341625, -0.002749976871, -0.003454020929),
            (-0.0341625, -0.002015327701, -0.003891401094),
            (-0.0341625, -0.001240719277, -0.004167573592),
            (-0.0341625, -0.0004478351984, -0.00426207468),
            (-0.0341625, 0.0003450488806, -0.004167573592),
            (-0.0341625, 0.001119657304, -0.003891401094),
            (-0.0341625, 0.001854306474, -0.003454020929),
            (-0.0341625, 0.002522013283, -0.002884923161),
            (-0.0341625, 0.003091111051, -0.002217216352),
            (-0.0341625, 0.003528491216, -0.001482567182),
            (-0.0341625, 0.003804663714, -0.0007079587587),
            (-0.0341625, 0.003195364802, 8.492532034e-05),
            (-0.0341625, 0.00311616389, 0.0007494376913),
            (-0.0341625, 0.002884705035, 0.001398633322),
            (-0.0341625, 0.002518138801, 0.002014339294),
            (-0.0341625, 0.002041180671, 0.00257394119),
            (-0.0341625, 0.001481578775, 0.00305089932),
            (-0.0341625, 0.0008658728037, 0.003417465553),
            (-0.0341625, 0.0002166771726, 0.003648924409),
            (-0.0341625, -0.0004478351984, 0.00372812532),
            (-0.0341625, -0.001112347569, 0.003648924409),
            (-0.0341625, -0.001761543201, 0.003417465553),
            (-0.0341625, -0.002377249172, 0.00305089932),
            (-0.0341625, -0.002936851068, 0.00257394119),
            (-0.0341625, -0.003413809198, 0.002014339294),
            (-0.0341625, -0.003780375431, 0.001398633322),
            (-0.0341625, -0.004011834287, 0.0007494376913),
            (-0.0341625, -0.004091035198, 8.492532034e-05),
            (-0.0341625, -0.004011834287, -0.0005795870506),
            (-0.0341625, -0.003780375431, -0.001228782682),
            (-0.0341625, -0.003413809198, -0.001844488653),
            (-0.0341625, -0.002936851068, -0.002404090549),
            (-0.0341625, -0.002377249172, -0.002881048679),
            (-0.0341625, -0.001761543201, -0.003247614913),
            (-0.0341625, -0.001112347569, -0.003479073768),
            (-0.0341625, -0.0004478351984, -0.00355827468),
            (-0.0341625, 0.0002166771726, -0.003479073768),
            (-0.0341625, 0.0008658728037, -0.003247614913),
            (-0.0341625, 0.001481578775, -0.002881048679),
            (-0.0341625, 0.002041180671, -0.002404090549),
            (-0.0341625, 0.002518138801, -0.001844488653),
            (-0.0341625, 0.002884705035, -0.001228782682),
            (-0.0341625, 0.00311616389, -0.0005795870506),
            (-0.03155, 0.003897195784, 0.0001127187065),
            (-0.03155, 0.003802694696, 0.0009056027855),
            (-0.03155, 0.003526522199, 0.001680211209),
            (-0.03155, 0.003089142034, 0.002414860379),
            (-0.03155, 0.002520044265, 0.003082567187),
            (-0.03155, 0.001852337457, 0.003651664956),
            (-0.03155, 0.001117688287, 0.004089045121),
            (-0.03155, 0.0003430798632, 0.004365217619),
            (-0.03155, -0.0004498042159, 0.004459718707),
            (-0.03155, -0.001242688295, 0.004365217619),
            (-0.03155, -0.002017296718, 0.004089045121),
            (-0.03155, -0.002751945889, 0.003651664956),
            (-0.03155, -0.003419652697, 0.003082567187),
            (-0.03155, -0.003988750465, 0.002414860379),
            (-0.03155, -0.00442613063, 0.001680211209),
            (-0.03155, -0.004702303128, 0.0009056027855),
            (-0.03155, -0.004796804216, 0.0001127187065),
            (-0.03155, -0.004702303128, -0.0006801653725),
            (-0.03155, -0.00442613063, -0.001454773796),
            (-0.03155, -0.003988750465, -0.002189422966),
            (-0.03155, -0.003419652697, -0.002857129774),
            (-0.03155, -0.002751945889, -0.003426227543),
            (-0.03155, -0.002017296718, -0.003863607708),
            (-0.03155, -0.001242688295, -0.004139780206),
            (-0.03155, -0.0004498042159, -0.004234281293),
            (-0.03155, 0.0003430798632, -0.004139780206),
            (-0.03155, 0.001117688287, -0.003863607708),
            (-0.03155, 0.001852337457, -0.003426227543),
            (-0.03155, 0.002520044265, -0.002857129774),
            (-0.03155, 0.003089142034, -0.002189422966),
            (-0.03155, 0.003526522199, -0.001454773796),
            (-0.03155, 0.003802694696, -0.0006801653725),
            (-0.03155, 0.003193395784, 0.0001127187065),
            (-0.03155, 0.003114194873, 0.0007772310775),
            (-0.03155, 0.002882736017, 0.001426426709),
            (-0.03155, 0.002516169784, 0.00204213268),
            (-0.03155, 0.002039211654, 0.002601734576),
            (-0.03155, 0.001479609757, 0.003078692706),
            (-0.03155, 0.0008639037863, 0.00344525894),
            (-0.03155, 0.0002147081551, 0.003676717795),
            (-0.03155, -0.0004498042159, 0.003755918707),
            (-0.03155, -0.001114316587, 0.003676717795),
            (-0.03155, -0.001763512218, 0.00344525894),
            (-0.03155, -0.002379218189, 0.003078692706),
            (-0.03155, -0.002938820086, 0.002601734576),
            (-0.03155, -0.003415778215, 0.00204213268),
            (-0.03155, -0.003782344449, 0.001426426709),
            (-0.03155, -0.004013803304, 0.0007772310775),
            (-0.03155, -0.004093004216, 0.0001127187065),
            (-0.03155, -0.004013803304, -0.0005517936645),
            (-0.03155, -0.003782344449, -0.001200989296),
            (-0.03155, -0.003415778215, -0.001816695267),
            (-0.03155, -0.002938820086, -0.002376297163),
            (-0.03155, -0.002379218189, -0.002853255293),
            (-0.03155, -0.001763512218, -0.003219821527),
            (-0.03155, -0.001114316587, -0.003451280382),
            (-0.03155, -0.0004498042159, -0.003530481293),
            (-0.03155, 0.0002147081551, -0.003451280382),
            (-0.03155, 0.0008639037863, -0.003219821527),
            (-0.03155, 0.001479609757, -0.002853255293),
            (-0.03155, 0.002039211654, -0.002376297163),
            (-0.03155, 0.002516169784, -0.001816695267),
            (-0.03155, 0.002882736017, -0.001200989296),
            (-0.03155, 0.003114194873, -0.0005517936645),
            (-0.0289375, 0.003902543554, 0.0001394265499),
            (-0.0289375, 0.003808042466, 0.0009323106289),
            (-0.0289375, 0.003531869968, 0.001706919052),
            (-0.0289375, 0.003094489803, 0.002441568223),
            (-0.0289375, 0.002525392035, 0.003109275031),
            (-0.0289375, 0.001857685227, 0.003678372799),
            (-0.0289375, 0.001123036057, 0.004115752964),
            (-0.0289375, 0.000348427633, 0.004391925462),
            (-0.0289375, -0.000444456446, 0.00448642655),
            (-0.0289375, -0.001237340525, 0.004391925462),
            (-0.0289375, -0.002011948949, 0.004115752964),
            (-0.0289375, -0.002746598119, 0.003678372799),
            (-0.0289375, -0.003414304927, 0.003109275031),
            (-0.0289375, -0.003983402696, 0.002441568223),
            (-0.0289375, -0.004420782861, 0.001706919052),
            (-0.0289375, -0.004696955358, 0.0009323106289),
            (-0.0289375, -0.004791456446, 0.0001394265499),
            (-0.0289375, -0.004696955358, -0.0006534575291),
            (-0.0289375, -0.004420782861, -0.001428065953),
            (-0.0289375, -0.003983402696, -0.002162715123),
            (-0.0289375, -0.003414304927, -0.002830421931),
            (-0.0289375, -0.002746598119, -0.0033995197),
            (-0.0289375, -0.002011948949, -0.003836899865),
            (-0.0289375, -0.001237340525, -0.004113072362),
            (-0.0289375, -0.000444456446, -0.00420757345),
            (-0.0289375, 0.000348427633, -0.004113072362),
            (-0.0289375, 0.001123036057, -0.003836899865),
            (-0.0289375, 0.001857685227, -0.0033995197),
            (-0.0289375, 0.002525392035, -0.002830421931),
            (-0.0289375, 0.003094489803, -0.002162715123),
            (-0.0289375, 0.003531869968, -0.001428065953),
            (-0.0289375, 0.003808042466, -0.0006534575291),
            (-0.0289375, 0.003198743554, 0.0001394265499),
            (-0.0289375, 0.003119542642, 0.0008039389209),
            (-0.0289375, 0.002888083787, 0.001453134552),
            (-0.0289375, 0.002521517554, 0.002068840523),
            (-0.0289375, 0.002044559424, 0.00262844242),
            (-0.0289375, 0.001484957527, 0.00310540055),
            (-0.0289375, 0.0008692515561, 0.003471966783),
            (-0.0289375, 0.0002200559249, 0.003703425638),
            (-0.0289375, -0.000444456446, 0.00378262655),
            (-0.0289375, -0.001108968817, 0.003703425638),
            (-0.0289375, -0.001758164448, 0.003471966783),
            (-0.0289375, -0.002373870419, 0.00310540055),
            (-0.0289375, -0.002933472316, 0.00262844242),
            (-0.0289375, -0.003410430446, 0.002068840523),
            (-0.0289375, -0.003776996679, 0.001453134552),
            (-0.0289375, -0.004008455534, 0.0008039389209),
            (-0.0289375, -0.004087656446, 0.0001394265499),
            (-0.0289375, -0.004008455534, -0.0005250858211),
            (-0.0289375, -0.003776996679, -0.001174281452),
            (-0.0289375, -0.003410430446, -0.001789987423),
            (-0.0289375, -0.002933472316, -0.00234958932),
            (-0.0289375, -0.002373870419, -0.00282654745),
            (-0.0289375, -0.001758164448, -0.003193113683),
            (-0.0289375, -0.001108968817, -0.003424572538),
            (-0.0289375, -0.000444456446, -0.00350377345),
            (-0.0289375, 0.0002200559249, -0.003424572538),
            (-0.0289375, 0.0008692515561, -0.003193113683),
            (-0.0289375, 0.001484957527, -0.00282654745),
            (-0.0289375, 0.002044559424, -0.00234958932),
            (-0.0289375, 0.002521517554, -0.001789987423),
            (-0.0289375, 0.002888083787, -0.001174281452),
            (-0.0289375, 0.003119542642, -0.0005250858211),
            (-0.026325, 0.003915121121, 0.0001647916394),
            (-0.026325, 0.003820620033, 0.0009576757184),
            (-0.026325, 0.003544447535, 0.001732284142),
            (-0.026325, 0.00310706737, 0.002466933312),
            (-0.026325, 0.002537969602, 0.00313464012),
            (-0.026325, 0.001870262794, 0.003703737889),
            (-0.026325, 0.001135613624, 0.004141118054),
            (-0.026325, 0.0003610052, 0.004417290552),
            (-0.026325, -0.0004318788791, 0.004511791639),
            (-0.026325, -0.001224762958, 0.004417290552),
            (-0.026325, -0.001999371382, 0.004141118054),
            (-0.026325, -0.002734020552, 0.003703737889),
            (-0.026325, -0.00340172736, 0.00313464012),
            (-0.026325, -0.003970825129, 0.002466933312),
            (-0.026325, -0.004408205294, 0.001732284142),
            (-0.026325, -0.004684377791, 0.0009576757184),
            (-0.026325, -0.004778878879, 0.0001647916394),
            (-0.026325, -0.004684377791, -0.0006280924396),
            (-0.026325, -0.004408205294, -0.001402700863),
            (-0.026325, -0.003970825129, -0.002137350033),
            (-0.026325, -0.00340172736, -0.002805056842),
            (-0.026325, -0.002734020552, -0.00337415461),
            (-0.026325, -0.001999371382, -0.003811534775),
            (-0.026325, -0.001224762958, -0.004087707273),
            (-0.026325, -0.0004318788791, -0.004182208361),
            (-0.026325, 0.0003610052, -0.004087707273),
            (-0.026325, 0.001135613624, -0.003811534775),
            (-0.026325, 0.001870262794, -0.00337415461),
            (-0.026325, 0.002537969602, -0.002805056842),
            (-0.026325, 0.00310706737, -0.002137350033),
            (-0.026325, 0.003544447535, -0.001402700863),
            (-0.026325, 0.003820620033, -0.0006280924396),
            (-0.026325, 0.003211321121, 0.0001647916394),
            (-0.026325, 0.003132120209, 0.0008293040104),
            (-0.026325, 0.002900661354, 0.001478499642),
            (-0.026325, 0.002534095121, 0.002094205613),
            (-0.026325, 0.002057136991, 0.002653807509),
            (-0.026325, 0.001497535094, 0.003130765639),
            (-0.026325, 0.0008818291231, 0.003497331873),
            (-0.026325, 0.0002326334919, 0.003728790728),
            (-0.026325, -0.0004318788791, 0.003807991639),
            (-0.026325, -0.00109639125, 0.003728790728),
            (-0.026325, -0.001745586881, 0.003497331873),
            (-0.026325, -0.002361292852, 0.003130765639),
            (-0.026325, -0.002920894749, 0.002653807509),
            (-0.026325, -0.003397852879, 0.002094205613),
            (-0.026325, -0.003764419112, 0.001478499642),
            (-0.026325, -0.003995877967, 0.0008293040104),
            (-0.026325, -0.004075078879, 0.0001647916394),
            (-0.026325, -0.003995877967, -0.0004997207315),
            (-0.026325, -0.003764419112, -0.001148916363),
            (-0.026325, -0.003397852879, -0.001764622334),
            (-0.026325, -0.002920894749, -0.00232422423),
            (-0.026325, -0.002361292852, -0.00280118236),
            (-0.026325, -0.001745586881, -0.003167748594),
            (-0.026325, -0.00109639125, -0.003399207449),
            (-0.026325, -0.0004318788791, -0.003478408361),
            (-0.026325, 0.0002326334919, -0.003399207449),
            (-0.026325, 0.0008818291231, -0.003167748594),
            (-0.026325, 0.001497535094, -0.00280118236),
            (-0.026325, 0.002057136991, -0.00232422423),
            (-0.026325, 0.002534095121, -0.001764622334),
            (-0.026325, 0.002900661354, -0.001148916363),
            (-0.026325, 0.003132120209, -0.0004997207315),
            (-0.0237125, 0.003934723891, 0.0001885696954),
            (-0.0237125, 0.003840222803, 0.0009814537744),
            (-0.0237125, 0.003564050305, 0.001756062198),
            (-0.0237125, 0.00312667014, 0.002490711368),
            (-0.0237125, 0.002557572372, 0.003158418176),
            (-0.0237125, 0.001889865564, 0.003727515945),
            (-0.0237125, 0.001155216393, 0.00416489611),
            (-0.0237125, 0.0003806079698, 0.004441068608),
            (-0.0237125, -0.0004122761092, 0.004535569695),
            (-0.0237125, -0.001205160188, 0.004441068608),
            (-0.0237125, -0.001979768612, 0.00416489611),
            (-0.0237125, -0.002714417782, 0.003727515945),
            (-0.0237125, -0.00338212459, 0.003158418176),
            (-0.0237125, -0.003951222359, 0.002490711368),
            (-0.0237125, -0.004388602524, 0.001756062198),
            (-0.0237125, -0.004664775021, 0.0009814537744),
            (-0.0237125, -0.004759276109, 0.0001885696954),
            (-0.0237125, -0.004664775021, -0.0006043143836),
            (-0.0237125, -0.004388602524, -0.001378922807),
            (-0.0237125, -0.003951222359, -0.002113571977),
            (-0.0237125, -0.00338212459, -0.002781278786),
            (-0.0237125, -0.002714417782, -0.003350376554),
            (-0.0237125, -0.001979768612, -0.003787756719),
            (-0.0237125, -0.001205160188, -0.004063929217),
            (-0.0237125, -0.0004122761092, -0.004158430305),
            (-0.0237125, 0.0003806079698, -0.004063929217),
            (-0.0237125, 0.001155216393, -0.003787756719),
            (-0.0237125, 0.001889865564, -0.003350376554),
            (-0.0237125, 0.002557572372, -0.002781278786),
            (-0.0237125, 0.00312667014, -0.002113571977),
            (-0.0237125, 0.003564050305, -0.001378922807),
            (-0.0237125, 0.003840222803, -0.0006043143836),
            (-0.0237125, 0.003230923891, 0.0001885696954),
            (-0.0237125, 0.003151722979, 0.0008530820664),
            (-0.0237125, 0.002920264124, 0.001502277698),
            (-0.0237125, 0.00255369789, 0.002117983669),
            (-0.0237125, 0.002076739761, 0.002677585565),
            (-0.0237125, 0.001517137864, 0.003154543695),
            (-0.0237125, 0.000901431893, 0.003521109928),
            (-0.0237125, 0.0002522362618, 0.003752568784),
            (-0.0237125, -0.0004122761092, 0.003831769695),
            (-0.0237125, -0.00107678848, 0.003752568784),
            (-0.0237125, -0.001725984111, 0.003521109928),
            (-0.0237125, -0.002341690082, 0.003154543695),
            (-0.0237125, -0.002901291979, 0.002677585565),
            (-0.0237125, -0.003378250109, 0.002117983669),
            (-0.0237125, -0.003744816342, 0.001502277698),
            (-0.0237125, -0.003976275198, 0.0008530820664),
            (-0.0237125, -0.004055476109, 0.0001885696954),
            (-0.0237125, -0.003976275198, -0.0004759426756),
            (-0.0237125, -0.003744816342, -0.001125138307),
            (-0.0237125, -0.003378250109, -0.001740844278),
            (-0.0237125, -0.002901291979, -0.002300446174),
            (-0.0237125, -0.002341690082, -0.002777404304),
            (-0.0237125, -0.001725984111, -0.003143970538),
            (-0.0237125, -0.00107678848, -0.003375429393),
            (-0.0237125, -0.0004122761092, -0.003454630305),
            (-0.0237125, 0.0002522362618, -0.003375429393),
            (-0.0237125, 0.000901431893, -0.003143970538),
            (-0.0237125, 0.001517137864, -0.002777404304),
            (-0.0237125, 0.002076739761, -0.002300446174),
            (-0.0237125, 0.00255369789, -0.001740844278),
            (-0.0237125, 0.002920264124, -0.001125138307),
            (-0.0237125, 0.003151722979, -0.0004759426756),
            (-0.0211, 0.003961032993, 0.0002105317221),
            (-0.0211, 0.003866531905, 0.001003415801),
            (-0.0211, 0.003590359408, 0.001778024225),
            (-0.0211, 0.003152979243, 0.002512673395),
            (-0.0211, 0.002583881474, 0.003180380203),
            (-0.0211, 0.001916174666, 0.003749477972),
            (-0.0211, 0.001181525496, 0.004186858137),
            (-0.0211, 0.0004069170721, 0.004463030634),
            (-0.0211, -0.0003859670069, 0.004557531722),
            (-0.0211, -0.001178851086, 0.004463030634),
            (-0.0211, -0.001953459509, 0.004186858137),
            (-0.0211, -0.00268810868, 0.003749477972),
            (-0.0211, -0.003355815488, 0.003180380203),
            (-0.0211, -0.003924913256, 0.002512673395),
            (-0.0211, -0.004362293421, 0.001778024225),
            (-0.0211, -0.004638465919, 0.001003415801),
            (-0.0211, -0.004732967007, 0.0002105317221),
            (-0.0211, -0.004638465919, -0.0005823523569),
            (-0.0211, -0.004362293421, -0.00135696078),
            (-0.0211, -0.003924913256, -0.002091609951),
            (-0.0211, -0.003355815488, -0.002759316759),
            (-0.0211, -0.00268810868, -0.003328414527),
            (-0.0211, -0.001953459509, -0.003765794692),
            (-0.0211, -0.001178851086, -0.00404196719),
            (-0.0211, -0.0003859670069, -0.004136468278),
            (-0.0211, 0.0004069170721, -0.00404196719),
            (-0.0211, 0.001181525496, -0.003765794692),
            (-0.0211, 0.001916174666, -0.003328414527),
            (-0.0211, 0.002583881474, -0.002759316759),
            (-0.0211, 0.003152979243, -0.002091609951),
            (-0.0211, 0.003590359408, -0.00135696078),
            (-0.0211, 0.003866531905, -0.0005823523569),
            (-0.0211, 0.003257232993, 0.0002105317221),
            (-0.0211, 0.003178032082, 0.0008750440931),
            (-0.0211, 0.002946573226, 0.001524239724),
            (-0.0211, 0.002580006993, 0.002139945695),
            (-0.0211, 0.002103048863, 0.002699547592),
            (-0.0211, 0.001543446966, 0.003176505722),
            (-0.0211, 0.0009277409952, 0.003543071955),
            (-0.0211, 0.0002785453641, 0.00377453081),
            (-0.0211, -0.0003859670069, 0.003853731722),
            (-0.0211, -0.001050479378, 0.00377453081),
            (-0.0211, -0.001699675009, 0.003543071955),
            (-0.0211, -0.00231538098, 0.003176505722),
            (-0.0211, -0.002874982877, 0.002699547592),
            (-0.0211, -0.003351941006, 0.002139945695),
            (-0.0211, -0.00371850724, 0.001524239724),
            (-0.0211, -0.003949966095, 0.0008750440931),
            (-0.0211, -0.004029167007, 0.0002105317221),
            (-0.0211, -0.003949966095, -0.0004539806489),
            (-0.0211, -0.00371850724, -0.00110317628),
            (-0.0211, -0.003351941006, -0.001718882251),
            (-0.0211, -0.002874982877, -0.002278484148),
            (-0.0211, -0.00231538098, -0.002755442278),
            (-0.0211, -0.001699675009, -0.003122008511),
            (-0.0211, -0.001050479378, -0.003353467366),
            (-0.0211, -0.0003859670069, -0.003432668278),
            (-0.0211, 0.0002785453641, -0.003353467366),
            (-0.0211, 0.0009277409952, -0.003122008511),
            (-0.0211, 0.001543446966, -0.002755442278),
            (-0.0211, 0.002103048863, -0.002278484148),
            (-0.0211, 0.002580006993, -0.001718882251),
            (-0.0211, 0.002946573226, -0.00110317628),
            (-0.0211, 0.003178032082, -0.0004539806489),
            (-0.0184875, 0.003993620468, 0.0002304662132),
            (-0.0184875, 0.00389911938, 0.001023350292),
            (-0.0184875, 0.003622946882, 0.001797958716),
            (-0.0184875, 0.003185566717, 0.002532607886),
            (-0.0184875, 0.002616468949, 0.003200314694),
            (-0.0184875, 0.001948762141, 0.003769412463),
            (-0.0184875, 0.001214112971, 0.004206792628),
            (-0.0184875, 0.000439504547, 0.004482965126),
            (-0.0184875, -0.000353379532, 0.004577466213),
            (-0.0184875, -0.001146263611, 0.004482965126),
            (-0.0184875, -0.001920872035, 0.004206792628),
            (-0.0184875, -0.002655521205, 0.003769412463),
            (-0.0184875, -0.003323228013, 0.003200314694),
            (-0.0184875, -0.003892325782, 0.002532607886),
            (-0.0184875, -0.004329705946, 0.001797958716),
            (-0.0184875, -0.004605878444, 0.001023350292),
            (-0.0184875, -0.004700379532, 0.0002304662132),
            (-0.0184875, -0.004605878444, -0.0005624178658),
            (-0.0184875, -0.004329705946, -0.001337026289),
            (-0.0184875, -0.003892325782, -0.002071675459),
            (-0.0184875, -0.003323228013, -0.002739382268),
            (-0.0184875, -0.002655521205, -0.003308480036),
            (-0.0184875, -0.001920872035, -0.003745860201),
            (-0.0184875, -0.001146263611, -0.004022032699),
            (-0.0184875, -0.000353379532, -0.004116533787),
            (-0.0184875, 0.000439504547, -0.004022032699),
            (-0.0184875, 0.001214112971, -0.003745860201),
            (-0.0184875, 0.001948762141, -0.003308480036),
            (-0.0184875, 0.002616468949, -0.002739382268),
            (-0.0184875, 0.003185566717, -0.002071675459),
            (-0.0184875, 0.003622946882, -0.001337026289),
            (-0.0184875, 0.00389911938, -0.0005624178658),
            (-0.0184875, 0.003289820468, 0.0002304662132),
            (-0.0184875, 0.003210619556, 0.0008949785842),
            (-0.0184875, 0.002979160701, 0.001544174215),
            (-0.0184875, 0.002612594468, 0.002159880187),
            (-0.0184875, 0.002135636338, 0.002719482083),
            (-0.0184875, 0.001576034441, 0.003196440213),
            (-0.0184875, 0.0009603284701, 0.003563006446),
            (-0.0184875, 0.000311132839, 0.003794465302),
            (-0.0184875, -0.000353379532, 0.003873666213),
            (-0.0184875, -0.001017891903, 0.003794465302),
            (-0.0184875, -0.001667087534, 0.003563006446),
            (-0.0184875, -0.002282793505, 0.003196440213),
            (-0.0184875, -0.002842395402, 0.002719482083),
            (-0.0184875, -0.003319353532, 0.002159880187),
            (-0.0184875, -0.003685919765, 0.001544174215),
            (-0.0184875, -0.00391737862, 0.0008949785842),
            (-0.0184875, -0.003996579532, 0.0002304662132),
            (-0.0184875, -0.00391737862, -0.0004340461578),
            (-0.0184875, -0.003685919765, -0.001083241789),
            (-0.0184875, -0.003319353532, -0.00169894776),
            (-0.0184875, -0.002842395402, -0.002258549657),
            (-0.0184875, -0.002282793505, -0.002735507786),
            (-0.0184875, -0.001667087534, -0.00310207402),
            (-0.0184875, -0.001017891903, -0.003333532875),
            (-0.0184875, -0.000353379532, -0.003412733787),
            (-0.0184875, 0.000311132839, -0.003333532875),
            (-0.0184875, 0.0009603284701, -0.00310207402),
            (-0.0184875, 0.001576034441, -0.002735507786),
            (-0.0184875, 0.002135636338, -0.002258549657),
            (-0.0184875, 0.002612594468, -0.00169894776),
            (-0.0184875, 0.002979160701, -0.001083241789),
            (-0.0184875, 0.003210619556, -0.0004340461578),
            (-0.015875, 0.004031956228, 0.0002481811887),
            (-0.015875, 0.00393745514, 0.001041065268),
            (-0.015875, 0.003661282642, 0.001815673691),
            (-0.015875, 0.003223902477, 0.002550322861),
            (-0.015875, 0.002654804709, 0.00321802967),
            (-0.015875, 0.001987097901, 0.003787127438),
            (-0.015875, 0.00125244873, 0.004224507603),
            (-0.015875, 0.0004778403069, 0.004500680101),
            (-0.015875, -0.0003150437721, 0.004595181189),
            (-0.015875, -0.001107927851, 0.004500680101),
            (-0.015875, -0.001882536275, 0.004224507603),
            (-0.015875, -0.002617185445, 0.003787127438),
            (-0.015875, -0.003284892253, 0.00321802967),
            (-0.015875, -0.003853990022, 0.002550322861),
            (-0.015875, -0.004291370187, 0.001815673691),
            (-0.015875, -0.004567542684, 0.001041065268),
            (-0.015875, -0.004662043772, 0.0002481811887),
            (-0.015875, -0.004567542684, -0.0005447028903),
            (-0.015875, -0.004291370187, -0.001319311314),
            (-0.015875, -0.003853990022, -0.002053960484),
            (-0.015875, -0.003284892253, -0.002721667292),
            (-0.015875, -0.002617185445, -0.003290765061),
            (-0.015875, -0.001882536275, -0.003728145226),
            (-0.015875, -0.001107927851, -0.004004317724),
            (-0.015875, -0.0003150437721, -0.004098818811),
            (-0.015875, 0.0004778403069, -0.004004317724),
            (-0.015875, 0.00125244873, -0.003728145226),
            (-0.015875, 0.001987097901, -0.003290765061),
            (-0.015875, 0.002654804709, -0.002721667292),
            (-0.015875, 0.003223902477, -0.002053960484),
            (-0.015875, 0.003661282642, -0.001319311314),
            (-0.015875, 0.00393745514, -0.0005447028903),
            (-0.015875, 0.003328156228, 0.0002481811887),
            (-0.015875, 0.003248955316, 0.0009126935597),
            (-0.015875, 0.003017496461, 0.001561889191),
            (-0.015875, 0.002650930228, 0.002177595162),
            (-0.015875, 0.002173972098, 0.002737197058),
            (-0.015875, 0.001614370201, 0.003214155188),
            (-0.015875, 0.0009986642301, 0.003580721422),
            (-0.015875, 0.0003494685989, 0.003812180277),
            (-0.015875, -0.0003150437721, 0.003891381189),
            (-0.015875, -0.0009795561431, 0.003812180277),
            (-0.015875, -0.001628751774, 0.003580721422),
            (-0.015875, -0.002244457745, 0.003214155188),
            (-0.015875, -0.002804059642, 0.002737197058),
            (-0.015875, -0.003281017772, 0.002177595162),
            (-0.015875, -0.003647584005, 0.001561889191),
            (-0.015875, -0.00387904286, 0.0009126935597),
            (-0.015875, -0.003958243772, 0.0002481811887),
            (-0.015875, -0.00387904286, -0.0004163311823),
            (-0.015875, -0.003647584005, -0.001065526813),
            (-0.015875, -0.003281017772, -0.001681232785),
            (-0.015875, -0.002804059642, -0.002240834681),
            (-0.015875, -0.002244457745, -0.002717792811),
            (-0.015875, -0.001628751774, -0.003084359044),
            (-0.015875, -0.0009795561431, -0.0033158179),
            (-0.015875, -0.0003150437721, -0.003395018811),
            (-0.015875, 0.0003494685989, -0.0033158179),
            (-0.015875, 0.0009986642301, -0.003084359044),
            (-0.015875, 0.001614370201, -0.002717792811),
            (-0.015875, 0.002173972098, -0.002240834681),
            (-0.015875, 0.002650930228, -0.001681232785),
            (-0.015875, 0.003017496461, -0.001065526813),
            (-0.015875, 0.003248955316, -0.0004163311823),
            (-0.0132625, 0.00407541668, 0.0002635060437),
            (-0.0132625, 0.003980915593, 0.001056390123),
            (-0.0132625, 0.003704743095, 0.001830998546),
            (-0.0132625, 0.00326736293, 0.002565647716),
            (-0.0132625, 0.002698265161, 0.003233354525),
            (-0.0132625, 0.002030558353, 0.003802452293),
            (-0.0132625, 0.001295909183, 0.004239832458),
            (-0.0132625, 0.0005213007593, 0.004516004956),
            (-0.0132625, -0.0002715833197, 0.004610506044),
            (-0.0132625, -0.001064467399, 0.004516004956),
            (-0.0132625, -0.001839075822, 0.004239832458),
            (-0.0132625, -0.002573724992, 0.003802452293),
            (-0.0132625, -0.003241431801, 0.003233354525),
            (-0.0132625, -0.003810529569, 0.002565647716),
            (-0.0132625, -0.004247909734, 0.001830998546),
            (-0.0132625, -0.004524082232, 0.001056390123),
            (-0.0132625, -0.00461858332, 0.0002635060437),
            (-0.0132625, -0.004524082232, -0.0005293780353),
            (-0.0132625, -0.004247909734, -0.001303986459),
            (-0.0132625, -0.003810529569, -0.002038635629),
            (-0.0132625, -0.003241431801, -0.002706342437),
            (-0.0132625, -0.002573724992, -0.003275440206),
            (-0.0132625, -0.001839075822, -0.003712820371),
            (-0.0132625, -0.001064467399, -0.003988992869),
            (-0.0132625, -0.0002715833197, -0.004083493956),
            (-0.0132625, 0.0005213007593, -0.003988992869),
            (-0.0132625, 0.001295909183, -0.003712820371),
            (-0.0132625, 0.002030558353, -0.003275440206),
            (-0.0132625, 0.002698265161, -0.002706342437),
            (-0.0132625, 0.00326736293, -0.002038635629),
            (-0.0132625, 0.003704743095, -0.001303986459),
            (-0.0132625, 0.003980915593, -0.0005293780353),
            (-0.0132625, 0.00337161668, 0.0002635060437),
            (-0.0132625, 0.003292415769, 0.0009280184147),
            (-0.0132625, 0.003060956913, 0.001577214046),
            (-0.0132625, 0.00269439068, 0.002192920017),
            (-0.0132625, 0.00221743255, 0.002752521913),
            (-0.0132625, 0.001657830654, 0.003229480043),
            (-0.0132625, 0.001042124682, 0.003596046277),
            (-0.0132625, 0.0003929290513, 0.003827505132),
            (-0.0132625, -0.0002715833197, 0.003906706044),
            (-0.0132625, -0.0009360956907, 0.003827505132),
            (-0.0132625, -0.001585291322, 0.003596046277),
            (-0.0132625, -0.002200997293, 0.003229480043),
            (-0.0132625, -0.00276059919, 0.002752521913),
            (-0.0132625, -0.003237557319, 0.002192920017),
            (-0.0132625, -0.003604123553, 0.001577214046),
            (-0.0132625, -0.003835582408, 0.0009280184147),
            (-0.0132625, -0.00391478332, 0.0002635060437),
            (-0.0132625, -0.003835582408, -0.0004010063273),
            (-0.0132625, -0.003604123553, -0.001050201958),
            (-0.0132625, -0.003237557319, -0.00166590793),
            (-0.0132625, -0.00276059919, -0.002225509826),
            (-0.0132625, -0.002200997293, -0.002702467956),
            (-0.0132625, -0.001585291322, -0.003069034189),
            (-0.0132625, -0.0009360956907, -0.003300493045),
            (-0.0132625, -0.0002715833197, -0.003379693956),
            (-0.0132625, 0.0003929290513, -0.003300493045),
            (-0.0132625, 0.001042124682, -0.003069034189),
            (-0.0132625, 0.001657830654, -0.002702467956),
            (-0.0132625, 0.00221743255, -0.002225509826),
            (-0.0132625, 0.00269439068, -0.00166590793),
            (-0.0132625, 0.003060956913, -0.001050201958),
            (-0.0132625, 0.003292415769, -0.0004010063273),
            (-0.01065, 0.004123294871, 0.0002762931914),
            (-0.01065, 0.004028793783, 0.00106917727),
            (-0.01065, 0.003752621286, 0.001843785694),
            (-0.01065, 0.003315241121, 0.002578434864),
            (-0.01065, 0.002746143352, 0.003246141672),
            (-0.01065, 0.002078436544, 0.003815239441),
            (-0.01065, 0.001343787374, 0.004252619606),
            (-0.01065, 0.0005691789501, 0.004528792104),
            (-0.01065, -0.0002237051289, 0.004623293191),
            (-0.01065, -0.001016589208, 0.004528792104),
            (-0.01065, -0.001791197632, 0.004252619606),
            (-0.01065, -0.002525846802, 0.003815239441),
            (-0.01065, -0.00319355361, 0.003246141672),
            (-0.01065, -0.003762651378, 0.002578434864),
            (-0.01065, -0.004200031543, 0.001843785694),
            (-0.01065, -0.004476204041, 0.00106917727),
            (-0.01065, -0.004570705129, 0.0002762931914),
            (-0.01065, -0.004476204041, -0.0005165908876),
            (-0.01065, -0.004200031543, -0.001291199311),
            (-0.01065, -0.003762651378, -0.002025848481),
            (-0.01065, -0.00319355361, -0.00269355529),
            (-0.01065, -0.002525846802, -0.003262653058),
            (-0.01065, -0.001791197632, -0.003700033223),
            (-0.01065, -0.001016589208, -0.003976205721),
            (-0.01065, -0.0002237051289, -0.004070706809),
            (-0.01065, 0.0005691789501, -0.003976205721),
            (-0.01065, 0.001343787374, -0.003700033223),
            (-0.01065, 0.002078436544, -0.003262653058),
            (-0.01065, 0.002746143352, -0.00269355529),
            (-0.01065, 0.003315241121, -0.002025848481),
            (-0.01065, 0.003752621286, -0.001291199311),
            (-0.01065, 0.004028793783, -0.0005165908876),
            (-0.01065, 0.003419494871, 0.0002762931914),
            (-0.01065, 0.003340293959, 0.0009408055624),
            (-0.01065, 0.003108835104, 0.001590001194),
            (-0.01065, 0.002742268871, 0.002205707165),
            (-0.01065, 0.002265310741, 0.002765309061),
            (-0.01065, 0.001705708844, 0.003242267191),
            (-0.01065, 0.001090002873, 0.003608833425),
            (-0.01065, 0.000440807242, 0.00384029228),
            (-0.01065, -0.0002237051289, 0.003919493191),
            (-0.01065, -0.0008882174999, 0.00384029228),
            (-0.01065, -0.001537413131, 0.003608833425),
            (-0.01065, -0.002153119102, 0.003242267191),
            (-0.01065, -0.002712720999, 0.002765309061),
            (-0.01065, -0.003189679129, 0.002205707165),
            (-0.01065, -0.003556245362, 0.001590001194),
            (-0.01065, -0.003787704217, 0.0009408055624),
            (-0.01065, -0.003866905129, 0.0002762931914),
            (-0.01065, -0.003787704217, -0.0003882191795),
            (-0.01065, -0.003556245362, -0.001037414811),
            (-0.01065, -0.003189679129, -0.001653120782),
            (-0.01065, -0.002712720999, -0.002212722678),
            (-0.01065, -0.002153119102, -0.002689680808),
            (-0.01065, -0.001537413131, -0.003056247042),
            (-0.01065, -0.0008882174999, -0.003287705897),
            (-0.01065, -0.0002237051289, -0.003366906809),
            (-0.01065, 0.000440807242, -0.003287705897),
            (-0.01065, 0.001090002873, -0.003056247042),
            (-0.01065, 0.001705708844, -0.002689680808),
            (-0.01065, 0.002265310741, -0.002212722678),
            (-0.01065, 0.002742268871, -0.001653120782),
            (-0.01065, 0.003108835104, -0.001037414811),
            (-0.01065, 0.003340293959, -0.0003882191795),
            (-0.0080375, 0.004174811985, 0.0002864194847),
            (-0.0080375, 0.004080310897, 0.001079303564),
            (-0.0080375, 0.003804138399, 0.001853911987),
            (-0.0080375, 0.003366758234, 0.002588561157),
            (-0.0080375, 0.002797660466, 0.003256267966),
            (-0.0080375, 0.002129953657, 0.003825365734),
            (-0.0080375, 0.001395304487, 0.004262745899),
            (-0.0080375, 0.0006206960637, 0.004538918397),
            (-0.0080375, -0.0001721880153, 0.004633419485),
            (-0.0080375, -0.0009650720943, 0.004538918397),
            (-0.0080375, -0.001739680518, 0.004262745899),
            (-0.0080375, -0.002474329688, 0.003825365734),
            (-0.0080375, -0.003142036496, 0.003256267966),
            (-0.0080375, -0.003711134265, 0.002588561157),
            (-0.0080375, -0.00414851443, 0.001853911987),
            (-0.0080375, -0.004424686928, 0.001079303564),
            (-0.0080375, -0.004519188015, 0.0002864194847),
            (-0.0080375, -0.004424686928, -0.0005064645943),
            (-0.0080375, -0.00414851443, -0.001281073018),
            (-0.0080375, -0.003711134265, -0.002015722188),
            (-0.0080375, -0.003142036496, -0.002683428996),
            (-0.0080375, -0.002474329688, -0.003252526765),
            (-0.0080375, -0.001739680518, -0.00368990693),
            (-0.0080375, -0.0009650720943, -0.003966079428),
            (-0.0080375, -0.0001721880153, -0.004060580515),
            (-0.0080375, 0.0006206960637, -0.003966079428),
            (-0.0080375, 0.001395304487, -0.00368990693),
            (-0.0080375, 0.002129953657, -0.003252526765),
            (-0.0080375, 0.002797660466, -0.002683428996),
            (-0.0080375, 0.003366758234, -0.002015722188),
            (-0.0080375, 0.003804138399, -0.001281073018),
            (-0.0080375, 0.004080310897, -0.0005064645943),
            (-0.0080375, 0.003471011985, 0.0002864194847),
            (-0.0080375, 0.003391811073, 0.0009509318557),
            (-0.0080375, 0.003160352218, 0.001600127487),
            (-0.0080375, 0.002793785984, 0.002215833458),
            (-0.0080375, 0.002316827854, 0.002775435354),
            (-0.0080375, 0.001757225958, 0.003252393484),
            (-0.0080375, 0.001141519987, 0.003618959718),
            (-0.0080375, 0.0004923243557, 0.003850418573),
            (-0.0080375, -0.0001721880153, 0.003929619485),
            (-0.0080375, -0.0008367003863, 0.003850418573),
            (-0.0080375, -0.001485896017, 0.003618959718),
            (-0.0080375, -0.002101601989, 0.003252393484),
            (-0.0080375, -0.002661203885, 0.002775435354),
            (-0.0080375, -0.003138162015, 0.002215833458),
            (-0.0080375, -0.003504728248, 0.001600127487),
            (-0.0080375, -0.003736187104, 0.0009509318557),
            (-0.0080375, -0.003815388015, 0.0002864194847),
            (-0.0080375, -0.003736187104, -0.0003780928863),
            (-0.0080375, -0.003504728248, -0.001027288517),
            (-0.0080375, -0.003138162015, -0.001642994489),
            (-0.0080375, -0.002661203885, -0.002202596385),
            (-0.0080375, -0.002101601989, -0.002679554515),
            (-0.0080375, -0.001485896017, -0.003046120748),
            (-0.0080375, -0.0008367003863, -0.003277579604),
            (-0.0080375, -0.0001721880153, -0.003356780515),
            (-0.0080375, 0.0004923243557, -0.003277579604),
            (-0.0080375, 0.001141519987, -0.003046120748),
            (-0.0080375, 0.001757225958, -0.002679554515),
            (-0.0080375, 0.002316827854, -0.002202596385),
            (-0.0080375, 0.002793785984, -0.001642994489),
            (-0.0080375, 0.003160352218, -0.001027288517),
            (-0.0080375, 0.003391811073, -0.0003780928863),
            (-0.005425, 0.004229130013, 0.0002937874018),
            (-0.005425, 0.004134628925, 0.001086671481),
            (-0.005425, 0.003858456427, 0.001861279904),
            (-0.005425, 0.003421076262, 0.002595929074),
            (-0.005425, 0.002851978494, 0.003263635883),
            (-0.005425, 0.002184271685, 0.003832733651),
            (-0.005425, 0.001449622515, 0.004270113816),
            (-0.005425, 0.0006750140917, 0.004546286314),
            (-0.005425, -0.0001178699873, 0.004640787402),
            (-0.005425, -0.0009107540664, 0.004546286314),
            (-0.005425, -0.00168536249, 0.004270113816),
            (-0.005425, -0.00242001166, 0.003832733651),
            (-0.005425, -0.003087718468, 0.003263635883),
            (-0.005425, -0.003656816237, 0.002595929074),
            (-0.005425, -0.004094196402, 0.001861279904),
            (-0.005425, -0.0043703689, 0.001086671481),
            (-0.005425, -0.004464869987, 0.0002937874018),
            (-0.005425, -0.0043703689, -0.0004990966772),
            (-0.005425, -0.004094196402, -0.001273705101),
            (-0.005425, -0.003656816237, -0.002008354271),
            (-0.005425, -0.003087718468, -0.002676061079),
            (-0.005425, -0.00242001166, -0.003245158848),
            (-0.005425, -0.00168536249, -0.003682539013),
            (-0.005425, -0.0009107540664, -0.003958711511),
            (-0.005425, -0.0001178699873, -0.004053212598),
            (-0.005425, 0.0006750140917, -0.003958711511),
            (-0.005425, 0.001449622515, -0.003682539013),
            (-0.005425, 0.002184271685, -0.003245158848),
            (-0.005425, 0.002851978494, -0.002676061079),
            (-0.005425, 0.003421076262, -0.002008354271),
            (-0.005425, 0.003858456427, -0.001273705101),
            (-0.005425, 0.004134628925, -0.0004990966772),
            (-0.005425, 0.003525330013, 0.0002937874018),
            (-0.005425, 0.003446129101, 0.0009582997728),
            (-0.005425, 0.003214670246, 0.001607495404),
            (-0.005425, 0.002848104012, 0.002223201375),
            (-0.005425, 0.002371145882, 0.002782803272),
            (-0.005425, 0.001811543986, 0.003259761401),
            (-0.005425, 0.001195838015, 0.003626327635),
            (-0.005425, 0.0005466423836, 0.00385778649),
            (-0.005425, -0.0001178699873, 0.003936987402),
            (-0.005425, -0.0007823823583, 0.00385778649),
            (-0.005425, -0.001431577989, 0.003626327635),
            (-0.005425, -0.002047283961, 0.003259761401),
            (-0.005425, -0.002606885857, 0.002782803272),
            (-0.005425, -0.003083843987, 0.002223201375),
            (-0.005425, -0.00345041022, 0.001607495404),
            (-0.005425, -0.003681869076, 0.0009582997728),
            (-0.005425, -0.003761069987, 0.0002937874018),
            (-0.005425, -0.003681869076, -0.0003707249692),
            (-0.005425, -0.00345041022, -0.0010199206),
            (-0.005425, -0.003083843987, -0.001635626572),
            (-0.005425, -0.002606885857, -0.002195228468),
            (-0.005425, -0.002047283961, -0.002672186598),
            (-0.005425, -0.001431577989, -0.003038752831),
            (-0.005425, -0.0007823823583, -0.003270211687),
            (-0.005425, -0.0001178699873, -0.003349412598),
            (-0.005425, 0.0005466423836, -0.003270211687),
            (-0.005425, 0.001195838015, -0.003038752831),
            (-0.005425, 0.001811543986, -0.002672186598),
            (-0.005425, 0.002371145882, -0.002195228468),
            (-0.005425, 0.002848104012, -0.001635626572),
            (-0.005425, 0.003214670246, -0.0010199206),
            (-0.005425, 0.003446129101, -0.0003707249692),
            (-0.0028125, 0.004285365385, 0.0002983259856),
            (-0.0028125, 0.004190864297, 0.001091210065),
            (-0.0028125, 0.0039146918, 0.001865818488),
            (-0.0028125, 0.003477311635, 0.002600467658),
            (-0.0028125, 0.002908213866, 0.003268174467),
            (-0.0028125, 0.002240507058, 0.003837272235),
            (-0.0028125, 0.001505857888, 0.0042746524),
            (-0.0028125, 0.0007312494641, 0.004550824898),
            (-0.0028125, -6.163461493e-05, 0.004645325986),
            (-0.0028125, -0.0008545186939, 0.004550824898),
            (-0.0028125, -0.001629127117, 0.0042746524),
            (-0.0028125, -0.002363776288, 0.003837272235),
            (-0.0028125, -0.003031483096, 0.003268174467),
            (-0.0028125, -0.003600580864, 0.002600467658),
            (-0.0028125, -0.004037961029, 0.001865818488),
            (-0.0028125, -0.004314133527, 0.001091210065),
            (-0.0028125, -0.004408634615, 0.0002983259856),
            (-0.0028125, -0.004314133527, -0.0004945580935),
            (-0.0028125, -0.004037961029, -0.001269166517),
            (-0.0028125, -0.003600580864, -0.002003815687),
            (-0.0028125, -0.003031483096, -0.002671522495),
            (-0.0028125, -0.002363776288, -0.003240620264),
            (-0.0028125, -0.001629127117, -0.003678000429),
            (-0.0028125, -0.0008545186939, -0.003954172927),
            (-0.0028125, -6.163461493e-05, -0.004048674014),
            (-0.0028125, 0.0007312494641, -0.003954172927),
            (-0.0028125, 0.001505857888, -0.003678000429),
            (-0.0028125, 0.002240507058, -0.003240620264),
            (-0.0028125, 0.002908213866, -0.002671522495),
            (-0.0028125, 0.003477311635, -0.002003815687),
            (-0.0028125, 0.0039146918, -0.001269166517),
            (-0.0028125, 0.004190864297, -0.0004945580935),
            (-0.0028125, 0.003581565385, 0.0002983259856),
            (-0.0028125, 0.003502364473, 0.0009628383565),
            (-0.0028125, 0.003270905618, 0.001612033988),
            (-0.0028125, 0.002904339385, 0.002227739959),
            (-0.0028125, 0.002427381255, 0.002787341855),
            (-0.0028125, 0.001867779358, 0.003264299985),
            (-0.0028125, 0.001252073387, 0.003630866219),
            (-0.0028125, 0.0006028777561, 0.003862325074),
            (-0.0028125, -6.163461493e-05, 0.003941525986),
            (-0.0028125, -0.0007261469859, 0.003862325074),
            (-0.0028125, -0.001375342617, 0.003630866219),
            (-0.0028125, -0.001991048588, 0.003264299985),
            (-0.0028125, -0.002550650485, 0.002787341855),
            (-0.0028125, -0.003027608615, 0.002227739959),
            (-0.0028125, -0.003394174848, 0.001612033988),
            (-0.0028125, -0.003625633703, 0.0009628383565),
            (-0.0028125, -0.003704834615, 0.0002983259856),
            (-0.0028125, -0.003625633703, -0.0003661863854),
            (-0.0028125, -0.003394174848, -0.001015382017),
            (-0.0028125, -0.003027608615, -0.001631087988),
            (-0.0028125, -0.002550650485, -0.002190689884),
            (-0.0028125, -0.001991048588, -0.002667648014),
            (-0.0028125, -0.001375342617, -0.003034214248),
            (-0.0028125, -0.0007261469859, -0.003265673103),
            (-0.0028125, -6.163461493e-05, -0.003344874014),
            (-0.0028125, 0.0006028777561, -0.003265673103),
            (-0.0028125, 0.001252073387, -0.003034214248),
            (-0.0028125, 0.001867779358, -0.002667648014),
            (-0.0028125, 0.002427381255, -0.002190689884),
            (-0.0028125, 0.002904339385, -0.001631087988),
            (-0.0028125, 0.003270905618, -0.001015382017),
            (-0.0028125, 0.003502364473, -0.0003661863854),
            (-0.0002, 0.004342603343, 0.000299991527),
            (-0.0002, 0.004248102256, 0.001092875606),
            (-0.0002, 0.003971929758, 0.00186748403),
            (-0.0002, 0.003534549593, 0.0026021332),
            (-0.0002, 0.002965451824, 0.003269840008),
            (-0.0002, 0.002297745016, 0.003838937777),
            (-0.0002, 0.001563095846, 0.004276317941),
            (-0.0002, 0.0007884874224, 0.004552490439),
            (-0.0002, -4.396656607e-06, 0.004646991527),
            (-0.0002, -0.0007972807356, 0.004552490439),
            (-0.0002, -0.001571889159, 0.004276317941),
            (-0.0002, -0.002306538329, 0.003838937777),
            (-0.0002, -0.002974245138, 0.003269840008),
            (-0.0002, -0.003543342906, 0.0026021332),
            (-0.0002, -0.003980723071, 0.00186748403),
            (-0.0002, -0.004256895569, 0.001092875606),
            (-0.0002, -0.004351396657, 0.000299991527),
            (-0.0002, -0.004256895569, -0.000492892552),
            (-0.0002, -0.003980723071, -0.001267500976),
            (-0.0002, -0.003543342906, -0.002002150146),
            (-0.0002, -0.002974245138, -0.002669856954),
            (-0.0002, -0.002306538329, -0.003238954722),
            (-0.0002, -0.001571889159, -0.003676334887),
            (-0.0002, -0.0007972807356, -0.003952507385),
            (-0.0002, -4.396656607e-06, -0.004047008473),
            (-0.0002, 0.0007884874224, -0.003952507385),
            (-0.0002, 0.001563095846, -0.003676334887),
            (-0.0002, 0.002297745016, -0.003238954722),
            (-0.0002, 0.002965451824, -0.002669856954),
            (-0.0002, 0.003534549593, -0.002002150146),
            (-0.0002, 0.003971929758, -0.001267500976),
            (-0.0002, 0.004248102256, -0.000492892552),
            (-0.0002, 0.003638803343, 0.000299991527),
            (-0.0002, 0.003559602432, 0.000964503898),
            (-0.0002, 0.003328143576, 0.001613699529),
            (-0.0002, 0.002961577343, 0.0022294055),
            (-0.0002, 0.002484619213, 0.002789007397),
            (-0.0002, 0.001925017317, 0.003265965527),
            (-0.0002, 0.001309311346, 0.00363253176),
            (-0.0002, 0.0006601157144, 0.003863990615),
            (-0.0002, -4.396656607e-06, 0.003943191527),
            (-0.0002, -0.0006689090276, 0.003863990615),
            (-0.0002, -0.001318104659, 0.00363253176),
            (-0.0002, -0.00193381063, 0.003265965527),
            (-0.0002, -0.002493412526, 0.002789007397),
            (-0.0002, -0.002970370656, 0.0022294055),
            (-0.0002, -0.00333693689, 0.001613699529),
            (-0.0002, -0.003568395745, 0.000964503898),
            (-0.0002, -0.003647596657, 0.000299991527),
            (-0.0002, -0.003568395745, -0.000364520844),
            (-0.0002, -0.00333693689, -0.001013716475),
            (-0.0002, -0.002970370656, -0.001629422446),
            (-0.0002, -0.002493412526, -0.002189024343),
            (-0.0002, -0.00193381063, -0.002665982473),
            (-0.0002, -0.001318104659, -0.003032548706),
            (-0.0002, -0.0006689090276, -0.003264007561),
            (-0.0002, -4.396656607e-06, -0.003343208473),
            (-0.0002, 0.0006601157144, -0.003264007561),
            (-0.0002, 0.001309311346, -0.003032548706),
            (-0.0002, 0.001925017317, -0.002665982473),
            (-0.0002, 0.002484619213, -0.002189024343),
            (-0.0002, 0.002961577343, -0.001629422446),
            (-0.0002, 0.003328143576, -0.001013716475),
            (-0.0002, 0.003559602432, -0.000364520844)
        ]
        normal3f[] normals = [
            (-0.6781596837, 0.7349143185, -0.0006227778686),
            (-0.680584503, 0.7134373547, 0.1667689272),
            (-0.6847007234, 0.6597531615, 0.3096945029),
            (-0.6883609003, 0.5900878709, 0.4218478109),
            (-0.6902468427, 0.5120130019, 0.5112748596),
            (-0.6900442341, 0.4218052408, 0.5881490405),
            (-0.6882049177, 0.3093776323, 0.6562465024),
            (-0.6860506967, 0.1668250819, 0.7081693537),
            (-0.685507211, 0.0004888651142, 0.7280656733),
            (-0.6875274821, -0.1656330323, 0.7070160253),
            (-0.6909470335, -0.3076124843, 0.6541916817),
            (-0.6937835893, -0.4192617311, 0.5855629189),
            (-0.6947847387, -0.5086066832, 0.5085208046),
            (-0.693587547, -0.5857905471, 0.4192681117),
            (-0.6905387112, -0.6546043911, 0.3076513929),
            (-0.6868900792, -0.7076365098, 0.1656278632),
            (-0.6846498637, -0.7288718551, -0.0006188742674),
            (-0.6850209606, -0.7090922972, -0.1671358659),
            (-0.6870680464, -0.6571988405, -0.3098825322),
            (-0.6888547843, -0.5890568001, -0.4224821563),
            (-0.6890417133, -0.5120859179, -0.5128250481),
            (-0.6871697141, -0.4225215187, -0.5909935281),
            (-0.6835607138, -0.3101951582, -0.660699413),
            (-0.6795508395, -0.167076507, -0.7143501223),
            (-0.6772981971, 0.0004927686471, -0.7357084405),
            (-0.678065826, 0.1682700246, -0.7154802124),
            (-0.6808026064, 0.3119483872, -0.6627186544),
            (-0.6834088388, 0.4250408373, -0.5935424548),
            (-0.6844803407, 0.5154595539, -0.5155464203),
            (-0.6836066172, 0.5933169282, -0.4250376638),
            (-0.6812140668, 0.6623120299, -0.3119137225),
            (-0.6787071561, 0.7148699023, -0.1682783975),
            (-0.7377408987, -0.6750837275, 0.0005720764915),
            (-0.7351963499, -0.6600608471, -0.1542919481),
            (-0.7307456553, -0.6179546388, -0.2900738728),
            (-0.7268246563, -0.5587312265, -0.399431265),
            (-0.7248714419, -0.4874659148, -0.4867631607),
            (-0.7252275025, -0.4012572503, -0.5594977111),
            (-0.7274489611, -0.2925958982, -0.6206493771),
            (-0.7301042259, -0.1566860911, -0.6651295274),
            (-0.7309282738, -0.0004582389085, -0.6824541366),
            (-0.728715245, 0.1562032399, -0.6667643059),
            (-0.7248467962, 0.2931467252, -0.6234277179),
            (-0.7216527533, 0.4030029987, -0.5628551206),
            (-0.7205247583, 0.4903698963, -0.490287097),
            (-0.7218410914, 0.5627666442, -0.4027892041),
            (-0.7252355359, 0.6231142291, -0.2928516262),
            (-0.7293154476, 0.6661733763, -0.1559230922),
            (-0.7317303468, 0.6815939881, 0.0005787313327),
            (-0.7310693814, 0.6641048465, 0.1565321454),
            (-0.7285220183, 0.6195984131, 0.292153171),
            (-0.7263568296, 0.5585178355, 0.4005790603),
            (-0.7260166096, 0.4859103853, 0.4866117344),
            (-0.7279503667, 0.3987537269, 0.5577488044),
            (-0.7318112948, 0.2896316049, 0.6169001233),
            (-0.7361506782, 0.1541384329, 0.6590322621),
            (-0.7385306778, -0.0004515842448, 0.6742197224),
            (-0.7375169765, -0.1546086755, 0.6573924755),
            (-0.7343756656, -0.2890681448, 0.6141107306),
            (-0.7314802966, -0.3969934308, 0.5543760381),
            (-0.7303166064, -0.482990177, 0.4830715716),
            (-0.7312955741, -0.5544670605, 0.3972065735),
            (-0.7339943418, -0.6144277706, 0.2893627844),
            (-0.7369275996, -0.657987309, 0.1548883924),
            (0.007587726623, 0.9999712128, 4.946257384e-06),
            (0.004824750762, 0.9735226831, 0.2285395092),
            (0.002092732279, 0.9048439333, 0.4257382727),
            (-0.0003582624183, 0.8130280003, 0.5822244777),
            (-0.002562561554, 0.7070700946, 0.7071388227),
            (-0.004698155818, 0.5821353816, 0.8130783018),
            (-0.006914730407, 0.4256279304, 0.9048718425),
            (-0.009180494411, 0.2284193898, 0.9735195431),
            (-0.01121007991, -9.781966006e-05, 0.9999371603),
            (-0.01264610229, -0.2285860252, 0.9734415777),
            (-0.01337145482, -0.4257321602, 0.9047504253),
            (-0.01352916019, -0.5821814741, 0.8129463039),
            (-0.01328916307, -0.7070764708, 0.7070122082),
            (-0.0126926839, -0.8130106073, 0.582110512),
            (-0.0116352135, -0.9048145476, 0.425646868),
            (-0.009946308806, -0.9734960526, 0.2284874319),
            (-0.007586392587, -0.9999712229, 2.562922712e-06),
            (-0.00482513571, -0.9735340192, -0.2284912065),
            (-0.002094429604, -0.9048757557, -0.425670624),
            (0.0003558813793, -0.8130783644, -0.5821541434),
            (0.002559734789, -0.7071391273, -0.7070698003),
            (0.004694798431, -0.5822312053, -0.8130097062),
            (0.006910807569, -0.4257633687, -0.9048081535),
            (0.009176513768, -0.2285981168, -0.9734776282),
            (0.01120715985, -0.0001002027684, -0.9999371928),
            (0.01264499018, 0.2284104884, -0.9734827954),
            (0.01337185006, 0.4256015111, -0.9048118851),
            (0.01353041017, 0.5820907431, -0.8130112513),
            (0.01329092352, 0.7070124911, -0.7070761549),
            (0.01269491008, 0.8129653004, -0.5821737366),
            (0.01163783397, 0.9047874484, -0.4257043974),
            (0.009948792143, 0.9734878453, -0.2285222891),
            (-0.007587726623, -0.9999712128, -4.946257384e-06),
            (-0.004824750762, -0.9735226831, -0.2285395092),
            (-0.002092732279, -0.9048439333, -0.4257382727),
            (0.0003582624183, -0.8130280003, -0.5822244777),
            (0.002562561554, -0.7070700946, -0.7071388227),
            (0.004698155818, -0.5821353816, -0.8130783018),
            (0.006914730407, -0.4256279304, -0.9048718425),
            (0.009180494411, -0.2284193898, -0.9735195431),
            (0.01121007991, 9.781966006e-05, -0.9999371603),
            (0.01264610229, 0.2285860252, -0.9734415777),
            (0.01337145482, 0.4257321602, -0.9047504253),
            (0.01352916019, 0.5821814741, -0.8129463039),
            (0.01328916307, 0.7070764708, -0.7070122082),
            (0.0126926839, 0.8130106073, -0.582110512),
            (0.0116352135, 0.9048145476, -0.425646868),
            (0.009946308806, 0.9734960526, -0.2284874319),
            (0.007586392587, 0.9999712229, -2.562922712e-06),
            (0.00482513571, 0.9735340192, 0.2284912065),
            (0.002094429604, 0.9048757557, 0.425670624),
            (-0.0003558813793, 0.8130783644, 0.5821541434),
            (-0.002559734789, 0.7071391273, 0.7070698003),
            (-0.004694798431, 0.5822312053, 0.8130097062),
            (-0.006910807569, 0.4257633687, 0.9048081535),
            (-0.009176513768, 0.2285981168, 0.9734776282),
            (-0.01120715985, 0.0001002027684, 0.9999371928),
            (-0.01264499018, -0.2284104884, 0.9734827954),
            (-0.01337185006, -0.4256015111, 0.9048118851),
            (-0.01353041017, -0.5820907431, 0.8130112513),
            (-0.01329092352, -0.7070124911, 0.7070761549),
            (-0.01269491008, -0.8129653004, 0.5821737366),
            (-0.01163783397, -0.9047874484, 0.4257043974),
            (-0.009948792143, -0.9734878453, 0.2285222891),
            (0.004907773481, 0.9999879568, 8.569314586e-06),
            (0.002250794488, 0.9735306048, 0.2285456092),
            (-0.0002667751118, 0.904844154, 0.4257428634),
            (-0.002447551098, 0.813023421, 0.582225838),
            (-0.00434859765, 0.7070631454, 0.7071370434),
            (-0.006133006499, 0.5821277049, 0.813074241),
            (-0.007915953277, 0.4256208375, 0.9048669738),
            (-0.009642588462, 0.2284138524, 0.9735163751),
            (-0.01105571922, -0.0001020971841, 0.9999388785),
            (-0.01188362577, -0.2285911702, 0.9734499763),
            (-0.01209140157, -0.4257406712, 0.9047644328),
            (-0.01184411981, -0.5821945086, 0.8129632655),
            (-0.01128582326, -0.707093879, 0.707029615),
            (-0.01042474757, -0.8130315046, 0.5821263584),
            (-0.009145395937, -0.9048372177, 0.4256594545),
            (-0.007302823065, -0.9735175286, 0.2284957117),
            (-0.004907109244, -0.99998796, 7.047180621e-06),
            (-0.002251772443, -0.9735440224, -0.2284884374),
            (0.0002647171691, -0.9048796869, -0.4256673374),
            (0.002445039029, -0.8130783809, -0.5821490945),
            (0.004345832114, -0.7071374853, -0.7070627205),
            (0.006129918464, -0.5822298851, -0.8130010978),
            (0.007912582396, -0.4257640023, -0.9047996493),
            (0.009639489034, -0.2286011579, -0.9734724397),
            (0.01105387321, -0.000103619106, -0.9999388987),
            (0.01188348797, 0.2284104454, -0.9734923991),
            (0.01209248904, 0.4256074046, -0.9048271155),
            (0.01184578899, 0.582102879, -0.8130288529),
            (0.01128779432, 0.7070300326, -0.70709343),
            (0.01042699294, 0.8129870729, -0.5821883691),
            (0.009147796756, 0.9048115416, -0.4257139791),
            (0.007304807128, 0.9735106534, -0.2285249386),
            (-0.004907773481, -0.9999879568, -8.569314586e-06),
            (-0.002250794488, -0.9735306048, -0.2285456092),
            (0.0002667751118, -0.904844154, -0.4257428634),
            (0.002447551098, -0.813023421, -0.582225838),
            (0.00434859765, -0.7070631454, -0.7071370434),
            (0.006133006499, -0.5821277049, -0.813074241),
            (0.007915953277, -0.4256208375, -0.9048669738),
            (0.009642588462, -0.2284138524, -0.9735163751),
            (0.01105571922, 0.0001020971841, -0.9999388785),
            (0.01188362577, 0.2285911702, -0.9734499763),
            (0.01209140157, 0.4257406712, -0.9047644328),
            (0.01184411981, 0.5821945086, -0.8129632655),
            (0.01128582326, 0.707093879, -0.707029615),
            (0.01042474757, 0.8130315046, -0.5821263584),
            (0.009145395937, 0.9048372177, -0.4256594545),
            (0.007302823065, 0.9735175286, -0.2284957117),
            (0.004907109244, 0.99998796, -7.047180621e-06),
            (0.002251772443, 0.9735440224, 0.2284884374),
            (-0.0002647171691, 0.9048796869, 0.4256673374),
            (-0.002445039029, 0.8130783809, 0.5821490945),
            (-0.004345832114, 0.7071374853, 0.7070627205),
            (-0.006129918464, 0.5822298851, 0.8130010978),
            (-0.007912582396, 0.4257640023, 0.9047996493),
            (-0.009639489034, 0.2286011579, 0.9734724397),
            (-0.01105387321, 0.000103619106, 0.9999388987),
            (-0.01188348797, -0.2284104454, 0.9734923991),
            (-0.01209248904, -0.4256074046, 0.9048271155),
            (-0.01184578899, -0.582102879, 0.8130288529),
            (-0.01128779432, -0.7070300326, 0.70709343),
            (-0.01042699294, -0.8129870729, 0.5821883691),
            (-0.009147796756, -0.9048115416, 0.4257139791),
            (-0.007304807128, -0.9735106534, 0.2285249386),
            (0.00214786137, 0.9999976933, 1.211393591e-05),
            (-0.000376579735, 0.973532147, 0.2285498127),
            (-0.002653145546, 0.9048395216, 0.4257445254),
            (-0.00453967115, 0.8130156808, 0.5822240927),
            (-0.006115689864, 0.7070545742, 0.7071325388),
            (-0.007527655934, 0.5821197757, 0.813068202),
            (-0.008854713995, 0.4256146481, 0.9048611857),
            (-0.01001918947, 0.2284099291, 0.9735134925),
            (-0.01079484183, -0.0001047048379, 0.9999417285),
            (-0.01099923287, -0.2285949683, 0.973459479),
            (-0.01068099899, -0.4257479281, 0.9047787674),
            (-0.01002598874, -0.5822058643, 0.8129795884),
            (-0.00915067376, -0.7071087341, 0.7070456161),
            (-0.008029824904, -0.8130486432, 0.5821403831),
            (-0.006537918121, -0.9048547285, 0.4256702668),
            (-0.004557196805, -0.9735325812, 0.2285028345),
            (-0.002147919179, -0.9999976932, 1.146077625e-05),
            (0.0003750355745, -0.9735474524, -0.2284846106),
            (0.002650811827, -0.9048782203, -0.4256622834),
            (0.004537141681, -0.8130743764, -0.5821421415),
            (0.00611311745, -0.7071330447, -0.7070540905),
            (0.007524991291, -0.5822266824, -0.8129916758),
            (0.008852072064, -0.4257632405, -0.904791304),
            (0.01001714707, -0.2286027862, -0.9734682444),
            (0.01079419411, -0.0001053578921, -0.9999417354),
            (0.01100011073, 0.2284120186, -0.9735024126),
            (0.0106827532, 0.4256142469, -0.904841639),
            (0.01002801504, 0.5821148644, -0.8130447242),
            (0.009152772051, 0.7070460973, -0.7071082259),
            (0.008031986781, 0.8130058468, -0.5822001204),
            (0.006539981303, 0.9048309269, -0.4257208269),
            (0.004558573613, 0.9735271701, -0.2285258596),
            (-0.00214786137, -0.9999976933, -1.211393591e-05),
            (0.000376579735, -0.973532147, -0.2285498127),
            (0.002653145546, -0.9048395216, -0.4257445254),
            (0.00453967115, -0.8130156808, -0.5822240927),
            (0.006115689864, -0.7070545742, -0.7071325388),
            (0.007527655934, -0.5821197757, -0.813068202),
            (0.008854713995, -0.4256146481, -0.9048611857),
            (0.01001918947, -0.2284099291, -0.9735134925),
            (0.01079484183, 0.0001047048379, -0.9999417285),
            (0.01099923287, 0.2285949683, -0.973459479),
            (0.01068099899, 0.4257479281, -0.9047787674),
            (0.01002598874, 0.5822058643, -0.8129795884),
            (0.00915067376, 0.7071087341, -0.7070456161),
            (0.008029824904, 0.8130486432, -0.5821403831),
            (0.006537918121, 0.9048547285, -0.4256702668),
            (0.004557196805, 0.9735325812, -0.2285028345),
            (0.002147919179, 0.9999976932, -1.146077625e-05),
            (-0.0003750355745, 0.9735474524, 0.2284846106),
            (-0.002650811827, 0.9048782203, 0.4256622834),
            (-0.004537141681, 0.8130743764, 0.5821421415),
            (-0.00611311745, 0.7071330447, 0.7070540905),
            (-0.007524991291, 0.5822266824, 0.8129916758),
            (-0.008852072064, 0.4257632405, 0.904791304),
            (-0.01001714707, 0.2286027862, 0.9734682444),
            (-0.01079419411, 0.0001053578921, 0.9999417354),
            (-0.01100011073, -0.2284120186, 0.9735024126),
            (-0.0106827532, -0.4256142469, 0.904841639),
            (-0.01002801504, -0.5821148644, 0.8130447242),
            (-0.009152772051, -0.7070460973, 0.7071082259),
            (-0.008031986781, -0.8130058468, 0.5822001204),
            (-0.006539981303, -0.9048309269, 0.4257208269),
            (-0.004558573613, -0.9735271701, 0.2285258596),
            (-0.0006470436599, 0.9999997905, 1.556084585e-05),
            (-0.00301417451, 0.9735270334, 0.2285520293),
            (-0.005026779888, 0.9048300552, 0.4257432356),
            (-0.006599559314, 0.8130049717, 0.5822193417),
            (-0.007833863372, 0.707044641, 0.7071255237),
            (-0.008858019667, 0.5821118457, 0.8130604741),
            (-0.009714198259, 0.4256095469, 0.9048547662),
            (-0.01030251685, 0.2284077127, 0.9735110554),
            (-0.01042998942, -0.0001055871924, 0.9999456006),
            (-0.01000564405, -0.2285972742, 0.9734696571),
            (-0.00916163422, -0.4257535894, 0.9047927639),
            (-0.008102943344, -0.5822149765, 0.8129945039),
            (-0.006917235027, -0.7071202742, 0.7070594527),
            (-0.005545885758, -0.8130611149, 0.5821519274),
            (-0.003854487231, -0.9048661115, 0.4256788263),
            (-0.001753733442, -0.9735403261, 0.2285085508),
            (0.000646254108, -0.9999997911, 1.574494809e-05),
            (0.003012124135, -0.9735440126, -0.2284797204),
            (0.005024270836, -0.9048713392, -0.4256555136),
            (0.006597125989, -0.8130664986, -0.5821334442),
            (0.007831603017, -0.7071260152, -0.7070441745),
            (0.008855905264, -0.5822217893, -0.8129817717),
            (0.009712416096, -0.4257611962, -0.9047834397),
            (0.01030164068, -0.2286030149, -0.9734652217),
            (0.01043058875, -0.0001054031161, -0.9999455944),
            (0.01000751463, 0.228415111, -0.9735123968),
            (0.00916398699, 0.4256217212, -0.9048547794),
            (0.008105241145, 0.5821261429, -0.8130580907),
            (0.006919367838, 0.7070599213, -0.7071197848),
            (0.00554786501, 0.8130207047, -0.5822083432),
            (0.003856113804, 0.9048446211, -0.4257244908),
            (0.001754430462, 0.9735364974, -0.2285248568),
            (0.0006470436599, -0.9999997905, -1.556084585e-05),
            (0.00301417451, -0.9735270334, -0.2285520293),
            (0.005026779888, -0.9048300552, -0.4257432356),
            (0.006599559314, -0.8130049717, -0.5822193417),
            (0.007833863372, -0.707044641, -0.7071255237),
            (0.008858019667, -0.5821118457, -0.8130604741),
            (0.009714198259, -0.4256095469, -0.9048547662),
            (0.01030251685, -0.2284077127, -0.9735110554),
            (0.01042998942, 0.0001055871924, -0.9999456006),
            (0.01000564405, 0.2285972742, -0.9734696571),
            (0.00916163422, 0.4257535894, -0.9047927639),
            (0.008102943344, 0.5822149765, -0.8129945039),
            (0.006917235027, 0.7071202742, -0.7070594527),
            (0.005545885758, 0.8130611149, -0.5821519274),
            (0.003854487231, 0.9048661115, -0.4256788263),
            (0.001753733442, 0.9735403261, -0.2285085508),
            (-0.000646254108, 0.9999997911, -1.574494809e-05),
            (-0.003012124135, 0.9735440126, 0.2284797204),
            (-0.005024270836, 0.9048713392, 0.4256555136),
            (-0.006597125989, 0.8130664986, 0.5821334442),
            (-0.007831603017, 0.7071260152, 0.7070441745),
            (-0.008855905264, 0.5822217893, 0.8129817717),
            (-0.009712416096, 0.4257611962, 0.9047834397),
            (-0.01030164068, 0.2286030149, 0.9734652217),
            (-0.01043058875, 0.0001054031161, 0.9999455944),
            (-0.01000751463, -0.228415111, 0.9735123968),
            (-0.00916398699, -0.4256217212, 0.9048547794),
            (-0.008105241145, -0.5821261429, 0.8130580907),
            (-0.006919367838, -0.7070599213, 0.7071197848),
            (-0.00554786501, -0.8130207047, 0.5822083432),
            (-0.003856113804, -0.9048446211, 0.4257244908),
            (-0.001754430462, -0.9735364974, 0.2285248568),
            (-0.003431398745, 0.9999941126, 1.889104433e-05),
            (-0.005618468326, 0.9735154288, 0.2285522758),
            (-0.007347997432, 0.9048161109, 0.4257391366),
            (-0.008592282162, 0.8129917127, 0.5822118582),
            (-0.009473458654, 0.707033738, 0.7071163602),
            (-0.0101005044, 0.5821042218, 0.8130514466),
            (-0.01047826152, 0.4256057172, 0.9048480422),
            (-0.01048563778, 0.2284072673, 0.9735092047),
            (-0.00996470599, -0.0001047176207, 0.9999503456),
            (-0.00891668642, -0.2285979716, 0.9734800769),
            (-0.007555847852, -0.4257573706, 0.9048058193),
            (-0.006104314571, -0.5822213952, 0.8130073704),
            (-0.004620150385, -0.7071279308, 0.7070705366),
            (-0.003011959864, -0.8130682983, 0.5821605194),
            (-0.001137765707, -0.904870785, 0.4256848222),
            (0.0010624694, -0.9735403489, 0.2285127136),
            (0.003429911453, -0.9999941176, 1.984287534e-05),
            (0.005616002397, -0.9735338507, -0.2284738543),
            (0.007345424274, -0.9048593727, -0.4256472253),
            (0.008590052742, -0.8130551372, -0.5821233159),
            (0.009471610191, -0.7071167586, -0.7070333643),
            (0.01009903317, -0.5822154805, -0.8129717976),
            (0.01047741661, -0.4257580193, -0.9047763993),
            (0.0104859641, -0.2286018791, -0.9734635203),
            (0.009966522189, -0.0001037659046, -0.9999503276),
            (0.008919462789, 0.2284196052, -0.9735219192),
            (0.007558691155, 0.4256295301, -0.9048659399),
            (0.006106778793, 0.5821362465, -0.8130683229),
            (0.0046222203, 0.7070709159, -0.7071275379),
            (0.003013666043, 0.8130310029, -0.5822125954),
            (0.00113888105, 0.90485202, -0.4257247056),
            (-0.001062485014, 0.9735382048, -0.2285218476),
            (0.003431398745, -0.9999941126, -1.889104433e-05),
            (0.005618468326, -0.9735154288, -0.2285522758),
            (0.007347997432, -0.9048161109, -0.4257391366),
            (0.008592282162, -0.8129917127, -0.5822118582),
            (0.009473458654, -0.707033738, -0.7071163602),
            (0.0101005044, -0.5821042218, -0.8130514466),
            (0.01047826152, -0.4256057172, -0.9048480422),
            (0.01048563778, -0.2284072673, -0.9735092047),
            (0.00996470599, 0.0001047176207, -0.9999503456),
            (0.00891668642, 0.2285979716, -0.9734800769),
            (0.007555847852, 0.4257573706, -0.9048058193),
            (0.006104314571, 0.5822213952, -0.8130073704),
            (0.004620150385, 0.7071279308, -0.7070705366),
            (0.003011959864, 0.8130682983, -0.5821605194),
            (0.001137765707, 0.904870785, -0.4256848222),
            (-0.0010624694, 0.9735403489, -0.2285127136),
            (-0.003429911453, 0.9999941176, -1.984287534e-05),
            (-0.005616002397, 0.9735338507, 0.2284738543),
            (-0.007345424274, 0.9048593727, 0.4256472253),
            (-0.008590052742, 0.8130551372, 0.5821233159),
            (-0.009471610191, 0.7071167586, 0.7070333643),
            (-0.01009903317, 0.5822154805, 0.8129717976),
            (-0.01047741661, 0.4257580193, 0.9047763993),
            (-0.0104859641, 0.2286018791, 0.9734635203),
            (-0.009966522189, 0.0001037659046, 0.9999503276),
            (-0.008919462789, -0.2284196052, 0.9735219192),
            (-0.007558691155, -0.4256295301, 0.9048659399),
            (-0.006106778793, -0.5821362465, 0.8130683229),
            (-0.0046222203, -0.7070709159, 0.7071275379),
            (-0.003013666043, -0.8130310029, 0.5822125954),
            (-0.00113888105, -0.90485202, 0.4257247056),
            (0.001062485014, -0.9735382048, 0.2285218476),
            (-0.00615983522, 0.9999810278, 2.208529144e-05),
            (-0.008146337391, 0.9734979335, 0.2285506743),
            (-0.009577697165, 0.9047983652, 0.4257325287),
            (-0.0104836212, 0.8129765299, 0.5822020745),
            (-0.01100563163, 0.707022371, 0.7071055388),
            (-0.0112324103, 0.5820972509, 0.8130415878),
            (-0.01113171116, 0.4256033317, 0.9048413612),
            (-0.01056260072, 0.2284086252, 0.9735080541),
            (-0.009403501855, -0.0001020994041, 0.9999557809),
            (-0.00774709036, -0.2285969785, 0.9734903205),
            (-0.005886987146, -0.4257590578, 0.9048174225),
            (-0.004060127786, -0.5822248082, 0.8130177046),
            (-0.002294635577, -0.7071313587, 0.7070784795),
            (-0.0004675104622, -0.8130698912, 0.5821658986),
            (0.001569319586, -0.9048685848, 0.4256881271),
            (0.003846256179, -0.9735327271, 0.2285152852),
            (0.006157726338, -0.9999810407, 2.370109038e-05),
            (0.008143572782, -0.9735175526, -0.2284671901),
            (0.009575176384, -0.90484298, -0.4256377539),
            (0.01048169229, -0.8130409037, -0.5821122083),
            (0.01100427083, -0.7071057705, -0.7070221605),
            (0.01123163667, -0.5822080987, -0.8129622256),
            (0.0111318238, -0.4257538881, -0.9047705285),
            (0.01056409108, -0.228599433, -0.97346325),
            (0.00940642744, -0.0001004837152, -0.9999557535),
            (0.007750626097, 0.2284253678, -0.9735305743),
            (0.005890178702, 0.4256374099, -0.9048746328),
            (0.004062639297, 0.5821448194, -0.8130749683),
            (0.002296545515, 0.7070786975, -0.7071311345),
            (0.0004688665179, 0.8130364041, -0.5822126637),
            (-0.0015687618, 0.9048529296, -0.4257214051),
            (-0.003846975737, 0.9735323527, -0.228516868),
            (0.00615983522, -0.9999810278, -2.208529144e-05),
            (0.008146337391, -0.9734979335, -0.2285506743),
            (0.009577697165, -0.9047983652, -0.4257325287),
            (0.0104836212, -0.8129765299, -0.5822020745),
            (0.01100563163, -0.707022371, -0.7071055388),
            (0.0112324103, -0.5820972509, -0.8130415878),
            (0.01113171116, -0.4256033317, -0.9048413612),
            (0.01056260072, -0.2284086252, -0.9735080541),
            (0.009403501855, 0.0001020994041, -0.9999557809),
            (0.00774709036, 0.2285969785, -0.9734903205),
            (0.005886987146, 0.4257590578, -0.9048174225),
            (0.004060127786, 0.5822248082, -0.8130177046),
            (0.002294635577, 0.7071313587, -0.7070784795),
            (0.0004675104622, 0.8130698912, -0.5821658986),
            (-0.001569319586, 0.9048685848, -0.4256881271),
            (-0.003846256179, 0.9735327271, -0.2285152852),
            (-0.006157726338, 0.9999810407, -2.370109038e-05),
            (-0.008143572782, 0.9735175526, 0.2284671901),
            (-0.009575176384, 0.90484298, 0.4256377539),
            (-0.01048169229, 0.8130409037, 0.5821122083),
            (-0.01100427083, 0.7071057705, 0.7070221605),
            (-0.01123163667, 0.5822080987, 0.8129622256),
            (-0.0111318238, 0.4257538881, 0.9047705285),
            (-0.01056409108, 0.228599433, 0.97346325),
            (-0.00940642744, 0.0001004837152, 0.9999557535),
            (-0.007750626097, -0.2284253678, 0.9735305743),
            (-0.005890178702, -0.4256374099, 0.9048746328),
            (-0.004062639297, -0.5821448194, 0.8130749683),
            (-0.002296545515, -0.7070786975, 0.7071311345),
            (-0.0004688665179, -0.8130364041, 0.5822126637),
            (0.0015687618, -0.9048529296, 0.4257214051),
            (0.003846975737, -0.9735323527, 0.228516868),
            (-0.008787906468, 0.9999613853, 2.512365719e-05),
            (-0.0105557715, 0.9734755475, 0.228547444),
            (-0.01167801108, 0.9047777768, 0.4257238525),
            (-0.01224064885, 0.8129602215, 0.5821905571),
            (-0.01240284412, 0.7070111303, 0.7070936508),
            (-0.01223232339, 0.5820913003, 0.813031419),
            (-0.01166057861, 0.4256025429, 0.9048350714),
            (-0.01052855908, 0.2284117845, 0.9735076816),
            (-0.008751808382, -9.776626083e-05, 0.9999616974),
            (-0.006512277535, -0.2285942519, 0.9735000042),
            (-0.00417885141, -0.425758519, 0.9048271773),
            (-0.002000635598, -0.5822250563, 0.8130252034),
            (2.407755376e-05, -0.7071304512, 0.7070831099),
            (0.002048196488, -0.8130659231, 0.5821680252),
            (0.004224270597, -0.9048597688, 0.4256887999),
            (0.006553149539, -0.9735180226, 0.2285163362),
            (0.008785290115, -0.9999614082, 2.727077127e-05),
            (0.01055284514, -0.9734961076, -0.2284599875),
            (0.01167565848, -0.904823112, -0.4256275542),
            (0.01223910118, -0.8130245968, -0.5821006867),
            (0.01240201913, -0.7070936514, -0.7070111442),
            (0.01223226095, -0.5822000344, -0.8129535606),
            (0.01166161166, -0.4257489991, -0.9047661557),
            (0.01053110332, -0.2285957473, -0.973464473),
            (0.008755665129, -9.561913473e-05, -0.9999616639),
            (0.006516375142, 0.2284322557, -0.973538002),
            (0.004182222611, 0.4256451418, -0.9048805017),
            (0.002003067722, 0.5821516333, -0.8130777721),
            (-2.241911838e-05, 0.7070831033, -0.7071304579),
            (-0.002047250152, 0.8130368909, -0.5822085733),
            (-0.00422428607, 0.9048475717, -0.4257147254),
            (-0.006554523474, 0.973519484, -0.228510071),
            (0.008787906468, -0.9999613853, -2.512365719e-05),
            (0.0105557715, -0.9734755475, -0.228547444),
            (0.01167801108, -0.9047777768, -0.4257238525),
            (0.01224064885, -0.8129602215, -0.5821905571),
            (0.01240284412, -0.7070111303, -0.7070936508),
            (0.01223232339, -0.5820913003, -0.813031419),
            (0.01166057861, -0.4256025429, -0.9048350714),
            (0.01052855908, -0.2284117845, -0.9735076816),
            (0.008751808382, 9.776626083e-05, -0.9999616974),
            (0.006512277535, 0.2285942519, -0.9735000042),
            (0.00417885141, 0.425758519, -0.9048271773),
            (0.002000635598, 0.5822250563, -0.8130252034),
            (-2.407755376e-05, 0.7071304512, -0.7070831099),
            (-0.002048196488, 0.8130659231, -0.5821680252),
            (-0.004224270597, 0.9048597688, -0.4256887999),
            (-0.006553149539, 0.9735180226, -0.2285163362),
            (-0.008785290115, 0.9999614082, -2.727077127e-05),
            (-0.01055284514, 0.9734961076, 0.2284599875),
            (-0.01167565848, 0.904823112, 0.4256275542),
            (-0.01223910118, 0.8130245968, 0.5821006867),
            (-0.01240201913, 0.7070936514, 0.7070111442),
            (-0.01223226095, 0.5822000344, 0.8129535606),
            (-0.01166161166, 0.4257489991, 0.9047661557),
            (-0.01053110332, 0.2285957473, 0.973464473),
            (-0.008755665129, 9.561913473e-05, 0.9999616639),
            (-0.006516375142, -0.2284322557, 0.973538002),
            (-0.004182222611, -0.4256451418, 0.9048805017),
            (-0.002003067722, -0.5821516333, 0.8130777721),
            (2.241911838e-05, -0.7070831033, 0.7071304579),
            (0.002047250152, -0.8130368909, 0.5822085733),
            (0.00422428607, -0.9048475717, 0.4257147254),
            (0.006554523474, -0.973519484, 0.228510071),
            (-0.01127281909, 0.9999364594, 2.798516859e-05),
            (-0.01280657114, 0.9734496088, 0.2285428863),
            (-0.01361293812, 0.9047555288, 0.4257136609),
            (-0.0138322855, 0.8129437103, 0.5821779726),
            (-0.01363933621, 0.7070006568, 0.7070813531),
            (-0.01308049125, 0.582086736, 0.8130214835),
            (-0.01205237701, 0.4256034725, 0.9048295002),
            (-0.01037988315, 0.2284167071, 0.9735081232),
            (-0.008015924012, -9.178226072e-05, 0.9999678678),
            (-0.005228143526, -0.2285897911, 0.973508795),
            (-0.002455335167, -0.4257557098, 0.9048348175),
            (4.414854614e-05, -0.5822221384, 0.8130297532),
            (0.00230129375, -0.7071253417, 0.7070844753),
            (0.004496716507, -0.8130567476, 0.5821670762),
            (0.006785701469, -0.9048449958, 0.4256870775),
            (0.009140073088, -0.9734972416, 0.228516038),
            (0.01126984079, -0.9999364929, 3.050885614e-05),
            (0.01280363249, -0.9734708466, -0.2284525724),
            (0.01361086275, -0.9048009537, -0.4256171737),
            (0.01383117993, -0.8130071544, -0.5820893963),
            (0.01363906561, -0.707081072, -0.7070009431),
            (0.01308111295, -0.5821917039, -0.8129463109),
            (0.01205423906, -0.4257435559, -0.9047635713),
            (0.01038330677, -0.2285909055, -0.9734671976),
            (0.008020474081, -8.925833195e-05, -0.9999678315),
            (0.005232566263, 0.2284401201, -0.9735439034),
            (0.002458700921, 0.4256525598, -0.9048833367),
            (-4.192278139e-05, 0.582156594, -0.8130766866),
            (-0.002299967682, 0.7070841937, -0.7071256276),
            (-0.004496218843, 0.8130327582, -0.5822005823),
            (-0.006786274671, 0.904836562, -0.4257049948),
            (-0.009142014045, 0.9735005848, -0.2285017175),
            (0.01127281909, -0.9999364594, -2.798516859e-05),
            (0.01280657114, -0.9734496088, -0.2285428863),
            (0.01361293812, -0.9047555288, -0.4257136609),
            (0.0138322855, -0.8129437103, -0.5821779726),
            (0.01363933621, -0.7070006568, -0.7070813531),
            (0.01308049125, -0.582086736, -0.8130214835),
            (0.01205237701, -0.4256034725, -0.9048295002),
            (0.01037988315, -0.2284167071, -0.9735081232),
            (0.008015924012, 9.178226072e-05, -0.9999678678),
            (0.005228143526, 0.2285897911, -0.973508795),
            (0.002455335167, 0.4257557098, -0.9048348175),
            (-4.414854614e-05, 0.5822221384, -0.8130297532),
            (-0.00230129375, 0.7071253417, -0.7070844753),
            (-0.004496716507, 0.8130567476, -0.5821670762),
            (-0.006785701469, 0.9048449958, -0.4256870775),
            (-0.009140073088, 0.9734972416, -0.228516038),
            (-0.01126984079, 0.9999364929, -3.050885614e-05),
            (-0.01280363249, 0.9734708466, 0.2284525724),
            (-0.01361086275, 0.9048009537, 0.4256171737),
            (-0.01383117993, 0.8130071544, 0.5820893963),
            (-0.01363906561, 0.707081072, 0.7070009431),
            (-0.01308111295, 0.5821917039, 0.8129463109),
            (-0.01205423906, 0.4257435559, 0.9047635713),
            (-0.01038330677, 0.2285909055, 0.9734671976),
            (-0.008020474081, 8.925833195e-05, 0.9999678315),
            (-0.005232566263, -0.2284401201, 0.9735439034),
            (-0.002458700921, -0.4256525598, 0.9048833367),
            (4.192278139e-05, -0.582156594, 0.8130766866),
            (0.002299967682, -0.7070841937, 0.7071256276),
            (0.004496218843, -0.8130327582, 0.5822005823),
            (0.006786274671, -0.904836562, 0.4257049948),
            (0.009142014045, -0.9735005848, 0.2285017175),
            (-0.01357413437, 0.9999078667, 3.064758203e-05),
            (-0.01486101363, 0.9734217088, 0.2285373648),
            (-0.01534894776, 0.9047329544, 0.4257025851),
            (-0.01522982798, 0.8129279859, 0.5821650471),
            (-0.01469157274, 0.7069916005, 0.7070693279),
            (-0.01375917596, 0.582083898, 0.8130123128),
            (-0.01229633995, 0.4256062017, 0.904824934),
            (-0.01011425797, 0.2284233182, 0.9735093679),
            (-0.007202952215, -8.424110783e-05, 0.9999740549),
            (-0.003910838389, -0.2285836392, 0.9735164227),
            (-0.0007400748706, -0.4257506757, 0.9048402148),
            (0.002044908227, -0.5822162092, 0.8130314287),
            (0.004503393989, -0.7071163901, 0.7070828312),
            (0.006841033347, -0.8130430149, 0.5821634274),
            (0.009214000015, -0.9048252782, 0.4256833543),
            (0.01156604801, -0.9734717674, 0.2285146484),
            (0.01357096253, -0.9999079097, 3.337893193e-05),
            (0.01485821623, -0.9734433575, -0.2284453178),
            (0.01534724609, -0.9047778501, -0.425607218),
            (0.01522920266, -0.8129895961, -0.5820790222),
            (0.0146918452, -0.7070687315, -0.7069921913),
            (0.01376041656, -0.5821835236, -0.8129409547),
            (0.01229889175, -0.4257377574, -0.9047630072),
            (0.01011833356, -0.2285850009, -0.9734713744),
            (0.007207913098, -8.150922154e-05, -0.9999740193),
            (0.003915324821, 0.228448811, -0.9735480527),
            (0.0007432447832, 0.4256595545, -0.9048830815),
            (-0.00204300855, 0.5821597401, -0.8130718684),
            (-0.004502465788, 0.7070822404, -0.7071169868),
            (-0.006841000524, 0.813024587, -0.5821891631),
            (-0.009215085315, 0.9048208646, -0.4256927122),
            (-0.01156843618, 0.9734770174, -0.2284921614),
            (0.01357413437, -0.9999078667, -3.064758203e-05),
            (0.01486101363, -0.9734217088, -0.2285373648),
            (0.01534894776, -0.9047329544, -0.4257025851),
            (0.01522982798, -0.8129279859, -0.5821650471),
            (0.01469157274, -0.7069916005, -0.7070693279),
            (0.01375917596, -0.582083898, -0.8130123128),
            (0.01229633995, -0.4256062017, -0.904824934),
            (0.01011425797, -0.2284233182, -0.9735093679),
            (0.007202952215, 8.424110783e-05, -0.9999740549),
            (0.003910838389, 0.2285836392, -0.9735164227),
            (0.0007400748706, 0.4257506757, -0.9048402148),
            (-0.002044908227, 0.5822162092, -0.8130314287),
            (-0.004503393989, 0.7071163901, -0.7070828312),
            (-0.006841033347, 0.8130430149, -0.5821634274),
            (-0.009214000015, 0.9048252782, -0.4256833543),
            (-0.01156604801, 0.9734717674, -0.2285146484),
            (-0.01357096253, 0.9999079097, -3.337893193e-05),
            (-0.01485821623, 0.9734433575, 0.2284453178),
            (-0.01534724609, 0.9047778501, 0.425607218),
            (-0.01522920266, 0.8129895961, 0.5820790222),
            (-0.0146918452, 0.7070687315, 0.7069921913),
            (-0.01376041656, 0.5821835236, 0.8129409547),
            (-0.01229889175, 0.4257377574, 0.9047630072),
            (-0.01011833356, 0.2285850009, 0.9734713744),
            (-0.007207913098, 8.150922154e-05, 0.9999740193),
            (-0.003915324821, -0.228448811, 0.9735480527),
            (-0.0007432447832, -0.4256595545, 0.9048830815),
            (0.00204300855, -0.5821597401, 0.8130718684),
            (0.004502465788, -0.7070822404, 0.7071169868),
            (0.006841000524, -0.813024587, 0.5821891631),
            (0.009215085315, -0.9048208646, 0.4256927122),
            (0.01156843618, -0.9734770174, 0.2284921614),
            (-0.01565442795, 0.9998774614, 3.308730331e-05),
            (-0.0166844769, 0.9733935901, 0.2285312823),
            (-0.01685554327, 0.9047114524, 0.4256912949),
            (-0.01640744093, 0.8129140416, 0.5821525203),
            (-0.01553865646, 0.7069845789, 0.7070582404),
            (-0.01425297838, 0.5820830771, 0.8130043936),
            (-0.01238363718, 0.4256107623, 0.9048215982),
            (-0.009730765603, 0.228431506, 0.9735113555),
            (-0.00632073203, -7.526479186e-05, 0.9999800211),
            (-0.002576548462, -0.2285758832, 0.9735226895),
            (0.0009438951697, -0.4257435494, 0.9048433783),
            (0.003973465818, -0.582207567, 0.8130304795),
            (0.006598352953, -0.7071041578, 0.7070786178),
            (0.009046137902, -0.8130256264, 0.5821576231),
            (0.01147195585, -0.9048019145, 0.4256781528),
            (0.01379285151, -0.9734432691, 0.2285124923),
            (0.01565124384, -0.9998775111, 3.585186352e-05),
            (0.01668196951, -0.9734153834, -0.2284386203),
            (0.0168542939, -0.9047552205, -0.4255983127),
            (0.0164073096, -0.8129729582, -0.5820702444),
            (0.01553943206, -0.7070573143, -0.7069854881),
            (0.01425473912, -0.5821758847, -0.8129379076),
            (0.01238670087, -0.4257317869, -0.9047646187),
            (0.009735227421, -0.2285781338, -0.9734768935),
            (0.006325794397, -7.249939711e-05, -0.9999799893),
            (0.002580828798, 0.2284581805, -0.9735503064),
            (-0.0009411049839, 0.4256660729, -0.9048798311),
            (-0.003971997325, 0.5821612335, -0.8130636638),
            (-0.006597868737, 0.7070777021, -0.707105078),
            (-0.009046562319, 0.8130132002, -0.5821749703),
            (-0.01147348029, 0.9048017245, -0.4256785156),
            (-0.01379554183, 0.9734504288, -0.228481828),
            (0.01565442795, -0.9998774614, -3.308730331e-05),
            (0.0166844769, -0.9733935901, -0.2285312823),
            (0.01685554327, -0.9047114524, -0.4256912949),
            (0.01640744093, -0.8129140416, -0.5821525203),
            (0.01553865646, -0.7069845789, -0.7070582404),
            (0.01425297838, -0.5820830771, -0.8130043936),
            (0.01238363718, -0.4256107623, -0.9048215982),
            (0.009730765603, -0.228431506, -0.9735113555),
            (0.00632073203, 7.526479186e-05, -0.9999800211),
            (0.002576548462, 0.2285758832, -0.9735226895),
            (-0.0009438951697, 0.4257435494, -0.9048433783),
            (-0.003973465818, 0.582207567, -0.8130304795),
            (-0.006598352953, 0.7071041578, -0.7070786178),
            (-0.009046137902, 0.8130256264, -0.5821576231),
            (-0.01147195585, 0.9048019145, -0.4256781528),
            (-0.01379285151, 0.9734432691, -0.2285124923),
            (-0.01565124384, 0.9998775111, -3.585186352e-05),
            (-0.01668196951, 0.9734153834, 0.2284386203),
            (-0.0168542939, 0.9047552205, 0.4255983127),
            (-0.0164073096, 0.8129729582, 0.5820702444),
            (-0.01553943206, 0.7070573143, 0.7069854881),
            (-0.01425473912, 0.5821758847, 0.8129379076),
            (-0.01238670087, 0.4257317869, 0.9047646187),
            (-0.009735227421, 0.2285781338, 0.9734768935),
            (-0.006325794397, 7.249939711e-05, 0.9999799893),
            (-0.002580828798, -0.2284581805, 0.9735503064),
            (0.0009411049839, -0.4256660729, 0.9048798311),
            (0.003971997325, -0.5821612335, 0.8130636638),
            (0.006597868737, -0.7070777021, 0.707105078),
            (0.009046562319, -0.8130132002, 0.5821749703),
            (0.01147348029, -0.9048017245, 0.4256785156),
            (0.01379554183, -0.9734504288, 0.228481828),
            (-0.01747989669, 0.9998472143, 3.527947115e-05),
            (-0.01824601086, 0.973367034, 0.2285250537),
            (-0.01810577537, 0.9046923957, 0.4256804554),
            (-0.01734260307, 0.812902808, 0.5821410987),
            (-0.01616270113, 0.7069801334, 0.7070486957),
            (-0.01454912823, 0.5820844914, 0.8129981351),
            (-0.01230756377, 0.4256171298, 0.904819641),
            (-0.009229949828, 0.2284411227, 0.973513976),
            (-0.005377761961, -6.500162904e-05, 0.9999855376),
            (-0.001241282645, -0.2285666526, 0.973527475),
            (0.00257447222, -0.4257345439, 0.9048444453),
            (0.005803200928, -0.5821966347, 0.8130273067),
            (0.00855622573, -0.7070893694, 0.7070724254),
            (0.01107956955, -0.8130056757, 0.5821503366),
            (0.0135253446, -0.9047764038, 0.4256720852),
            (0.01578562601, -0.9734135928, 0.2285099371),
            (0.01747688364, -0.9998472669, 3.790614429e-05),
            (0.01824392864, -0.9733887102, -0.2284328742),
            (0.01810503454, -0.9047344673, -0.4255910611),
            (0.01734295452, -0.8129582275, -0.5820636927),
            (0.01616391419, -0.7070474454, -0.706981356),
            (0.01455128328, -0.5821691283, -0.8129374922),
            (0.01231093429, -0.4257258023, -0.9047684688),
            (0.009234510707, -0.2285704089, -0.9734835859),
            (0.005382609244, -6.237389039e-05, -0.9999855117),
            (0.001245095831, 0.2284680851, -0.9735506067),
            (-0.002572227431, 0.425672115, -0.9048738222),
            (-0.005802247313, 0.5821613421, -0.8130525848),
            (-0.008556209141, 0.7070711887, -0.7070906062),
            (-0.01108042007, 0.8129996046, -0.5821587989),
            (-0.01352721216, 0.9047805831, -0.4256631426),
            (-0.01578845685, 0.9734226423, -0.2284711889),
            (0.01747989669, -0.9998472143, -3.527947115e-05),
            (0.01824601086, -0.973367034, -0.2285250537),
            (0.01810577537, -0.9046923957, -0.4256804554),
            (0.01734260307, -0.812902808, -0.5821410987),
            (0.01616270113, -0.7069801334, -0.7070486957),
            (0.01454912823, -0.5820844914, -0.8129981351),
            (0.01230756377, -0.4256171298, -0.904819641),
            (0.009229949828, -0.2284411227, -0.973513976),
            (0.005377761961, 6.500162904e-05, -0.9999855376),
            (0.001241282645, 0.2285666526, -0.973527475),
            (-0.00257447222, 0.4257345439, -0.9048444453),
            (-0.005803200928, 0.5821966347, -0.8130273067),
            (-0.00855622573, 0.7070893694, -0.7070724254),
            (-0.01107956955, 0.8130056757, -0.5821503366),
            (-0.0135253446, 0.9047764038, -0.4256720852),
            (-0.01578562601, 0.9734135928, -0.2285099371),
            (-0.01747688364, 0.9998472669, -3.790614429e-05),
            (-0.01824392864, 0.9733887102, 0.2284328742),
            (-0.01810503454, 0.9047344673, 0.4255910611),
            (-0.01734295452, 0.8129582275, 0.5820636927),
            (-0.01616391419, 0.7070474454, 0.706981356),
            (-0.01455128328, 0.5821691283, 0.8129374922),
            (-0.01231093429, 0.4257258023, 0.9047684688),
            (-0.009234510707, 0.2285704089, 0.9734835859),
            (-0.005382609244, 6.237389039e-05, 0.9999855117),
            (-0.001245095831, -0.2284680851, 0.9735506067),
            (0.002572227431, -0.425672115, 0.9048738222),
            (0.005802247313, -0.5821613421, 0.8130525848),
            (0.008556209141, -0.7070711887, 0.7070906062),
            (0.01108042007, -0.8129996046, 0.5821587989),
            (0.01352721216, -0.9047805831, 0.4256631426),
            (0.01578845685, -0.9734226423, 0.2284711889),
            (-0.01902090322, 0.9998190856, 3.719821245e-05),
            (-0.01951884725, 0.9733437444, 0.2285190799),
            (-0.01907669844, 0.9046770403, 0.4256706854),
            (-0.01801650122, 0.81289509, 0.5821314098),
            (-0.01654915865, 0.7069786905, 0.7070411986),
            (-0.01463773539, 0.5820882673, 0.8129938411),
            (-0.01206369907, 0.4256252178, 0.9048191207),
            (-0.00861386196, 0.2284519868, 0.9735170728),
            (-0.004383117978, -5.362372993e-05, 0.9999903927),
            (7.93337478e-05, -0.2285561162, 0.9735307368),
            (0.004130794796, -0.425723942, 0.904843667),
            (0.00750943885, -0.5821839342, 0.8130224321),
            (0.01034959588, -0.7070728676, 0.7070649516),
            (0.01291191118, -0.8129843784, 0.582142322),
            (0.01534345887, -0.9047503501, 0.4256658106),
            (0.01751342955, -0.973384643, 0.2285073666),
            (0.01901823563, -0.9998191362, 3.952796529e-05),
            (0.01951730365, -0.9733650497, -0.2284284459),
            (0.01907649672, -0.9047168842, -0.4255860039),
            (0.01801730007, -0.8129462761, -0.5820599016),
            (0.01655072181, -0.70703965, -0.7069802027),
            (0.01464013973, -0.5821635239, -0.8129399103),
            (0.01206715701, -0.4257199273, -0.9047745173),
            (0.00861823137, -0.228561933, -0.9734912269),
            (0.004387446445, -5.129280895e-05, -0.9999903738),
            (-7.62232771e-05, 0.2284783871, -0.9735489822),
            (-0.004129232016, 0.4256777268, -0.9048654167),
            (-0.007509056697, 0.582160417, -0.8130392752),
            (-0.01035004614, 0.7070634175, -0.7070743951),
            (-0.01291313459, 0.8129849223, -0.5821415353),
            (-0.0153455559, 0.904758983, -0.4256473852),
            (-0.01751623222, 0.9733955386, -0.2284607339),
            (0.01902090322, -0.9998190856, -3.719821245e-05),
            (0.01951884725, -0.9733437444, -0.2285190799),
            (0.01907669844, -0.9046770403, -0.4256706854),
            (0.01801650122, -0.81289509, -0.5821314098),
            (0.01654915865, -0.7069786905, -0.7070411986),
            (0.01463773539, -0.5820882673, -0.8129938411),
            (0.01206369907, -0.4256252178, -0.9048191207),
            (0.00861386196, -0.2284519868, -0.9735170728),
            (0.004383117978, 5.362372993e-05, -0.9999903927),
            (-7.93337478e-05, 0.2285561162, -0.9735307368),
            (-0.004130794796, 0.425723942, -0.904843667),
            (-0.00750943885, 0.5821839342, -0.8130224321),
            (-0.01034959588, 0.7070728676, -0.7070649516),
            (-0.01291191118, 0.8129843784, -0.582142322),
            (-0.01534345887, 0.9047503501, -0.4256658106),
            (-0.01751342955, 0.973384643, -0.2285073666),
            (-0.01901823563, 0.9998191362, -3.952796529e-05),
            (-0.01951730365, 0.9733650497, 0.2284284459),
            (-0.01907649672, 0.9047168842, 0.4255860039),
            (-0.01801730007, 0.8129462761, 0.5820599016),
            (-0.01655072181, 0.70703965, 0.7069802027),
            (-0.01464013973, 0.5821635239, 0.8129399103),
            (-0.01206715701, 0.4257199273, 0.9047745173),
            (-0.00861823137, 0.228561933, 0.9734912269),
            (-0.004387446445, 5.129280895e-05, 0.9999903738),
            (7.62232771e-05, -0.2284783871, 0.9735489822),
            (0.004129232016, -0.4256777268, 0.9048654167),
            (0.007509056697, -0.582160417, 0.8130392752),
            (0.01035004614, -0.7070634175, 0.7070743951),
            (0.01291313459, -0.8129849223, 0.5821415353),
            (0.0153455559, -0.904758983, 0.4256473852),
            (0.01751623222, -0.9733955386, 0.2284607339),
            (-0.02025245005, 0.9997948973, 3.881706935e-05),
            (-0.02048084065, 0.9733252356, 0.2285137216),
            (-0.0197497624, 0.9046664405, 0.4256625169),
            (-0.01841436619, 0.8128915086, 0.5821239613),
            (-0.01668709489, 0.7069805274, 0.7070361199),
            (-0.014511998, 0.5820944238, 0.8129916874),
            (-0.01165003277, 0.4256348759, 0.9048199982),
            (-0.007886086468, 0.2284638864, 0.9735204478),
            (-0.003346366433, -4.132394789e-05, 0.9999944),
            (0.001370254671, -0.2285444779, 0.973532508),
            (0.005593527893, -0.4257120829, 0.9048413866),
            (0.009069802987, -0.582170056, 0.8130164602),
            (0.01195397788, -0.7070555616, 0.7070569533),
            (0.01451723023, -0.8129629963, 0.582134363),
            (0.01689957772, -0.9047253603, 0.4256599895),
            (0.01894971892, -0.9733582603, 0.2285051537),
            (0.0202502829, -0.9997949412, 4.071101517e-05),
            (0.02047992038, -0.9733459281, -0.228425649),
            (0.01975010258, -0.9047035701, -0.4255835801),
            (0.0184155549, -0.8129378029, -0.5820592719),
            (0.01668890435, -0.7070343168, -0.7069822878),
            (0.01451449623, -0.5821592512, -0.812945223),
            (0.01165335784, -0.4257142463, -0.9047826146),
            (0.007889988635, -0.2285528136, -0.9734995426),
            (0.003349904474, -3.942889737e-05, -0.9999943883),
            (-0.001368041661, 0.2284889559, -0.9735455436),
            (-0.005592745405, 0.4256829905, -0.9048550784),
            (-0.009070017503, 0.5821588649, -0.8130244712),
            (-0.01195486912, 0.7070551636, -0.7070573362),
            (-0.0145187538, 0.812970316, -0.5821241028),
            (-0.01690177928, 0.9047384673, -0.4256320425),
            (-0.01895232755, 0.9733709345, -0.2284509424),
            (0.02025245005, -0.9997948973, -3.881706935e-05),
            (0.02048084065, -0.9733252356, -0.2285137216),
            (0.0197497624, -0.9046664405, -0.4256625169),
            (0.01841436619, -0.8128915086, -0.5821239613),
            (0.01668709489, -0.7069805274, -0.7070361199),
            (0.014511998, -0.5820944238, -0.8129916874),
            (0.01165003277, -0.4256348759, -0.9048199982),
            (0.007886086468, -0.2284638864, -0.9735204478),
            (0.003346366433, 4.132394789e-05, -0.9999944),
            (-0.001370254671, 0.2285444779, -0.973532508),
            (-0.005593527893, 0.4257120829, -0.9048413866),
            (-0.009069802987, 0.582170056, -0.8130164602),
            (-0.01195397788, 0.7070555616, -0.7070569533),
            (-0.01451723023, 0.8129629963, -0.582134363),
            (-0.01689957772, 0.9047253603, -0.4256599895),
            (-0.01894971892, 0.9733582603, -0.2285051537),
            (-0.0202502829, 0.9997949412, -4.071101517e-05),
            (-0.02047992038, 0.9733459281, 0.228425649),
            (-0.01975010258, 0.9047035701, 0.4255835801),
            (-0.0184155549, 0.8129378029, 0.5820592719),
            (-0.01668890435, 0.7070343168, 0.7069822878),
            (-0.01451449623, 0.5821592512, 0.812945223),
            (-0.01165335784, 0.4257142463, 0.9047826146),
            (-0.007889988635, 0.2285528136, 0.9734995426),
            (-0.003349904474, 3.942889737e-05, 0.9999943883),
            (0.001368041661, -0.2284889559, 0.9735455436),
            (0.005592745405, -0.4256829905, 0.9048550784),
            (0.009070017503, -0.5821588649, 0.8130244712),
            (0.01195486912, -0.7070551636, 0.7070573362),
            (0.0145187538, -0.812970316, 0.5821241028),
            (0.01690177928, -0.9047384673, 0.4256320425),
            (0.01895232755, -0.9733709345, 0.2284509424),
            (-0.02115457674, 0.9997762161, 4.010958972e-05),
            (-0.02111483429, 0.973312732, 0.2285092767),
            (-0.02011113453, 0.9046613756, 0.4256563612),
            (-0.01852574542, 0.8128924546, 0.5821191063),
            (-0.01656940989, 0.7069857463, 0.7070336691),
            (-0.01416836384, 0.5821028628, 0.8129917064),
            (-0.01106705536, 0.4256458907, 0.904822135),
            (-0.00705174539, 0.2284765836, 0.9735238691),
            (-0.002277472707, -2.831237447e-05, 0.9999974062),
            (0.002617195898, -0.2285319711, 0.9735328903),
            (0.006945119596, -0.4256993464, 0.9048380141),
            (0.01046452602, -0.5821556267, 0.8130100368),
            (0.01334816803, -0.7070383731, 0.7070491959),
            (0.01587345926, -0.812942761, 0.5821272204),
            (0.01817136798, -0.9047029452, 0.4256552388),
            (0.0200727589, -0.9733361052, 0.2285036338),
            (0.02115303625, -0.9997762486, 4.145603648e-05),
            (0.02111458793, -0.9733325847, -0.2284247222),
            (0.02011199107, -0.9046953552, -0.4255840953),
            (0.01852724732, -0.8129332848, -0.5820620376),
            (0.01657135132, -0.7070316713, -0.7069876987),
            (0.01417079929, -0.5821563877, -0.8129533374),
            (0.01107003969, -0.4257088004, -0.9047925019),
            (0.007054936323, -0.2285431578, -0.9735082192),
            (0.002279998089, -2.696505753e-05, -0.9999974004),
            (-0.002616021371, 0.2284996671, -0.9735404761),
            (-0.006945170288, 0.4256880131, -0.9048433456),
            (-0.01046532852, 0.5821571183, -0.8130089585),
            (-0.01334944997, 0.7070472084, -0.7070403364),
            (-0.01587519436, 0.8129569142, -0.5821074075),
            (-0.01817354471, 0.9047204807, -0.4256178732),
            (-0.02007502003, 0.9733504659, -0.2284422553),
            (0.02115457674, -0.9997762161, -4.010958972e-05),
            (0.02111483429, -0.973312732, -0.2285092767),
            (0.02011113453, -0.9046613756, -0.4256563612),
            (0.01852574542, -0.8128924546, -0.5821191063),
            (0.01656940989, -0.7069857463, -0.7070336691),
            (0.01416836384, -0.5821028628, -0.8129917064),
            (0.01106705536, -0.4256458907, -0.904822135),
            (0.00705174539, -0.2284765836, -0.9735238691),
            (0.002277472707, 2.831237447e-05, -0.9999974062),
            (-0.002617195898, 0.2285319711, -0.9735328903),
            (-0.006945119596, 0.4256993464, -0.9048380141),
            (-0.01046452602, 0.5821556267, -0.8130100368),
            (-0.01334816803, 0.7070383731, -0.7070491959),
            (-0.01587345926, 0.812942761, -0.5821272204),
            (-0.01817136798, 0.9047029452, -0.4256552388),
            (-0.0200727589, 0.9733361052, -0.2285036338),
            (-0.02115303625, 0.9997762486, -4.145603648e-05),
            (-0.02111458793, 0.9733325847, 0.2284247222),
            (-0.02011199107, 0.9046953552, 0.4255840953),
            (-0.01852724732, 0.8129332848, 0.5820620376),
            (-0.01657135132, 0.7070316713, 0.7069876987),
            (-0.01417079929, 0.5821563877, 0.8129533374),
            (-0.01107003969, 0.4257088004, 0.9047925019),
            (-0.007054936323, 0.2285431578, 0.9735082192),
            (-0.002279998089, 2.696505753e-05, 0.9999974004),
            (0.002616021371, -0.2284996671, 0.9735404761),
            (0.006945170288, -0.4256880131, 0.9048433456),
            (0.01046532852, -0.5821571183, 0.8130089585),
            (0.01334944997, -0.7070472084, 0.7070403364),
            (0.01587519436, -0.8129569142, 0.5821074075),
            (0.01817354471, -0.9047204807, 0.4256178732),
            (0.02007502003, -0.9733504659, 0.2284422553),
            (-0.02171267488, 0.9997642512, 4.105006388e-05),
            (-0.02140894604, 0.9733070856, 0.2285059608),
            (-0.02015194691, 0.9046622926, 0.425652482),
            (-0.01834470814, 0.8128980546, 0.5821170197),
            (-0.01619299878, 0.7069942589, 0.7070338781),
            (-0.01360664203, 0.5821133661, 0.8129937812),
            (-0.01031781107, 0.4256579894, 0.9048252974),
            (-0.006117480815, 0.2284898196, 0.9735270817),
            (-0.001186706427, -1.481245928e-05, 0.9999992958),
            (0.003806802069, -0.2285188523, 0.9735320449),
            (0.008170025506, -0.4256861356, 0.9048339984),
            (0.01167671543, -0.5821412748, 0.8130038072),
            (0.0145145388, -0.7070221832, 0.7070424037),
            (0.01696271091, -0.8129248, 0.5821215818),
            (0.01914121213, -0.9046844267, 0.4256520904),
            (0.02086595223, -0.9733195538, 0.2285030816),
            (0.02171185094, -0.9997642691, 4.177017542e-05),
            (0.0214093865, -0.9733258892, -0.228425812),
            (0.0201532668, -0.9046927428, -0.425587696),
            (0.01834643141, -0.812932942, -0.5820682436),
            (0.01619495364, -0.707031757, -0.7069963353),
            (0.01360886577, -0.5821549029, -0.8129640015),
            (0.01032027147, -0.4257035878, -0.904803817),
            (0.006119763178, -0.2285330726, -0.9735169147),
            (0.001188060418, -1.409185335e-05, -0.9999992942),
            (-0.003806743699, 0.2285104028, -0.9735340284),
            (-0.008170912485, 0.4256929136, -0.9048308016),
            (-0.01167806276, 0.5821556047, -0.8129935269),
            (-0.01451613879, 0.7070402883, -0.7070242658),
            (-0.01696455739, 0.8129457389, -0.5820922859),
            (-0.01914323721, 0.9047062784, -0.4256055524),
            (-0.02086773352, 0.9733354846, -0.2284350503),
            (0.02171267488, -0.9997642512, -4.105006388e-05),
            (0.02140894604, -0.9733070856, -0.2285059608),
            (0.02015194691, -0.9046622926, -0.425652482),
            (0.01834470814, -0.8128980546, -0.5821170197),
            (0.01619299878, -0.7069942589, -0.7070338781),
            (0.01360664203, -0.5821133661, -0.8129937812),
            (0.01031781107, -0.4256579894, -0.9048252974),
            (0.006117480815, -0.2284898196, -0.9735270817),
            (0.001186706427, 1.481245928e-05, -0.9999992958),
            (-0.003806802069, 0.2285188523, -0.9735320449),
            (-0.008170025506, 0.4256861356, -0.9048339984),
            (-0.01167671543, 0.5821412748, -0.8130038072),
            (-0.0145145388, 0.7070221832, -0.7070424037),
            (-0.01696271091, 0.8129248, -0.5821215818),
            (-0.01914121213, 0.9046844267, -0.4256520904),
            (-0.02086595223, 0.9733195538, -0.2285030816),
            (-0.02171185094, 0.9997642691, -4.177017542e-05),
            (-0.0214093865, 0.9733258892, 0.228425812),
            (-0.0201532668, 0.9046927428, 0.425587696),
            (-0.01834643141, 0.812932942, 0.5820682436),
            (-0.01619495364, 0.707031757, 0.7069963353),
            (-0.01360886577, 0.5821549029, 0.8129640015),
            (-0.01032027147, 0.4257035878, 0.904803817),
            (-0.006119763178, 0.2285330726, 0.9735169147),
            (-0.001188060418, 1.409185335e-05, 0.9999992942),
            (0.003806743699, -0.2285104028, 0.9735340284),
            (0.008170912485, -0.4256929136, 0.9048308016),
            (0.01167806276, -0.5821556047, 0.8129935269),
            (0.01451613879, -0.7070402883, 0.7070242658),
            (0.01696455739, -0.8129457389, 0.5820922859),
            (0.01914323721, -0.9047062784, 0.4256055524),
            (0.02086773352, -0.9733354846, 0.2284350503),
            (0.6733939324, 0.7392838498, 3.541604096e-05),
            (0.6749591705, 0.7183837503, 0.1683891488),
            (0.6785658376, 0.6648256186, 0.3123384397),
            (0.6820045065, 0.5949039147, 0.4253929776),
            (0.6838626925, 0.5163046328, 0.5155204593),
            (0.6837897291, 0.4253660175, 0.5928704391),
            (0.6822795716, 0.3120279216, 0.6611604664),
            (0.6807471059, 0.1684663395, 0.7128832095),
            (0.6811681013, 0.001208251401, 0.7321260533),
            (0.6843930639, -0.1655305438, 0.7100744842),
            (0.689050083, -0.3076989285, 0.6561488799),
            (0.6930216673, -0.4191372786, 0.5865534165),
            (0.6950621136, -0.5079635749, 0.5087844974),
            (0.6948959196, -0.5843761673, 0.4190753584),
            (0.6929539306, -0.6522007226, 0.3073256701),
            (0.6904872639, -0.7041384219, 0.1655790483),
            (0.6893653509, -0.7244138401, 3.487217059e-05),
            (0.6905927082, -0.7040550632, -0.1654937442),
            (0.6931497091, -0.6520523985, -0.3071988776),
            (0.6951629273, -0.5841897388, -0.4188924128),
            (0.6953862545, -0.5077652633, -0.5085394719),
            (0.6933952199, -0.4189517285, -0.5862444185),
            (0.6894676314, -0.3075522113, -0.6557789434),
            (0.6848443889, -0.1654488754, -0.7096582506),
            (0.6816329375, 0.001207707434, -0.7316932964),
            (0.6811995774, 0.1683844668, -0.7124702149),
            (0.6826993484, 0.3118828657, -0.6607954886),
            (0.6841662803, 0.4251838385, -0.5925666244),
            (0.6841901044, 0.5161108751, -0.5152799876),
            (0.6822745125, 0.5947226683, -0.4252134022),
            (0.6787638439, 0.664682251, -0.3122133074),
            (0.6750657611, 0.7183036286, -0.1683036401),
            (0.7420863903, -0.6703042505, -3.211151278e-05),
            (0.7403570896, -0.6544746756, -0.1534088619),
            (0.7364408937, -0.6122961883, -0.2876598475),
            (0.7327888934, -0.5535066553, -0.3957913848),
            (0.7308945834, -0.4829601955, -0.4822266661),
            (0.7311243172, -0.397713899, -0.5543292229),
            (0.7330046797, -0.2903176872, -0.6151583374),
            (0.7350457304, -0.1559320742, -0.6598431347),
            (0.7349678925, -0.001119092075, -0.6781009841),
            (0.7316562998, 0.154760349, -0.6638737028),
            (0.7266488502, 0.2916902832, -0.6220114365),
            (0.7223840107, 0.4020299428, -0.562612892),
            (0.7202571552, 0.4901288306, -0.4909209303),
            (0.7205820377, 0.5634583558, -0.4040745083),
            (0.7229295203, 0.6250083492, -0.2945122614),
            (0.7259139894, 0.6695235199, -0.1574393099),
            (0.7272949008, 0.6863250878, -3.303863651e-05),
            (0.7258137758, 0.6696403877, 0.1574043009),
            (0.7227419289, 0.6252068931, 0.2945512604),
            (0.7203245592, 0.5636982292, 0.4041990052),
            (0.7199443228, 0.4903806156, 0.4911283172),
            (0.7220256148, 0.4022699151, 0.5629013475),
            (0.7262529623, 0.2918887863, 0.6223805678),
            (0.7312343518, 0.154876744, 0.6643113103),
            (0.7345374207, -0.001120019448, 0.6785672576),
            (0.7346269441, -0.1560502262, 0.66028144),
            (0.7326140592, -0.2905179507, 0.6155290087),
            (0.730772167, -0.3979558983, 0.5546198184),
            (0.7305882561, -0.4832142412, 0.4824363141),
            (0.7325376592, -0.5537486681, 0.3959179088),
            (0.7362585673, -0.6124962718, 0.2877006066),
            (0.7402600356, -0.6545922411, 0.1533756096)
        ] (
            interpolation = "vertex"
        )
        uniform token subdivisionScheme = "none"
    }
    def Mesh "RightVesselWall" (
        prepend apiSchemas = ["MaterialBindingAPI"]
    )
    {
        rel material:binding = </DrAnmarSealDivideVesselDemo/Looks/VesselMaterial>
        custom token[] drAnmar:labels = ["right_vessel_segment", "deformable_tissue"]
        float3[] extent = [(0.0002, -0.004342603343, -0.00434925471), (0.042, 0.004796804216, 0.004646991527)]
        int[] faceVertexCounts = [3, 3, 3, 3, 3, 3, 3, 3, 3, 3, 3, 3, 3, 3, 3, 3, 3, 3, 3, 3, 3, 3, 3, 3, 3, 3, 3, 3, 3, 3, 3, 3, 3, 3, 3, 3, 3, 3, 3, 3, 3, 3, 3, 3, 3, 3, 3, 3, 3, 3, 3, 3, 3, 3, 3, 3, 3, 3, 3, 3, 3, 3, 3, 3, 3, 3, 3, 3, 3, 3, 3, 3, 3, 3, 3, 3, 3, 3, 3, 3, 3, 3, 3, 3, 3, 3, 3, 3, 3, 3, 3, 3, 3, 3, 3, 3, 3, 3, 3, 3, 3, 3, 3, 3, 3, 3, 3, 3, 3, 3, 3, 3, 3, 3, 3, 3, 3, 3, 3, 3, 3, 3, 3, 3, 3, 3, 3, 3, 3, 3, 3, 3, 3, 3, 3, 3, 3, 3, 3, 3, 3, 3, 3, 3, 3, 3, 3, 3, 3, 3, 3, 3, 3, 3, 3, 3, 3, 3, 3, 3, 3, 3, 3, 3, 3, 3, 3, 3, 3, 3, 3, 3, 3, 3, 3, 3, 3, 3, 3, 3, 3, 3, 3, 3, 3, 3, 3, 3, 3, 3, 3, 3, 3, 3, 3, 3, 3, 3, 3, 3, 3, 3, 3, 3, 3, 3, 3, 3, 3, 3, 3, 3, 3, 3, 3, 3, 3, 3, 3, 3, 3, 3, 3, 3, 3, 3, 3, 3, 3, 3, 3, 3, 3, 3, 3, 3, 3, 3, 3, 3, 3, 3, 3, 3, 3, 3, 3, 3, 3, 3, 3, 3, 3, 3, 3, 3, 3, 3, 3, 3, 3, 3, 3, 3, 3, 3, 3, 3, 3, 3, 3, 3, 3, 3, 3, 3, 3, 3, 3, 3, 3, 3, 3, 3, 3, 3, 3, 3, 3, 3, 3, 3, 3, 3, 3, 3, 3, 3, 3, 3, 3, 3, 3, 3, 3, 3, 3, 3, 3, 3, 3, 3, 3, 3, 3, 3, 3, 3, 3, 3, 3, 3, 3, 3, 3, 3, 3, 3, 3, 3, 3, 3, 3, 3, 3, 3, 3, 3, 3, 3, 3, 3, 3, 3, 3, 3, 3, 3, 3, 3, 3, 3, 3, 3, 3, 3, 3, 3, 3, 3, 3, 3, 3, 3, 3, 3, 3, 3, 3, 3, 3, 3, 3, 3, 3, 3, 3, 3, 3, 3, 3, 3, 3, 3, 3, 3, 3, 3, 3, 3, 3, 3, 3, 3, 3, 3, 3, 3, 3, 3, 3, 3, 3, 3, 3, 3, 3, 3, 3, 3, 3, 3, 3, 3, 3, 3, 3, 3, 3, 3, 3, 3, 3, 3, 3, 3, 3, 3, 3, 3, 3, 3, 3, 3, 3, 3, 3, 3, 3, 3, 3, 3, 3, 3, 3, 3, 3, 3, 3, 3, 3, 3, 3, 3, 3, 3, 3, 3, 3, 3, 3, 3, 3, 3, 3, 3, 3, 3, 3, 3, 3, 3, 3, 3, 3, 3, 3, 3, 3, 3, 3, 3, 3, 3, 3, 3, 3, 3, 3, 3, 3, 3, 3, 3, 3, 3, 3, 3, 3, 3, 3, 3, 3, 3, 3, 3, 3, 3, 3, 3, 3, 3, 3, 3, 3, 3, 3, 3, 3, 3, 3, 3, 3, 3, 3, 3, 3, 3, 3, 3, 3, 3, 3, 3, 3, 3, 3, 3, 3, 3, 3, 3, 3, 3, 3, 3, 3, 3, 3, 3, 3, 3, 3, 3, 3, 3, 3, 3, 3, 3, 3, 3, 3, 3, 3, 3, 3, 3, 3, 3, 3, 3, 3, 3, 3, 3, 3, 3, 3, 3, 3, 3, 3, 3, 3, 3, 3, 3, 3, 3, 3, 3, 3, 3, 3, 3, 3, 3, 3, 3, 3, 3, 3, 3, 3, 3, 3, 3, 3, 3, 3, 3, 3, 3, 3, 3, 3, 3, 3, 3, 3, 3, 3, 3, 3, 3, 3, 3, 3, 3, 3, 3, 3, 3, 3, 3, 3, 3, 3, 3, 3, 3, 3, 3, 3, 3, 3, 3, 3, 3, 3, 3, 3, 3, 3, 3, 3, 3, 3, 3, 3, 3, 3, 3, 3, 3, 3, 3, 3, 3, 3, 3, 3, 3, 3, 3, 3, 3, 3, 3, 3, 3, 3, 3, 3, 3, 3, 3, 3, 3, 3, 3, 3, 3, 3, 3, 3, 3, 3, 3, 3, 3, 3, 3, 3, 3, 3, 3, 3, 3, 3, 3, 3, 3, 3, 3, 3, 3, 3, 3, 3, 3, 3, 3, 3, 3, 3, 3, 3, 3, 3, 3, 3, 3, 3, 3, 3, 3, 3, 3, 3, 3, 3, 3, 3, 3, 3, 3, 3, 3, 3, 3, 3, 3, 3, 3, 3, 3, 3, 3, 3, 3, 3, 3, 3, 3, 3, 3, 3, 3, 3, 3, 3, 3, 3, 3, 3, 3, 3, 3, 3, 3, 3, 3, 3, 3, 3, 3, 3, 3, 3, 3, 3, 3, 3, 3, 3, 3, 3, 3, 3, 3, 3, 3, 3, 3, 3, 3, 3, 3, 3, 3, 3, 3, 3, 3, 3, 3, 3, 3, 3, 3, 3, 3, 3, 3, 3, 3, 3, 3, 3, 3, 3, 3, 3, 3, 3, 3, 3, 3, 3, 3, 3, 3, 3, 3, 3, 3, 3, 3, 3, 3, 3, 3, 3, 3, 3, 3, 3, 3, 3, 3, 3, 3, 3, 3, 3, 3, 3, 3, 3, 3, 3, 3, 3, 3, 3, 3, 3, 3, 3, 3, 3, 3, 3, 3, 3, 3, 3, 3, 3, 3, 3, 3, 3, 3, 3, 3, 3, 3, 3, 3, 3, 3, 3, 3, 3, 3, 3, 3, 3, 3, 3, 3, 3, 3, 3, 3, 3, 3, 3, 3, 3, 3, 3, 3, 3, 3, 3, 3, 3, 3, 3, 3, 3, 3, 3, 3, 3, 3, 3, 3, 3, 3, 3, 3, 3, 3, 3, 3, 3, 3, 3, 3, 3, 3, 3, 3, 3, 3, 3, 3, 3, 3, 3, 3, 3, 3, 3, 3, 3, 3, 3, 3, 3, 3, 3, 3, 3, 3, 3, 3, 3, 3, 3, 3, 3, 3, 3, 3, 3, 3, 3, 3, 3, 3, 3, 3, 3, 3, 3, 3, 3, 3, 3, 3, 3, 3, 3, 3, 3, 3, 3, 3, 3, 3, 3, 3, 3, 3, 3, 3, 3, 3, 3, 3, 3, 3, 3, 3, 3, 3, 3, 3, 3, 3, 3, 3, 3, 3, 3, 3, 3, 3, 3, 3, 3, 3, 3, 3, 3, 3, 3, 3, 3, 3, 3, 3, 3, 3, 3, 3, 3, 3, 3, 3, 3, 3, 3, 3, 3, 3, 3, 3, 3, 3, 3, 3, 3, 3, 3, 3, 3, 3, 3, 3, 3, 3, 3, 3, 3, 3, 3, 3, 3, 3, 3, 3, 3, 3, 3, 3, 3, 3, 3, 3, 3, 3, 3, 3, 3, 3, 3, 3, 3, 3, 3, 3, 3, 3, 3, 3, 3, 3, 3, 3, 3, 3, 3, 3, 3, 3, 3, 3, 3, 3, 3, 3, 3, 3, 3, 3, 3, 3, 3, 3, 3, 3, 3, 3, 3, 3, 3, 3, 3, 3, 3, 3, 3, 3, 3, 3, 3, 3, 3, 3, 3, 3, 3, 3, 3, 3, 3, 3, 3, 3, 3, 3, 3, 3, 3, 3, 3, 3, 3, 3, 3, 3, 3, 3, 3, 3, 3, 3, 3, 3, 3, 3, 3, 3, 3, 3, 3, 3, 3, 3, 3, 3, 3, 3, 3, 3, 3, 3, 3, 3, 3, 3, 3, 3, 3, 3, 3, 3, 3, 3, 3, 3, 3, 3, 3, 3, 3, 3, 3, 3, 3, 3, 3, 3, 3, 3, 3, 3, 3, 3, 3, 3, 3, 3, 3, 3, 3, 3, 3, 3, 3, 3, 3, 3, 3, 3, 3, 3, 3, 3, 3, 3, 3, 3, 3, 3, 3, 3, 3, 3, 3, 3, 3, 3, 3, 3, 3, 3, 3, 3, 3, 3, 3, 3, 3, 3, 3, 3, 3, 3, 3, 3, 3, 3, 3, 3, 3, 3, 3, 3, 3, 3, 3, 3, 3, 3, 3, 3, 3, 3, 3, 3, 3, 3, 3, 3, 3, 3, 3, 3, 3, 3, 3, 3, 3, 3, 3, 3, 3, 3, 3, 3, 3, 3, 3, 3, 3, 3, 3, 3, 3, 3, 3, 3, 3, 3, 3, 3, 3, 3, 3, 3, 3, 3, 3, 3, 3, 3, 3, 3, 3, 3, 3, 3, 3, 3, 3, 3, 3, 3, 3, 3, 3, 3, 3, 3, 3, 3, 3, 3, 3, 3, 3, 3, 3, 3, 3, 3, 3, 3, 3, 3, 3, 3, 3, 3, 3, 3, 3, 3, 3, 3, 3, 3, 3, 3, 3, 3, 3, 3, 3, 3, 3, 3, 3, 3, 3, 3, 3, 3, 3, 3, 3, 3, 3, 3, 3, 3, 3, 3, 3, 3, 3, 3, 3, 3, 3, 3, 3, 3, 3, 3, 3, 3, 3, 3, 3, 3, 3, 3, 3, 3, 3, 3, 3, 3, 3, 3, 3, 3, 3, 3, 3, 3, 3, 3, 3, 3, 3, 3, 3, 3, 3, 3, 3, 3, 3, 3, 3, 3, 3, 3, 3, 3, 3, 3, 3, 3, 3, 3, 3, 3, 3, 3, 3, 3, 3, 3, 3, 3, 3, 3, 3, 3, 3, 3, 3, 3, 3, 3, 3, 3, 3, 3, 3, 3, 3, 3, 3, 3, 3, 3, 3, 3, 3, 3, 3, 3, 3, 3, 3, 3, 3, 3, 3, 3, 3, 3, 3, 3, 3, 3, 3, 3, 3, 3, 3, 3, 3, 3, 3, 3, 3, 3, 3, 3, 3, 3, 3, 3, 3, 3, 3, 3, 3, 3, 3, 3, 3, 3, 3, 3, 3, 3, 3, 3, 3, 3, 3, 3, 3, 3, 3, 3, 3, 3, 3, 3, 3, 3, 3, 3, 3, 3, 3, 3, 3, 3, 3, 3, 3, 3, 3, 3, 3, 3, 3, 3, 3, 3, 3, 3, 3, 3, 3, 3, 3, 3, 3, 3, 3, 3, 3, 3, 3, 3, 3, 3, 3, 3, 3, 3, 3, 3, 3, 3, 3, 3, 3, 3, 3, 3, 3, 3, 3, 3, 3, 3, 3, 3, 3, 3, 3, 3, 3, 3, 3, 3, 3, 3, 3, 3, 3, 3, 3, 3, 3, 3, 3, 3, 3, 3, 3, 3, 3, 3, 3, 3, 3, 3, 3, 3, 3, 3, 3, 3, 3, 3, 3, 3, 3, 3, 3, 3, 3, 3, 3, 3, 3, 3, 3, 3, 3, 3, 3, 3, 3, 3, 3, 3, 3, 3, 3, 3, 3, 3, 3, 3, 3, 3, 3, 3, 3, 3, 3, 3, 3, 3, 3, 3, 3, 3, 3, 3, 3, 3, 3, 3, 3, 3, 3, 3, 3, 3, 3, 3, 3, 3, 3, 3, 3, 3, 3, 3, 3, 3, 3, 3, 3, 3, 3, 3, 3, 3, 3, 3, 3, 3, 3, 3, 3, 3, 3, 3, 3, 3, 3, 3, 3, 3, 3, 3, 3, 3, 3, 3, 3, 3, 3, 3, 3, 3, 3, 3, 3, 3, 3, 3, 3, 3, 3, 3, 3, 3, 3, 3, 3, 3, 3, 3, 3, 3, 3, 3, 3, 3, 3, 3, 3, 3, 3, 3, 3, 3, 3, 3, 3, 3, 3, 3, 3, 3, 3, 3, 3, 3, 3, 3, 3, 3, 3, 3, 3, 3, 3, 3, 3, 3, 3, 3, 3, 3, 3, 3, 3, 3, 3, 3, 3, 3, 3, 3, 3, 3, 3, 3, 3, 3, 3, 3, 3, 3, 3, 3, 3, 3, 3, 3, 3, 3, 3, 3, 3, 3, 3, 3, 3, 3, 3, 3, 3, 3, 3, 3, 3, 3, 3, 3, 3, 3, 3, 3, 3, 3, 3, 3, 3, 3, 3, 3, 3, 3, 3, 3, 3, 3, 3, 3, 3, 3, 3, 3, 3, 3, 3, 3, 3, 3, 3, 3, 3, 3, 3, 3, 3, 3, 3, 3, 3, 3, 3, 3, 3, 3, 3, 3, 3, 3, 3, 3, 3, 3, 3, 3, 3, 3, 3, 3, 3, 3, 3, 3, 3, 3, 3, 3, 3, 3, 3, 3, 3, 3, 3, 3, 3, 3, 3, 3, 3, 3, 3, 3, 3, 3, 3, 3, 3, 3, 3, 3, 3, 3, 3, 3, 3, 3, 3, 3, 3, 3, 3, 3, 3, 3, 3, 3, 3, 3, 3, 3, 3, 3, 3, 3, 3, 3, 3, 3, 3, 3, 3, 3, 3, 3, 3, 3, 3, 3, 3, 3, 3, 3, 3, 3, 3, 3, 3, 3, 3, 3, 3, 3, 3, 3, 3, 3, 3, 3, 3, 3, 3, 3, 3, 3, 3, 3, 3, 3, 3, 3, 3, 3, 3, 3, 3, 3, 3, 3, 3, 3, 3, 3, 3, 3, 3, 3, 3, 3, 3, 3, 3, 3, 3, 3, 3, 3, 3, 3, 3, 3, 3, 3, 3, 3, 3, 3, 3, 3, 3, 3, 3, 3, 3, 3, 3, 3, 3, 3, 3, 3, 3, 3, 3, 3, 3, 3, 3, 3, 3, 3, 3, 3, 3, 3, 3, 3, 3, 3, 3, 3, 3, 3, 3, 3, 3, 3, 3, 3, 3, 3, 3, 3, 3, 3, 3, 3, 3, 3, 3, 3, 3, 3, 3, 3, 3, 3, 3, 3, 3, 3, 3, 3, 3, 3, 3, 3, 3, 3, 3, 3]
        int[] faceVertexIndices = [65, 64, 0, 1, 65, 0, 96, 97, 32, 97, 33, 32, 66, 65, 1, 2, 66, 1, 97, 98, 33, 98, 34, 33, 67, 66, 2, 3, 67, 2, 98, 99, 34, 99, 35, 34, 68, 67, 3, 4, 68, 3, 99, 100, 35, 100, 36, 35, 69, 68, 4, 5, 69, 4, 100, 101, 36, 101, 37, 36, 70, 69, 5, 6, 70, 5, 101, 102, 37, 102, 38, 37, 71, 70, 6, 7, 71, 6, 102, 103, 38, 103, 39, 38, 72, 71, 7, 8, 72, 7, 103, 104, 39, 104, 40, 39, 73, 72, 8, 9, 73, 8, 104, 105, 40, 105, 41, 40, 74, 73, 9, 10, 74, 9, 105, 106, 41, 106, 42, 41, 75, 74, 10, 11, 75, 10, 106, 107, 42, 107, 43, 42, 76, 75, 11, 12, 76, 11, 107, 108, 43, 108, 44, 43, 77, 76, 12, 13, 77, 12, 108, 109, 44, 109, 45, 44, 78, 77, 13, 14, 78, 13, 109, 110, 45, 110, 46, 45, 79, 78, 14, 15, 79, 14, 110, 111, 46, 111, 47, 46, 80, 79, 15, 16, 80, 15, 111, 112, 47, 112, 48, 47, 81, 80, 16, 17, 81, 16, 112, 113, 48, 113, 49, 48, 82, 81, 17, 18, 82, 17, 113, 114, 49, 114, 50, 49, 83, 82, 18, 19, 83, 18, 114, 115, 50, 115, 51, 50, 84, 83, 19, 20, 84, 19, 115, 116, 51, 116, 52, 51, 85, 84, 20, 21, 85, 20, 116, 117, 52, 117, 53, 52, 86, 85, 21, 22, 86, 21, 117, 118, 53, 118, 54, 53, 87, 86, 22, 23, 87, 22, 118, 119, 54, 119, 55, 54, 88, 87, 23, 24, 88, 23, 119, 120, 55, 120, 56, 55, 89, 88, 24, 25, 89, 24, 120, 121, 56, 121, 57, 56, 90, 89, 25, 26, 90, 25, 121, 122, 57, 122, 58, 57, 91, 90, 26, 27, 91, 26, 122, 123, 58, 123, 59, 58, 92, 91, 27, 28, 92, 27, 123, 124, 59, 124, 60, 59, 93, 92, 28, 29, 93, 28, 124, 125, 60, 125, 61, 60, 94, 93, 29, 30, 94, 29, 125, 126, 61, 126, 62, 61, 95, 94, 30, 31, 95, 30, 126, 127, 62, 127, 63, 62, 64, 95, 31, 0, 64, 31, 127, 96, 63, 96, 32, 63, 129, 128, 64, 65, 129, 64, 160, 161, 96, 161, 97, 96, 130, 129, 65, 66, 130, 65, 161, 162, 97, 162, 98, 97, 131, 130, 66, 67, 131, 66, 162, 163, 98, 163, 99, 98, 132, 131, 67, 68, 132, 67, 163, 164, 99, 164, 100, 99, 133, 132, 68, 69, 133, 68, 164, 165, 100, 165, 101, 100, 134, 133, 69, 70, 134, 69, 165, 166, 101, 166, 102, 101, 135, 134, 70, 71, 135, 70, 166, 167, 102, 167, 103, 102, 136, 135, 71, 72, 136, 71, 167, 168, 103, 168, 104, 103, 137, 136, 72, 73, 137, 72, 168, 169, 104, 169, 105, 104, 138, 137, 73, 74, 138, 73, 169, 170, 105, 170, 106, 105, 139, 138, 74, 75, 139, 74, 170, 171, 106, 171, 107, 106, 140, 139, 75, 76, 140, 75, 171, 172, 107, 172, 108, 107, 141, 140, 76, 77, 141, 76, 172, 173, 108, 173, 109, 108, 142, 141, 77, 78, 142, 77, 173, 174, 109, 174, 110, 109, 143, 142, 78, 79, 143, 78, 174, 175, 110, 175, 111, 110, 144, 143, 79, 80, 144, 79, 175, 176, 111, 176, 112, 111, 145, 144, 80, 81, 145, 80, 176, 177, 112, 177, 113, 112, 146, 145, 81, 82, 146, 81, 177, 178, 113, 178, 114, 113, 147, 146, 82, 83, 147, 82, 178, 179, 114, 179, 115, 114, 148, 147, 83, 84, 148, 83, 179, 180, 115, 180, 116, 115, 149, 148, 84, 85, 149, 84, 180, 181, 116, 181, 117, 116, 150, 149, 85, 86, 150, 85, 181, 182, 117, 182, 118, 117, 151, 150, 86, 87, 151, 86, 182, 183, 118, 183, 119, 118, 152, 151, 87, 88, 152, 87, 183, 184, 119, 184, 120, 119, 153, 152, 88, 89, 153, 88, 184, 185, 120, 185, 121, 120, 154, 153, 89, 90, 154, 89, 185, 186, 121, 186, 122, 121, 155, 154, 90, 91, 155, 90, 186, 187, 122, 187, 123, 122, 156, 155, 91, 92, 156, 91, 187, 188, 123, 188, 124, 123, 157, 156, 92, 93, 157, 92, 188, 189, 124, 189, 125, 124, 158, 157, 93, 94, 158, 93, 189, 190, 125, 190, 126, 125, 159, 158, 94, 95, 159, 94, 190, 191, 126, 191, 127, 126, 128, 159, 95, 64, 128, 95, 191, 160, 127, 160, 96, 127, 193, 192, 128, 129, 193, 128, 224, 225, 160, 225, 161, 160, 194, 193, 129, 130, 194, 129, 225, 226, 161, 226, 162, 161, 195, 194, 130, 131, 195, 130, 226, 227, 162, 227, 163, 162, 196, 195, 131, 132, 196, 131, 227, 228, 163, 228, 164, 163, 197, 196, 132, 133, 197, 132, 228, 229, 164, 229, 165, 164, 198, 197, 133, 134, 198, 133, 229, 230, 165, 230, 166, 165, 199, 198, 134, 135, 199, 134, 230, 231, 166, 231, 167, 166, 200, 199, 135, 136, 200, 135, 231, 232, 167, 232, 168, 167, 201, 200, 136, 137, 201, 136, 232, 233, 168, 233, 169, 168, 202, 201, 137, 138, 202, 137, 233, 234, 169, 234, 170, 169, 203, 202, 138, 139, 203, 138, 234, 235, 170, 235, 171, 170, 204, 203, 139, 140, 204, 139, 235, 236, 171, 236, 172, 171, 205, 204, 140, 141, 205, 140, 236, 237, 172, 237, 173, 172, 206, 205, 141, 142, 206, 141, 237, 238, 173, 238, 174, 173, 207, 206, 142, 143, 207, 142, 238, 239, 174, 239, 175, 174, 208, 207, 143, 144, 208, 143, 239, 240, 175, 240, 176, 175, 209, 208, 144, 145, 209, 144, 240, 241, 176, 241, 177, 176, 210, 209, 145, 146, 210, 145, 241, 242, 177, 242, 178, 177, 211, 210, 146, 147, 211, 146, 242, 243, 178, 243, 179, 178, 212, 211, 147, 148, 212, 147, 243, 244, 179, 244, 180, 179, 213, 212, 148, 149, 213, 148, 244, 245, 180, 245, 181, 180, 214, 213, 149, 150, 214, 149, 245, 246, 181, 246, 182, 181, 215, 214, 150, 151, 215, 150, 246, 247, 182, 247, 183, 182, 216, 215, 151, 152, 216, 151, 247, 248, 183, 248, 184, 183, 217, 216, 152, 153, 217, 152, 248, 249, 184, 249, 185, 184, 218, 217, 153, 154, 218, 153, 249, 250, 185, 250, 186, 185, 219, 218, 154, 155, 219, 154, 250, 251, 186, 251, 187, 186, 220, 219, 155, 156, 220, 155, 251, 252, 187, 252, 188, 187, 221, 220, 156, 157, 221, 156, 252, 253, 188, 253, 189, 188, 222, 221, 157, 158, 222, 157, 253, 254, 189, 254, 190, 189, 223, 222, 158, 159, 223, 158, 254, 255, 190, 255, 191, 190, 192, 223, 159, 128, 192, 159, 255, 224, 191, 224, 160, 191, 257, 256, 192, 193, 257, 192, 288, 289, 224, 289, 225, 224, 258, 257, 193, 194, 258, 193, 289, 290, 225, 290, 226, 225, 259, 258, 194, 195, 259, 194, 290, 291, 226, 291, 227, 226, 260, 259, 195, 196, 260, 195, 291, 292, 227, 292, 228, 227, 261, 260, 196, 197, 261, 196, 292, 293, 228, 293, 229, 228, 262, 261, 197, 198, 262, 197, 293, 294, 229, 294, 230, 229, 263, 262, 198, 199, 263, 198, 294, 295, 230, 295, 231, 230, 264, 263, 199, 200, 264, 199, 295, 296, 231, 296, 232, 231, 265, 264, 200, 201, 265, 200, 296, 297, 232, 297, 233, 232, 266, 265, 201, 202, 266, 201, 297, 298, 233, 298, 234, 233, 267, 266, 202, 203, 267, 202, 298, 299, 234, 299, 235, 234, 268, 267, 203, 204, 268, 203, 299, 300, 235, 300, 236, 235, 269, 268, 204, 205, 269, 204, 300, 301, 236, 301, 237, 236, 270, 269, 205, 206, 270, 205, 301, 302, 237, 302, 238, 237, 271, 270, 206, 207, 271, 206, 302, 303, 238, 303, 239, 238, 272, 271, 207, 208, 272, 207, 303, 304, 239, 304, 240, 239, 273, 272, 208, 209, 273, 208, 304, 305, 240, 305, 241, 240, 274, 273, 209, 210, 274, 209, 305, 306, 241, 306, 242, 241, 275, 274, 210, 211, 275, 210, 306, 307, 242, 307, 243, 242, 276, 275, 211, 212, 276, 211, 307, 308, 243, 308, 244, 243, 277, 276, 212, 213, 277, 212, 308, 309, 244, 309, 245, 244, 278, 277, 213, 214, 278, 213, 309, 310, 245, 310, 246, 245, 279, 278, 214, 215, 279, 214, 310, 311, 246, 311, 247, 246, 280, 279, 215, 216, 280, 215, 311, 312, 247, 312, 248, 247, 281, 280, 216, 217, 281, 216, 312, 313, 248, 313, 249, 248, 282, 281, 217, 218, 282, 217, 313, 314, 249, 314, 250, 249, 283, 282, 218, 219, 283, 218, 314, 315, 250, 315, 251, 250, 284, 283, 219, 220, 284, 219, 315, 316, 251, 316, 252, 251, 285, 284, 220, 221, 285, 220, 316, 317, 252, 317, 253, 252, 286, 285, 221, 222, 286, 221, 317, 318, 253, 318, 254, 253, 287, 286, 222, 223, 287, 222, 318, 319, 254, 319, 255, 254, 256, 287, 223, 192, 256, 223, 319, 288, 255, 288, 224, 255, 321, 320, 256, 257, 321, 256, 352, 353, 288, 353, 289, 288, 322, 321, 257, 258, 322, 257, 353, 354, 289, 354, 290, 289, 323, 322, 258, 259, 323, 258, 354, 355, 290, 355, 291, 290, 324, 323, 259, 260, 324, 259, 355, 356, 291, 356, 292, 291, 325, 324, 260, 261, 325, 260, 356, 357, 292, 357, 293, 292, 326, 325, 261, 262, 326, 261, 357, 358, 293, 358, 294, 293, 327, 326, 262, 263, 327, 262, 358, 359, 294, 359, 295, 294, 328, 327, 263, 264, 328, 263, 359, 360, 295, 360, 296, 295, 329, 328, 264, 265, 329, 264, 360, 361, 296, 361, 297, 296, 330, 329, 265, 266, 330, 265, 361, 362, 297, 362, 298, 297, 331, 330, 266, 267, 331, 266, 362, 363, 298, 363, 299, 298, 332, 331, 267, 268, 332, 267, 363, 364, 299, 364, 300, 299, 333, 332, 268, 269, 333, 268, 364, 365, 300, 365, 301, 300, 334, 333, 269, 270, 334, 269, 365, 366, 301, 366, 302, 301, 335, 334, 270, 271, 335, 270, 366, 367, 302, 367, 303, 302, 336, 335, 271, 272, 336, 271, 367, 368, 303, 368, 304, 303, 337, 336, 272, 273, 337, 272, 368, 369, 304, 369, 305, 304, 338, 337, 273, 274, 338, 273, 369, 370, 305, 370, 306, 305, 339, 338, 274, 275, 339, 274, 370, 371, 306, 371, 307, 306, 340, 339, 275, 276, 340, 275, 371, 372, 307, 372, 308, 307, 341, 340, 276, 277, 341, 276, 372, 373, 308, 373, 309, 308, 342, 341, 277, 278, 342, 277, 373, 374, 309, 374, 310, 309, 343, 342, 278, 279, 343, 278, 374, 375, 310, 375, 311, 310, 344, 343, 279, 280, 344, 279, 375, 376, 311, 376, 312, 311, 345, 344, 280, 281, 345, 280, 376, 377, 312, 377, 313, 312, 346, 345, 281, 282, 346, 281, 377, 378, 313, 378, 314, 313, 347, 346, 282, 283, 347, 282, 378, 379, 314, 379, 315, 314, 348, 347, 283, 284, 348, 283, 379, 380, 315, 380, 316, 315, 349, 348, 284, 285, 349, 284, 380, 381, 316, 381, 317, 316, 350, 349, 285, 286, 350, 285, 381, 382, 317, 382, 318, 317, 351, 350, 286, 287, 351, 286, 382, 383, 318, 383, 319, 318, 320, 351, 287, 256, 320, 287, 383, 352, 319, 352, 288, 319, 385, 384, 320, 321, 385, 320, 416, 417, 352, 417, 353, 352, 386, 385, 321, 322, 386, 321, 417, 418, 353, 418, 354, 353, 387, 386, 322, 323, 387, 322, 418, 419, 354, 419, 355, 354, 388, 387, 323, 324, 388, 323, 419, 420, 355, 420, 356, 355, 389, 388, 324, 325, 389, 324, 420, 421, 356, 421, 357, 356, 390, 389, 325, 326, 390, 325, 421, 422, 357, 422, 358, 357, 391, 390, 326, 327, 391, 326, 422, 423, 358, 423, 359, 358, 392, 391, 327, 328, 392, 327, 423, 424, 359, 424, 360, 359, 393, 392, 328, 329, 393, 328, 424, 425, 360, 425, 361, 360, 394, 393, 329, 330, 394, 329, 425, 426, 361, 426, 362, 361, 395, 394, 330, 331, 395, 330, 426, 427, 362, 427, 363, 362, 396, 395, 331, 332, 396, 331, 427, 428, 363, 428, 364, 363, 397, 396, 332, 333, 397, 332, 428, 429, 364, 429, 365, 364, 398, 397, 333, 334, 398, 333, 429, 430, 365, 430, 366, 365, 399, 398, 334, 335, 399, 334, 430, 431, 366, 431, 367, 366, 400, 399, 335, 336, 400, 335, 431, 432, 367, 432, 368, 367, 401, 400, 336, 337, 401, 336, 432, 433, 368, 433, 369, 368, 402, 401, 337, 338, 402, 337, 433, 434, 369, 434, 370, 369, 403, 402, 338, 339, 403, 338, 434, 435, 370, 435, 371, 370, 404, 403, 339, 340, 404, 339, 435, 436, 371, 436, 372, 371, 405, 404, 340, 341, 405, 340, 436, 437, 372, 437, 373, 372, 406, 405, 341, 342, 406, 341, 437, 438, 373, 438, 374, 373, 407, 406, 342, 343, 407, 342, 438, 439, 374, 439, 375, 374, 408, 407, 343, 344, 408, 343, 439, 440, 375, 440, 376, 375, 409, 408, 344, 345, 409, 344, 440, 441, 376, 441, 377, 376, 410, 409, 345, 346, 410, 345, 441, 442, 377, 442, 378, 377, 411, 410, 346, 347, 411, 346, 442, 443, 378, 443, 379, 378, 412, 411, 347, 348, 412, 347, 443, 444, 379, 444, 380, 379, 413, 412, 348, 349, 413, 348, 444, 445, 380, 445, 381, 380, 414, 413, 349, 350, 414, 349, 445, 446, 381, 446, 382, 381, 415, 414, 350, 351, 415, 350, 446, 447, 382, 447, 383, 382, 384, 415, 351, 320, 384, 351, 447, 416, 383, 416, 352, 383, 449, 448, 384, 385, 449, 384, 480, 481, 416, 481, 417, 416, 450, 449, 385, 386, 450, 385, 481, 482, 417, 482, 418, 417, 451, 450, 386, 387, 451, 386, 482, 483, 418, 483, 419, 418, 452, 451, 387, 388, 452, 387, 483, 484, 419, 484, 420, 419, 453, 452, 388, 389, 453, 388, 484, 485, 420, 485, 421, 420, 454, 453, 389, 390, 454, 389, 485, 486, 421, 486, 422, 421, 455, 454, 390, 391, 455, 390, 486, 487, 422, 487, 423, 422, 456, 455, 391, 392, 456, 391, 487, 488, 423, 488, 424, 423, 457, 456, 392, 393, 457, 392, 488, 489, 424, 489, 425, 424, 458, 457, 393, 394, 458, 393, 489, 490, 425, 490, 426, 425, 459, 458, 394, 395, 459, 394, 490, 491, 426, 491, 427, 426, 460, 459, 395, 396, 460, 395, 491, 492, 427, 492, 428, 427, 461, 460, 396, 397, 461, 396, 492, 493, 428, 493, 429, 428, 462, 461, 397, 398, 462, 397, 493, 494, 429, 494, 430, 429, 463, 462, 398, 399, 463, 398, 494, 495, 430, 495, 431, 430, 464, 463, 399, 400, 464, 399, 495, 496, 431, 496, 432, 431, 465, 464, 400, 401, 465, 400, 496, 497, 432, 497, 433, 432, 466, 465, 401, 402, 466, 401, 497, 498, 433, 498, 434, 433, 467, 466, 402, 403, 467, 402, 498, 499, 434, 499, 435, 434, 468, 467, 403, 404, 468, 403, 499, 500, 435, 500, 436, 435, 469, 468, 404, 405, 469, 404, 500, 501, 436, 501, 437, 436, 470, 469, 405, 406, 470, 405, 501, 502, 437, 502, 438, 437, 471, 470, 406, 407, 471, 406, 502, 503, 438, 503, 439, 438, 472, 471, 407, 408, 472, 407, 503, 504, 439, 504, 440, 439, 473, 472, 408, 409, 473, 408, 504, 505, 440, 505, 441, 440, 474, 473, 409, 410, 474, 409, 505, 506, 441, 506, 442, 441, 475, 474, 410, 411, 475, 410, 506, 507, 442, 507, 443, 442, 476, 475, 411, 412, 476, 411, 507, 508, 443, 508, 444, 443, 477, 476, 412, 413, 477, 412, 508, 509, 444, 509, 445, 444, 478, 477, 413, 414, 478, 413, 509, 510, 445, 510, 446, 445, 479, 478, 414, 415, 479, 414, 510, 511, 446, 511, 447, 446, 448, 479, 415, 384, 448, 415, 511, 480, 447, 480, 416, 447, 513, 512, 448, 449, 513, 448, 544, 545, 480, 545, 481, 480, 514, 513, 449, 450, 514, 449, 545, 546, 481, 546, 482, 481, 515, 514, 450, 451, 515, 450, 546, 547, 482, 547, 483, 482, 516, 515, 451, 452, 516, 451, 547, 548, 483, 548, 484, 483, 517, 516, 452, 453, 517, 452, 548, 549, 484, 549, 485, 484, 518, 517, 453, 454, 518, 453, 549, 550, 485, 550, 486, 485, 519, 518, 454, 455, 519, 454, 550, 551, 486, 551, 487, 486, 520, 519, 455, 456, 520, 455, 551, 552, 487, 552, 488, 487, 521, 520, 456, 457, 521, 456, 552, 553, 488, 553, 489, 488, 522, 521, 457, 458, 522, 457, 553, 554, 489, 554, 490, 489, 523, 522, 458, 459, 523, 458, 554, 555, 490, 555, 491, 490, 524, 523, 459, 460, 524, 459, 555, 556, 491, 556, 492, 491, 525, 524, 460, 461, 525, 460, 556, 557, 492, 557, 493, 492, 526, 525, 461, 462, 526, 461, 557, 558, 493, 558, 494, 493, 527, 526, 462, 463, 527, 462, 558, 559, 494, 559, 495, 494, 528, 527, 463, 464, 528, 463, 559, 560, 495, 560, 496, 495, 529, 528, 464, 465, 529, 464, 560, 561, 496, 561, 497, 496, 530, 529, 465, 466, 530, 465, 561, 562, 497, 562, 498, 497, 531, 530, 466, 467, 531, 466, 562, 563, 498, 563, 499, 498, 532, 531, 467, 468, 532, 467, 563, 564, 499, 564, 500, 499, 533, 532, 468, 469, 533, 468, 564, 565, 500, 565, 501, 500, 534, 533, 469, 470, 534, 469, 565, 566, 501, 566, 502, 501, 535, 534, 470, 471, 535, 470, 566, 567, 502, 567, 503, 502, 536, 535, 471, 472, 536, 471, 567, 568, 503, 568, 504, 503, 537, 536, 472, 473, 537, 472, 568, 569, 504, 569, 505, 504, 538, 537, 473, 474, 538, 473, 569, 570, 505, 570, 506, 505, 539, 538, 474, 475, 539, 474, 570, 571, 506, 571, 507, 506, 540, 539, 475, 476, 540, 475, 571, 572, 507, 572, 508, 507, 541, 540, 476, 477, 541, 476, 572, 573, 508, 573, 509, 508, 542, 541, 477, 478, 542, 477, 573, 574, 509, 574, 510, 509, 543, 542, 478, 479, 543, 478, 574, 575, 510, 575, 511, 510, 512, 543, 479, 448, 512, 479, 575, 544, 511, 544, 480, 511, 577, 576, 512, 513, 577, 512, 608, 609, 544, 609, 545, 544, 578, 577, 513, 514, 578, 513, 609, 610, 545, 610, 546, 545, 579, 578, 514, 515, 579, 514, 610, 611, 546, 611, 547, 546, 580, 579, 515, 516, 580, 515, 611, 612, 547, 612, 548, 547, 581, 580, 516, 517, 581, 516, 612, 613, 548, 613, 549, 548, 582, 581, 517, 518, 582, 517, 613, 614, 549, 614, 550, 549, 583, 582, 518, 519, 583, 518, 614, 615, 550, 615, 551, 550, 584, 583, 519, 520, 584, 519, 615, 616, 551, 616, 552, 551, 585, 584, 520, 521, 585, 520, 616, 617, 552, 617, 553, 552, 586, 585, 521, 522, 586, 521, 617, 618, 553, 618, 554, 553, 587, 586, 522, 523, 587, 522, 618, 619, 554, 619, 555, 554, 588, 587, 523, 524, 588, 523, 619, 620, 555, 620, 556, 555, 589, 588, 524, 525, 589, 524, 620, 621, 556, 621, 557, 556, 590, 589, 525, 526, 590, 525, 621, 622, 557, 622, 558, 557, 591, 590, 526, 527, 591, 526, 622, 623, 558, 623, 559, 558, 592, 591, 527, 528, 592, 527, 623, 624, 559, 624, 560, 559, 593, 592, 528, 529, 593, 528, 624, 625, 560, 625, 561, 560, 594, 593, 529, 530, 594, 529, 625, 626, 561, 626, 562, 561, 595, 594, 530, 531, 595, 530, 626, 627, 562, 627, 563, 562, 596, 595, 531, 532, 596, 531, 627, 628, 563, 628, 564, 563, 597, 596, 532, 533, 597, 532, 628, 629, 564, 629, 565, 564, 598, 597, 533, 534, 598, 533, 629, 630, 565, 630, 566, 565, 599, 598, 534, 535, 599, 534, 630, 631, 566, 631, 567, 566, 600, 599, 535, 536, 600, 535, 631, 632, 567, 632, 568, 567, 601, 600, 536, 537, 601, 536, 632, 633, 568, 633, 569, 568, 602, 601, 537, 538, 602, 537, 633, 634, 569, 634, 570, 569, 603, 602, 538, 539, 603, 538, 634, 635, 570, 635, 571, 570, 604, 603, 539, 540, 604, 539, 635, 636, 571, 636, 572, 571, 605, 604, 540, 541, 605, 540, 636, 637, 572, 637, 573, 572, 606, 605, 541, 542, 606, 541, 637, 638, 573, 638, 574, 573, 607, 606, 542, 543, 607, 542, 638, 639, 574, 639, 575, 574, 576, 607, 543, 512, 576, 543, 639, 608, 575, 608, 544, 575, 641, 640, 576, 577, 641, 576, 672, 673, 608, 673, 609, 608, 642, 641, 577, 578, 642, 577, 673, 674, 609, 674, 610, 609, 643, 642, 578, 579, 643, 578, 674, 675, 610, 675, 611, 610, 644, 643, 579, 580, 644, 579, 675, 676, 611, 676, 612, 611, 645, 644, 580, 581, 645, 580, 676, 677, 612, 677, 613, 612, 646, 645, 581, 582, 646, 581, 677, 678, 613, 678, 614, 613, 647, 646, 582, 583, 647, 582, 678, 679, 614, 679, 615, 614, 648, 647, 583, 584, 648, 583, 679, 680, 615, 680, 616, 615, 649, 648, 584, 585, 649, 584, 680, 681, 616, 681, 617, 616, 650, 649, 585, 586, 650, 585, 681, 682, 617, 682, 618, 617, 651, 650, 586, 587, 651, 586, 682, 683, 618, 683, 619, 618, 652, 651, 587, 588, 652, 587, 683, 684, 619, 684, 620, 619, 653, 652, 588, 589, 653, 588, 684, 685, 620, 685, 621, 620, 654, 653, 589, 590, 654, 589, 685, 686, 621, 686, 622, 621, 655, 654, 590, 591, 655, 590, 686, 687, 622, 687, 623, 622, 656, 655, 591, 592, 656, 591, 687, 688, 623, 688, 624, 623, 657, 656, 592, 593, 657, 592, 688, 689, 624, 689, 625, 624, 658, 657, 593, 594, 658, 593, 689, 690, 625, 690, 626, 625, 659, 658, 594, 595, 659, 594, 690, 691, 626, 691, 627, 626, 660, 659, 595, 596, 660, 595, 691, 692, 627, 692, 628, 627, 661, 660, 596, 597, 661, 596, 692, 693, 628, 693, 629, 628, 662, 661, 597, 598, 662, 597, 693, 694, 629, 694, 630, 629, 663, 662, 598, 599, 663, 598, 694, 695, 630, 695, 631, 630, 664, 663, 599, 600, 664, 599, 695, 696, 631, 696, 632, 631, 665, 664, 600, 601, 665, 600, 696, 697, 632, 697, 633, 632, 666, 665, 601, 602, 666, 601, 697, 698, 633, 698, 634, 633, 667, 666, 602, 603, 667, 602, 698, 699, 634, 699, 635, 634, 668, 667, 603, 604, 668, 603, 699, 700, 635, 700, 636, 635, 669, 668, 604, 605, 669, 604, 700, 701, 636, 701, 637, 636, 670, 669, 605, 606, 670, 605, 701, 702, 637, 702, 638, 637, 671, 670, 606, 607, 671, 606, 702, 703, 638, 703, 639, 638, 640, 671, 607, 576, 640, 607, 703, 672, 639, 672, 608, 639, 705, 704, 640, 641, 705, 640, 736, 737, 672, 737, 673, 672, 706, 705, 641, 642, 706, 641, 737, 738, 673, 738, 674, 673, 707, 706, 642, 643, 707, 642, 738, 739, 674, 739, 675, 674, 708, 707, 643, 644, 708, 643, 739, 740, 675, 740, 676, 675, 709, 708, 644, 645, 709, 644, 740, 741, 676, 741, 677, 676, 710, 709, 645, 646, 710, 645, 741, 742, 677, 742, 678, 677, 711, 710, 646, 647, 711, 646, 742, 743, 678, 743, 679, 678, 712, 711, 647, 648, 712, 647, 743, 744, 679, 744, 680, 679, 713, 712, 648, 649, 713, 648, 744, 745, 680, 745, 681, 680, 714, 713, 649, 650, 714, 649, 745, 746, 681, 746, 682, 681, 715, 714, 650, 651, 715, 650, 746, 747, 682, 747, 683, 682, 716, 715, 651, 652, 716, 651, 747, 748, 683, 748, 684, 683, 717, 716, 652, 653, 717, 652, 748, 749, 684, 749, 685, 684, 718, 717, 653, 654, 718, 653, 749, 750, 685, 750, 686, 685, 719, 718, 654, 655, 719, 654, 750, 751, 686, 751, 687, 686, 720, 719, 655, 656, 720, 655, 751, 752, 687, 752, 688, 687, 721, 720, 656, 657, 721, 656, 752, 753, 688, 753, 689, 688, 722, 721, 657, 658, 722, 657, 753, 754, 689, 754, 690, 689, 723, 722, 658, 659, 723, 658, 754, 755, 690, 755, 691, 690, 724, 723, 659, 660, 724, 659, 755, 756, 691, 756, 692, 691, 725, 724, 660, 661, 725, 660, 756, 757, 692, 757, 693, 692, 726, 725, 661, 662, 726, 661, 757, 758, 693, 758, 694, 693, 727, 726, 662, 663, 727, 662, 758, 759, 694, 759, 695, 694, 728, 727, 663, 664, 728, 663, 759, 760, 695, 760, 696, 695, 729, 728, 664, 665, 729, 664, 760, 761, 696, 761, 697, 696, 730, 729, 665, 666, 730, 665, 761, 762, 697, 762, 698, 697, 731, 730, 666, 667, 731, 666, 762, 763, 698, 763, 699, 698, 732, 731, 667, 668, 732, 667, 763, 764, 699, 764, 700, 699, 733, 732, 668, 669, 733, 668, 764, 765, 700, 765, 701, 700, 734, 733, 669, 670, 734, 669, 765, 766, 701, 766, 702, 701, 735, 734, 670, 671, 735, 670, 766, 767, 702, 767, 703, 702, 704, 735, 671, 640, 704, 671, 767, 736, 703, 736, 672, 703, 769, 768, 704, 705, 769, 704, 800, 801, 736, 801, 737, 736, 770, 769, 705, 706, 770, 705, 801, 802, 737, 802, 738, 737, 771, 770, 706, 707, 771, 706, 802, 803, 738, 803, 739, 738, 772, 771, 707, 708, 772, 707, 803, 804, 739, 804, 740, 739, 773, 772, 708, 709, 773, 708, 804, 805, 740, 805, 741, 740, 774, 773, 709, 710, 774, 709, 805, 806, 741, 806, 742, 741, 775, 774, 710, 711, 775, 710, 806, 807, 742, 807, 743, 742, 776, 775, 711, 712, 776, 711, 807, 808, 743, 808, 744, 743, 777, 776, 712, 713, 777, 712, 808, 809, 744, 809, 745, 744, 778, 777, 713, 714, 778, 713, 809, 810, 745, 810, 746, 745, 779, 778, 714, 715, 779, 714, 810, 811, 746, 811, 747, 746, 780, 779, 715, 716, 780, 715, 811, 812, 747, 812, 748, 747, 781, 780, 716, 717, 781, 716, 812, 813, 748, 813, 749, 748, 782, 781, 717, 718, 782, 717, 813, 814, 749, 814, 750, 749, 783, 782, 718, 719, 783, 718, 814, 815, 750, 815, 751, 750, 784, 783, 719, 720, 784, 719, 815, 816, 751, 816, 752, 751, 785, 784, 720, 721, 785, 720, 816, 817, 752, 817, 753, 752, 786, 785, 721, 722, 786, 721, 817, 818, 753, 818, 754, 753, 787, 786, 722, 723, 787, 722, 818, 819, 754, 819, 755, 754, 788, 787, 723, 724, 788, 723, 819, 820, 755, 820, 756, 755, 789, 788, 724, 725, 789, 724, 820, 821, 756, 821, 757, 756, 790, 789, 725, 726, 790, 725, 821, 822, 757, 822, 758, 757, 791, 790, 726, 727, 791, 726, 822, 823, 758, 823, 759, 758, 792, 791, 727, 728, 792, 727, 823, 824, 759, 824, 760, 759, 793, 792, 728, 729, 793, 728, 824, 825, 760, 825, 761, 760, 794, 793, 729, 730, 794, 729, 825, 826, 761, 826, 762, 761, 795, 794, 730, 731, 795, 730, 826, 827, 762, 827, 763, 762, 796, 795, 731, 732, 796, 731, 827, 828, 763, 828, 764, 763, 797, 796, 732, 733, 797, 732, 828, 829, 764, 829, 765, 764, 798, 797, 733, 734, 798, 733, 829, 830, 765, 830, 766, 765, 799, 798, 734, 735, 799, 734, 830, 831, 766, 831, 767, 766, 768, 799, 735, 704, 768, 735, 831, 800, 767, 800, 736, 767, 833, 832, 768, 769, 833, 768, 864, 865, 800, 865, 801, 800, 834, 833, 769, 770, 834, 769, 865, 866, 801, 866, 802, 801, 835, 834, 770, 771, 835, 770, 866, 867, 802, 867, 803, 802, 836, 835, 771, 772, 836, 771, 867, 868, 803, 868, 804, 803, 837, 836, 772, 773, 837, 772, 868, 869, 804, 869, 805, 804, 838, 837, 773, 774, 838, 773, 869, 870, 805, 870, 806, 805, 839, 838, 774, 775, 839, 774, 870, 871, 806, 871, 807, 806, 840, 839, 775, 776, 840, 775, 871, 872, 807, 872, 808, 807, 841, 840, 776, 777, 841, 776, 872, 873, 808, 873, 809, 808, 842, 841, 777, 778, 842, 777, 873, 874, 809, 874, 810, 809, 843, 842, 778, 779, 843, 778, 874, 875, 810, 875, 811, 810, 844, 843, 779, 780, 844, 779, 875, 876, 811, 876, 812, 811, 845, 844, 780, 781, 845, 780, 876, 877, 812, 877, 813, 812, 846, 845, 781, 782, 846, 781, 877, 878, 813, 878, 814, 813, 847, 846, 782, 783, 847, 782, 878, 879, 814, 879, 815, 814, 848, 847, 783, 784, 848, 783, 879, 880, 815, 880, 816, 815, 849, 848, 784, 785, 849, 784, 880, 881, 816, 881, 817, 816, 850, 849, 785, 786, 850, 785, 881, 882, 817, 882, 818, 817, 851, 850, 786, 787, 851, 786, 882, 883, 818, 883, 819, 818, 852, 851, 787, 788, 852, 787, 883, 884, 819, 884, 820, 819, 853, 852, 788, 789, 853, 788, 884, 885, 820, 885, 821, 820, 854, 853, 789, 790, 854, 789, 885, 886, 821, 886, 822, 821, 855, 854, 790, 791, 855, 790, 886, 887, 822, 887, 823, 822, 856, 855, 791, 792, 856, 791, 887, 888, 823, 888, 824, 823, 857, 856, 792, 793, 857, 792, 888, 889, 824, 889, 825, 824, 858, 857, 793, 794, 858, 793, 889, 890, 825, 890, 826, 825, 859, 858, 794, 795, 859, 794, 890, 891, 826, 891, 827, 826, 860, 859, 795, 796, 860, 795, 891, 892, 827, 892, 828, 827, 861, 860, 796, 797, 861, 796, 892, 893, 828, 893, 829, 828, 862, 861, 797, 798, 862, 797, 893, 894, 829, 894, 830, 829, 863, 862, 798, 799, 863, 798, 894, 895, 830, 895, 831, 830, 832, 863, 799, 768, 832, 799, 895, 864, 831, 864, 800, 831, 897, 896, 832, 833, 897, 832, 928, 929, 864, 929, 865, 864, 898, 897, 833, 834, 898, 833, 929, 930, 865, 930, 866, 865, 899, 898, 834, 835, 899, 834, 930, 931, 866, 931, 867, 866, 900, 899, 835, 836, 900, 835, 931, 932, 867, 932, 868, 867, 901, 900, 836, 837, 901, 836, 932, 933, 868, 933, 869, 868, 902, 901, 837, 838, 902, 837, 933, 934, 869, 934, 870, 869, 903, 902, 838, 839, 903, 838, 934, 935, 870, 935, 871, 870, 904, 903, 839, 840, 904, 839, 935, 936, 871, 936, 872, 871, 905, 904, 840, 841, 905, 840, 936, 937, 872, 937, 873, 872, 906, 905, 841, 842, 906, 841, 937, 938, 873, 938, 874, 873, 907, 906, 842, 843, 907, 842, 938, 939, 874, 939, 875, 874, 908, 907, 843, 844, 908, 843, 939, 940, 875, 940, 876, 875, 909, 908, 844, 845, 909, 844, 940, 941, 876, 941, 877, 876, 910, 909, 845, 846, 910, 845, 941, 942, 877, 942, 878, 877, 911, 910, 846, 847, 911, 846, 942, 943, 878, 943, 879, 878, 912, 911, 847, 848, 912, 847, 943, 944, 879, 944, 880, 879, 913, 912, 848, 849, 913, 848, 944, 945, 880, 945, 881, 880, 914, 913, 849, 850, 914, 849, 945, 946, 881, 946, 882, 881, 915, 914, 850, 851, 915, 850, 946, 947, 882, 947, 883, 882, 916, 915, 851, 852, 916, 851, 947, 948, 883, 948, 884, 883, 917, 916, 852, 853, 917, 852, 948, 949, 884, 949, 885, 884, 918, 917, 853, 854, 918, 853, 949, 950, 885, 950, 886, 885, 919, 918, 854, 855, 919, 854, 950, 951, 886, 951, 887, 886, 920, 919, 855, 856, 920, 855, 951, 952, 887, 952, 888, 887, 921, 920, 856, 857, 921, 856, 952, 953, 888, 953, 889, 888, 922, 921, 857, 858, 922, 857, 953, 954, 889, 954, 890, 889, 923, 922, 858, 859, 923, 858, 954, 955, 890, 955, 891, 890, 924, 923, 859, 860, 924, 859, 955, 956, 891, 956, 892, 891, 925, 924, 860, 861, 925, 860, 956, 957, 892, 957, 893, 892, 926, 925, 861, 862, 926, 861, 957, 958, 893, 958, 894, 893, 927, 926, 862, 863, 927, 862, 958, 959, 894, 959, 895, 894, 896, 927, 863, 832, 896, 863, 959, 928, 895, 928, 864, 895, 961, 960, 896, 897, 961, 896, 992, 993, 928, 993, 929, 928, 962, 961, 897, 898, 962, 897, 993, 994, 929, 994, 930, 929, 963, 962, 898, 899, 963, 898, 994, 995, 930, 995, 931, 930, 964, 963, 899, 900, 964, 899, 995, 996, 931, 996, 932, 931, 965, 964, 900, 901, 965, 900, 996, 997, 932, 997, 933, 932, 966, 965, 901, 902, 966, 901, 997, 998, 933, 998, 934, 933, 967, 966, 902, 903, 967, 902, 998, 999, 934, 999, 935, 934, 968, 967, 903, 904, 968, 903, 999, 1000, 935, 1000, 936, 935, 969, 968, 904, 905, 969, 904, 1000, 1001, 936, 1001, 937, 936, 970, 969, 905, 906, 970, 905, 1001, 1002, 937, 1002, 938, 937, 971, 970, 906, 907, 971, 906, 1002, 1003, 938, 1003, 939, 938, 972, 971, 907, 908, 972, 907, 1003, 1004, 939, 1004, 940, 939, 973, 972, 908, 909, 973, 908, 1004, 1005, 940, 1005, 941, 940, 974, 973, 909, 910, 974, 909, 1005, 1006, 941, 1006, 942, 941, 975, 974, 910, 911, 975, 910, 1006, 1007, 942, 1007, 943, 942, 976, 975, 911, 912, 976, 911, 1007, 1008, 943, 1008, 944, 943, 977, 976, 912, 913, 977, 912, 1008, 1009, 944, 1009, 945, 944, 978, 977, 913, 914, 978, 913, 1009, 1010, 945, 1010, 946, 945, 979, 978, 914, 915, 979, 914, 1010, 1011, 946, 1011, 947, 946, 980, 979, 915, 916, 980, 915, 1011, 1012, 947, 1012, 948, 947, 981, 980, 916, 917, 981, 916, 1012, 1013, 948, 1013, 949, 948, 982, 981, 917, 918, 982, 917, 1013, 1014, 949, 1014, 950, 949, 983, 982, 918, 919, 983, 918, 1014, 1015, 950, 1015, 951, 950, 984, 983, 919, 920, 984, 919, 1015, 1016, 951, 1016, 952, 951, 985, 984, 920, 921, 985, 920, 1016, 1017, 952, 1017, 953, 952, 986, 985, 921, 922, 986, 921, 1017, 1018, 953, 1018, 954, 953, 987, 986, 922, 923, 987, 922, 1018, 1019, 954, 1019, 955, 954, 988, 987, 923, 924, 988, 923, 1019, 1020, 955, 1020, 956, 955, 989, 988, 924, 925, 989, 924, 1020, 1021, 956, 1021, 957, 956, 990, 989, 925, 926, 990, 925, 1021, 1022, 957, 1022, 958, 957, 991, 990, 926, 927, 991, 926, 1022, 1023, 958, 1023, 959, 958, 960, 991, 927, 896, 960, 927, 1023, 992, 959, 992, 928, 959, 1025, 1024, 960, 961, 1025, 960, 1056, 1057, 992, 1057, 993, 992, 1026, 1025, 961, 962, 1026, 961, 1057, 1058, 993, 1058, 994, 993, 1027, 1026, 962, 963, 1027, 962, 1058, 1059, 994, 1059, 995, 994, 1028, 1027, 963, 964, 1028, 963, 1059, 1060, 995, 1060, 996, 995, 1029, 1028, 964, 965, 1029, 964, 1060, 1061, 996, 1061, 997, 996, 1030, 1029, 965, 966, 1030, 965, 1061, 1062, 997, 1062, 998, 997, 1031, 1030, 966, 967, 1031, 966, 1062, 1063, 998, 1063, 999, 998, 1032, 1031, 967, 968, 1032, 967, 1063, 1064, 999, 1064, 1000, 999, 1033, 1032, 968, 969, 1033, 968, 1064, 1065, 1000, 1065, 1001, 1000, 1034, 1033, 969, 970, 1034, 969, 1065, 1066, 1001, 1066, 1002, 1001, 1035, 1034, 970, 971, 1035, 970, 1066, 1067, 1002, 1067, 1003, 1002, 1036, 1035, 971, 972, 1036, 971, 1067, 1068, 1003, 1068, 1004, 1003, 1037, 1036, 972, 973, 1037, 972, 1068, 1069, 1004, 1069, 1005, 1004, 1038, 1037, 973, 974, 1038, 973, 1069, 1070, 1005, 1070, 1006, 1005, 1039, 1038, 974, 975, 1039, 974, 1070, 1071, 1006, 1071, 1007, 1006, 1040, 1039, 975, 976, 1040, 975, 1071, 1072, 1007, 1072, 1008, 1007, 1041, 1040, 976, 977, 1041, 976, 1072, 1073, 1008, 1073, 1009, 1008, 1042, 1041, 977, 978, 1042, 977, 1073, 1074, 1009, 1074, 1010, 1009, 1043, 1042, 978, 979, 1043, 978, 1074, 1075, 1010, 1075, 1011, 1010, 1044, 1043, 979, 980, 1044, 979, 1075, 1076, 1011, 1076, 1012, 1011, 1045, 1044, 980, 981, 1045, 980, 1076, 1077, 1012, 1077, 1013, 1012, 1046, 1045, 981, 982, 1046, 981, 1077, 1078, 1013, 1078, 1014, 1013, 1047, 1046, 982, 983, 1047, 982, 1078, 1079, 1014, 1079, 1015, 1014, 1048, 1047, 983, 984, 1048, 983, 1079, 1080, 1015, 1080, 1016, 1015, 1049, 1048, 984, 985, 1049, 984, 1080, 1081, 1016, 1081, 1017, 1016, 1050, 1049, 985, 986, 1050, 985, 1081, 1082, 1017, 1082, 1018, 1017, 1051, 1050, 986, 987, 1051, 986, 1082, 1083, 1018, 1083, 1019, 1018, 1052, 1051, 987, 988, 1052, 987, 1083, 1084, 1019, 1084, 1020, 1019, 1053, 1052, 988, 989, 1053, 988, 1084, 1085, 1020, 1085, 1021, 1020, 1054, 1053, 989, 990, 1054, 989, 1085, 1086, 1021, 1086, 1022, 1021, 1055, 1054, 990, 991, 1055, 990, 1086, 1087, 1022, 1087, 1023, 1022, 1024, 1055, 991, 960, 1024, 991, 1087, 1056, 1023, 1056, 992, 1023, 32, 33, 0, 33, 1, 0, 33, 34, 1, 34, 2, 1, 34, 35, 2, 35, 3, 2, 35, 36, 3, 36, 4, 3, 36, 37, 4, 37, 5, 4, 37, 38, 5, 38, 6, 5, 38, 39, 6, 39, 7, 6, 39, 40, 7, 40, 8, 7, 40, 41, 8, 41, 9, 8, 41, 42, 9, 42, 10, 9, 42, 43, 10, 43, 11, 10, 43, 44, 11, 44, 12, 11, 44, 45, 12, 45, 13, 12, 45, 46, 13, 46, 14, 13, 46, 47, 14, 47, 15, 14, 47, 48, 15, 48, 16, 15, 48, 49, 16, 49, 17, 16, 49, 50, 17, 50, 18, 17, 50, 51, 18, 51, 19, 18, 51, 52, 19, 52, 20, 19, 52, 53, 20, 53, 21, 20, 53, 54, 21, 54, 22, 21, 54, 55, 22, 55, 23, 22, 55, 56, 23, 56, 24, 23, 56, 57, 24, 57, 25, 24, 57, 58, 25, 58, 26, 25, 58, 59, 26, 59, 27, 26, 59, 60, 27, 60, 28, 27, 60, 61, 28, 61, 29, 28, 61, 62, 29, 62, 30, 29, 62, 63, 30, 63, 31, 30, 63, 32, 31, 32, 0, 31, 1057, 1056, 1024, 1025, 1057, 1024, 1058, 1057, 1025, 1026, 1058, 1025, 1059, 1058, 1026, 1027, 1059, 1026, 1060, 1059, 1027, 1028, 1060, 1027, 1061, 1060, 1028, 1029, 1061, 1028, 1062, 1061, 1029, 1030, 1062, 1029, 1063, 1062, 1030, 1031, 1063, 1030, 1064, 1063, 1031, 1032, 1064, 1031, 1065, 1064, 1032, 1033, 1065, 1032, 1066, 1065, 1033, 1034, 1066, 1033, 1067, 1066, 1034, 1035, 1067, 1034, 1068, 1067, 1035, 1036, 1068, 1035, 1069, 1068, 1036, 1037, 1069, 1036, 1070, 1069, 1037, 1038, 1070, 1037, 1071, 1070, 1038, 1039, 1071, 1038, 1072, 1071, 1039, 1040, 1072, 1039, 1073, 1072, 1040, 1041, 1073, 1040, 1074, 1073, 1041, 1042, 1074, 1041, 1075, 1074, 1042, 1043, 1075, 1042, 1076, 1075, 1043, 1044, 1076, 1043, 1077, 1076, 1044, 1045, 1077, 1044, 1078, 1077, 1045, 1046, 1078, 1045, 1079, 1078, 1046, 1047, 1079, 1046, 1080, 1079, 1047, 1048, 1080, 1047, 1081, 1080, 1048, 1049, 1081, 1048, 1082, 1081, 1049, 1050, 1082, 1049, 1083, 1082, 1050, 1051, 1083, 1050, 1084, 1083, 1051, 1052, 1084, 1051, 1085, 1084, 1052, 1053, 1085, 1052, 1086, 1085, 1053, 1054, 1086, 1053, 1087, 1086, 1054, 1055, 1087, 1054, 1056, 1087, 1055, 1024, 1056, 1055]
        point3f[] points = [
            (0.0002, 0.004351396657, 0.000299991527),
            (0.0002, 0.004256895569, 0.001092875606),
            (0.0002, 0.003980723071, 0.00186748403),
            (0.0002, 0.003543342906, 0.0026021332),
            (0.0002, 0.002974245138, 0.003269840008),
            (0.0002, 0.002306538329, 0.003838937777),
            (0.0002, 0.001571889159, 0.004276317941),
            (0.0002, 0.0007972807356, 0.004552490439),
            (0.0002, 4.396656607e-06, 0.004646991527),
            (0.0002, -0.0007884874224, 0.004552490439),
            (0.0002, -0.001563095846, 0.004276317941),
            (0.0002, -0.002297745016, 0.003838937777),
            (0.0002, -0.002965451824, 0.003269840008),
            (0.0002, -0.003534549593, 0.0026021332),
            (0.0002, -0.003971929758, 0.00186748403),
            (0.0002, -0.004248102256, 0.001092875606),
            (0.0002, -0.004342603343, 0.000299991527),
            (0.0002, -0.004248102256, -0.000492892552),
            (0.0002, -0.003971929758, -0.001267500976),
            (0.0002, -0.003534549593, -0.002002150146),
            (0.0002, -0.002965451824, -0.002669856954),
            (0.0002, -0.002297745016, -0.003238954722),
            (0.0002, -0.001563095846, -0.003676334887),
            (0.0002, -0.0007884874224, -0.003952507385),
            (0.0002, 4.396656607e-06, -0.004047008473),
            (0.0002, 0.0007972807356, -0.003952507385),
            (0.0002, 0.001571889159, -0.003676334887),
            (0.0002, 0.002306538329, -0.003238954722),
            (0.0002, 0.002974245138, -0.002669856954),
            (0.0002, 0.003543342906, -0.002002150146),
            (0.0002, 0.003980723071, -0.001267500976),
            (0.0002, 0.004256895569, -0.000492892552),
            (0.0002, 0.003647596657, 0.000299991527),
            (0.0002, 0.003568395745, 0.000964503898),
            (0.0002, 0.00333693689, 0.001613699529),
            (0.0002, 0.002970370656, 0.0022294055),
            (0.0002, 0.002493412526, 0.002789007397),
            (0.0002, 0.00193381063, 0.003265965527),
            (0.0002, 0.001318104659, 0.00363253176),
            (0.0002, 0.0006689090276, 0.003863990615),
            (0.0002, 4.396656607e-06, 0.003943191527),
            (0.0002, -0.0006601157144, 0.003863990615),
            (0.0002, -0.001309311346, 0.00363253176),
            (0.0002, -0.001925017317, 0.003265965527),
            (0.0002, -0.002484619213, 0.002789007397),
            (0.0002, -0.002961577343, 0.0022294055),
            (0.0002, -0.003328143576, 0.001613699529),
            (0.0002, -0.003559602432, 0.000964503898),
            (0.0002, -0.003638803343, 0.000299991527),
            (0.0002, -0.003559602432, -0.000364520844),
            (0.0002, -0.003328143576, -0.001013716475),
            (0.0002, -0.002961577343, -0.001629422446),
            (0.0002, -0.002484619213, -0.002189024343),
            (0.0002, -0.001925017317, -0.002665982473),
            (0.0002, -0.001309311346, -0.003032548706),
            (0.0002, -0.0006601157144, -0.003264007561),
            (0.0002, 4.396656607e-06, -0.003343208473),
            (0.0002, 0.0006689090276, -0.003264007561),
            (0.0002, 0.001318104659, -0.003032548706),
            (0.0002, 0.00193381063, -0.002665982473),
            (0.0002, 0.002493412526, -0.002189024343),
            (0.0002, 0.002970370656, -0.001629422446),
            (0.0002, 0.00333693689, -0.001013716475),
            (0.0002, 0.003568395745, -0.000364520844),
            (0.0028125, 0.004408634615, 0.0002983259856),
            (0.0028125, 0.004314133527, 0.001091210065),
            (0.0028125, 0.004037961029, 0.001865818488),
            (0.0028125, 0.003600580864, 0.002600467658),
            (0.0028125, 0.003031483096, 0.003268174467),
            (0.0028125, 0.002363776288, 0.003837272235),
            (0.0028125, 0.001629127117, 0.0042746524),
            (0.0028125, 0.0008545186939, 0.004550824898),
            (0.0028125, 6.163461493e-05, 0.004645325986),
            (0.0028125, -0.0007312494641, 0.004550824898),
            (0.0028125, -0.001505857888, 0.0042746524),
            (0.0028125, -0.002240507058, 0.003837272235),
            (0.0028125, -0.002908213866, 0.003268174467),
            (0.0028125, -0.003477311635, 0.002600467658),
            (0.0028125, -0.0039146918, 0.001865818488),
            (0.0028125, -0.004190864297, 0.001091210065),
            (0.0028125, -0.004285365385, 0.0002983259856),
            (0.0028125, -0.004190864297, -0.0004945580935),
            (0.0028125, -0.0039146918, -0.001269166517),
            (0.0028125, -0.003477311635, -0.002003815687),
            (0.0028125, -0.002908213866, -0.002671522495),
            (0.0028125, -0.002240507058, -0.003240620264),
            (0.0028125, -0.001505857888, -0.003678000429),
            (0.0028125, -0.0007312494641, -0.003954172927),
            (0.0028125, 6.163461493e-05, -0.004048674014),
            (0.0028125, 0.0008545186939, -0.003954172927),
            (0.0028125, 0.001629127117, -0.003678000429),
            (0.0028125, 0.002363776288, -0.003240620264),
            (0.0028125, 0.003031483096, -0.002671522495),
            (0.0028125, 0.003600580864, -0.002003815687),
            (0.0028125, 0.004037961029, -0.001269166517),
            (0.0028125, 0.004314133527, -0.0004945580935),
            (0.0028125, 0.003704834615, 0.0002983259856),
            (0.0028125, 0.003625633703, 0.0009628383565),
            (0.0028125, 0.003394174848, 0.001612033988),
            (0.0028125, 0.003027608615, 0.002227739959),
            (0.0028125, 0.002550650485, 0.002787341855),
            (0.0028125, 0.001991048588, 0.003264299985),
            (0.0028125, 0.001375342617, 0.003630866219),
            (0.0028125, 0.0007261469859, 0.003862325074),
            (0.0028125, 6.163461493e-05, 0.003941525986),
            (0.0028125, -0.0006028777561, 0.003862325074),
            (0.0028125, -0.001252073387, 0.003630866219),
            (0.0028125, -0.001867779358, 0.003264299985),
            (0.0028125, -0.002427381255, 0.002787341855),
            (0.0028125, -0.002904339385, 0.002227739959),
            (0.0028125, -0.003270905618, 0.001612033988),
            (0.0028125, -0.003502364473, 0.0009628383565),
            (0.0028125, -0.003581565385, 0.0002983259856),
            (0.0028125, -0.003502364473, -0.0003661863854),
            (0.0028125, -0.003270905618, -0.001015382017),
            (0.0028125, -0.002904339385, -0.001631087988),
            (0.0028125, -0.002427381255, -0.002190689884),
            (0.0028125, -0.001867779358, -0.002667648014),
            (0.0028125, -0.001252073387, -0.003034214248),
            (0.0028125, -0.0006028777561, -0.003265673103),
            (0.0028125, 6.163461493e-05, -0.003344874014),
            (0.0028125, 0.0007261469859, -0.003265673103),
            (0.0028125, 0.001375342617, -0.003034214248),
            (0.0028125, 0.001991048588, -0.002667648014),
            (0.0028125, 0.002550650485, -0.002190689884),
            (0.0028125, 0.003027608615, -0.001631087988),
            (0.0028125, 0.003394174848, -0.001015382017),
            (0.0028125, 0.003625633703, -0.0003661863854),
            (0.005425, 0.004464869987, 0.0002937874018),
            (0.005425, 0.0043703689, 0.001086671481),
            (0.005425, 0.004094196402, 0.001861279904),
            (0.005425, 0.003656816237, 0.002595929074),
            (0.005425, 0.003087718468, 0.003263635883),
            (0.005425, 0.00242001166, 0.003832733651),
            (0.005425, 0.00168536249, 0.004270113816),
            (0.005425, 0.0009107540664, 0.004546286314),
            (0.005425, 0.0001178699873, 0.004640787402),
            (0.005425, -0.0006750140917, 0.004546286314),
            (0.005425, -0.001449622515, 0.004270113816),
            (0.005425, -0.002184271685, 0.003832733651),
            (0.005425, -0.002851978494, 0.003263635883),
            (0.005425, -0.003421076262, 0.002595929074),
            (0.005425, -0.003858456427, 0.001861279904),
            (0.005425, -0.004134628925, 0.001086671481),
            (0.005425, -0.004229130013, 0.0002937874018),
            (0.005425, -0.004134628925, -0.0004990966772),
            (0.005425, -0.003858456427, -0.001273705101),
            (0.005425, -0.003421076262, -0.002008354271),
            (0.005425, -0.002851978494, -0.002676061079),
            (0.005425, -0.002184271685, -0.003245158848),
            (0.005425, -0.001449622515, -0.003682539013),
            (0.005425, -0.0006750140917, -0.003958711511),
            (0.005425, 0.0001178699873, -0.004053212598),
            (0.005425, 0.0009107540664, -0.003958711511),
            (0.005425, 0.00168536249, -0.003682539013),
            (0.005425, 0.00242001166, -0.003245158848),
            (0.005425, 0.003087718468, -0.002676061079),
            (0.005425, 0.003656816237, -0.002008354271),
            (0.005425, 0.004094196402, -0.001273705101),
            (0.005425, 0.0043703689, -0.0004990966772),
            (0.005425, 0.003761069987, 0.0002937874018),
            (0.005425, 0.003681869076, 0.0009582997728),
            (0.005425, 0.00345041022, 0.001607495404),
            (0.005425, 0.003083843987, 0.002223201375),
            (0.005425, 0.002606885857, 0.002782803272),
            (0.005425, 0.002047283961, 0.003259761401),
            (0.005425, 0.001431577989, 0.003626327635),
            (0.005425, 0.0007823823583, 0.00385778649),
            (0.005425, 0.0001178699873, 0.003936987402),
            (0.005425, -0.0005466423836, 0.00385778649),
            (0.005425, -0.001195838015, 0.003626327635),
            (0.005425, -0.001811543986, 0.003259761401),
            (0.005425, -0.002371145882, 0.002782803272),
            (0.005425, -0.002848104012, 0.002223201375),
            (0.005425, -0.003214670246, 0.001607495404),
            (0.005425, -0.003446129101, 0.0009582997728),
            (0.005425, -0.003525330013, 0.0002937874018),
            (0.005425, -0.003446129101, -0.0003707249692),
            (0.005425, -0.003214670246, -0.0010199206),
            (0.005425, -0.002848104012, -0.001635626572),
            (0.005425, -0.002371145882, -0.002195228468),
            (0.005425, -0.001811543986, -0.002672186598),
            (0.005425, -0.001195838015, -0.003038752831),
            (0.005425, -0.0005466423836, -0.003270211687),
            (0.005425, 0.0001178699873, -0.003349412598),
            (0.005425, 0.0007823823583, -0.003270211687),
            (0.005425, 0.001431577989, -0.003038752831),
            (0.005425, 0.002047283961, -0.002672186598),
            (0.005425, 0.002606885857, -0.002195228468),
            (0.005425, 0.003083843987, -0.001635626572),
            (0.005425, 0.00345041022, -0.0010199206),
            (0.005425, 0.003681869076, -0.0003707249692),
            (0.0080375, 0.004519188015, 0.0002864194847),
            (0.0080375, 0.004424686928, 0.001079303564),
            (0.0080375, 0.00414851443, 0.001853911987),
            (0.0080375, 0.003711134265, 0.002588561157),
            (0.0080375, 0.003142036496, 0.003256267966),
            (0.0080375, 0.002474329688, 0.003825365734),
            (0.0080375, 0.001739680518, 0.004262745899),
            (0.0080375, 0.0009650720943, 0.004538918397),
            (0.0080375, 0.0001721880153, 0.004633419485),
            (0.0080375, -0.0006206960637, 0.004538918397),
            (0.0080375, -0.001395304487, 0.004262745899),
            (0.0080375, -0.002129953657, 0.003825365734),
            (0.0080375, -0.002797660466, 0.003256267966),
            (0.0080375, -0.003366758234, 0.002588561157),
            (0.0080375, -0.003804138399, 0.001853911987),
            (0.0080375, -0.004080310897, 0.001079303564),
            (0.0080375, -0.004174811985, 0.0002864194847),
            (0.0080375, -0.004080310897, -0.0005064645943),
            (0.0080375, -0.003804138399, -0.001281073018),
            (0.0080375, -0.003366758234, -0.002015722188),
            (0.0080375, -0.002797660466, -0.002683428996),
            (0.0080375, -0.002129953657, -0.003252526765),
            (0.0080375, -0.001395304487, -0.00368990693),
            (0.0080375, -0.0006206960637, -0.003966079428),
            (0.0080375, 0.0001721880153, -0.004060580515),
            (0.0080375, 0.0009650720943, -0.003966079428),
            (0.0080375, 0.001739680518, -0.00368990693),
            (0.0080375, 0.002474329688, -0.003252526765),
            (0.0080375, 0.003142036496, -0.002683428996),
            (0.0080375, 0.003711134265, -0.002015722188),
            (0.0080375, 0.00414851443, -0.001281073018),
            (0.0080375, 0.004424686928, -0.0005064645943),
            (0.0080375, 0.003815388015, 0.0002864194847),
            (0.0080375, 0.003736187104, 0.0009509318557),
            (0.0080375, 0.003504728248, 0.001600127487),
            (0.0080375, 0.003138162015, 0.002215833458),
            (0.0080375, 0.002661203885, 0.002775435354),
            (0.0080375, 0.002101601989, 0.003252393484),
            (0.0080375, 0.001485896017, 0.003618959718),
            (0.0080375, 0.0008367003863, 0.003850418573),
            (0.0080375, 0.0001721880153, 0.003929619485),
            (0.0080375, -0.0004923243557, 0.003850418573),
            (0.0080375, -0.001141519987, 0.003618959718),
            (0.0080375, -0.001757225958, 0.003252393484),
            (0.0080375, -0.002316827854, 0.002775435354),
            (0.0080375, -0.002793785984, 0.002215833458),
            (0.0080375, -0.003160352218, 0.001600127487),
            (0.0080375, -0.003391811073, 0.0009509318557),
            (0.0080375, -0.003471011985, 0.0002864194847),
            (0.0080375, -0.003391811073, -0.0003780928863),
            (0.0080375, -0.003160352218, -0.001027288517),
            (0.0080375, -0.002793785984, -0.001642994489),
            (0.0080375, -0.002316827854, -0.002202596385),
            (0.0080375, -0.001757225958, -0.002679554515),
            (0.0080375, -0.001141519987, -0.003046120748),
            (0.0080375, -0.0004923243557, -0.003277579604),
            (0.0080375, 0.0001721880153, -0.003356780515),
            (0.0080375, 0.0008367003863, -0.003277579604),
            (0.0080375, 0.001485896017, -0.003046120748),
            (0.0080375, 0.002101601989, -0.002679554515),
            (0.0080375, 0.002661203885, -0.002202596385),
            (0.0080375, 0.003138162015, -0.001642994489),
            (0.0080375, 0.003504728248, -0.001027288517),
            (0.0080375, 0.003736187104, -0.0003780928863),
            (0.01065, 0.004570705129, 0.0002762931914),
            (0.01065, 0.004476204041, 0.00106917727),
            (0.01065, 0.004200031543, 0.001843785694),
            (0.01065, 0.003762651378, 0.002578434864),
            (0.01065, 0.00319355361, 0.003246141672),
            (0.01065, 0.002525846802, 0.003815239441),
            (0.01065, 0.001791197632, 0.004252619606),
            (0.01065, 0.001016589208, 0.004528792104),
            (0.01065, 0.0002237051289, 0.004623293191),
            (0.01065, -0.0005691789501, 0.004528792104),
            (0.01065, -0.001343787374, 0.004252619606),
            (0.01065, -0.002078436544, 0.003815239441),
            (0.01065, -0.002746143352, 0.003246141672),
            (0.01065, -0.003315241121, 0.002578434864),
            (0.01065, -0.003752621286, 0.001843785694),
            (0.01065, -0.004028793783, 0.00106917727),
            (0.01065, -0.004123294871, 0.0002762931914),
            (0.01065, -0.004028793783, -0.0005165908876),
            (0.01065, -0.003752621286, -0.001291199311),
            (0.01065, -0.003315241121, -0.002025848481),
            (0.01065, -0.002746143352, -0.00269355529),
            (0.01065, -0.002078436544, -0.003262653058),
            (0.01065, -0.001343787374, -0.003700033223),
            (0.01065, -0.0005691789501, -0.003976205721),
            (0.01065, 0.0002237051289, -0.004070706809),
            (0.01065, 0.001016589208, -0.003976205721),
            (0.01065, 0.001791197632, -0.003700033223),
            (0.01065, 0.002525846802, -0.003262653058),
            (0.01065, 0.00319355361, -0.00269355529),
            (0.01065, 0.003762651378, -0.002025848481),
            (0.01065, 0.004200031543, -0.001291199311),
            (0.01065, 0.004476204041, -0.0005165908876),
            (0.01065, 0.003866905129, 0.0002762931914),
            (0.01065, 0.003787704217, 0.0009408055624),
            (0.01065, 0.003556245362, 0.001590001194),
            (0.01065, 0.003189679129, 0.002205707165),
            (0.01065, 0.002712720999, 0.002765309061),
            (0.01065, 0.002153119102, 0.003242267191),
            (0.01065, 0.001537413131, 0.003608833425),
            (0.01065, 0.0008882174999, 0.00384029228),
            (0.01065, 0.0002237051289, 0.003919493191),
            (0.01065, -0.000440807242, 0.00384029228),
            (0.01065, -0.001090002873, 0.003608833425),
            (0.01065, -0.001705708844, 0.003242267191),
            (0.01065, -0.002265310741, 0.002765309061),
            (0.01065, -0.002742268871, 0.002205707165),
            (0.01065, -0.003108835104, 0.001590001194),
            (0.01065, -0.003340293959, 0.0009408055624),
            (0.01065, -0.003419494871, 0.0002762931914),
            (0.01065, -0.003340293959, -0.0003882191795),
            (0.01065, -0.003108835104, -0.001037414811),
            (0.01065, -0.002742268871, -0.001653120782),
            (0.01065, -0.002265310741, -0.002212722678),
            (0.01065, -0.001705708844, -0.002689680808),
            (0.01065, -0.001090002873, -0.003056247042),
            (0.01065, -0.000440807242, -0.003287705897),
            (0.01065, 0.0002237051289, -0.003366906809),
            (0.01065, 0.0008882174999, -0.003287705897),
            (0.01065, 0.001537413131, -0.003056247042),
            (0.01065, 0.002153119102, -0.002689680808),
            (0.01065, 0.002712720999, -0.002212722678),
            (0.01065, 0.003189679129, -0.001653120782),
            (0.01065, 0.003556245362, -0.001037414811),
            (0.01065, 0.003787704217, -0.0003882191795),
            (0.0132625, 0.00461858332, 0.0002635060437),
            (0.0132625, 0.004524082232, 0.001056390123),
            (0.0132625, 0.004247909734, 0.001830998546),
            (0.0132625, 0.003810529569, 0.002565647716),
            (0.0132625, 0.003241431801, 0.003233354525),
            (0.0132625, 0.002573724992, 0.003802452293),
            (0.0132625, 0.001839075822, 0.004239832458),
            (0.0132625, 0.001064467399, 0.004516004956),
            (0.0132625, 0.0002715833197, 0.004610506044),
            (0.0132625, -0.0005213007593, 0.004516004956),
            (0.0132625, -0.001295909183, 0.004239832458),
            (0.0132625, -0.002030558353, 0.003802452293),
            (0.0132625, -0.002698265161, 0.003233354525),
            (0.0132625, -0.00326736293, 0.002565647716),
            (0.0132625, -0.003704743095, 0.001830998546),
            (0.0132625, -0.003980915593, 0.001056390123),
            (0.0132625, -0.00407541668, 0.0002635060437),
            (0.0132625, -0.003980915593, -0.0005293780353),
            (0.0132625, -0.003704743095, -0.001303986459),
            (0.0132625, -0.00326736293, -0.002038635629),
            (0.0132625, -0.002698265161, -0.002706342437),
            (0.0132625, -0.002030558353, -0.003275440206),
            (0.0132625, -0.001295909183, -0.003712820371),
            (0.0132625, -0.0005213007593, -0.003988992869),
            (0.0132625, 0.0002715833197, -0.004083493956),
            (0.0132625, 0.001064467399, -0.003988992869),
            (0.0132625, 0.001839075822, -0.003712820371),
            (0.0132625, 0.002573724992, -0.003275440206),
            (0.0132625, 0.003241431801, -0.002706342437),
            (0.0132625, 0.003810529569, -0.002038635629),
            (0.0132625, 0.004247909734, -0.001303986459),
            (0.0132625, 0.004524082232, -0.0005293780353),
            (0.0132625, 0.00391478332, 0.0002635060437),
            (0.0132625, 0.003835582408, 0.0009280184147),
            (0.0132625, 0.003604123553, 0.001577214046),
            (0.0132625, 0.003237557319, 0.002192920017),
            (0.0132625, 0.00276059919, 0.002752521913),
            (0.0132625, 0.002200997293, 0.003229480043),
            (0.0132625, 0.001585291322, 0.003596046277),
            (0.0132625, 0.0009360956907, 0.003827505132),
            (0.0132625, 0.0002715833197, 0.003906706044),
            (0.0132625, -0.0003929290513, 0.003827505132),
            (0.0132625, -0.001042124682, 0.003596046277),
            (0.0132625, -0.001657830654, 0.003229480043),
            (0.0132625, -0.00221743255, 0.002752521913),
            (0.0132625, -0.00269439068, 0.002192920017),
            (0.0132625, -0.003060956913, 0.001577214046),
            (0.0132625, -0.003292415769, 0.0009280184147),
            (0.0132625, -0.00337161668, 0.0002635060437),
            (0.0132625, -0.003292415769, -0.0004010063273),
            (0.0132625, -0.003060956913, -0.001050201958),
            (0.0132625, -0.00269439068, -0.00166590793),
            (0.0132625, -0.00221743255, -0.002225509826),
            (0.0132625, -0.001657830654, -0.002702467956),
            (0.0132625, -0.001042124682, -0.003069034189),
            (0.0132625, -0.0003929290513, -0.003300493045),
            (0.0132625, 0.0002715833197, -0.003379693956),
            (0.0132625, 0.0009360956907, -0.003300493045),
            (0.0132625, 0.001585291322, -0.003069034189),
            (0.0132625, 0.002200997293, -0.002702467956),
            (0.0132625, 0.00276059919, -0.002225509826),
            (0.0132625, 0.003237557319, -0.00166590793),
            (0.0132625, 0.003604123553, -0.001050201958),
            (0.0132625, 0.003835582408, -0.0004010063273),
            (0.015875, 0.004662043772, 0.0002481811887),
            (0.015875, 0.004567542684, 0.001041065268),
            (0.015875, 0.004291370187, 0.001815673691),
            (0.015875, 0.003853990022, 0.002550322861),
            (0.015875, 0.003284892253, 0.00321802967),
            (0.015875, 0.002617185445, 0.003787127438),
            (0.015875, 0.001882536275, 0.004224507603),
            (0.015875, 0.001107927851, 0.004500680101),
            (0.015875, 0.0003150437721, 0.004595181189),
            (0.015875, -0.0004778403069, 0.004500680101),
            (0.015875, -0.00125244873, 0.004224507603),
            (0.015875, -0.001987097901, 0.003787127438),
            (0.015875, -0.002654804709, 0.00321802967),
            (0.015875, -0.003223902477, 0.002550322861),
            (0.015875, -0.003661282642, 0.001815673691),
            (0.015875, -0.00393745514, 0.001041065268),
            (0.015875, -0.004031956228, 0.0002481811887),
            (0.015875, -0.00393745514, -0.0005447028903),
            (0.015875, -0.003661282642, -0.001319311314),
            (0.015875, -0.003223902477, -0.002053960484),
            (0.015875, -0.002654804709, -0.002721667292),
            (0.015875, -0.001987097901, -0.003290765061),
            (0.015875, -0.00125244873, -0.003728145226),
            (0.015875, -0.0004778403069, -0.004004317724),
            (0.015875, 0.0003150437721, -0.004098818811),
            (0.015875, 0.001107927851, -0.004004317724),
            (0.015875, 0.001882536275, -0.003728145226),
            (0.015875, 0.002617185445, -0.003290765061),
            (0.015875, 0.003284892253, -0.002721667292),
            (0.015875, 0.003853990022, -0.002053960484),
            (0.015875, 0.004291370187, -0.001319311314),
            (0.015875, 0.004567542684, -0.0005447028903),
            (0.015875, 0.003958243772, 0.0002481811887),
            (0.015875, 0.00387904286, 0.0009126935597),
            (0.015875, 0.003647584005, 0.001561889191),
            (0.015875, 0.003281017772, 0.002177595162),
            (0.015875, 0.002804059642, 0.002737197058),
            (0.015875, 0.002244457745, 0.003214155188),
            (0.015875, 0.001628751774, 0.003580721422),
            (0.015875, 0.0009795561431, 0.003812180277),
            (0.015875, 0.0003150437721, 0.003891381189),
            (0.015875, -0.0003494685989, 0.003812180277),
            (0.015875, -0.0009986642301, 0.003580721422),
            (0.015875, -0.001614370201, 0.003214155188),
            (0.015875, -0.002173972098, 0.002737197058),
            (0.015875, -0.002650930228, 0.002177595162),
            (0.015875, -0.003017496461, 0.001561889191),
            (0.015875, -0.003248955316, 0.0009126935597),
            (0.015875, -0.003328156228, 0.0002481811887),
            (0.015875, -0.003248955316, -0.0004163311823),
            (0.015875, -0.003017496461, -0.001065526813),
            (0.015875, -0.002650930228, -0.001681232785),
            (0.015875, -0.002173972098, -0.002240834681),
            (0.015875, -0.001614370201, -0.002717792811),
            (0.015875, -0.0009986642301, -0.003084359044),
            (0.015875, -0.0003494685989, -0.0033158179),
            (0.015875, 0.0003150437721, -0.003395018811),
            (0.015875, 0.0009795561431, -0.0033158179),
            (0.015875, 0.001628751774, -0.003084359044),
            (0.015875, 0.002244457745, -0.002717792811),
            (0.015875, 0.002804059642, -0.002240834681),
            (0.015875, 0.003281017772, -0.001681232785),
            (0.015875, 0.003647584005, -0.001065526813),
            (0.015875, 0.00387904286, -0.0004163311823),
            (0.0184875, 0.004700379532, 0.0002304662132),
            (0.0184875, 0.004605878444, 0.001023350292),
            (0.0184875, 0.004329705946, 0.001797958716),
            (0.0184875, 0.003892325782, 0.002532607886),
            (0.0184875, 0.003323228013, 0.003200314694),
            (0.0184875, 0.002655521205, 0.003769412463),
            (0.0184875, 0.001920872035, 0.004206792628),
            (0.0184875, 0.001146263611, 0.004482965126),
            (0.0184875, 0.000353379532, 0.004577466213),
            (0.0184875, -0.000439504547, 0.004482965126),
            (0.0184875, -0.001214112971, 0.004206792628),
            (0.0184875, -0.001948762141, 0.003769412463),
            (0.0184875, -0.002616468949, 0.003200314694),
            (0.0184875, -0.003185566717, 0.002532607886),
            (0.0184875, -0.003622946882, 0.001797958716),
            (0.0184875, -0.00389911938, 0.001023350292),
            (0.0184875, -0.003993620468, 0.0002304662132),
            (0.0184875, -0.00389911938, -0.0005624178658),
            (0.0184875, -0.003622946882, -0.001337026289),
            (0.0184875, -0.003185566717, -0.002071675459),
            (0.0184875, -0.002616468949, -0.002739382268),
            (0.0184875, -0.001948762141, -0.003308480036),
            (0.0184875, -0.001214112971, -0.003745860201),
            (0.0184875, -0.000439504547, -0.004022032699),
            (0.0184875, 0.000353379532, -0.004116533787),
            (0.0184875, 0.001146263611, -0.004022032699),
            (0.0184875, 0.001920872035, -0.003745860201),
            (0.0184875, 0.002655521205, -0.003308480036),
            (0.0184875, 0.003323228013, -0.002739382268),
            (0.0184875, 0.003892325782, -0.002071675459),
            (0.0184875, 0.004329705946, -0.001337026289),
            (0.0184875, 0.004605878444, -0.0005624178658),
            (0.0184875, 0.003996579532, 0.0002304662132),
            (0.0184875, 0.00391737862, 0.0008949785842),
            (0.0184875, 0.003685919765, 0.001544174215),
            (0.0184875, 0.003319353532, 0.002159880187),
            (0.0184875, 0.002842395402, 0.002719482083),
            (0.0184875, 0.002282793505, 0.003196440213),
            (0.0184875, 0.001667087534, 0.003563006446),
            (0.0184875, 0.001017891903, 0.003794465302),
            (0.0184875, 0.000353379532, 0.003873666213),
            (0.0184875, -0.000311132839, 0.003794465302),
            (0.0184875, -0.0009603284701, 0.003563006446),
            (0.0184875, -0.001576034441, 0.003196440213),
            (0.0184875, -0.002135636338, 0.002719482083),
            (0.0184875, -0.002612594468, 0.002159880187),
            (0.0184875, -0.002979160701, 0.001544174215),
            (0.0184875, -0.003210619556, 0.0008949785842),
            (0.0184875, -0.003289820468, 0.0002304662132),
            (0.0184875, -0.003210619556, -0.0004340461578),
            (0.0184875, -0.002979160701, -0.001083241789),
            (0.0184875, -0.002612594468, -0.00169894776),
            (0.0184875, -0.002135636338, -0.002258549657),
            (0.0184875, -0.001576034441, -0.002735507786),
            (0.0184875, -0.0009603284701, -0.00310207402),
            (0.0184875, -0.000311132839, -0.003333532875),
            (0.0184875, 0.000353379532, -0.003412733787),
            (0.0184875, 0.001017891903, -0.003333532875),
            (0.0184875, 0.001667087534, -0.00310207402),
            (0.0184875, 0.002282793505, -0.002735507786),
            (0.0184875, 0.002842395402, -0.002258549657),
            (0.0184875, 0.003319353532, -0.00169894776),
            (0.0184875, 0.003685919765, -0.001083241789),
            (0.0184875, 0.00391737862, -0.0004340461578),
            (0.0211, 0.004732967007, 0.0002105317221),
            (0.0211, 0.004638465919, 0.001003415801),
            (0.0211, 0.004362293421, 0.001778024225),
            (0.0211, 0.003924913256, 0.002512673395),
            (0.0211, 0.003355815488, 0.003180380203),
            (0.0211, 0.00268810868, 0.003749477972),
            (0.0211, 0.001953459509, 0.004186858137),
            (0.0211, 0.001178851086, 0.004463030634),
            (0.0211, 0.0003859670069, 0.004557531722),
            (0.0211, -0.0004069170721, 0.004463030634),
            (0.0211, -0.001181525496, 0.004186858137),
            (0.0211, -0.001916174666, 0.003749477972),
            (0.0211, -0.002583881474, 0.003180380203),
            (0.0211, -0.003152979243, 0.002512673395),
            (0.0211, -0.003590359408, 0.001778024225),
            (0.0211, -0.003866531905, 0.001003415801),
            (0.0211, -0.003961032993, 0.0002105317221),
            (0.0211, -0.003866531905, -0.0005823523569),
            (0.0211, -0.003590359408, -0.00135696078),
            (0.0211, -0.003152979243, -0.002091609951),
            (0.0211, -0.002583881474, -0.002759316759),
            (0.0211, -0.001916174666, -0.003328414527),
            (0.0211, -0.001181525496, -0.003765794692),
            (0.0211, -0.0004069170721, -0.00404196719),
            (0.0211, 0.0003859670069, -0.004136468278),
            (0.0211, 0.001178851086, -0.00404196719),
            (0.0211, 0.001953459509, -0.003765794692),
            (0.0211, 0.00268810868, -0.003328414527),
            (0.0211, 0.003355815488, -0.002759316759),
            (0.0211, 0.003924913256, -0.002091609951),
            (0.0211, 0.004362293421, -0.00135696078),
            (0.0211, 0.004638465919, -0.0005823523569),
            (0.0211, 0.004029167007, 0.0002105317221),
            (0.0211, 0.003949966095, 0.0008750440931),
            (0.0211, 0.00371850724, 0.001524239724),
            (0.0211, 0.003351941006, 0.002139945695),
            (0.0211, 0.002874982877, 0.002699547592),
            (0.0211, 0.00231538098, 0.003176505722),
            (0.0211, 0.001699675009, 0.003543071955),
            (0.0211, 0.001050479378, 0.00377453081),
            (0.0211, 0.0003859670069, 0.003853731722),
            (0.0211, -0.0002785453641, 0.00377453081),
            (0.0211, -0.0009277409952, 0.003543071955),
            (0.0211, -0.001543446966, 0.003176505722),
            (0.0211, -0.002103048863, 0.002699547592),
            (0.0211, -0.002580006993, 0.002139945695),
            (0.0211, -0.002946573226, 0.001524239724),
            (0.0211, -0.003178032082, 0.0008750440931),
            (0.0211, -0.003257232993, 0.0002105317221),
            (0.0211, -0.003178032082, -0.0004539806489),
            (0.0211, -0.002946573226, -0.00110317628),
            (0.0211, -0.002580006993, -0.001718882251),
            (0.0211, -0.002103048863, -0.002278484148),
            (0.0211, -0.001543446966, -0.002755442278),
            (0.0211, -0.0009277409952, -0.003122008511),
            (0.0211, -0.0002785453641, -0.003353467366),
            (0.0211, 0.0003859670069, -0.003432668278),
            (0.0211, 0.001050479378, -0.003353467366),
            (0.0211, 0.001699675009, -0.003122008511),
            (0.0211, 0.00231538098, -0.002755442278),
            (0.0211, 0.002874982877, -0.002278484148),
            (0.0211, 0.003351941006, -0.001718882251),
            (0.0211, 0.00371850724, -0.00110317628),
            (0.0211, 0.003949966095, -0.0004539806489),
            (0.0237125, 0.004759276109, 0.0001885696954),
            (0.0237125, 0.004664775021, 0.0009814537744),
            (0.0237125, 0.004388602524, 0.001756062198),
            (0.0237125, 0.003951222359, 0.002490711368),
            (0.0237125, 0.00338212459, 0.003158418176),
            (0.0237125, 0.002714417782, 0.003727515945),
            (0.0237125, 0.001979768612, 0.00416489611),
            (0.0237125, 0.001205160188, 0.004441068608),
            (0.0237125, 0.0004122761092, 0.004535569695),
            (0.0237125, -0.0003806079698, 0.004441068608),
            (0.0237125, -0.001155216393, 0.00416489611),
            (0.0237125, -0.001889865564, 0.003727515945),
            (0.0237125, -0.002557572372, 0.003158418176),
            (0.0237125, -0.00312667014, 0.002490711368),
            (0.0237125, -0.003564050305, 0.001756062198),
            (0.0237125, -0.003840222803, 0.0009814537744),
            (0.0237125, -0.003934723891, 0.0001885696954),
            (0.0237125, -0.003840222803, -0.0006043143836),
            (0.0237125, -0.003564050305, -0.001378922807),
            (0.0237125, -0.00312667014, -0.002113571977),
            (0.0237125, -0.002557572372, -0.002781278786),
            (0.0237125, -0.001889865564, -0.003350376554),
            (0.0237125, -0.001155216393, -0.003787756719),
            (0.0237125, -0.0003806079698, -0.004063929217),
            (0.0237125, 0.0004122761092, -0.004158430305),
            (0.0237125, 0.001205160188, -0.004063929217),
            (0.0237125, 0.001979768612, -0.003787756719),
            (0.0237125, 0.002714417782, -0.003350376554),
            (0.0237125, 0.00338212459, -0.002781278786),
            (0.0237125, 0.003951222359, -0.002113571977),
            (0.0237125, 0.004388602524, -0.001378922807),
            (0.0237125, 0.004664775021, -0.0006043143836),
            (0.0237125, 0.004055476109, 0.0001885696954),
            (0.0237125, 0.003976275198, 0.0008530820664),
            (0.0237125, 0.003744816342, 0.001502277698),
            (0.0237125, 0.003378250109, 0.002117983669),
            (0.0237125, 0.002901291979, 0.002677585565),
            (0.0237125, 0.002341690082, 0.003154543695),
            (0.0237125, 0.001725984111, 0.003521109928),
            (0.0237125, 0.00107678848, 0.003752568784),
            (0.0237125, 0.0004122761092, 0.003831769695),
            (0.0237125, -0.0002522362618, 0.003752568784),
            (0.0237125, -0.000901431893, 0.003521109928),
            (0.0237125, -0.001517137864, 0.003154543695),
            (0.0237125, -0.002076739761, 0.002677585565),
            (0.0237125, -0.00255369789, 0.002117983669),
            (0.0237125, -0.002920264124, 0.001502277698),
            (0.0237125, -0.003151722979, 0.0008530820664),
            (0.0237125, -0.003230923891, 0.0001885696954),
            (0.0237125, -0.003151722979, -0.0004759426756),
            (0.0237125, -0.002920264124, -0.001125138307),
            (0.0237125, -0.00255369789, -0.001740844278),
            (0.0237125, -0.002076739761, -0.002300446174),
            (0.0237125, -0.001517137864, -0.002777404304),
            (0.0237125, -0.000901431893, -0.003143970538),
            (0.0237125, -0.0002522362618, -0.003375429393),
            (0.0237125, 0.0004122761092, -0.003454630305),
            (0.0237125, 0.00107678848, -0.003375429393),
            (0.0237125, 0.001725984111, -0.003143970538),
            (0.0237125, 0.002341690082, -0.002777404304),
            (0.0237125, 0.002901291979, -0.002300446174),
            (0.0237125, 0.003378250109, -0.001740844278),
            (0.0237125, 0.003744816342, -0.001125138307),
            (0.0237125, 0.003976275198, -0.0004759426756),
            (0.026325, 0.004778878879, 0.0001647916394),
            (0.026325, 0.004684377791, 0.0009576757184),
            (0.026325, 0.004408205294, 0.001732284142),
            (0.026325, 0.003970825129, 0.002466933312),
            (0.026325, 0.00340172736, 0.00313464012),
            (0.026325, 0.002734020552, 0.003703737889),
            (0.026325, 0.001999371382, 0.004141118054),
            (0.026325, 0.001224762958, 0.004417290552),
            (0.026325, 0.0004318788791, 0.004511791639),
            (0.026325, -0.0003610052, 0.004417290552),
            (0.026325, -0.001135613624, 0.004141118054),
            (0.026325, -0.001870262794, 0.003703737889),
            (0.026325, -0.002537969602, 0.00313464012),
            (0.026325, -0.00310706737, 0.002466933312),
            (0.026325, -0.003544447535, 0.001732284142),
            (0.026325, -0.003820620033, 0.0009576757184),
            (0.026325, -0.003915121121, 0.0001647916394),
            (0.026325, -0.003820620033, -0.0006280924396),
            (0.026325, -0.003544447535, -0.001402700863),
            (0.026325, -0.00310706737, -0.002137350033),
            (0.026325, -0.002537969602, -0.002805056842),
            (0.026325, -0.001870262794, -0.00337415461),
            (0.026325, -0.001135613624, -0.003811534775),
            (0.026325, -0.0003610052, -0.004087707273),
            (0.026325, 0.0004318788791, -0.004182208361),
            (0.026325, 0.001224762958, -0.004087707273),
            (0.026325, 0.001999371382, -0.003811534775),
            (0.026325, 0.002734020552, -0.00337415461),
            (0.026325, 0.00340172736, -0.002805056842),
            (0.026325, 0.003970825129, -0.002137350033),
            (0.026325, 0.004408205294, -0.001402700863),
            (0.026325, 0.004684377791, -0.0006280924396),
            (0.026325, 0.004075078879, 0.0001647916394),
            (0.026325, 0.003995877967, 0.0008293040104),
            (0.026325, 0.003764419112, 0.001478499642),
            (0.026325, 0.003397852879, 0.002094205613),
            (0.026325, 0.002920894749, 0.002653807509),
            (0.026325, 0.002361292852, 0.003130765639),
            (0.026325, 0.001745586881, 0.003497331873),
            (0.026325, 0.00109639125, 0.003728790728),
            (0.026325, 0.0004318788791, 0.003807991639),
            (0.026325, -0.0002326334919, 0.003728790728),
            (0.026325, -0.0008818291231, 0.003497331873),
            (0.026325, -0.001497535094, 0.003130765639),
            (0.026325, -0.002057136991, 0.002653807509),
            (0.026325, -0.002534095121, 0.002094205613),
            (0.026325, -0.002900661354, 0.001478499642),
            (0.026325, -0.003132120209, 0.0008293040104),
            (0.026325, -0.003211321121, 0.0001647916394),
            (0.026325, -0.003132120209, -0.0004997207315),
            (0.026325, -0.002900661354, -0.001148916363),
            (0.026325, -0.002534095121, -0.001764622334),
            (0.026325, -0.002057136991, -0.00232422423),
            (0.026325, -0.001497535094, -0.00280118236),
            (0.026325, -0.0008818291231, -0.003167748594),
            (0.026325, -0.0002326334919, -0.003399207449),
            (0.026325, 0.0004318788791, -0.003478408361),
            (0.026325, 0.00109639125, -0.003399207449),
            (0.026325, 0.001745586881, -0.003167748594),
            (0.026325, 0.002361292852, -0.00280118236),
            (0.026325, 0.002920894749, -0.00232422423),
            (0.026325, 0.003397852879, -0.001764622334),
            (0.026325, 0.003764419112, -0.001148916363),
            (0.026325, 0.003995877967, -0.0004997207315),
            (0.0289375, 0.004791456446, 0.0001394265499),
            (0.0289375, 0.004696955358, 0.0009323106289),
            (0.0289375, 0.004420782861, 0.001706919052),
            (0.0289375, 0.003983402696, 0.002441568223),
            (0.0289375, 0.003414304927, 0.003109275031),
            (0.0289375, 0.002746598119, 0.003678372799),
            (0.0289375, 0.002011948949, 0.004115752964),
            (0.0289375, 0.001237340525, 0.004391925462),
            (0.0289375, 0.000444456446, 0.00448642655),
            (0.0289375, -0.000348427633, 0.004391925462),
            (0.0289375, -0.001123036057, 0.004115752964),
            (0.0289375, -0.001857685227, 0.003678372799),
            (0.0289375, -0.002525392035, 0.003109275031),
            (0.0289375, -0.003094489803, 0.002441568223),
            (0.0289375, -0.003531869968, 0.001706919052),
            (0.0289375, -0.003808042466, 0.0009323106289),
            (0.0289375, -0.003902543554, 0.0001394265499),
            (0.0289375, -0.003808042466, -0.0006534575291),
            (0.0289375, -0.003531869968, -0.001428065953),
            (0.0289375, -0.003094489803, -0.002162715123),
            (0.0289375, -0.002525392035, -0.002830421931),
            (0.0289375, -0.001857685227, -0.0033995197),
            (0.0289375, -0.001123036057, -0.003836899865),
            (0.0289375, -0.000348427633, -0.004113072362),
            (0.0289375, 0.000444456446, -0.00420757345),
            (0.0289375, 0.001237340525, -0.004113072362),
            (0.0289375, 0.002011948949, -0.003836899865),
            (0.0289375, 0.002746598119, -0.0033995197),
            (0.0289375, 0.003414304927, -0.002830421931),
            (0.0289375, 0.003983402696, -0.002162715123),
            (0.0289375, 0.004420782861, -0.001428065953),
            (0.0289375, 0.004696955358, -0.0006534575291),
            (0.0289375, 0.004087656446, 0.0001394265499),
            (0.0289375, 0.004008455534, 0.0008039389209),
            (0.0289375, 0.003776996679, 0.001453134552),
            (0.0289375, 0.003410430446, 0.002068840523),
            (0.0289375, 0.002933472316, 0.00262844242),
            (0.0289375, 0.002373870419, 0.00310540055),
            (0.0289375, 0.001758164448, 0.003471966783),
            (0.0289375, 0.001108968817, 0.003703425638),
            (0.0289375, 0.000444456446, 0.00378262655),
            (0.0289375, -0.0002200559249, 0.003703425638),
            (0.0289375, -0.0008692515561, 0.003471966783),
            (0.0289375, -0.001484957527, 0.00310540055),
            (0.0289375, -0.002044559424, 0.00262844242),
            (0.0289375, -0.002521517554, 0.002068840523),
            (0.0289375, -0.002888083787, 0.001453134552),
            (0.0289375, -0.003119542642, 0.0008039389209),
            (0.0289375, -0.003198743554, 0.0001394265499),
            (0.0289375, -0.003119542642, -0.0005250858211),
            (0.0289375, -0.002888083787, -0.001174281452),
            (0.0289375, -0.002521517554, -0.001789987423),
            (0.0289375, -0.002044559424, -0.00234958932),
            (0.0289375, -0.001484957527, -0.00282654745),
            (0.0289375, -0.0008692515561, -0.003193113683),
            (0.0289375, -0.0002200559249, -0.003424572538),
            (0.0289375, 0.000444456446, -0.00350377345),
            (0.0289375, 0.001108968817, -0.003424572538),
            (0.0289375, 0.001758164448, -0.003193113683),
            (0.0289375, 0.002373870419, -0.00282654745),
            (0.0289375, 0.002933472316, -0.00234958932),
            (0.0289375, 0.003410430446, -0.001789987423),
            (0.0289375, 0.003776996679, -0.001174281452),
            (0.0289375, 0.004008455534, -0.0005250858211),
            (0.03155, 0.004796804216, 0.0001127187065),
            (0.03155, 0.004702303128, 0.0009056027855),
            (0.03155, 0.00442613063, 0.001680211209),
            (0.03155, 0.003988750465, 0.002414860379),
            (0.03155, 0.003419652697, 0.003082567187),
            (0.03155, 0.002751945889, 0.003651664956),
            (0.03155, 0.002017296718, 0.004089045121),
            (0.03155, 0.001242688295, 0.004365217619),
            (0.03155, 0.0004498042159, 0.004459718707),
            (0.03155, -0.0003430798632, 0.004365217619),
            (0.03155, -0.001117688287, 0.004089045121),
            (0.03155, -0.001852337457, 0.003651664956),
            (0.03155, -0.002520044265, 0.003082567187),
            (0.03155, -0.003089142034, 0.002414860379),
            (0.03155, -0.003526522199, 0.001680211209),
            (0.03155, -0.003802694696, 0.0009056027855),
            (0.03155, -0.003897195784, 0.0001127187065),
            (0.03155, -0.003802694696, -0.0006801653725),
            (0.03155, -0.003526522199, -0.001454773796),
            (0.03155, -0.003089142034, -0.002189422966),
            (0.03155, -0.002520044265, -0.002857129774),
            (0.03155, -0.001852337457, -0.003426227543),
            (0.03155, -0.001117688287, -0.003863607708),
            (0.03155, -0.0003430798632, -0.004139780206),
            (0.03155, 0.0004498042159, -0.004234281293),
            (0.03155, 0.001242688295, -0.004139780206),
            (0.03155, 0.002017296718, -0.003863607708),
            (0.03155, 0.002751945889, -0.003426227543),
            (0.03155, 0.003419652697, -0.002857129774),
            (0.03155, 0.003988750465, -0.002189422966),
            (0.03155, 0.00442613063, -0.001454773796),
            (0.03155, 0.004702303128, -0.0006801653725),
            (0.03155, 0.004093004216, 0.0001127187065),
            (0.03155, 0.004013803304, 0.0007772310775),
            (0.03155, 0.003782344449, 0.001426426709),
            (0.03155, 0.003415778215, 0.00204213268),
            (0.03155, 0.002938820086, 0.002601734576),
            (0.03155, 0.002379218189, 0.003078692706),
            (0.03155, 0.001763512218, 0.00344525894),
            (0.03155, 0.001114316587, 0.003676717795),
            (0.03155, 0.0004498042159, 0.003755918707),
            (0.03155, -0.0002147081551, 0.003676717795),
            (0.03155, -0.0008639037863, 0.00344525894),
            (0.03155, -0.001479609757, 0.003078692706),
            (0.03155, -0.002039211654, 0.002601734576),
            (0.03155, -0.002516169784, 0.00204213268),
            (0.03155, -0.002882736017, 0.001426426709),
            (0.03155, -0.003114194873, 0.0007772310775),
            (0.03155, -0.003193395784, 0.0001127187065),
            (0.03155, -0.003114194873, -0.0005517936645),
            (0.03155, -0.002882736017, -0.001200989296),
            (0.03155, -0.002516169784, -0.001816695267),
            (0.03155, -0.002039211654, -0.002376297163),
            (0.03155, -0.001479609757, -0.002853255293),
            (0.03155, -0.0008639037863, -0.003219821527),
            (0.03155, -0.0002147081551, -0.003451280382),
            (0.03155, 0.0004498042159, -0.003530481293),
            (0.03155, 0.001114316587, -0.003451280382),
            (0.03155, 0.001763512218, -0.003219821527),
            (0.03155, 0.002379218189, -0.002853255293),
            (0.03155, 0.002938820086, -0.002376297163),
            (0.03155, 0.003415778215, -0.001816695267),
            (0.03155, 0.003782344449, -0.001200989296),
            (0.03155, 0.004013803304, -0.0005517936645),
            (0.0341625, 0.004794835198, 8.492532034e-05),
            (0.0341625, 0.004700334111, 0.0008778093993),
            (0.0341625, 0.004424161613, 0.001652417823),
            (0.0341625, 0.003986781448, 0.002387066993),
            (0.0341625, 0.003417683679, 0.003054773801),
            (0.0341625, 0.002749976871, 0.00362387157),
            (0.0341625, 0.002015327701, 0.004061251735),
            (0.0341625, 0.001240719277, 0.004337424233),
            (0.0341625, 0.0004478351984, 0.00443192532),
            (0.0341625, -0.0003450488806, 0.004337424233),
            (0.0341625, -0.001119657304, 0.004061251735),
            (0.0341625, -0.001854306474, 0.00362387157),
            (0.0341625, -0.002522013283, 0.003054773801),
            (0.0341625, -0.003091111051, 0.002387066993),
            (0.0341625, -0.003528491216, 0.001652417823),
            (0.0341625, -0.003804663714, 0.0008778093993),
            (0.0341625, -0.003899164802, 8.492532034e-05),
            (0.0341625, -0.003804663714, -0.0007079587587),
            (0.0341625, -0.003528491216, -0.001482567182),
            (0.0341625, -0.003091111051, -0.002217216352),
            (0.0341625, -0.002522013283, -0.002884923161),
            (0.0341625, -0.001854306474, -0.003454020929),
            (0.0341625, -0.001119657304, -0.003891401094),
            (0.0341625, -0.0003450488806, -0.004167573592),
            (0.0341625, 0.0004478351984, -0.00426207468),
            (0.0341625, 0.001240719277, -0.004167573592),
            (0.0341625, 0.002015327701, -0.003891401094),
            (0.0341625, 0.002749976871, -0.003454020929),
            (0.0341625, 0.003417683679, -0.002884923161),
            (0.0341625, 0.003986781448, -0.002217216352),
            (0.0341625, 0.004424161613, -0.001482567182),
            (0.0341625, 0.004700334111, -0.0007079587587),
            (0.0341625, 0.004091035198, 8.492532034e-05),
            (0.0341625, 0.004011834287, 0.0007494376913),
            (0.0341625, 0.003780375431, 0.001398633322),
            (0.0341625, 0.003413809198, 0.002014339294),
            (0.0341625, 0.002936851068, 0.00257394119),
            (0.0341625, 0.002377249172, 0.00305089932),
            (0.0341625, 0.001761543201, 0.003417465553),
            (0.0341625, 0.001112347569, 0.003648924409),
            (0.0341625, 0.0004478351984, 0.00372812532),
            (0.0341625, -0.0002166771726, 0.003648924409),
            (0.0341625, -0.0008658728037, 0.003417465553),
            (0.0341625, -0.001481578775, 0.00305089932),
            (0.0341625, -0.002041180671, 0.00257394119),
            (0.0341625, -0.002518138801, 0.002014339294),
            (0.0341625, -0.002884705035, 0.001398633322),
            (0.0341625, -0.00311616389, 0.0007494376913),
            (0.0341625, -0.003195364802, 8.492532034e-05),
            (0.0341625, -0.00311616389, -0.0005795870506),
            (0.0341625, -0.002884705035, -0.001228782682),
            (0.0341625, -0.002518138801, -0.001844488653),
            (0.0341625, -0.002041180671, -0.002404090549),
            (0.0341625, -0.001481578775, -0.002881048679),
            (0.0341625, -0.0008658728037, -0.003247614913),
            (0.0341625, -0.0002166771726, -0.003479073768),
            (0.0341625, 0.0004478351984, -0.00355827468),
            (0.0341625, 0.001112347569, -0.003479073768),
            (0.0341625, 0.001761543201, -0.003247614913),
            (0.0341625, 0.002377249172, -0.002881048679),
            (0.0341625, 0.002936851068, -0.002404090549),
            (0.0341625, 0.003413809198, -0.001844488653),
            (0.0341625, 0.003780375431, -0.001228782682),
            (0.0341625, 0.004011834287, -0.0005795870506),
            (0.036775, 0.004785581423, 5.63140569e-05),
            (0.036775, 0.004691080335, 0.0008491981359),
            (0.036775, 0.004414907837, 0.001623806559),
            (0.036775, 0.003977527672, 0.00235845573),
            (0.036775, 0.003408429904, 0.003026162538),
            (0.036775, 0.002740723096, 0.003595260306),
            (0.036775, 0.002006073926, 0.004032640471),
            (0.036775, 0.001231465502, 0.004308812969),
            (0.036775, 0.0004385814229, 0.004403314057),
            (0.036775, -0.0003543026561, 0.004308812969),
            (0.036775, -0.00112891108, 0.004032640471),
            (0.036775, -0.00186356025, 0.003595260306),
            (0.036775, -0.002531267058, 0.003026162538),
            (0.036775, -0.003100364827, 0.00235845573),
            (0.036775, -0.003537744992, 0.001623806559),
            (0.036775, -0.003813917489, 0.0008491981359),
            (0.036775, -0.003908418577, 5.63140569e-05),
            (0.036775, -0.003813917489, -0.0007365700221),
            (0.036775, -0.003537744992, -0.001511178446),
            (0.036775, -0.003100364827, -0.002245827616),
            (0.036775, -0.002531267058, -0.002913534424),
            (0.036775, -0.00186356025, -0.003482632193),
            (0.036775, -0.00112891108, -0.003920012358),
            (0.036775, -0.0003543026561, -0.004196184855),
            (0.036775, 0.0004385814229, -0.004290685943),
            (0.036775, 0.001231465502, -0.004196184855),
            (0.036775, 0.002006073926, -0.003920012358),
            (0.036775, 0.002740723096, -0.003482632193),
            (0.036775, 0.003408429904, -0.002913534424),
            (0.036775, 0.003977527672, -0.002245827616),
            (0.036775, 0.004414907837, -0.001511178446),
            (0.036775, 0.004691080335, -0.0007365700221),
            (0.036775, 0.004081781423, 5.63140569e-05),
            (0.036775, 0.004002580511, 0.0007208264279),
            (0.036775, 0.003771121656, 0.001370022059),
            (0.036775, 0.003404555423, 0.00198572803),
            (0.036775, 0.002927597293, 0.002545329927),
            (0.036775, 0.002367995396, 0.003022288056),
            (0.036775, 0.001752289425, 0.00338885429),
            (0.036775, 0.001103093794, 0.003620313145),
            (0.036775, 0.0004385814229, 0.003699514057),
            (0.036775, -0.000225930948, 0.003620313145),
            (0.036775, -0.0008751265792, 0.00338885429),
            (0.036775, -0.00149083255, 0.003022288056),
            (0.036775, -0.002050434447, 0.002545329927),
            (0.036775, -0.002527392577, 0.00198572803),
            (0.036775, -0.00289395881, 0.001370022059),
            (0.036775, -0.003125417665, 0.0007208264279),
            (0.036775, -0.003204618577, 5.63140569e-05),
            (0.036775, -0.003125417665, -0.0006081983141),
            (0.036775, -0.00289395881, -0.001257393945),
            (0.036775, -0.002527392577, -0.001873099916),
            (0.036775, -0.002050434447, -0.002432701813),
            (0.036775, -0.00149083255, -0.002909659943),
            (0.036775, -0.0008751265792, -0.003276226176),
            (0.036775, -0.000225930948, -0.003507685032),
            (0.036775, 0.0004385814229, -0.003586885943),
            (0.036775, 0.001103093794, -0.003507685032),
            (0.036775, 0.001752289425, -0.003276226176),
            (0.036775, 0.002367995396, -0.002909659943),
            (0.036775, 0.002927597293, -0.002432701813),
            (0.036775, 0.003404555423, -0.001873099916),
            (0.036775, 0.003771121656, -0.001257393945),
            (0.036775, 0.004002580511, -0.0006081983141),
            (0.0393875, 0.004769193417, 2.716045832e-05),
            (0.0393875, 0.004674692329, 0.0008200445373),
            (0.0393875, 0.004398519831, 0.001594652961),
            (0.0393875, 0.003961139666, 0.002329302131),
            (0.0393875, 0.003392041898, 0.002997008939),
            (0.0393875, 0.00272433509, 0.003566106708),
            (0.0393875, 0.00198968592, 0.004003486873),
            (0.0393875, 0.001215077496, 0.004279659371),
            (0.0393875, 0.000422193417, 0.004374160458),
            (0.0393875, -0.000370690662, 0.004279659371),
            (0.0393875, -0.001145299086, 0.004003486873),
            (0.0393875, -0.001879948256, 0.003566106708),
            (0.0393875, -0.002547655064, 0.002997008939),
            (0.0393875, -0.003116752833, 0.002329302131),
            (0.0393875, -0.003554132997, 0.001594652961),
            (0.0393875, -0.003830305495, 0.0008200445373),
            (0.0393875, -0.003924806583, 2.716045832e-05),
            (0.0393875, -0.003830305495, -0.0007657236207),
            (0.0393875, -0.003554132997, -0.001540332044),
            (0.0393875, -0.003116752833, -0.002274981214),
            (0.0393875, -0.002547655064, -0.002942688023),
            (0.0393875, -0.001879948256, -0.003511785791),
            (0.0393875, -0.001145299086, -0.003949165956),
            (0.0393875, -0.000370690662, -0.004225338454),
            (0.0393875, 0.000422193417, -0.004319839542),
            (0.0393875, 0.001215077496, -0.004225338454),
            (0.0393875, 0.00198968592, -0.003949165956),
            (0.0393875, 0.00272433509, -0.003511785791),
            (0.0393875, 0.003392041898, -0.002942688023),
            (0.0393875, 0.003961139666, -0.002274981214),
            (0.0393875, 0.004398519831, -0.001540332044),
            (0.0393875, 0.004674692329, -0.0007657236207),
            (0.0393875, 0.004065393417, 2.716045832e-05),
            (0.0393875, 0.003986192505, 0.0006916728293),
            (0.0393875, 0.00375473365, 0.00134086846),
            (0.0393875, 0.003388167417, 0.001956574432),
            (0.0393875, 0.002911209287, 0.002516176328),
            (0.0393875, 0.00235160739, 0.002993134458),
            (0.0393875, 0.001735901419, 0.003359700691),
            (0.0393875, 0.001086705788, 0.003591159547),
            (0.0393875, 0.000422193417, 0.003670360458),
            (0.0393875, -0.000242318954, 0.003591159547),
            (0.0393875, -0.0008915145852, 0.003359700691),
            (0.0393875, -0.001507220556, 0.002993134458),
            (0.0393875, -0.002066822453, 0.002516176328),
            (0.0393875, -0.002543780583, 0.001956574432),
            (0.0393875, -0.002910346816, 0.00134086846),
            (0.0393875, -0.003141805671, 0.0006916728293),
            (0.0393875, -0.003221006583, 2.716045832e-05),
            (0.0393875, -0.003141805671, -0.0006373519127),
            (0.0393875, -0.002910346816, -0.001286547544),
            (0.0393875, -0.002543780583, -0.001902253515),
            (0.0393875, -0.002066822453, -0.002461855411),
            (0.0393875, -0.001507220556, -0.002938813541),
            (0.0393875, -0.0008915145852, -0.003305379775),
            (0.0393875, -0.000242318954, -0.00353683863),
            (0.0393875, 0.000422193417, -0.003616039542),
            (0.0393875, 0.001086705788, -0.00353683863),
            (0.0393875, 0.001735901419, -0.003305379775),
            (0.0393875, 0.00235160739, -0.002938813541),
            (0.0393875, 0.002911209287, -0.002461855411),
            (0.0393875, 0.003388167417, -0.001902253515),
            (0.0393875, 0.00375473365, -0.001286547544),
            (0.0393875, 0.003986192505, -0.0006373519127),
            (0.042, 0.004745937758, -2.254710331e-06),
            (0.042, 0.00465143667, 0.0007906293687),
            (0.042, 0.004375264172, 0.001565237792),
            (0.042, 0.003937884007, 0.002299886962),
            (0.042, 0.003368786239, 0.002967593771),
            (0.042, 0.00270107943, 0.003536691539),
            (0.042, 0.00196643026, 0.003974071704),
            (0.042, 0.001191821837, 0.004250244202),
            (0.042, 0.0003989377577, 0.00434474529),
            (0.042, -0.0003939463213, 0.004250244202),
            (0.042, -0.001168554745, 0.003974071704),
            (0.042, -0.001903203915, 0.003536691539),
            (0.042, -0.002570910723, 0.002967593771),
            (0.042, -0.003140008492, 0.002299886962),
            (0.042, -0.003577388657, 0.001565237792),
            (0.042, -0.003853561155, 0.0007906293687),
            (0.042, -0.003948062242, -2.254710331e-06),
            (0.042, -0.003853561155, -0.0007951387893),
            (0.042, -0.003577388657, -0.001569747213),
            (0.042, -0.003140008492, -0.002304396383),
            (0.042, -0.002570910723, -0.002972103191),
            (0.042, -0.001903203915, -0.00354120096),
            (0.042, -0.001168554745, -0.003978581125),
            (0.042, -0.0003939463213, -0.004254753623),
            (0.042, 0.0003989377577, -0.00434925471),
            (0.042, 0.001191821837, -0.004254753623),
            (0.042, 0.00196643026, -0.003978581125),
            (0.042, 0.00270107943, -0.00354120096),
            (0.042, 0.003368786239, -0.002972103191),
            (0.042, 0.003937884007, -0.002304396383),
            (0.042, 0.004375264172, -0.001569747213),
            (0.042, 0.00465143667, -0.0007951387893),
            (0.042, 0.004042137758, -2.254710331e-06),
            (0.042, 0.003962936846, 0.0006622576606),
            (0.042, 0.003731477991, 0.001311453292),
            (0.042, 0.003364911757, 0.001927159263),
            (0.042, 0.002887953627, 0.002486761159),
            (0.042, 0.002328351731, 0.002963719289),
            (0.042, 0.00171264576, 0.003330285523),
            (0.042, 0.001063450129, 0.003561744378),
            (0.042, 0.0003989377577, 0.00364094529),
            (0.042, -0.0002655746133, 0.003561744378),
            (0.042, -0.0009147702445, 0.003330285523),
            (0.042, -0.001530476216, 0.002963719289),
            (0.042, -0.002090078112, 0.002486761159),
            (0.042, -0.002567036242, 0.001927159263),
            (0.042, -0.002933602475, 0.001311453292),
            (0.042, -0.003165061331, 0.0006622576606),
            (0.042, -0.003244262242, -2.254710331e-06),
            (0.042, -0.003165061331, -0.0006667670813),
            (0.042, -0.002933602475, -0.001315962712),
            (0.042, -0.002567036242, -0.001931668684),
            (0.042, -0.002090078112, -0.00249127058),
            (0.042, -0.001530476216, -0.00296822871),
            (0.042, -0.0009147702445, -0.003334794943),
            (0.042, -0.0002655746133, -0.003566253799),
            (0.042, 0.0003989377577, -0.00364545471),
            (0.042, 0.001063450129, -0.003566253799),
            (0.042, 0.00171264576, -0.003334794943),
            (0.042, 0.002328351731, -0.00296822871),
            (0.042, 0.002887953627, -0.00249127058),
            (0.042, 0.003364911757, -0.001931668684),
            (0.042, 0.003731477991, -0.001315962712),
            (0.042, 0.003962936846, -0.0006667670813)
        ]
        normal3f[] normals = [
            (-0.6893653509, 0.7244138401, 3.487217059e-05),
            (-0.6904872639, 0.7041384219, 0.1655790483),
            (-0.6929539306, 0.6522007226, 0.3073256701),
            (-0.6948959196, 0.5843761673, 0.4190753584),
            (-0.6950621136, 0.5079635749, 0.5087844974),
            (-0.6930216673, 0.4191372786, 0.5865534165),
            (-0.689050083, 0.3076989285, 0.6561488799),
            (-0.6843930639, 0.1655305438, 0.7100744842),
            (-0.6811681013, -0.001208251401, 0.7321260533),
            (-0.6807471059, -0.1684663395, 0.7128832095),
            (-0.6822795716, -0.3120279216, 0.6611604664),
            (-0.6837897291, -0.4253660175, 0.5928704391),
            (-0.6838626925, -0.5163046328, 0.5155204593),
            (-0.6820045065, -0.5949039147, 0.4253929776),
            (-0.6785658376, -0.6648256186, 0.3123384397),
            (-0.6749591705, -0.7183837503, 0.1683891488),
            (-0.6733939324, -0.7392838498, 3.541604096e-05),
            (-0.6750657611, -0.7183036286, -0.1683036401),
            (-0.6787638439, -0.664682251, -0.3122133074),
            (-0.6822745125, -0.5947226683, -0.4252134022),
            (-0.6841901044, -0.5161108751, -0.5152799876),
            (-0.6841662803, -0.4251838385, -0.5925666244),
            (-0.6826993484, -0.3118828657, -0.6607954886),
            (-0.6811995774, -0.1683844668, -0.7124702149),
            (-0.6816329375, -0.001207707434, -0.7316932964),
            (-0.6848443889, 0.1654488754, -0.7096582506),
            (-0.6894676314, 0.3075522113, -0.6557789434),
            (-0.6933952199, 0.4189517285, -0.5862444185),
            (-0.6953862545, 0.5077652633, -0.5085394719),
            (-0.6951629273, 0.5841897388, -0.4188924128),
            (-0.6931497091, 0.6520523985, -0.3071988776),
            (-0.6905927082, 0.7040550632, -0.1654937442),
            (-0.7272949008, -0.6863250878, -3.303863651e-05),
            (-0.7259139894, -0.6695235199, -0.1574393099),
            (-0.7229295203, -0.6250083492, -0.2945122614),
            (-0.7205820377, -0.5634583558, -0.4040745083),
            (-0.7202571552, -0.4901288306, -0.4909209303),
            (-0.7223840107, -0.4020299428, -0.562612892),
            (-0.7266488502, -0.2916902832, -0.6220114365),
            (-0.7316562998, -0.154760349, -0.6638737028),
            (-0.7349678925, 0.001119092075, -0.6781009841),
            (-0.7350457304, 0.1559320742, -0.6598431347),
            (-0.7330046797, 0.2903176872, -0.6151583374),
            (-0.7311243172, 0.397713899, -0.5543292229),
            (-0.7308945834, 0.4829601955, -0.4822266661),
            (-0.7327888934, 0.5535066553, -0.3957913848),
            (-0.7364408937, 0.6122961883, -0.2876598475),
            (-0.7403570896, 0.6544746756, -0.1534088619),
            (-0.7420863903, 0.6703042505, -3.211151278e-05),
            (-0.7402600356, 0.6545922411, 0.1533756096),
            (-0.7362585673, 0.6124962718, 0.2877006066),
            (-0.7325376592, 0.5537486681, 0.3959179088),
            (-0.7305882561, 0.4832142412, 0.4824363141),
            (-0.730772167, 0.3979558983, 0.5546198184),
            (-0.7326140592, 0.2905179507, 0.6155290087),
            (-0.7346269441, 0.1560502262, 0.66028144),
            (-0.7345374207, 0.001120019448, 0.6785672576),
            (-0.7312343518, -0.154876744, 0.6643113103),
            (-0.7262529623, -0.2918887863, 0.6223805678),
            (-0.7220256148, -0.4022699151, 0.5629013475),
            (-0.7199443228, -0.4903806156, 0.4911283172),
            (-0.7203245592, -0.5636982292, 0.4041990052),
            (-0.7227419289, -0.6252068931, 0.2945512604),
            (-0.7258137758, -0.6696403877, 0.1574043009),
            (-0.02171185094, 0.9997642691, 4.177017542e-05),
            (-0.02086595223, 0.9733195538, 0.2285030816),
            (-0.01914121213, 0.9046844267, 0.4256520904),
            (-0.01696271091, 0.8129248, 0.5821215818),
            (-0.0145145388, 0.7070221832, 0.7070424037),
            (-0.01167671543, 0.5821412748, 0.8130038072),
            (-0.008170025506, 0.4256861356, 0.9048339984),
            (-0.003806802069, 0.2285188523, 0.9735320449),
            (0.001186706427, 1.481245928e-05, 0.9999992958),
            (0.006117480815, -0.2284898196, 0.9735270817),
            (0.01031781107, -0.4256579894, 0.9048252974),
            (0.01360664203, -0.5821133661, 0.8129937812),
            (0.01619299878, -0.7069942589, 0.7070338781),
            (0.01834470814, -0.8128980546, 0.5821170197),
            (0.02015194691, -0.9046622926, 0.425652482),
            (0.02140894604, -0.9733070856, 0.2285059608),
            (0.02171267488, -0.9997642512, 4.105006388e-05),
            (0.02086773352, -0.9733354846, -0.2284350503),
            (0.01914323721, -0.9047062784, -0.4256055524),
            (0.01696455739, -0.8129457389, -0.5820922859),
            (0.01451613879, -0.7070402883, -0.7070242658),
            (0.01167806276, -0.5821556047, -0.8129935269),
            (0.008170912485, -0.4256929136, -0.9048308016),
            (0.003806743699, -0.2285104028, -0.9735340284),
            (-0.001188060418, 1.409185335e-05, -0.9999992942),
            (-0.006119763178, 0.2285330726, -0.9735169147),
            (-0.01032027147, 0.4257035878, -0.904803817),
            (-0.01360886577, 0.5821549029, -0.8129640015),
            (-0.01619495364, 0.707031757, -0.7069963353),
            (-0.01834643141, 0.812932942, -0.5820682436),
            (-0.0201532668, 0.9046927428, -0.425587696),
            (-0.0214093865, 0.9733258892, -0.228425812),
            (0.02171185094, -0.9997642691, -4.177017542e-05),
            (0.02086595223, -0.9733195538, -0.2285030816),
            (0.01914121213, -0.9046844267, -0.4256520904),
            (0.01696271091, -0.8129248, -0.5821215818),
            (0.0145145388, -0.7070221832, -0.7070424037),
            (0.01167671543, -0.5821412748, -0.8130038072),
            (0.008170025506, -0.4256861356, -0.9048339984),
            (0.003806802069, -0.2285188523, -0.9735320449),
            (-0.001186706427, -1.481245928e-05, -0.9999992958),
            (-0.006117480815, 0.2284898196, -0.9735270817),
            (-0.01031781107, 0.4256579894, -0.9048252974),
            (-0.01360664203, 0.5821133661, -0.8129937812),
            (-0.01619299878, 0.7069942589, -0.7070338781),
            (-0.01834470814, 0.8128980546, -0.5821170197),
            (-0.02015194691, 0.9046622926, -0.425652482),
            (-0.02140894604, 0.9733070856, -0.2285059608),
            (-0.02171267488, 0.9997642512, -4.105006388e-05),
            (-0.02086773352, 0.9733354846, 0.2284350503),
            (-0.01914323721, 0.9047062784, 0.4256055524),
            (-0.01696455739, 0.8129457389, 0.5820922859),
            (-0.01451613879, 0.7070402883, 0.7070242658),
            (-0.01167806276, 0.5821556047, 0.8129935269),
            (-0.008170912485, 0.4256929136, 0.9048308016),
            (-0.003806743699, 0.2285104028, 0.9735340284),
            (0.001188060418, -1.409185335e-05, 0.9999992942),
            (0.006119763178, -0.2285330726, 0.9735169147),
            (0.01032027147, -0.4257035878, 0.904803817),
            (0.01360886577, -0.5821549029, 0.8129640015),
            (0.01619495364, -0.707031757, 0.7069963353),
            (0.01834643141, -0.812932942, 0.5820682436),
            (0.0201532668, -0.9046927428, 0.425587696),
            (0.0214093865, -0.9733258892, 0.228425812),
            (-0.02115303625, 0.9997762486, 4.145603648e-05),
            (-0.0200727589, 0.9733361052, 0.2285036338),
            (-0.01817136798, 0.9047029452, 0.4256552388),
            (-0.01587345926, 0.812942761, 0.5821272204),
            (-0.01334816803, 0.7070383731, 0.7070491959),
            (-0.01046452602, 0.5821556267, 0.8130100368),
            (-0.006945119596, 0.4256993464, 0.9048380141),
            (-0.002617195898, 0.2285319711, 0.9735328903),
            (0.002277472707, 2.831237447e-05, 0.9999974062),
            (0.00705174539, -0.2284765836, 0.9735238691),
            (0.01106705536, -0.4256458907, 0.904822135),
            (0.01416836384, -0.5821028628, 0.8129917064),
            (0.01656940989, -0.7069857463, 0.7070336691),
            (0.01852574542, -0.8128924546, 0.5821191063),
            (0.02011113453, -0.9046613756, 0.4256563612),
            (0.02111483429, -0.973312732, 0.2285092767),
            (0.02115457674, -0.9997762161, 4.010958972e-05),
            (0.02007502003, -0.9733504659, -0.2284422553),
            (0.01817354471, -0.9047204807, -0.4256178732),
            (0.01587519436, -0.8129569142, -0.5821074075),
            (0.01334944997, -0.7070472084, -0.7070403364),
            (0.01046532852, -0.5821571183, -0.8130089585),
            (0.006945170288, -0.4256880131, -0.9048433456),
            (0.002616021371, -0.2284996671, -0.9735404761),
            (-0.002279998089, 2.696505752e-05, -0.9999974004),
            (-0.007054936323, 0.2285431578, -0.9735082192),
            (-0.01107003969, 0.4257088004, -0.9047925019),
            (-0.01417079929, 0.5821563877, -0.8129533374),
            (-0.01657135132, 0.7070316713, -0.7069876987),
            (-0.01852724732, 0.8129332848, -0.5820620376),
            (-0.02011199107, 0.9046953552, -0.4255840953),
            (-0.02111458793, 0.9733325847, -0.2284247222),
            (0.02115303625, -0.9997762486, -4.145603648e-05),
            (0.0200727589, -0.9733361052, -0.2285036338),
            (0.01817136798, -0.9047029452, -0.4256552388),
            (0.01587345926, -0.812942761, -0.5821272204),
            (0.01334816803, -0.7070383731, -0.7070491959),
            (0.01046452602, -0.5821556267, -0.8130100368),
            (0.006945119596, -0.4256993464, -0.9048380141),
            (0.002617195898, -0.2285319711, -0.9735328903),
            (-0.002277472707, -2.831237447e-05, -0.9999974062),
            (-0.00705174539, 0.2284765836, -0.9735238691),
            (-0.01106705536, 0.4256458907, -0.904822135),
            (-0.01416836384, 0.5821028628, -0.8129917064),
            (-0.01656940989, 0.7069857463, -0.7070336691),
            (-0.01852574542, 0.8128924546, -0.5821191063),
            (-0.02011113453, 0.9046613756, -0.4256563612),
            (-0.02111483429, 0.973312732, -0.2285092767),
            (-0.02115457674, 0.9997762161, -4.010958972e-05),
            (-0.02007502003, 0.9733504659, 0.2284422553),
            (-0.01817354471, 0.9047204807, 0.4256178732),
            (-0.01587519436, 0.8129569142, 0.5821074075),
            (-0.01334944997, 0.7070472084, 0.7070403364),
            (-0.01046532852, 0.5821571183, 0.8130089585),
            (-0.006945170288, 0.4256880131, 0.9048433456),
            (-0.002616021371, 0.2284996671, 0.9735404761),
            (0.002279998089, -2.696505753e-05, 0.9999974004),
            (0.007054936323, -0.2285431578, 0.9735082192),
            (0.01107003969, -0.4257088004, 0.9047925019),
            (0.01417079929, -0.5821563877, 0.8129533374),
            (0.01657135132, -0.7070316713, 0.7069876987),
            (0.01852724732, -0.8129332848, 0.5820620376),
            (0.02011199107, -0.9046953552, 0.4255840953),
            (0.02111458793, -0.9733325847, 0.2284247222),
            (-0.0202502829, 0.9997949412, 4.071101517e-05),
            (-0.01894971892, 0.9733582603, 0.2285051537),
            (-0.01689957772, 0.9047253603, 0.4256599895),
            (-0.01451723023, 0.8129629963, 0.582134363),
            (-0.01195397788, 0.7070555616, 0.7070569533),
            (-0.009069802987, 0.582170056, 0.8130164602),
            (-0.005593527893, 0.4257120829, 0.9048413866),
            (-0.001370254671, 0.2285444779, 0.973532508),
            (0.003346366433, 4.132394789e-05, 0.9999944),
            (0.007886086468, -0.2284638864, 0.9735204478),
            (0.01165003277, -0.4256348759, 0.9048199982),
            (0.014511998, -0.5820944238, 0.8129916874),
            (0.01668709489, -0.7069805274, 0.7070361199),
            (0.01841436619, -0.8128915086, 0.5821239613),
            (0.0197497624, -0.9046664405, 0.4256625169),
            (0.02048084065, -0.9733252356, 0.2285137216),
            (0.02025245005, -0.9997948973, 3.881706935e-05),
            (0.01895232755, -0.9733709345, -0.2284509424),
            (0.01690177928, -0.9047384673, -0.4256320425),
            (0.0145187538, -0.812970316, -0.5821241028),
            (0.01195486912, -0.7070551636, -0.7070573362),
            (0.009070017503, -0.5821588649, -0.8130244712),
            (0.005592745405, -0.4256829905, -0.9048550784),
            (0.001368041661, -0.2284889559, -0.9735455436),
            (-0.003349904474, 3.942889737e-05, -0.9999943883),
            (-0.007889988635, 0.2285528136, -0.9734995426),
            (-0.01165335784, 0.4257142463, -0.9047826146),
            (-0.01451449623, 0.5821592512, -0.812945223),
            (-0.01668890435, 0.7070343168, -0.7069822878),
            (-0.0184155549, 0.8129378029, -0.5820592719),
            (-0.01975010258, 0.9047035701, -0.4255835801),
            (-0.02047992038, 0.9733459281, -0.228425649),
            (0.0202502829, -0.9997949412, -4.071101517e-05),
            (0.01894971892, -0.9733582603, -0.2285051537),
            (0.01689957772, -0.9047253603, -0.4256599895),
            (0.01451723023, -0.8129629963, -0.582134363),
            (0.01195397788, -0.7070555616, -0.7070569533),
            (0.009069802987, -0.582170056, -0.8130164602),
            (0.005593527893, -0.4257120829, -0.9048413866),
            (0.001370254671, -0.2285444779, -0.973532508),
            (-0.003346366433, -4.132394789e-05, -0.9999944),
            (-0.007886086468, 0.2284638864, -0.9735204478),
            (-0.01165003277, 0.4256348759, -0.9048199982),
            (-0.014511998, 0.5820944238, -0.8129916874),
            (-0.01668709489, 0.7069805274, -0.7070361199),
            (-0.01841436619, 0.8128915086, -0.5821239613),
            (-0.0197497624, 0.9046664405, -0.4256625169),
            (-0.02048084065, 0.9733252356, -0.2285137216),
            (-0.02025245005, 0.9997948973, -3.881706935e-05),
            (-0.01895232755, 0.9733709345, 0.2284509424),
            (-0.01690177928, 0.9047384673, 0.4256320425),
            (-0.0145187538, 0.812970316, 0.5821241028),
            (-0.01195486912, 0.7070551636, 0.7070573362),
            (-0.009070017503, 0.5821588649, 0.8130244712),
            (-0.005592745405, 0.4256829905, 0.9048550784),
            (-0.001368041661, 0.2284889559, 0.9735455436),
            (0.003349904474, -3.942889737e-05, 0.9999943883),
            (0.007889988635, -0.2285528136, 0.9734995426),
            (0.01165335784, -0.4257142463, 0.9047826146),
            (0.01451449623, -0.5821592512, 0.812945223),
            (0.01668890435, -0.7070343168, 0.7069822878),
            (0.0184155549, -0.8129378029, 0.5820592719),
            (0.01975010258, -0.9047035701, 0.4255835801),
            (0.02047992038, -0.9733459281, 0.228425649),
            (-0.01901823563, 0.9998191362, 3.952796529e-05),
            (-0.01751342955, 0.973384643, 0.2285073666),
            (-0.01534345887, 0.9047503501, 0.4256658106),
            (-0.01291191118, 0.8129843784, 0.582142322),
            (-0.01034959588, 0.7070728676, 0.7070649516),
            (-0.00750943885, 0.5821839342, 0.8130224321),
            (-0.004130794796, 0.425723942, 0.904843667),
            (-7.93337478e-05, 0.2285561162, 0.9735307368),
            (0.004383117978, 5.362372993e-05, 0.9999903927),
            (0.00861386196, -0.2284519868, 0.9735170728),
            (0.01206369907, -0.4256252178, 0.9048191207),
            (0.01463773539, -0.5820882673, 0.8129938411),
            (0.01654915865, -0.7069786905, 0.7070411986),
            (0.01801650122, -0.81289509, 0.5821314098),
            (0.01907669844, -0.9046770403, 0.4256706854),
            (0.01951884725, -0.9733437444, 0.2285190799),
            (0.01902090322, -0.9998190856, 3.719821245e-05),
            (0.01751623222, -0.9733955386, -0.2284607339),
            (0.0153455559, -0.904758983, -0.4256473852),
            (0.01291313459, -0.8129849223, -0.5821415353),
            (0.01035004614, -0.7070634175, -0.7070743951),
            (0.007509056697, -0.582160417, -0.8130392752),
            (0.004129232016, -0.4256777268, -0.9048654167),
            (7.62232771e-05, -0.2284783871, -0.9735489822),
            (-0.004387446445, 5.129280895e-05, -0.9999903738),
            (-0.00861823137, 0.228561933, -0.9734912269),
            (-0.01206715701, 0.4257199273, -0.9047745173),
            (-0.01464013973, 0.5821635239, -0.8129399103),
            (-0.01655072181, 0.70703965, -0.7069802027),
            (-0.01801730007, 0.8129462761, -0.5820599016),
            (-0.01907649672, 0.9047168842, -0.4255860039),
            (-0.01951730365, 0.9733650497, -0.2284284459),
            (0.01901823563, -0.9998191362, -3.952796529e-05),
            (0.01751342955, -0.973384643, -0.2285073666),
            (0.01534345887, -0.9047503501, -0.4256658106),
            (0.01291191118, -0.8129843784, -0.582142322),
            (0.01034959588, -0.7070728676, -0.7070649516),
            (0.00750943885, -0.5821839342, -0.8130224321),
            (0.004130794796, -0.425723942, -0.904843667),
            (7.93337478e-05, -0.2285561162, -0.9735307368),
            (-0.004383117978, -5.362372993e-05, -0.9999903927),
            (-0.00861386196, 0.2284519868, -0.9735170728),
            (-0.01206369907, 0.4256252178, -0.9048191207),
            (-0.01463773539, 0.5820882673, -0.8129938411),
            (-0.01654915865, 0.7069786905, -0.7070411986),
            (-0.01801650122, 0.81289509, -0.5821314098),
            (-0.01907669844, 0.9046770403, -0.4256706854),
            (-0.01951884725, 0.9733437444, -0.2285190799),
            (-0.01902090322, 0.9998190856, -3.719821245e-05),
            (-0.01751623222, 0.9733955386, 0.2284607339),
            (-0.0153455559, 0.904758983, 0.4256473852),
            (-0.01291313459, 0.8129849223, 0.5821415353),
            (-0.01035004614, 0.7070634175, 0.7070743951),
            (-0.007509056697, 0.582160417, 0.8130392752),
            (-0.004129232016, 0.4256777268, 0.9048654167),
            (-7.62232771e-05, 0.2284783871, 0.9735489822),
            (0.004387446445, -5.129280895e-05, 0.9999903738),
            (0.00861823137, -0.228561933, 0.9734912269),
            (0.01206715701, -0.4257199273, 0.9047745173),
            (0.01464013973, -0.5821635239, 0.8129399103),
            (0.01655072181, -0.70703965, 0.7069802027),
            (0.01801730007, -0.8129462761, 0.5820599016),
            (0.01907649672, -0.9047168842, 0.4255860039),
            (0.01951730365, -0.9733650497, 0.2284284459),
            (-0.01747688364, 0.9998472669, 3.790614429e-05),
            (-0.01578562601, 0.9734135928, 0.2285099371),
            (-0.0135253446, 0.9047764038, 0.4256720852),
            (-0.01107956955, 0.8130056757, 0.5821503366),
            (-0.00855622573, 0.7070893694, 0.7070724254),
            (-0.005803200928, 0.5821966347, 0.8130273067),
            (-0.00257447222, 0.4257345439, 0.9048444453),
            (0.001241282645, 0.2285666526, 0.973527475),
            (0.005377761961, 6.500162904e-05, 0.9999855376),
            (0.009229949828, -0.2284411227, 0.973513976),
            (0.01230756377, -0.4256171298, 0.904819641),
            (0.01454912823, -0.5820844914, 0.8129981351),
            (0.01616270113, -0.7069801334, 0.7070486957),
            (0.01734260307, -0.812902808, 0.5821410987),
            (0.01810577537, -0.9046923957, 0.4256804554),
            (0.01824601086, -0.973367034, 0.2285250537),
            (0.01747989669, -0.9998472143, 3.527947115e-05),
            (0.01578845685, -0.9734226423, -0.2284711889),
            (0.01352721216, -0.9047805831, -0.4256631426),
            (0.01108042007, -0.8129996046, -0.5821587989),
            (0.008556209141, -0.7070711887, -0.7070906062),
            (0.005802247313, -0.5821613421, -0.8130525848),
            (0.002572227431, -0.425672115, -0.9048738222),
            (-0.001245095831, -0.2284680851, -0.9735506067),
            (-0.005382609244, 6.237389039e-05, -0.9999855117),
            (-0.009234510707, 0.2285704089, -0.9734835859),
            (-0.01231093429, 0.4257258023, -0.9047684688),
            (-0.01455128328, 0.5821691283, -0.8129374922),
            (-0.01616391419, 0.7070474454, -0.706981356),
            (-0.01734295452, 0.8129582275, -0.5820636927),
            (-0.01810503454, 0.9047344673, -0.4255910611),
            (-0.01824392864, 0.9733887102, -0.2284328742),
            (0.01747688364, -0.9998472669, -3.790614429e-05),
            (0.01578562601, -0.9734135928, -0.2285099371),
            (0.0135253446, -0.9047764038, -0.4256720852),
            (0.01107956955, -0.8130056757, -0.5821503366),
            (0.00855622573, -0.7070893694, -0.7070724254),
            (0.005803200928, -0.5821966347, -0.8130273067),
            (0.00257447222, -0.4257345439, -0.9048444453),
            (-0.001241282645, -0.2285666526, -0.973527475),
            (-0.005377761961, -6.500162904e-05, -0.9999855376),
            (-0.009229949828, 0.2284411227, -0.973513976),
            (-0.01230756377, 0.4256171298, -0.904819641),
            (-0.01454912823, 0.5820844914, -0.8129981351),
            (-0.01616270113, 0.7069801334, -0.7070486957),
            (-0.01734260307, 0.812902808, -0.5821410987),
            (-0.01810577537, 0.9046923957, -0.4256804554),
            (-0.01824601086, 0.973367034, -0.2285250537),
            (-0.01747989669, 0.9998472143, -3.527947115e-05),
            (-0.01578845685, 0.9734226423, 0.2284711889),
            (-0.01352721216, 0.9047805831, 0.4256631426),
            (-0.01108042007, 0.8129996046, 0.5821587989),
            (-0.008556209141, 0.7070711887, 0.7070906062),
            (-0.005802247313, 0.5821613421, 0.8130525848),
            (-0.002572227431, 0.425672115, 0.9048738222),
            (0.001245095831, 0.2284680851, 0.9735506067),
            (0.005382609244, -6.237389039e-05, 0.9999855117),
            (0.009234510707, -0.2285704089, 0.9734835859),
            (0.01231093429, -0.4257258023, 0.9047684688),
            (0.01455128328, -0.5821691283, 0.8129374922),
            (0.01616391419, -0.7070474454, 0.706981356),
            (0.01734295452, -0.8129582275, 0.5820636927),
            (0.01810503454, -0.9047344673, 0.4255910611),
            (0.01824392864, -0.9733887102, 0.2284328742),
            (-0.01565124384, 0.9998775111, 3.585186352e-05),
            (-0.01379285151, 0.9734432691, 0.2285124923),
            (-0.01147195585, 0.9048019145, 0.4256781528),
            (-0.009046137902, 0.8130256264, 0.5821576231),
            (-0.006598352953, 0.7071041578, 0.7070786178),
            (-0.003973465818, 0.582207567, 0.8130304795),
            (-0.0009438951697, 0.4257435494, 0.9048433783),
            (0.002576548462, 0.2285758832, 0.9735226895),
            (0.00632073203, 7.526479186e-05, 0.9999800211),
            (0.009730765603, -0.228431506, 0.9735113555),
            (0.01238363718, -0.4256107623, 0.9048215982),
            (0.01425297838, -0.5820830771, 0.8130043936),
            (0.01553865646, -0.7069845789, 0.7070582404),
            (0.01640744093, -0.8129140416, 0.5821525203),
            (0.01685554327, -0.9047114524, 0.4256912949),
            (0.0166844769, -0.9733935901, 0.2285312823),
            (0.01565442795, -0.9998774614, 3.308730331e-05),
            (0.01379554183, -0.9734504288, -0.228481828),
            (0.01147348029, -0.9048017245, -0.4256785156),
            (0.009046562319, -0.8130132002, -0.5821749703),
            (0.006597868737, -0.7070777021, -0.707105078),
            (0.003971997325, -0.5821612335, -0.8130636638),
            (0.0009411049839, -0.4256660729, -0.9048798311),
            (-0.002580828798, -0.2284581805, -0.9735503064),
            (-0.006325794397, 7.249939711e-05, -0.9999799893),
            (-0.009735227421, 0.2285781338, -0.9734768935),
            (-0.01238670087, 0.4257317869, -0.9047646187),
            (-0.01425473912, 0.5821758847, -0.8129379076),
            (-0.01553943206, 0.7070573143, -0.7069854881),
            (-0.0164073096, 0.8129729582, -0.5820702444),
            (-0.0168542939, 0.9047552205, -0.4255983127),
            (-0.01668196951, 0.9734153834, -0.2284386203),
            (0.01565124384, -0.9998775111, -3.585186352e-05),
            (0.01379285151, -0.9734432691, -0.2285124923),
            (0.01147195585, -0.9048019145, -0.4256781528),
            (0.009046137902, -0.8130256264, -0.5821576231),
            (0.006598352953, -0.7071041578, -0.7070786178),
            (0.003973465818, -0.582207567, -0.8130304795),
            (0.0009438951697, -0.4257435494, -0.9048433783),
            (-0.002576548462, -0.2285758832, -0.9735226895),
            (-0.00632073203, -7.526479186e-05, -0.9999800211),
            (-0.009730765603, 0.228431506, -0.9735113555),
            (-0.01238363718, 0.4256107623, -0.9048215982),
            (-0.01425297838, 0.5820830771, -0.8130043936),
            (-0.01553865646, 0.7069845789, -0.7070582404),
            (-0.01640744093, 0.8129140416, -0.5821525203),
            (-0.01685554327, 0.9047114524, -0.4256912949),
            (-0.0166844769, 0.9733935901, -0.2285312823),
            (-0.01565442795, 0.9998774614, -3.308730331e-05),
            (-0.01379554183, 0.9734504288, 0.228481828),
            (-0.01147348029, 0.9048017245, 0.4256785156),
            (-0.009046562319, 0.8130132002, 0.5821749703),
            (-0.006597868737, 0.7070777021, 0.707105078),
            (-0.003971997325, 0.5821612335, 0.8130636638),
            (-0.0009411049839, 0.4256660729, 0.9048798311),
            (0.002580828798, 0.2284581805, 0.9735503064),
            (0.006325794397, -7.249939711e-05, 0.9999799893),
            (0.009735227421, -0.2285781338, 0.9734768935),
            (0.01238670087, -0.4257317869, 0.9047646187),
            (0.01425473912, -0.5821758847, 0.8129379076),
            (0.01553943206, -0.7070573143, 0.7069854881),
            (0.0164073096, -0.8129729582, 0.5820702444),
            (0.0168542939, -0.9047552205, 0.4255983127),
            (0.01668196951, -0.9734153834, 0.2284386203),
            (-0.01357096253, 0.9999079097, 3.337893193e-05),
            (-0.01156604801, 0.9734717674, 0.2285146484),
            (-0.009214000015, 0.9048252782, 0.4256833543),
            (-0.006841033347, 0.8130430149, 0.5821634274),
            (-0.004503393989, 0.7071163901, 0.7070828312),
            (-0.002044908227, 0.5822162092, 0.8130314287),
            (0.0007400748706, 0.4257506757, 0.9048402148),
            (0.003910838389, 0.2285836392, 0.9735164227),
            (0.007202952215, 8.424110783e-05, 0.9999740549),
            (0.01011425797, -0.2284233182, 0.9735093679),
            (0.01229633995, -0.4256062017, 0.904824934),
            (0.01375917596, -0.582083898, 0.8130123128),
            (0.01469157274, -0.7069916005, 0.7070693279),
            (0.01522982798, -0.8129279859, 0.5821650471),
            (0.01534894776, -0.9047329544, 0.4257025851),
            (0.01486101363, -0.9734217088, 0.2285373648),
            (0.01357413437, -0.9999078667, 3.064758203e-05),
            (0.01156843618, -0.9734770174, -0.2284921614),
            (0.009215085315, -0.9048208646, -0.4256927122),
            (0.006841000524, -0.813024587, -0.5821891631),
            (0.004502465788, -0.7070822404, -0.7071169868),
            (0.00204300855, -0.5821597401, -0.8130718684),
            (-0.0007432447832, -0.4256595545, -0.9048830815),
            (-0.003915324821, -0.228448811, -0.9735480527),
            (-0.007207913098, 8.150922154e-05, -0.9999740193),
            (-0.01011833356, 0.2285850009, -0.9734713744),
            (-0.01229889175, 0.4257377574, -0.9047630072),
            (-0.01376041656, 0.5821835236, -0.8129409547),
            (-0.0146918452, 0.7070687315, -0.7069921913),
            (-0.01522920266, 0.8129895961, -0.5820790222),
            (-0.01534724609, 0.9047778501, -0.425607218),
            (-0.01485821623, 0.9734433575, -0.2284453178),
            (0.01357096253, -0.9999079097, -3.337893193e-05),
            (0.01156604801, -0.9734717674, -0.2285146484),
            (0.009214000015, -0.9048252782, -0.4256833543),
            (0.006841033347, -0.8130430149, -0.5821634274),
            (0.004503393989, -0.7071163901, -0.7070828312),
            (0.002044908227, -0.5822162092, -0.8130314287),
            (-0.0007400748706, -0.4257506757, -0.9048402148),
            (-0.003910838389, -0.2285836392, -0.9735164227),
            (-0.007202952215, -8.424110783e-05, -0.9999740549),
            (-0.01011425797, 0.2284233182, -0.9735093679),
            (-0.01229633995, 0.4256062017, -0.904824934),
            (-0.01375917596, 0.582083898, -0.8130123128),
            (-0.01469157274, 0.7069916005, -0.7070693279),
            (-0.01522982798, 0.8129279859, -0.5821650471),
            (-0.01534894776, 0.9047329544, -0.4257025851),
            (-0.01486101363, 0.9734217088, -0.2285373648),
            (-0.01357413437, 0.9999078667, -3.064758203e-05),
            (-0.01156843618, 0.9734770174, 0.2284921614),
            (-0.009215085315, 0.9048208646, 0.4256927122),
            (-0.006841000524, 0.813024587, 0.5821891631),
            (-0.004502465788, 0.7070822404, 0.7071169868),
            (-0.00204300855, 0.5821597401, 0.8130718684),
            (0.0007432447832, 0.4256595545, 0.9048830815),
            (0.003915324821, 0.228448811, 0.9735480527),
            (0.007207913098, -8.150922154e-05, 0.9999740193),
            (0.01011833356, -0.2285850009, 0.9734713744),
            (0.01229889175, -0.4257377574, 0.9047630072),
            (0.01376041656, -0.5821835236, 0.8129409547),
            (0.0146918452, -0.7070687315, 0.7069921913),
            (0.01522920266, -0.8129895961, 0.5820790222),
            (0.01534724609, -0.9047778501, 0.425607218),
            (0.01485821623, -0.9734433575, 0.2284453178),
            (-0.01126984079, 0.9999364929, 3.050885614e-05),
            (-0.009140073088, 0.9734972416, 0.228516038),
            (-0.006785701469, 0.9048449958, 0.4256870775),
            (-0.004496716507, 0.8130567476, 0.5821670762),
            (-0.00230129375, 0.7071253417, 0.7070844753),
            (-4.414854614e-05, 0.5822221384, 0.8130297532),
            (0.002455335167, 0.4257557098, 0.9048348175),
            (0.005228143526, 0.2285897911, 0.973508795),
            (0.008015924012, 9.178226072e-05, 0.9999678678),
            (0.01037988315, -0.2284167071, 0.9735081232),
            (0.01205237701, -0.4256034725, 0.9048295002),
            (0.01308049125, -0.582086736, 0.8130214835),
            (0.01363933621, -0.7070006568, 0.7070813531),
            (0.0138322855, -0.8129437103, 0.5821779726),
            (0.01361293812, -0.9047555288, 0.4257136609),
            (0.01280657114, -0.9734496088, 0.2285428863),
            (0.01127281909, -0.9999364594, 2.79851686e-05),
            (0.009142014045, -0.9735005848, -0.2285017175),
            (0.006786274671, -0.904836562, -0.4257049948),
            (0.004496218843, -0.8130327582, -0.5822005823),
            (0.002299967682, -0.7070841937, -0.7071256276),
            (4.192278139e-05, -0.582156594, -0.8130766866),
            (-0.002458700921, -0.4256525598, -0.9048833367),
            (-0.005232566263, -0.2284401201, -0.9735439034),
            (-0.008020474081, 8.925833195e-05, -0.9999678315),
            (-0.01038330677, 0.2285909055, -0.9734671976),
            (-0.01205423906, 0.4257435559, -0.9047635713),
            (-0.01308111295, 0.5821917039, -0.8129463109),
            (-0.01363906561, 0.707081072, -0.7070009431),
            (-0.01383117993, 0.8130071544, -0.5820893963),
            (-0.01361086275, 0.9048009537, -0.4256171737),
            (-0.01280363249, 0.9734708466, -0.2284525724),
            (0.01126984079, -0.9999364929, -3.050885614e-05),
            (0.009140073088, -0.9734972416, -0.228516038),
            (0.006785701469, -0.9048449958, -0.4256870775),
            (0.004496716507, -0.8130567476, -0.5821670762),
            (0.00230129375, -0.7071253417, -0.7070844753),
            (4.414854614e-05, -0.5822221384, -0.8130297532),
            (-0.002455335167, -0.4257557098, -0.9048348175),
            (-0.005228143526, -0.2285897911, -0.973508795),
            (-0.008015924012, -9.178226072e-05, -0.9999678678),
            (-0.01037988315, 0.2284167071, -0.9735081232),
            (-0.01205237701, 0.4256034725, -0.9048295002),
            (-0.01308049125, 0.582086736, -0.8130214835),
            (-0.01363933621, 0.7070006568, -0.7070813531),
            (-0.0138322855, 0.8129437103, -0.5821779726),
            (-0.01361293812, 0.9047555288, -0.4257136609),
            (-0.01280657114, 0.9734496088, -0.2285428863),
            (-0.01127281909, 0.9999364594, -2.79851686e-05),
            (-0.009142014045, 0.9735005848, 0.2285017175),
            (-0.006786274671, 0.904836562, 0.4257049948),
            (-0.004496218843, 0.8130327582, 0.5822005823),
            (-0.002299967682, 0.7070841937, 0.7071256276),
            (-4.192278139e-05, 0.582156594, 0.8130766866),
            (0.002458700921, 0.4256525598, 0.9048833367),
            (0.005232566263, 0.2284401201, 0.9735439034),
            (0.008020474081, -8.925833195e-05, 0.9999678315),
            (0.01038330677, -0.2285909055, 0.9734671976),
            (0.01205423906, -0.4257435559, 0.9047635713),
            (0.01308111295, -0.5821917039, 0.8129463109),
            (0.01363906561, -0.707081072, 0.7070009431),
            (0.01383117993, -0.8130071544, 0.5820893963),
            (0.01361086275, -0.9048009537, 0.4256171737),
            (0.01280363249, -0.9734708466, 0.2284525724),
            (-0.008785290115, 0.9999614082, 2.727077127e-05),
            (-0.006553149539, 0.9735180226, 0.2285163362),
            (-0.004224270597, 0.9048597688, 0.4256887999),
            (-0.002048196488, 0.8130659231, 0.5821680252),
            (-2.407755376e-05, 0.7071304512, 0.7070831099),
            (0.002000635598, 0.5822250563, 0.8130252034),
            (0.00417885141, 0.425758519, 0.9048271773),
            (0.006512277535, 0.2285942519, 0.9735000042),
            (0.008751808382, 9.776626083e-05, 0.9999616974),
            (0.01052855908, -0.2284117845, 0.9735076816),
            (0.01166057861, -0.4256025429, 0.9048350714),
            (0.01223232339, -0.5820913003, 0.813031419),
            (0.01240284412, -0.7070111303, 0.7070936508),
            (0.01224064885, -0.8129602215, 0.5821905571),
            (0.01167801108, -0.9047777768, 0.4257238525),
            (0.0105557715, -0.9734755475, 0.228547444),
            (0.008787906468, -0.9999613853, 2.512365719e-05),
            (0.006554523474, -0.973519484, -0.228510071),
            (0.00422428607, -0.9048475717, -0.4257147254),
            (0.002047250152, -0.8130368909, -0.5822085733),
            (2.241911838e-05, -0.7070831033, -0.7071304579),
            (-0.002003067722, -0.5821516333, -0.8130777721),
            (-0.004182222611, -0.4256451418, -0.9048805017),
            (-0.006516375142, -0.2284322557, -0.973538002),
            (-0.008755665129, 9.561913473e-05, -0.9999616639),
            (-0.01053110332, 0.2285957473, -0.973464473),
            (-0.01166161166, 0.4257489991, -0.9047661557),
            (-0.01223226095, 0.5822000344, -0.8129535606),
            (-0.01240201913, 0.7070936514, -0.7070111442),
            (-0.01223910118, 0.8130245968, -0.5821006867),
            (-0.01167565848, 0.904823112, -0.4256275542),
            (-0.01055284514, 0.9734961076, -0.2284599875),
            (0.008785290115, -0.9999614082, -2.727077127e-05),
            (0.006553149539, -0.9735180226, -0.2285163362),
            (0.004224270597, -0.9048597688, -0.4256887999),
            (0.002048196488, -0.8130659231, -0.5821680252),
            (2.407755376e-05, -0.7071304512, -0.7070831099),
            (-0.002000635598, -0.5822250563, -0.8130252034),
            (-0.00417885141, -0.425758519, -0.9048271773),
            (-0.006512277535, -0.2285942519, -0.9735000042),
            (-0.008751808382, -9.776626083e-05, -0.9999616974),
            (-0.01052855908, 0.2284117845, -0.9735076816),
            (-0.01166057861, 0.4256025429, -0.9048350714),
            (-0.01223232339, 0.5820913003, -0.813031419),
            (-0.01240284412, 0.7070111303, -0.7070936508),
            (-0.01224064885, 0.8129602215, -0.5821905571),
            (-0.01167801108, 0.9047777768, -0.4257238525),
            (-0.0105557715, 0.9734755475, -0.228547444),
            (-0.008787906468, 0.9999613853, -2.512365719e-05),
            (-0.006554523474, 0.973519484, 0.228510071),
            (-0.00422428607, 0.9048475717, 0.4257147254),
            (-0.002047250152, 0.8130368909, 0.5822085733),
            (-2.241911838e-05, 0.7070831033, 0.7071304579),
            (0.002003067722, 0.5821516333, 0.8130777721),
            (0.004182222611, 0.4256451418, 0.9048805017),
            (0.006516375142, 0.2284322557, 0.973538002),
            (0.008755665129, -9.561913473e-05, 0.9999616639),
            (0.01053110332, -0.2285957473, 0.973464473),
            (0.01166161166, -0.4257489991, 0.9047661557),
            (0.01223226095, -0.5822000344, 0.8129535606),
            (0.01240201913, -0.7070936514, 0.7070111442),
            (0.01223910118, -0.8130245968, 0.5821006867),
            (0.01167565848, -0.904823112, 0.4256275542),
            (0.01055284514, -0.9734961076, 0.2284599875),
            (-0.006157726338, 0.9999810407, 2.370109038e-05),
            (-0.003846256179, 0.9735327271, 0.2285152852),
            (-0.001569319586, 0.9048685848, 0.4256881271),
            (0.0004675104622, 0.8130698912, 0.5821658986),
            (0.002294635577, 0.7071313587, 0.7070784795),
            (0.004060127786, 0.5822248082, 0.8130177046),
            (0.005886987146, 0.4257590578, 0.9048174225),
            (0.00774709036, 0.2285969785, 0.9734903205),
            (0.009403501855, 0.0001020994041, 0.9999557809),
            (0.01056260072, -0.2284086252, 0.9735080541),
            (0.01113171116, -0.4256033317, 0.9048413612),
            (0.0112324103, -0.5820972509, 0.8130415878),
            (0.01100563163, -0.707022371, 0.7071055388),
            (0.0104836212, -0.8129765299, 0.5822020745),
            (0.009577697165, -0.9047983652, 0.4257325287),
            (0.008146337391, -0.9734979335, 0.2285506743),
            (0.00615983522, -0.9999810278, 2.208529144e-05),
            (0.003846975737, -0.9735323527, -0.228516868),
            (0.0015687618, -0.9048529296, -0.4257214051),
            (-0.0004688665179, -0.8130364041, -0.5822126637),
            (-0.002296545515, -0.7070786975, -0.7071311345),
            (-0.004062639297, -0.5821448194, -0.8130749683),
            (-0.005890178702, -0.4256374099, -0.9048746328),
            (-0.007750626097, -0.2284253678, -0.9735305743),
            (-0.00940642744, 0.0001004837152, -0.9999557535),
            (-0.01056409108, 0.228599433, -0.97346325),
            (-0.0111318238, 0.4257538881, -0.9047705285),
            (-0.01123163667, 0.5822080987, -0.8129622256),
            (-0.01100427083, 0.7071057705, -0.7070221605),
            (-0.01048169229, 0.8130409037, -0.5821122083),
            (-0.009575176384, 0.90484298, -0.4256377539),
            (-0.008143572782, 0.9735175526, -0.2284671901),
            (0.006157726338, -0.9999810407, -2.370109038e-05),
            (0.003846256179, -0.9735327271, -0.2285152852),
            (0.001569319586, -0.9048685848, -0.4256881271),
            (-0.0004675104622, -0.8130698912, -0.5821658986),
            (-0.002294635577, -0.7071313587, -0.7070784795),
            (-0.004060127786, -0.5822248082, -0.8130177046),
            (-0.005886987146, -0.4257590578, -0.9048174225),
            (-0.00774709036, -0.2285969785, -0.9734903205),
            (-0.009403501855, -0.0001020994041, -0.9999557809),
            (-0.01056260072, 0.2284086252, -0.9735080541),
            (-0.01113171116, 0.4256033317, -0.9048413612),
            (-0.0112324103, 0.5820972509, -0.8130415878),
            (-0.01100563163, 0.707022371, -0.7071055388),
            (-0.0104836212, 0.8129765299, -0.5822020745),
            (-0.009577697165, 0.9047983652, -0.4257325287),
            (-0.008146337391, 0.9734979335, -0.2285506743),
            (-0.00615983522, 0.9999810278, -2.208529144e-05),
            (-0.003846975737, 0.9735323527, 0.228516868),
            (-0.0015687618, 0.9048529296, 0.4257214051),
            (0.0004688665179, 0.8130364041, 0.5822126637),
            (0.002296545515, 0.7070786975, 0.7071311345),
            (0.004062639297, 0.5821448194, 0.8130749683),
            (0.005890178702, 0.4256374099, 0.9048746328),
            (0.007750626097, 0.2284253678, 0.9735305743),
            (0.00940642744, -0.0001004837152, 0.9999557535),
            (0.01056409108, -0.228599433, 0.97346325),
            (0.0111318238, -0.4257538881, 0.9047705285),
            (0.01123163667, -0.5822080987, 0.8129622256),
            (0.01100427083, -0.7071057705, 0.7070221605),
            (0.01048169229, -0.8130409037, 0.5821122083),
            (0.009575176384, -0.90484298, 0.4256377539),
            (0.008143572782, -0.9735175526, 0.2284671901),
            (-0.003429911453, 0.9999941176, 1.984287534e-05),
            (-0.0010624694, 0.9735403489, 0.2285127136),
            (0.001137765707, 0.904870785, 0.4256848222),
            (0.003011959864, 0.8130682983, 0.5821605194),
            (0.004620150385, 0.7071279308, 0.7070705366),
            (0.006104314571, 0.5822213952, 0.8130073704),
            (0.007555847852, 0.4257573706, 0.9048058193),
            (0.00891668642, 0.2285979716, 0.9734800769),
            (0.00996470599, 0.0001047176207, 0.9999503456),
            (0.01048563778, -0.2284072673, 0.9735092047),
            (0.01047826152, -0.4256057172, 0.9048480422),
            (0.0101005044, -0.5821042218, 0.8130514466),
            (0.009473458654, -0.707033738, 0.7071163602),
            (0.008592282162, -0.8129917127, 0.5822118582),
            (0.007347997432, -0.9048161109, 0.4257391366),
            (0.005618468326, -0.9735154288, 0.2285522758),
            (0.003431398745, -0.9999941126, 1.889104433e-05),
            (0.001062485014, -0.9735382048, -0.2285218476),
            (-0.00113888105, -0.90485202, -0.4257247056),
            (-0.003013666043, -0.8130310029, -0.5822125954),
            (-0.0046222203, -0.7070709159, -0.7071275379),
            (-0.006106778793, -0.5821362465, -0.8130683229),
            (-0.007558691155, -0.4256295301, -0.9048659399),
            (-0.008919462789, -0.2284196052, -0.9735219192),
            (-0.009966522189, 0.0001037659046, -0.9999503276),
            (-0.0104859641, 0.2286018791, -0.9734635203),
            (-0.01047741661, 0.4257580193, -0.9047763993),
            (-0.01009903317, 0.5822154805, -0.8129717976),
            (-0.009471610191, 0.7071167586, -0.7070333643),
            (-0.008590052742, 0.8130551372, -0.5821233159),
            (-0.007345424274, 0.9048593727, -0.4256472253),
            (-0.005616002397, 0.9735338507, -0.2284738543),
            (0.003429911453, -0.9999941176, -1.984287534e-05),
            (0.0010624694, -0.9735403489, -0.2285127136),
            (-0.001137765707, -0.904870785, -0.4256848222),
            (-0.003011959864, -0.8130682983, -0.5821605194),
            (-0.004620150385, -0.7071279308, -0.7070705366),
            (-0.006104314571, -0.5822213952, -0.8130073704),
            (-0.007555847852, -0.4257573706, -0.9048058193),
            (-0.00891668642, -0.2285979716, -0.9734800769),
            (-0.00996470599, -0.0001047176207, -0.9999503456),
            (-0.01048563778, 0.2284072673, -0.9735092047),
            (-0.01047826152, 0.4256057172, -0.9048480422),
            (-0.0101005044, 0.5821042218, -0.8130514466),
            (-0.009473458654, 0.707033738, -0.7071163602),
            (-0.008592282162, 0.8129917127, -0.5822118582),
            (-0.007347997432, 0.9048161109, -0.4257391366),
            (-0.005618468326, 0.9735154288, -0.2285522758),
            (-0.003431398745, 0.9999941126, -1.889104433e-05),
            (-0.001062485014, 0.9735382048, 0.2285218476),
            (0.00113888105, 0.90485202, 0.4257247056),
            (0.003013666043, 0.8130310029, 0.5822125954),
            (0.0046222203, 0.7070709159, 0.7071275379),
            (0.006106778793, 0.5821362465, 0.8130683229),
            (0.007558691155, 0.4256295301, 0.9048659399),
            (0.008919462789, 0.2284196052, 0.9735219192),
            (0.009966522189, -0.0001037659046, 0.9999503276),
            (0.0104859641, -0.2286018791, 0.9734635203),
            (0.01047741661, -0.4257580193, 0.9047763993),
            (0.01009903317, -0.5822154805, 0.8129717976),
            (0.009471610191, -0.7071167586, 0.7070333643),
            (0.008590052742, -0.8130551372, 0.5821233159),
            (0.007345424274, -0.9048593727, 0.4256472253),
            (0.005616002397, -0.9735338507, 0.2284738543),
            (-0.000646254108, 0.9999997911, 1.574494809e-05),
            (0.001753733442, 0.9735403261, 0.2285085508),
            (0.003854487231, 0.9048661115, 0.4256788263),
            (0.005545885758, 0.8130611149, 0.5821519274),
            (0.006917235027, 0.7071202742, 0.7070594527),
            (0.008102943344, 0.5822149765, 0.8129945039),
            (0.00916163422, 0.4257535894, 0.9047927639),
            (0.01000564405, 0.2285972742, 0.9734696571),
            (0.01042998942, 0.0001055871924, 0.9999456006),
            (0.01030251685, -0.2284077127, 0.9735110554),
            (0.009714198259, -0.4256095469, 0.9048547662),
            (0.008858019667, -0.5821118457, 0.8130604741),
            (0.007833863372, -0.707044641, 0.7071255237),
            (0.006599559314, -0.8130049717, 0.5822193417),
            (0.005026779888, -0.9048300552, 0.4257432356),
            (0.00301417451, -0.9735270334, 0.2285520293),
            (0.0006470436599, -0.9999997905, 1.556084585e-05),
            (-0.001754430462, -0.9735364974, -0.2285248568),
            (-0.003856113804, -0.9048446211, -0.4257244908),
            (-0.00554786501, -0.8130207047, -0.5822083432),
            (-0.006919367838, -0.7070599213, -0.7071197848),
            (-0.008105241145, -0.5821261429, -0.8130580907),
            (-0.00916398699, -0.4256217212, -0.9048547794),
            (-0.01000751463, -0.228415111, -0.9735123968),
            (-0.01043058875, 0.0001054031161, -0.9999455944),
            (-0.01030164068, 0.2286030149, -0.9734652217),
            (-0.009712416096, 0.4257611962, -0.9047834397),
            (-0.008855905264, 0.5822217893, -0.8129817717),
            (-0.007831603017, 0.7071260152, -0.7070441745),
            (-0.006597125989, 0.8130664986, -0.5821334442),
            (-0.005024270836, 0.9048713392, -0.4256555136),
            (-0.003012124135, 0.9735440126, -0.2284797204),
            (0.000646254108, -0.9999997911, -1.574494809e-05),
            (-0.001753733442, -0.9735403261, -0.2285085508),
            (-0.003854487231, -0.9048661115, -0.4256788263),
            (-0.005545885758, -0.8130611149, -0.5821519274),
            (-0.006917235027, -0.7071202742, -0.7070594527),
            (-0.008102943344, -0.5822149765, -0.8129945039),
            (-0.00916163422, -0.4257535894, -0.9047927639),
            (-0.01000564405, -0.2285972742, -0.9734696571),
            (-0.01042998942, -0.0001055871924, -0.9999456006),
            (-0.01030251685, 0.2284077127, -0.9735110554),
            (-0.009714198259, 0.4256095469, -0.9048547662),
            (-0.008858019667, 0.5821118457, -0.8130604741),
            (-0.007833863372, 0.707044641, -0.7071255237),
            (-0.006599559314, 0.8130049717, -0.5822193417),
            (-0.005026779888, 0.9048300552, -0.4257432356),
            (-0.00301417451, 0.9735270334, -0.2285520293),
            (-0.0006470436599, 0.9999997905, -1.556084585e-05),
            (0.001754430462, 0.9735364974, 0.2285248568),
            (0.003856113804, 0.9048446211, 0.4257244908),
            (0.00554786501, 0.8130207047, 0.5822083432),
            (0.006919367838, 0.7070599213, 0.7071197848),
            (0.008105241145, 0.5821261429, 0.8130580907),
            (0.00916398699, 0.4256217212, 0.9048547794),
            (0.01000751463, 0.228415111, 0.9735123968),
            (0.01043058875, -0.0001054031161, 0.9999455944),
            (0.01030164068, -0.2286030149, 0.9734652217),
            (0.009712416096, -0.4257611962, 0.9047834397),
            (0.008855905264, -0.5822217893, 0.8129817717),
            (0.007831603017, -0.7071260152, 0.7070441745),
            (0.006597125989, -0.8130664986, 0.5821334442),
            (0.005024270836, -0.9048713392, 0.4256555136),
            (0.003012124135, -0.9735440126, 0.2284797204),
            (0.002147919179, 0.9999976932, 1.146077625e-05),
            (0.004557196805, 0.9735325812, 0.2285028345),
            (0.006537918121, 0.9048547285, 0.4256702668),
            (0.008029824904, 0.8130486432, 0.5821403831),
            (0.00915067376, 0.7071087341, 0.7070456161),
            (0.01002598874, 0.5822058643, 0.8129795884),
            (0.01068099899, 0.4257479281, 0.9047787674),
            (0.01099923287, 0.2285949683, 0.973459479),
            (0.01079484183, 0.0001047048379, 0.9999417285),
            (0.01001918947, -0.2284099291, 0.9735134925),
            (0.008854713995, -0.4256146481, 0.9048611857),
            (0.007527655934, -0.5821197757, 0.813068202),
            (0.006115689864, -0.7070545742, 0.7071325388),
            (0.00453967115, -0.8130156808, 0.5822240927),
            (0.002653145546, -0.9048395216, 0.4257445254),
            (0.000376579735, -0.973532147, 0.2285498127),
            (-0.00214786137, -0.9999976933, 1.211393591e-05),
            (-0.004558573613, -0.9735271701, -0.2285258596),
            (-0.006539981303, -0.9048309269, -0.4257208269),
            (-0.008031986781, -0.8130058468, -0.5822001204),
            (-0.009152772051, -0.7070460973, -0.7071082259),
            (-0.01002801504, -0.5821148644, -0.8130447242),
            (-0.0106827532, -0.4256142469, -0.904841639),
            (-0.01100011073, -0.2284120186, -0.9735024126),
            (-0.01079419411, 0.0001053578921, -0.9999417354),
            (-0.01001714707, 0.2286027862, -0.9734682444),
            (-0.008852072064, 0.4257632405, -0.904791304),
            (-0.007524991291, 0.5822266824, -0.8129916758),
            (-0.00611311745, 0.7071330447, -0.7070540905),
            (-0.004537141681, 0.8130743764, -0.5821421415),
            (-0.002650811827, 0.9048782203, -0.4256622834),
            (-0.0003750355745, 0.9735474524, -0.2284846106),
            (-0.002147919179, -0.9999976932, -1.146077625e-05),
            (-0.004557196805, -0.9735325812, -0.2285028345),
            (-0.006537918121, -0.9048547285, -0.4256702668),
            (-0.008029824904, -0.8130486432, -0.5821403831),
            (-0.00915067376, -0.7071087341, -0.7070456161),
            (-0.01002598874, -0.5822058643, -0.8129795884),
            (-0.01068099899, -0.4257479281, -0.9047787674),
            (-0.01099923287, -0.2285949683, -0.973459479),
            (-0.01079484183, -0.0001047048379, -0.9999417285),
            (-0.01001918947, 0.2284099291, -0.9735134925),
            (-0.008854713995, 0.4256146481, -0.9048611857),
            (-0.007527655934, 0.5821197757, -0.813068202),
            (-0.006115689864, 0.7070545742, -0.7071325388),
            (-0.00453967115, 0.8130156808, -0.5822240927),
            (-0.002653145546, 0.9048395216, -0.4257445254),
            (-0.000376579735, 0.973532147, -0.2285498127),
            (0.00214786137, 0.9999976933, -1.211393591e-05),
            (0.004558573613, 0.9735271701, 0.2285258596),
            (0.006539981303, 0.9048309269, 0.4257208269),
            (0.008031986781, 0.8130058468, 0.5822001204),
            (0.009152772051, 0.7070460973, 0.7071082259),
            (0.01002801504, 0.5821148644, 0.8130447242),
            (0.0106827532, 0.4256142469, 0.904841639),
            (0.01100011073, 0.2284120186, 0.9735024126),
            (0.01079419411, -0.0001053578921, 0.9999417354),
            (0.01001714707, -0.2286027862, 0.9734682444),
            (0.008852072064, -0.4257632405, 0.904791304),
            (0.007524991291, -0.5822266824, 0.8129916758),
            (0.00611311745, -0.7071330447, 0.7070540905),
            (0.004537141681, -0.8130743764, 0.5821421415),
            (0.002650811827, -0.9048782203, 0.4256622834),
            (0.0003750355745, -0.9735474524, 0.2284846106),
            (0.004907109244, 0.99998796, 7.047180621e-06),
            (0.007302823065, 0.9735175286, 0.2284957117),
            (0.009145395937, 0.9048372177, 0.4256594545),
            (0.01042474757, 0.8130315046, 0.5821263584),
            (0.01128582326, 0.707093879, 0.707029615),
            (0.01184411981, 0.5821945086, 0.8129632655),
            (0.01209140157, 0.4257406712, 0.9047644328),
            (0.01188362577, 0.2285911702, 0.9734499763),
            (0.01105571922, 0.0001020971841, 0.9999388785),
            (0.009642588462, -0.2284138524, 0.9735163751),
            (0.007915953277, -0.4256208375, 0.9048669738),
            (0.006133006499, -0.5821277049, 0.813074241),
            (0.00434859765, -0.7070631454, 0.7071370434),
            (0.002447551098, -0.813023421, 0.582225838),
            (0.0002667751118, -0.904844154, 0.4257428634),
            (-0.002250794488, -0.9735306048, 0.2285456092),
            (-0.004907773481, -0.9999879568, 8.569314587e-06),
            (-0.007304807128, -0.9735106534, -0.2285249386),
            (-0.009147796756, -0.9048115416, -0.4257139791),
            (-0.01042699294, -0.8129870729, -0.5821883691),
            (-0.01128779432, -0.7070300326, -0.70709343),
            (-0.01184578899, -0.582102879, -0.8130288529),
            (-0.01209248904, -0.4256074046, -0.9048271155),
            (-0.01188348797, -0.2284104454, -0.9734923991),
            (-0.01105387321, 0.000103619106, -0.9999388987),
            (-0.009639489034, 0.2286011579, -0.9734724397),
            (-0.007912582396, 0.4257640023, -0.9047996493),
            (-0.006129918464, 0.5822298851, -0.8130010978),
            (-0.004345832114, 0.7071374853, -0.7070627205),
            (-0.002445039029, 0.8130783809, -0.5821490945),
            (-0.0002647171691, 0.9048796869, -0.4256673374),
            (0.002251772443, 0.9735440224, -0.2284884374),
            (-0.004907109244, -0.99998796, -7.04718062e-06),
            (-0.007302823065, -0.9735175286, -0.2284957117),
            (-0.009145395937, -0.9048372177, -0.4256594545),
            (-0.01042474757, -0.8130315046, -0.5821263584),
            (-0.01128582326, -0.707093879, -0.707029615),
            (-0.01184411981, -0.5821945086, -0.8129632655),
            (-0.01209140157, -0.4257406712, -0.9047644328),
            (-0.01188362577, -0.2285911702, -0.9734499763),
            (-0.01105571922, -0.0001020971841, -0.9999388785),
            (-0.009642588462, 0.2284138524, -0.9735163751),
            (-0.007915953277, 0.4256208375, -0.9048669738),
            (-0.006133006499, 0.5821277049, -0.813074241),
            (-0.00434859765, 0.7070631454, -0.7071370434),
            (-0.002447551098, 0.813023421, -0.582225838),
            (-0.0002667751118, 0.904844154, -0.4257428634),
            (0.002250794488, 0.9735306048, -0.2285456092),
            (0.004907773481, 0.9999879568, -8.569314587e-06),
            (0.007304807128, 0.9735106534, 0.2285249386),
            (0.009147796756, 0.9048115416, 0.4257139791),
            (0.01042699294, 0.8129870729, 0.5821883691),
            (0.01128779432, 0.7070300326, 0.70709343),
            (0.01184578899, 0.582102879, 0.8130288529),
            (0.01209248904, 0.4256074046, 0.9048271155),
            (0.01188348797, 0.2284104454, 0.9734923991),
            (0.01105387321, -0.000103619106, 0.9999388987),
            (0.009639489034, -0.2286011579, 0.9734724397),
            (0.007912582396, -0.4257640023, 0.9047996493),
            (0.006129918464, -0.5822298851, 0.8130010978),
            (0.004345832114, -0.7071374853, 0.7070627205),
            (0.002445039029, -0.8130783809, 0.5821490945),
            (0.0002647171691, -0.9048796869, 0.4256673374),
            (-0.002251772443, -0.9735440224, 0.2284884374),
            (0.007586392587, 0.9999712229, 2.562922712e-06),
            (0.009946308806, 0.9734960526, 0.2284874319),
            (0.0116352135, 0.9048145476, 0.425646868),
            (0.0126926839, 0.8130106073, 0.582110512),
            (0.01328916307, 0.7070764708, 0.7070122082),
            (0.01352916019, 0.5821814741, 0.8129463039),
            (0.01337145482, 0.4257321602, 0.9047504253),
            (0.01264610229, 0.2285860252, 0.9734415777),
            (0.01121007991, 9.781966006e-05, 0.9999371603),
            (0.009180494411, -0.2284193898, 0.9735195431),
            (0.006914730407, -0.4256279304, 0.9048718425),
            (0.004698155818, -0.5821353816, 0.8130783018),
            (0.002562561554, -0.7070700946, 0.7071388227),
            (0.0003582624183, -0.8130280003, 0.5822244777),
            (-0.002092732279, -0.9048439333, 0.4257382727),
            (-0.004824750762, -0.9735226831, 0.2285395092),
            (-0.007587726623, -0.9999712128, 4.946257384e-06),
            (-0.009948792143, -0.9734878453, -0.2285222891),
            (-0.01163783397, -0.9047874484, -0.4257043974),
            (-0.01269491008, -0.8129653004, -0.5821737366),
            (-0.01329092352, -0.7070124911, -0.7070761549),
            (-0.01353041017, -0.5820907431, -0.8130112513),
            (-0.01337185006, -0.4256015111, -0.9048118851),
            (-0.01264499018, -0.2284104884, -0.9734827954),
            (-0.01120715985, 0.0001002027684, -0.9999371928),
            (-0.009176513768, 0.2285981168, -0.9734776282),
            (-0.006910807569, 0.4257633687, -0.9048081535),
            (-0.004694798431, 0.5822312053, -0.8130097062),
            (-0.002559734789, 0.7071391273, -0.7070698003),
            (-0.0003558813793, 0.8130783644, -0.5821541434),
            (0.002094429604, 0.9048757557, -0.425670624),
            (0.00482513571, 0.9735340192, -0.2284912065),
            (-0.007586392587, -0.9999712229, -2.562922712e-06),
            (-0.009946308806, -0.9734960526, -0.2284874319),
            (-0.0116352135, -0.9048145476, -0.425646868),
            (-0.0126926839, -0.8130106073, -0.582110512),
            (-0.01328916307, -0.7070764708, -0.7070122082),
            (-0.01352916019, -0.5821814741, -0.8129463039),
            (-0.01337145482, -0.4257321602, -0.9047504253),
            (-0.01264610229, -0.2285860252, -0.9734415777),
            (-0.01121007991, -9.781966006e-05, -0.9999371603),
            (-0.009180494411, 0.2284193898, -0.9735195431),
            (-0.006914730407, 0.4256279304, -0.9048718425),
            (-0.004698155818, 0.5821353816, -0.8130783018),
            (-0.002562561554, 0.7070700946, -0.7071388227),
            (-0.0003582624183, 0.8130280003, -0.5822244777),
            (0.002092732279, 0.9048439333, -0.4257382727),
            (0.004824750762, 0.9735226831, -0.2285395092),
            (0.007587726623, 0.9999712128, -4.946257384e-06),
            (0.009948792143, 0.9734878453, 0.2285222891),
            (0.01163783397, 0.9047874484, 0.4257043974),
            (0.01269491008, 0.8129653004, 0.5821737366),
            (0.01329092352, 0.7070124911, 0.7070761549),
            (0.01353041017, 0.5820907431, 0.8130112513),
            (0.01337185006, 0.4256015111, 0.9048118851),
            (0.01264499018, 0.2284104884, 0.9734827954),
            (0.01120715985, -0.0001002027684, 0.9999371928),
            (0.009176513768, -0.2285981168, 0.9734776282),
            (0.006910807569, -0.4257633687, 0.9048081535),
            (0.004694798431, -0.5822312053, 0.8130097062),
            (0.002559734789, -0.7071391273, 0.7070698003),
            (0.0003558813793, -0.8130783644, 0.5821541434),
            (-0.002094429604, -0.9048757557, 0.425670624),
            (-0.00482513571, -0.9735340192, 0.2284912065),
            (0.6846498637, 0.7288718551, -0.0006188742674),
            (0.6868900792, 0.7076365098, 0.1656278632),
            (0.6905387112, 0.6546043911, 0.3076513929),
            (0.693587547, 0.5857905471, 0.4192681117),
            (0.6947847387, 0.5086066832, 0.5085208046),
            (0.6937835893, 0.4192617311, 0.5855629189),
            (0.6909470335, 0.3076124843, 0.6541916817),
            (0.6875274821, 0.1656330323, 0.7070160253),
            (0.685507211, -0.0004888651142, 0.7280656733),
            (0.6860506967, -0.1668250819, 0.7081693537),
            (0.6882049177, -0.3093776323, 0.6562465024),
            (0.6900442341, -0.4218052408, 0.5881490405),
            (0.6902468427, -0.5120130019, 0.5112748596),
            (0.6883609003, -0.5900878709, 0.4218478109),
            (0.6847007234, -0.6597531615, 0.3096945029),
            (0.680584503, -0.7134373547, 0.1667689272),
            (0.6781596837, -0.7349143185, -0.0006227778686),
            (0.6787071561, -0.7148699023, -0.1682783975),
            (0.6812140668, -0.6623120299, -0.3119137225),
            (0.6836066172, -0.5933169282, -0.4250376638),
            (0.6844803407, -0.5154595539, -0.5155464203),
            (0.6834088388, -0.4250408373, -0.5935424548),
            (0.6808026064, -0.3119483872, -0.6627186544),
            (0.678065826, -0.1682700246, -0.7154802124),
            (0.6772981971, -0.0004927686471, -0.7357084405),
            (0.6795508395, 0.167076507, -0.7143501223),
            (0.6835607138, 0.3101951582, -0.660699413),
            (0.6871697141, 0.4225215187, -0.5909935281),
            (0.6890417133, 0.5120859179, -0.5128250481),
            (0.6888547843, 0.5890568001, -0.4224821563),
            (0.6870680464, 0.6571988405, -0.3098825322),
            (0.6850209606, 0.7090922972, -0.1671358659),
            (0.7317303468, -0.6815939881, 0.0005787313327),
            (0.7293154476, -0.6661733763, -0.1559230922),
            (0.7252355359, -0.6231142291, -0.2928516262),
            (0.7218410914, -0.5627666442, -0.4027892041),
            (0.7205247583, -0.4903698963, -0.490287097),
            (0.7216527533, -0.4030029987, -0.5628551206),
            (0.7248467962, -0.2931467252, -0.6234277179),
            (0.728715245, -0.1562032399, -0.6667643059),
            (0.7309282738, 0.0004582389085, -0.6824541366),
            (0.7301042259, 0.1566860911, -0.6651295274),
            (0.7274489611, 0.2925958982, -0.6206493771),
            (0.7252275025, 0.4012572503, -0.5594977111),
            (0.7248714419, 0.4874659148, -0.4867631607),
            (0.7268246563, 0.5587312265, -0.399431265),
            (0.7307456553, 0.6179546388, -0.2900738728),
            (0.7351963499, 0.6600608471, -0.1542919481),
            (0.7377408987, 0.6750837275, 0.0005720764915),
            (0.7369275996, 0.657987309, 0.1548883924),
            (0.7339943418, 0.6144277706, 0.2893627844),
            (0.7312955741, 0.5544670605, 0.3972065735),
            (0.7303166064, 0.482990177, 0.4830715716),
            (0.7314802966, 0.3969934308, 0.5543760381),
            (0.7343756656, 0.2890681448, 0.6141107306),
            (0.7375169765, 0.1546086755, 0.6573924755),
            (0.7385306778, 0.0004515842448, 0.6742197224),
            (0.7361506782, -0.1541384329, 0.6590322621),
            (0.7318112948, -0.2896316049, 0.6169001233),
            (0.7279503667, -0.3987537269, 0.5577488044),
            (0.7260166096, -0.4859103853, 0.4866117344),
            (0.7263568296, -0.5585178355, 0.4005790603),
            (0.7285220183, -0.6195984131, 0.292153171),
            (0.7310693814, -0.6641048465, 0.1565321454)
        ] (
            interpolation = "vertex"
        )
        uniform token subdivisionScheme = "none"
    }
    def Mesh "BridgeVisual" (
        prepend apiSchemas = ["MaterialBindingAPI"]
    )
    {
        rel material:binding = </DrAnmarSealDivideVesselDemo/Looks/BridgeMaterial>
        custom token[] drAnmar:labels = ["predivision_bridge_visual"]
        float3[] extent = [(-0.00055, -0.004678938074, -0.004083117965), (0.00055, 0.004678938074, 0.00459525)]
        int[] faceVertexCounts = [3, 3, 3, 3, 3, 3, 3, 3, 3, 3, 3, 3, 3, 3, 3, 3, 3, 3, 3, 3, 3, 3, 3, 3, 3, 3, 3, 3, 3, 3, 3, 3, 3, 3, 3, 3, 3, 3, 3, 3, 3, 3, 3, 3, 3, 3, 3, 3, 3, 3, 3, 3, 3, 3, 3, 3, 3, 3, 3, 3, 3, 3, 3, 3, 3, 3, 3, 3, 3, 3, 3, 3, 3, 3, 3, 3, 3, 3, 3, 3, 3, 3, 3, 3, 3, 3, 3, 3, 3, 3, 3, 3, 3, 3, 3, 3, 3, 3, 3, 3, 3, 3, 3, 3, 3, 3, 3, 3, 3, 3, 3, 3, 3, 3, 3, 3, 3, 3, 3, 3, 3, 3, 3, 3, 3, 3, 3, 3, 3, 3, 3, 3, 3, 3, 3, 3, 3, 3, 3, 3, 3, 3, 3, 3, 3, 3, 3, 3, 3, 3, 3, 3, 3, 3, 3, 3, 3, 3, 3, 3, 3, 3, 3, 3, 3, 3, 3, 3, 3, 3, 3, 3, 3, 3, 3, 3, 3, 3, 3, 3, 3, 3, 3, 3, 3, 3, 3, 3, 3, 3, 3, 3, 3, 3, 3, 3, 3, 3, 3, 3, 3, 3, 3, 3, 3, 3, 3, 3, 3, 3, 3, 3, 3, 3, 3, 3, 3, 3, 3, 3, 3, 3, 3, 3, 3, 3, 3, 3, 3, 3, 3, 3, 3, 3, 3, 3, 3, 3, 3, 3, 3, 3, 3, 3, 3, 3, 3, 3, 3, 3, 3, 3, 3, 3, 3, 3, 3, 3, 3, 3, 3, 3, 3, 3, 3, 3, 3, 3, 3, 3, 3, 3, 3, 3, 3, 3, 3, 3, 3, 3, 3, 3, 3, 3, 3, 3, 3, 3, 3, 3, 3, 3, 3, 3, 3, 3, 3, 3, 3, 3, 3, 3, 3, 3, 3, 3, 3, 3, 3, 3, 3, 3, 3, 3, 3, 3, 3, 3, 3, 3, 3, 3, 3, 3, 3, 3, 3, 3, 3, 3, 3, 3, 3, 3, 3, 3, 3, 3, 3, 3, 3, 3, 3, 3, 3, 3, 3, 3, 3, 3, 3, 3, 3, 3, 3, 3, 3, 3, 3, 3, 3, 3, 3, 3, 3, 3, 3, 3, 3, 3, 3, 3, 3, 3, 3, 3, 3, 3, 3, 3, 3, 3, 3, 3, 3, 3, 3, 3, 3, 3, 3, 3, 3, 3, 3, 3, 3, 3, 3, 3, 3, 3, 3, 3, 3, 3, 3, 3, 3, 3, 3, 3, 3, 3, 3, 3, 3, 3, 3, 3, 3, 3, 3, 3, 3, 3, 3, 3, 3, 3, 3, 3, 3, 3, 3, 3, 3, 3, 3, 3, 3, 3, 3, 3, 3, 3, 3, 3, 3, 3, 3, 3, 3, 3, 3, 3, 3, 3, 3, 3, 3, 3, 3, 3, 3, 3, 3, 3, 3, 3, 3, 3, 3, 3, 3, 3, 3, 3, 3, 3, 3, 3, 3, 3, 3, 3, 3, 3, 3, 3, 3, 3, 3, 3, 3, 3, 3, 3, 3, 3, 3, 3, 3, 3, 3, 3, 3, 3, 3, 3, 3, 3, 3, 3, 3, 3, 3, 3, 3, 3, 3, 3, 3, 3, 3, 3, 3, 3, 3, 3, 3, 3, 3, 3, 3, 3, 3, 3, 3, 3, 3, 3, 3, 3, 3, 3, 3, 3, 3, 3, 3, 3, 3, 3, 3, 3, 3, 3, 3, 3, 3, 3, 3, 3, 3, 3, 3, 3, 3, 3, 3, 3, 3, 3, 3, 3, 3, 3, 3, 3, 3, 3, 3, 3, 3, 3, 3, 3, 3, 3, 3, 3, 3, 3, 3, 3, 3, 3, 3, 3, 3, 3, 3, 3, 3, 3, 3, 3, 3, 3, 3, 3, 3, 3, 3, 3, 3, 3, 3, 3, 3, 3, 3, 3, 3, 3, 3, 3, 3, 3, 3, 3, 3, 3, 3, 3, 3, 3, 3, 3, 3, 3, 3, 3, 3, 3, 3, 3, 3, 3, 3, 3, 3, 3, 3, 3, 3, 3, 3, 3, 3, 3, 3, 3, 3, 3, 3, 3, 3, 3, 3, 3, 3, 3, 3, 3, 3, 3, 3, 3, 3, 3, 3, 3, 3, 3, 3, 3, 3, 3, 3, 3, 3, 3, 3, 3, 3, 3, 3, 3, 3, 3, 3, 3, 3, 3, 3, 3, 3, 3, 3, 3, 3, 3, 3, 3, 3, 3, 3, 3, 3, 3, 3, 3, 3, 3, 3, 3, 3, 3, 3, 3, 3, 3, 3, 3, 3, 3, 3, 3, 3, 3, 3, 3, 3, 3, 3, 3, 3, 3, 3, 3, 3, 3, 3, 3, 3, 3, 3, 3, 3, 3, 3, 3, 3, 3, 3, 3, 3, 3, 3, 3, 3, 3, 3, 3, 3, 3, 3, 3, 3, 3, 3, 3, 3, 3, 3, 3, 3, 3, 3, 3, 3, 3, 3, 3, 3, 3, 3, 3, 3, 3, 3, 3, 3, 3, 3, 3, 3, 3, 3, 3, 3, 3, 3, 3, 3, 3, 3, 3, 3, 3, 3, 3, 3, 3, 3, 3, 3, 3, 3, 3, 3, 3, 3, 3, 3, 3, 3, 3, 3, 3, 3, 3, 3, 3, 3, 3, 3, 3, 3, 3, 3, 3, 3, 3, 3, 3, 3, 3, 3, 3, 3, 3, 3, 3, 3, 3, 3, 3, 3, 3, 3, 3, 3, 3, 3, 3, 3, 3, 3, 3, 3, 3, 3, 3, 3, 3, 3, 3, 3, 3, 3, 3, 3, 3, 3, 3, 3, 3, 3, 3, 3, 3, 3, 3, 3, 3, 3, 3, 3, 3, 3, 3, 3, 3, 3, 3, 3, 3, 3, 3, 3, 3, 3, 3, 3, 3, 3, 3, 3, 3, 3, 3, 3, 3, 3, 3, 3, 3, 3, 3, 3, 3, 3, 3, 3, 3, 3, 3, 3, 3, 3, 3, 3, 3, 3, 3, 3, 3, 3, 3, 3, 3, 3, 3, 3, 3, 3, 3, 3, 3, 3, 3, 3, 3, 3, 3, 3, 3, 3, 3, 3, 3, 3, 3, 3, 3, 3, 3, 3, 3, 3, 3, 3, 3, 3, 3, 3, 3, 3, 3, 3, 3, 3, 3, 3, 3, 3, 3, 3, 3, 3, 3, 3, 3, 3, 3, 3, 3, 3, 3, 3, 3, 3, 3, 3, 3, 3, 3, 3, 3, 3, 3, 3, 3, 3, 3, 3, 3, 3, 3, 3, 3, 3, 3, 3, 3, 3, 3, 3, 3, 3, 3, 3, 3, 3, 3, 3, 3, 3, 3, 3, 3, 3, 3, 3, 3, 3, 3, 3, 3, 3, 3, 3, 3, 3, 3, 3, 3, 3, 3, 3, 3, 3, 3, 3, 3, 3, 3, 3, 3, 3, 3, 3, 3, 3, 3, 3, 3, 3, 3, 3, 3, 3, 3, 3, 3, 3, 3, 3, 3, 3, 3, 3, 3, 3, 3, 3, 3, 3, 3, 3, 3, 3, 3, 3, 3, 3, 3, 3, 3, 3, 3, 3, 3, 3, 3, 3, 3, 3, 3, 3, 3, 3, 3, 3, 3, 3, 3, 3, 3, 3, 3, 3, 3, 3, 3, 3, 3, 3, 3, 3, 3, 3, 3, 3, 3, 3, 3, 3, 3, 3, 3, 3, 3, 3, 3, 3, 3, 3, 3, 3, 3, 3, 3, 3, 3, 3, 3, 3, 3, 3, 3, 3, 3, 3, 3, 3, 3, 3, 3, 3, 3, 3, 3, 3, 3, 3, 3, 3, 3, 3, 3, 3, 3, 3, 3, 3, 3, 3, 3, 3, 3, 3, 3, 3, 3, 3, 3, 3, 3, 3, 3, 3, 3, 3, 3, 3, 3, 3, 3, 3, 3, 3, 3, 3, 3, 3, 3, 3, 3, 3, 3, 3, 3, 3, 3, 3, 3, 3, 3, 3, 3, 3, 3, 3, 3, 3, 3, 3, 3, 3, 3, 3, 3, 3, 3, 3, 3]
        int[] faceVertexIndices = [129, 128, 0, 1, 129, 0, 192, 193, 64, 193, 65, 64, 130, 129, 1, 2, 130, 1, 193, 194, 65, 194, 66, 65, 131, 130, 2, 3, 131, 2, 194, 195, 66, 195, 67, 66, 132, 131, 3, 4, 132, 3, 195, 196, 67, 196, 68, 67, 133, 132, 4, 5, 133, 4, 196, 197, 68, 197, 69, 68, 134, 133, 5, 6, 134, 5, 197, 198, 69, 198, 70, 69, 135, 134, 6, 7, 135, 6, 198, 199, 70, 199, 71, 70, 136, 135, 7, 8, 136, 7, 199, 200, 71, 200, 72, 71, 137, 136, 8, 9, 137, 8, 200, 201, 72, 201, 73, 72, 138, 137, 9, 10, 138, 9, 201, 202, 73, 202, 74, 73, 139, 138, 10, 11, 139, 10, 202, 203, 74, 203, 75, 74, 140, 139, 11, 12, 140, 11, 203, 204, 75, 204, 76, 75, 141, 140, 12, 13, 141, 12, 204, 205, 76, 205, 77, 76, 142, 141, 13, 14, 142, 13, 205, 206, 77, 206, 78, 77, 143, 142, 14, 15, 143, 14, 206, 207, 78, 207, 79, 78, 144, 143, 15, 16, 144, 15, 207, 208, 79, 208, 80, 79, 145, 144, 16, 17, 145, 16, 208, 209, 80, 209, 81, 80, 146, 145, 17, 18, 146, 17, 209, 210, 81, 210, 82, 81, 147, 146, 18, 19, 147, 18, 210, 211, 82, 211, 83, 82, 148, 147, 19, 20, 148, 19, 211, 212, 83, 212, 84, 83, 149, 148, 20, 21, 149, 20, 212, 213, 84, 213, 85, 84, 150, 149, 21, 22, 150, 21, 213, 214, 85, 214, 86, 85, 151, 150, 22, 23, 151, 22, 214, 215, 86, 215, 87, 86, 152, 151, 23, 24, 152, 23, 215, 216, 87, 216, 88, 87, 153, 152, 24, 25, 153, 24, 216, 217, 88, 217, 89, 88, 154, 153, 25, 26, 154, 25, 217, 218, 89, 218, 90, 89, 155, 154, 26, 27, 155, 26, 218, 219, 90, 219, 91, 90, 156, 155, 27, 28, 156, 27, 219, 220, 91, 220, 92, 91, 157, 156, 28, 29, 157, 28, 220, 221, 92, 221, 93, 92, 158, 157, 29, 30, 158, 29, 221, 222, 93, 222, 94, 93, 159, 158, 30, 31, 159, 30, 222, 223, 94, 223, 95, 94, 160, 159, 31, 32, 160, 31, 223, 224, 95, 224, 96, 95, 161, 160, 32, 33, 161, 32, 224, 225, 96, 225, 97, 96, 162, 161, 33, 34, 162, 33, 225, 226, 97, 226, 98, 97, 163, 162, 34, 35, 163, 34, 226, 227, 98, 227, 99, 98, 164, 163, 35, 36, 164, 35, 227, 228, 99, 228, 100, 99, 165, 164, 36, 37, 165, 36, 228, 229, 100, 229, 101, 100, 166, 165, 37, 38, 166, 37, 229, 230, 101, 230, 102, 101, 167, 166, 38, 39, 167, 38, 230, 231, 102, 231, 103, 102, 168, 167, 39, 40, 168, 39, 231, 232, 103, 232, 104, 103, 169, 168, 40, 41, 169, 40, 232, 233, 104, 233, 105, 104, 170, 169, 41, 42, 170, 41, 233, 234, 105, 234, 106, 105, 171, 170, 42, 43, 171, 42, 234, 235, 106, 235, 107, 106, 172, 171, 43, 44, 172, 43, 235, 236, 107, 236, 108, 107, 173, 172, 44, 45, 173, 44, 236, 237, 108, 237, 109, 108, 174, 173, 45, 46, 174, 45, 237, 238, 109, 238, 110, 109, 175, 174, 46, 47, 175, 46, 238, 239, 110, 239, 111, 110, 176, 175, 47, 48, 176, 47, 239, 240, 111, 240, 112, 111, 177, 176, 48, 49, 177, 48, 240, 241, 112, 241, 113, 112, 178, 177, 49, 50, 178, 49, 241, 242, 113, 242, 114, 113, 179, 178, 50, 51, 179, 50, 242, 243, 114, 243, 115, 114, 180, 179, 51, 52, 180, 51, 243, 244, 115, 244, 116, 115, 181, 180, 52, 53, 181, 52, 244, 245, 116, 245, 117, 116, 182, 181, 53, 54, 182, 53, 245, 246, 117, 246, 118, 117, 183, 182, 54, 55, 183, 54, 246, 247, 118, 247, 119, 118, 184, 183, 55, 56, 184, 55, 247, 248, 119, 248, 120, 119, 185, 184, 56, 57, 185, 56, 248, 249, 120, 249, 121, 120, 186, 185, 57, 58, 186, 57, 249, 250, 121, 250, 122, 121, 187, 186, 58, 59, 187, 58, 250, 251, 122, 251, 123, 122, 188, 187, 59, 60, 188, 59, 251, 252, 123, 252, 124, 123, 189, 188, 60, 61, 189, 60, 252, 253, 124, 253, 125, 124, 190, 189, 61, 62, 190, 61, 253, 254, 125, 254, 126, 125, 191, 190, 62, 63, 191, 62, 254, 255, 126, 255, 127, 126, 128, 191, 63, 0, 128, 63, 255, 192, 127, 192, 64, 127, 257, 256, 128, 129, 257, 128, 320, 321, 192, 321, 193, 192, 258, 257, 129, 130, 258, 129, 321, 322, 193, 322, 194, 193, 259, 258, 130, 131, 259, 130, 322, 323, 194, 323, 195, 194, 260, 259, 131, 132, 260, 131, 323, 324, 195, 324, 196, 195, 261, 260, 132, 133, 261, 132, 324, 325, 196, 325, 197, 196, 262, 261, 133, 134, 262, 133, 325, 326, 197, 326, 198, 197, 263, 262, 134, 135, 263, 134, 326, 327, 198, 327, 199, 198, 264, 263, 135, 136, 264, 135, 327, 328, 199, 328, 200, 199, 265, 264, 136, 137, 265, 136, 328, 329, 200, 329, 201, 200, 266, 265, 137, 138, 266, 137, 329, 330, 201, 330, 202, 201, 267, 266, 138, 139, 267, 138, 330, 331, 202, 331, 203, 202, 268, 267, 139, 140, 268, 139, 331, 332, 203, 332, 204, 203, 269, 268, 140, 141, 269, 140, 332, 333, 204, 333, 205, 204, 270, 269, 141, 142, 270, 141, 333, 334, 205, 334, 206, 205, 271, 270, 142, 143, 271, 142, 334, 335, 206, 335, 207, 206, 272, 271, 143, 144, 272, 143, 335, 336, 207, 336, 208, 207, 273, 272, 144, 145, 273, 144, 336, 337, 208, 337, 209, 208, 274, 273, 145, 146, 274, 145, 337, 338, 209, 338, 210, 209, 275, 274, 146, 147, 275, 146, 338, 339, 210, 339, 211, 210, 276, 275, 147, 148, 276, 147, 339, 340, 211, 340, 212, 211, 277, 276, 148, 149, 277, 148, 340, 341, 212, 341, 213, 212, 278, 277, 149, 150, 278, 149, 341, 342, 213, 342, 214, 213, 279, 278, 150, 151, 279, 150, 342, 343, 214, 343, 215, 214, 280, 279, 151, 152, 280, 151, 343, 344, 215, 344, 216, 215, 281, 280, 152, 153, 281, 152, 344, 345, 216, 345, 217, 216, 282, 281, 153, 154, 282, 153, 345, 346, 217, 346, 218, 217, 283, 282, 154, 155, 283, 154, 346, 347, 218, 347, 219, 218, 284, 283, 155, 156, 284, 155, 347, 348, 219, 348, 220, 219, 285, 284, 156, 157, 285, 156, 348, 349, 220, 349, 221, 220, 286, 285, 157, 158, 286, 157, 349, 350, 221, 350, 222, 221, 287, 286, 158, 159, 287, 158, 350, 351, 222, 351, 223, 222, 288, 287, 159, 160, 288, 159, 351, 352, 223, 352, 224, 223, 289, 288, 160, 161, 289, 160, 352, 353, 224, 353, 225, 224, 290, 289, 161, 162, 290, 161, 353, 354, 225, 354, 226, 225, 291, 290, 162, 163, 291, 162, 354, 355, 226, 355, 227, 226, 292, 291, 163, 164, 292, 163, 355, 356, 227, 356, 228, 227, 293, 292, 164, 165, 293, 164, 356, 357, 228, 357, 229, 228, 294, 293, 165, 166, 294, 165, 357, 358, 229, 358, 230, 229, 295, 294, 166, 167, 295, 166, 358, 359, 230, 359, 231, 230, 296, 295, 167, 168, 296, 167, 359, 360, 231, 360, 232, 231, 297, 296, 168, 169, 297, 168, 360, 361, 232, 361, 233, 232, 298, 297, 169, 170, 298, 169, 361, 362, 233, 362, 234, 233, 299, 298, 170, 171, 299, 170, 362, 363, 234, 363, 235, 234, 300, 299, 171, 172, 300, 171, 363, 364, 235, 364, 236, 235, 301, 300, 172, 173, 301, 172, 364, 365, 236, 365, 237, 236, 302, 301, 173, 174, 302, 173, 365, 366, 237, 366, 238, 237, 303, 302, 174, 175, 303, 174, 366, 367, 238, 367, 239, 238, 304, 303, 175, 176, 304, 175, 367, 368, 239, 368, 240, 239, 305, 304, 176, 177, 305, 176, 368, 369, 240, 369, 241, 240, 306, 305, 177, 178, 306, 177, 369, 370, 241, 370, 242, 241, 307, 306, 178, 179, 307, 178, 370, 371, 242, 371, 243, 242, 308, 307, 179, 180, 308, 179, 371, 372, 243, 372, 244, 243, 309, 308, 180, 181, 309, 180, 372, 373, 244, 373, 245, 244, 310, 309, 181, 182, 310, 181, 373, 374, 245, 374, 246, 245, 311, 310, 182, 183, 311, 182, 374, 375, 246, 375, 247, 246, 312, 311, 183, 184, 312, 183, 375, 376, 247, 376, 248, 247, 313, 312, 184, 185, 313, 184, 376, 377, 248, 377, 249, 248, 314, 313, 185, 186, 314, 185, 377, 378, 249, 378, 250, 249, 315, 314, 186, 187, 315, 186, 378, 379, 250, 379, 251, 250, 316, 315, 187, 188, 316, 187, 379, 380, 251, 380, 252, 251, 317, 316, 188, 189, 317, 188, 380, 381, 252, 381, 253, 252, 318, 317, 189, 190, 318, 189, 381, 382, 253, 382, 254, 253, 319, 318, 190, 191, 319, 190, 382, 383, 254, 383, 255, 254, 256, 319, 191, 128, 256, 191, 383, 320, 255, 320, 192, 255, 385, 384, 256, 257, 385, 256, 448, 449, 320, 449, 321, 320, 386, 385, 257, 258, 386, 257, 449, 450, 321, 450, 322, 321, 387, 386, 258, 259, 387, 258, 450, 451, 322, 451, 323, 322, 388, 387, 259, 260, 388, 259, 451, 452, 323, 452, 324, 323, 389, 388, 260, 261, 389, 260, 452, 453, 324, 453, 325, 324, 390, 389, 261, 262, 390, 261, 453, 454, 325, 454, 326, 325, 391, 390, 262, 263, 391, 262, 454, 455, 326, 455, 327, 326, 392, 391, 263, 264, 392, 263, 455, 456, 327, 456, 328, 327, 393, 392, 264, 265, 393, 264, 456, 457, 328, 457, 329, 328, 394, 393, 265, 266, 394, 265, 457, 458, 329, 458, 330, 329, 395, 394, 266, 267, 395, 266, 458, 459, 330, 459, 331, 330, 396, 395, 267, 268, 396, 267, 459, 460, 331, 460, 332, 331, 397, 396, 268, 269, 397, 268, 460, 461, 332, 461, 333, 332, 398, 397, 269, 270, 398, 269, 461, 462, 333, 462, 334, 333, 399, 398, 270, 271, 399, 270, 462, 463, 334, 463, 335, 334, 400, 399, 271, 272, 400, 271, 463, 464, 335, 464, 336, 335, 401, 400, 272, 273, 401, 272, 464, 465, 336, 465, 337, 336, 402, 401, 273, 274, 402, 273, 465, 466, 337, 466, 338, 337, 403, 402, 274, 275, 403, 274, 466, 467, 338, 467, 339, 338, 404, 403, 275, 276, 404, 275, 467, 468, 339, 468, 340, 339, 405, 404, 276, 277, 405, 276, 468, 469, 340, 469, 341, 340, 406, 405, 277, 278, 406, 277, 469, 470, 341, 470, 342, 341, 407, 406, 278, 279, 407, 278, 470, 471, 342, 471, 343, 342, 408, 407, 279, 280, 408, 279, 471, 472, 343, 472, 344, 343, 409, 408, 280, 281, 409, 280, 472, 473, 344, 473, 345, 344, 410, 409, 281, 282, 410, 281, 473, 474, 345, 474, 346, 345, 411, 410, 282, 283, 411, 282, 474, 475, 346, 475, 347, 346, 412, 411, 283, 284, 412, 283, 475, 476, 347, 476, 348, 347, 413, 412, 284, 285, 413, 284, 476, 477, 348, 477, 349, 348, 414, 413, 285, 286, 414, 285, 477, 478, 349, 478, 350, 349, 415, 414, 286, 287, 415, 286, 478, 479, 350, 479, 351, 350, 416, 415, 287, 288, 416, 287, 479, 480, 351, 480, 352, 351, 417, 416, 288, 289, 417, 288, 480, 481, 352, 481, 353, 352, 418, 417, 289, 290, 418, 289, 481, 482, 353, 482, 354, 353, 419, 418, 290, 291, 419, 290, 482, 483, 354, 483, 355, 354, 420, 419, 291, 292, 420, 291, 483, 484, 355, 484, 356, 355, 421, 420, 292, 293, 421, 292, 484, 485, 356, 485, 357, 356, 422, 421, 293, 294, 422, 293, 485, 486, 357, 486, 358, 357, 423, 422, 294, 295, 423, 294, 486, 487, 358, 487, 359, 358, 424, 423, 295, 296, 424, 295, 487, 488, 359, 488, 360, 359, 425, 424, 296, 297, 425, 296, 488, 489, 360, 489, 361, 360, 426, 425, 297, 298, 426, 297, 489, 490, 361, 490, 362, 361, 427, 426, 298, 299, 427, 298, 490, 491, 362, 491, 363, 362, 428, 427, 299, 300, 428, 299, 491, 492, 363, 492, 364, 363, 429, 428, 300, 301, 429, 300, 492, 493, 364, 493, 365, 364, 430, 429, 301, 302, 430, 301, 493, 494, 365, 494, 366, 365, 431, 430, 302, 303, 431, 302, 494, 495, 366, 495, 367, 366, 432, 431, 303, 304, 432, 303, 495, 496, 367, 496, 368, 367, 433, 432, 304, 305, 433, 304, 496, 497, 368, 497, 369, 368, 434, 433, 305, 306, 434, 305, 497, 498, 369, 498, 370, 369, 435, 434, 306, 307, 435, 306, 498, 499, 370, 499, 371, 370, 436, 435, 307, 308, 436, 307, 499, 500, 371, 500, 372, 371, 437, 436, 308, 309, 437, 308, 500, 501, 372, 501, 373, 372, 438, 437, 309, 310, 438, 309, 501, 502, 373, 502, 374, 373, 439, 438, 310, 311, 439, 310, 502, 503, 374, 503, 375, 374, 440, 439, 311, 312, 440, 311, 503, 504, 375, 504, 376, 375, 441, 440, 312, 313, 441, 312, 504, 505, 376, 505, 377, 376, 442, 441, 313, 314, 442, 313, 505, 506, 377, 506, 378, 377, 443, 442, 314, 315, 443, 314, 506, 507, 378, 507, 379, 378, 444, 443, 315, 316, 444, 315, 507, 508, 379, 508, 380, 379, 445, 444, 316, 317, 445, 316, 508, 509, 380, 509, 381, 380, 446, 445, 317, 318, 446, 317, 509, 510, 381, 510, 382, 381, 447, 446, 318, 319, 447, 318, 510, 511, 382, 511, 383, 382, 384, 447, 319, 256, 384, 319, 511, 448, 383, 448, 320, 383, 513, 512, 384, 385, 513, 384, 576, 577, 448, 577, 449, 448, 514, 513, 385, 386, 514, 385, 577, 578, 449, 578, 450, 449, 515, 514, 386, 387, 515, 386, 578, 579, 450, 579, 451, 450, 516, 515, 387, 388, 516, 387, 579, 580, 451, 580, 452, 451, 517, 516, 388, 389, 517, 388, 580, 581, 452, 581, 453, 452, 518, 517, 389, 390, 518, 389, 581, 582, 453, 582, 454, 453, 519, 518, 390, 391, 519, 390, 582, 583, 454, 583, 455, 454, 520, 519, 391, 392, 520, 391, 583, 584, 455, 584, 456, 455, 521, 520, 392, 393, 521, 392, 584, 585, 456, 585, 457, 456, 522, 521, 393, 394, 522, 393, 585, 586, 457, 586, 458, 457, 523, 522, 394, 395, 523, 394, 586, 587, 458, 587, 459, 458, 524, 523, 395, 396, 524, 395, 587, 588, 459, 588, 460, 459, 525, 524, 396, 397, 525, 396, 588, 589, 460, 589, 461, 460, 526, 525, 397, 398, 526, 397, 589, 590, 461, 590, 462, 461, 527, 526, 398, 399, 527, 398, 590, 591, 462, 591, 463, 462, 528, 527, 399, 400, 528, 399, 591, 592, 463, 592, 464, 463, 529, 528, 400, 401, 529, 400, 592, 593, 464, 593, 465, 464, 530, 529, 401, 402, 530, 401, 593, 594, 465, 594, 466, 465, 531, 530, 402, 403, 531, 402, 594, 595, 466, 595, 467, 466, 532, 531, 403, 404, 532, 403, 595, 596, 467, 596, 468, 467, 533, 532, 404, 405, 533, 404, 596, 597, 468, 597, 469, 468, 534, 533, 405, 406, 534, 405, 597, 598, 469, 598, 470, 469, 535, 534, 406, 407, 535, 406, 598, 599, 470, 599, 471, 470, 536, 535, 407, 408, 536, 407, 599, 600, 471, 600, 472, 471, 537, 536, 408, 409, 537, 408, 600, 601, 472, 601, 473, 472, 538, 537, 409, 410, 538, 409, 601, 602, 473, 602, 474, 473, 539, 538, 410, 411, 539, 410, 602, 603, 474, 603, 475, 474, 540, 539, 411, 412, 540, 411, 603, 604, 475, 604, 476, 475, 541, 540, 412, 413, 541, 412, 604, 605, 476, 605, 477, 476, 542, 541, 413, 414, 542, 413, 605, 606, 477, 606, 478, 477, 543, 542, 414, 415, 543, 414, 606, 607, 478, 607, 479, 478, 544, 543, 415, 416, 544, 415, 607, 608, 479, 608, 480, 479, 545, 544, 416, 417, 545, 416, 608, 609, 480, 609, 481, 480, 546, 545, 417, 418, 546, 417, 609, 610, 481, 610, 482, 481, 547, 546, 418, 419, 547, 418, 610, 611, 482, 611, 483, 482, 548, 547, 419, 420, 548, 419, 611, 612, 483, 612, 484, 483, 549, 548, 420, 421, 549, 420, 612, 613, 484, 613, 485, 484, 550, 549, 421, 422, 550, 421, 613, 614, 485, 614, 486, 485, 551, 550, 422, 423, 551, 422, 614, 615, 486, 615, 487, 486, 552, 551, 423, 424, 552, 423, 615, 616, 487, 616, 488, 487, 553, 552, 424, 425, 553, 424, 616, 617, 488, 617, 489, 488, 554, 553, 425, 426, 554, 425, 617, 618, 489, 618, 490, 489, 555, 554, 426, 427, 555, 426, 618, 619, 490, 619, 491, 490, 556, 555, 427, 428, 556, 427, 619, 620, 491, 620, 492, 491, 557, 556, 428, 429, 557, 428, 620, 621, 492, 621, 493, 492, 558, 557, 429, 430, 558, 429, 621, 622, 493, 622, 494, 493, 559, 558, 430, 431, 559, 430, 622, 623, 494, 623, 495, 494, 560, 559, 431, 432, 560, 431, 623, 624, 495, 624, 496, 495, 561, 560, 432, 433, 561, 432, 624, 625, 496, 625, 497, 496, 562, 561, 433, 434, 562, 433, 625, 626, 497, 626, 498, 497, 563, 562, 434, 435, 563, 434, 626, 627, 498, 627, 499, 498, 564, 563, 435, 436, 564, 435, 627, 628, 499, 628, 500, 499, 565, 564, 436, 437, 565, 436, 628, 629, 500, 629, 501, 500, 566, 565, 437, 438, 566, 437, 629, 630, 501, 630, 502, 501, 567, 566, 438, 439, 567, 438, 630, 631, 502, 631, 503, 502, 568, 567, 439, 440, 568, 439, 631, 632, 503, 632, 504, 503, 569, 568, 440, 441, 569, 440, 632, 633, 504, 633, 505, 504, 570, 569, 441, 442, 570, 441, 633, 634, 505, 634, 506, 505, 571, 570, 442, 443, 571, 442, 634, 635, 506, 635, 507, 506, 572, 571, 443, 444, 572, 443, 635, 636, 507, 636, 508, 507, 573, 572, 444, 445, 573, 444, 636, 637, 508, 637, 509, 508, 574, 573, 445, 446, 574, 445, 637, 638, 509, 638, 510, 509, 575, 574, 446, 447, 575, 446, 638, 639, 510, 639, 511, 510, 512, 575, 447, 384, 512, 447, 639, 576, 511, 576, 448, 511, 64, 65, 0, 65, 1, 0, 65, 66, 1, 66, 2, 1, 66, 67, 2, 67, 3, 2, 67, 68, 3, 68, 4, 3, 68, 69, 4, 69, 5, 4, 69, 70, 5, 70, 6, 5, 70, 71, 6, 71, 7, 6, 71, 72, 7, 72, 8, 7, 72, 73, 8, 73, 9, 8, 73, 74, 9, 74, 10, 9, 74, 75, 10, 75, 11, 10, 75, 76, 11, 76, 12, 11, 76, 77, 12, 77, 13, 12, 77, 78, 13, 78, 14, 13, 78, 79, 14, 79, 15, 14, 79, 80, 15, 80, 16, 15, 80, 81, 16, 81, 17, 16, 81, 82, 17, 82, 18, 17, 82, 83, 18, 83, 19, 18, 83, 84, 19, 84, 20, 19, 84, 85, 20, 85, 21, 20, 85, 86, 21, 86, 22, 21, 86, 87, 22, 87, 23, 22, 87, 88, 23, 88, 24, 23, 88, 89, 24, 89, 25, 24, 89, 90, 25, 90, 26, 25, 90, 91, 26, 91, 27, 26, 91, 92, 27, 92, 28, 27, 92, 93, 28, 93, 29, 28, 93, 94, 29, 94, 30, 29, 94, 95, 30, 95, 31, 30, 95, 96, 31, 96, 32, 31, 96, 97, 32, 97, 33, 32, 97, 98, 33, 98, 34, 33, 98, 99, 34, 99, 35, 34, 99, 100, 35, 100, 36, 35, 100, 101, 36, 101, 37, 36, 101, 102, 37, 102, 38, 37, 102, 103, 38, 103, 39, 38, 103, 104, 39, 104, 40, 39, 104, 105, 40, 105, 41, 40, 105, 106, 41, 106, 42, 41, 106, 107, 42, 107, 43, 42, 107, 108, 43, 108, 44, 43, 108, 109, 44, 109, 45, 44, 109, 110, 45, 110, 46, 45, 110, 111, 46, 111, 47, 46, 111, 112, 47, 112, 48, 47, 112, 113, 48, 113, 49, 48, 113, 114, 49, 114, 50, 49, 114, 115, 50, 115, 51, 50, 115, 116, 51, 116, 52, 51, 116, 117, 52, 117, 53, 52, 117, 118, 53, 118, 54, 53, 118, 119, 54, 119, 55, 54, 119, 120, 55, 120, 56, 55, 120, 121, 56, 121, 57, 56, 121, 122, 57, 122, 58, 57, 122, 123, 58, 123, 59, 58, 123, 124, 59, 124, 60, 59, 124, 125, 60, 125, 61, 60, 125, 126, 61, 126, 62, 61, 126, 127, 62, 127, 63, 62, 127, 64, 63, 64, 0, 63, 577, 576, 512, 513, 577, 512, 578, 577, 513, 514, 578, 513, 579, 578, 514, 515, 579, 514, 580, 579, 515, 516, 580, 515, 581, 580, 516, 517, 581, 516, 582, 581, 517, 518, 582, 517, 583, 582, 518, 519, 583, 518, 584, 583, 519, 520, 584, 519, 585, 584, 520, 521, 585, 520, 586, 585, 521, 522, 586, 521, 587, 586, 522, 523, 587, 522, 588, 587, 523, 524, 588, 523, 589, 588, 524, 525, 589, 524, 590, 589, 525, 526, 590, 525, 591, 590, 526, 527, 591, 526, 592, 591, 527, 528, 592, 527, 593, 592, 528, 529, 593, 528, 594, 593, 529, 530, 594, 529, 595, 594, 530, 531, 595, 530, 596, 595, 531, 532, 596, 531, 597, 596, 532, 533, 597, 532, 598, 597, 533, 534, 598, 533, 599, 598, 534, 535, 599, 534, 600, 599, 535, 536, 600, 535, 601, 600, 536, 537, 601, 536, 602, 601, 537, 538, 602, 537, 603, 602, 538, 539, 603, 538, 604, 603, 539, 540, 604, 539, 605, 604, 540, 541, 605, 540, 606, 605, 541, 542, 606, 541, 607, 606, 542, 543, 607, 542, 608, 607, 543, 544, 608, 543, 609, 608, 544, 545, 609, 544, 610, 609, 545, 546, 610, 545, 611, 610, 546, 547, 611, 546, 612, 611, 547, 548, 612, 547, 613, 612, 548, 549, 613, 548, 614, 613, 549, 550, 614, 549, 615, 614, 550, 551, 615, 550, 616, 615, 551, 552, 616, 551, 617, 616, 552, 553, 617, 552, 618, 617, 553, 554, 618, 553, 619, 618, 554, 555, 619, 554, 620, 619, 555, 556, 620, 555, 621, 620, 556, 557, 621, 556, 622, 621, 557, 558, 622, 557, 623, 622, 558, 559, 623, 558, 624, 623, 559, 560, 624, 559, 625, 624, 560, 561, 625, 560, 626, 625, 561, 562, 626, 561, 627, 626, 562, 563, 627, 562, 628, 627, 563, 564, 628, 563, 629, 628, 564, 565, 629, 564, 630, 629, 565, 566, 630, 565, 631, 630, 566, 567, 631, 566, 632, 631, 567, 568, 632, 567, 633, 632, 568, 569, 633, 568, 634, 633, 569, 570, 634, 569, 635, 634, 570, 571, 635, 570, 636, 635, 571, 572, 636, 571, 637, 636, 572, 573, 637, 572, 638, 637, 573, 574, 638, 573, 639, 638, 574, 575, 639, 574, 576, 639, 575, 512, 576, 575]
        point3f[] points = [
            (-0.00055, 0.003911561926, 0.0002121320345),
            (-0.00055, 0.003888101625, 0.000604939737),
            (-0.00055, 0.003818185852, 0.0009955770173),
            (-0.00055, 0.003703184924, 0.001381755486),
            (-0.00055, 0.003545301122, 0.001760963912),
            (-0.00055, 0.0033474532, 0.00213038839),
            (-0.00055, 0.003113127863, 0.002486867259),
            (-0.00055, 0.002846210004, 0.002826887444),
            (-0.00055, 0.002550805068, 0.003146625176),
            (-0.00055, 0.002231067336, 0.003442030112),
            (-0.00055, 0.00189104715, 0.003708947972),
            (-0.00055, 0.001534568281, 0.003943273308),
            (-0.00055, 0.001165143804, 0.00414112123),
            (-0.00055, 0.0007859353774, 0.004299005032),
            (-0.00055, 0.0003997569091, 0.00441400596),
            (-0.00055, 9.119628757e-06, 0.004483921733),
            (-0.00055, -0.0003836880737, 0.004507382035),
            (-0.00055, -0.0007764957762, 0.004483921733),
            (-0.00055, -0.001167133057, 0.00441400596),
            (-0.00055, -0.001553311525, 0.004299005032),
            (-0.00055, -0.001932519951, 0.00414112123),
            (-0.00055, -0.002301944429, 0.003943273308),
            (-0.00055, -0.002658423298, 0.003708947972),
            (-0.00055, -0.002998443483, 0.003442030112),
            (-0.00055, -0.003318181216, 0.003146625176),
            (-0.00055, -0.003613586151, 0.002826887444),
            (-0.00055, -0.003880504011, 0.002486867259),
            (-0.00055, -0.004114829347, 0.00213038839),
            (-0.00055, -0.004312677269, 0.001760963912),
            (-0.00055, -0.004470561071, 0.001381755486),
            (-0.00055, -0.004585561999, 0.0009955770173),
            (-0.00055, -0.004655477772, 0.000604939737),
            (-0.00055, -0.004678938074, 0.0002121320345),
            (-0.00055, -0.004655477772, -0.000180675668),
            (-0.00055, -0.004585561999, -0.0005713129483),
            (-0.00055, -0.004470561071, -0.0009574914166),
            (-0.00055, -0.004312677269, -0.001336699843),
            (-0.00055, -0.004114829347, -0.001706124321),
            (-0.00055, -0.003880504011, -0.00206260319),
            (-0.00055, -0.003613586151, -0.002402623375),
            (-0.00055, -0.003318181216, -0.002722361107),
            (-0.00055, -0.002998443483, -0.003017766043),
            (-0.00055, -0.002658423298, -0.003284683903),
            (-0.00055, -0.002301944429, -0.003519009239),
            (-0.00055, -0.001932519951, -0.003716857161),
            (-0.00055, -0.001553311525, -0.003874740963),
            (-0.00055, -0.001167133057, -0.003989741891),
            (-0.00055, -0.0007764957762, -0.004059657664),
            (-0.00055, -0.0003836880737, -0.004083117965),
            (-0.00055, 9.119628757e-06, -0.004059657664),
            (-0.00055, 0.0003997569091, -0.003989741891),
            (-0.00055, 0.0007859353774, -0.003874740963),
            (-0.00055, 0.001165143804, -0.003716857161),
            (-0.00055, 0.001534568281, -0.003519009239),
            (-0.00055, 0.00189104715, -0.003284683903),
            (-0.00055, 0.002231067336, -0.003017766043),
            (-0.00055, 0.002550805068, -0.002722361107),
            (-0.00055, 0.002846210004, -0.002402623375),
            (-0.00055, 0.003113127863, -0.00206260319),
            (-0.00055, 0.0033474532, -0.001706124321),
            (-0.00055, 0.003545301122, -0.001336699843),
            (-0.00055, 0.003703184924, -0.0009574914166),
            (-0.00055, 0.003818185852, -0.0005713129483),
            (-0.00055, 0.003888101625, -0.000180675668),
            (-0.00055, 0.003228461926, 0.0002121320345),
            (-0.00055, 0.003208732661, 0.0005424691144),
            (-0.00055, 0.003149936022, 0.0008709809478),
            (-0.00055, 0.003053224399, 0.001195743081),
            (-0.00055, 0.002920449828, 0.001514643662),
            (-0.00055, 0.002754066877, 0.001825316295),
            (-0.00055, 0.002557007738, 0.002125102139),
            (-0.00055, 0.002332539466, 0.002411046825),
            (-0.00055, 0.002084114593, 0.002679934701),
            (-0.00055, 0.001815226717, 0.002928359574),
            (-0.00055, 0.00152928203, 0.003152827847),
            (-0.00055, 0.001229496186, 0.003349886985),
            (-0.00055, 0.0009188235534, 0.003516269936),
            (-0.00055, 0.0005999229731, 0.003649044507),
            (-0.00055, 0.0002751608395, 0.003745756131),
            (-0.00055, -5.335099381e-05, 0.003804552769),
            (-0.00055, -0.0003836880737, 0.003824282035),
            (-0.00055, -0.0007140251537, 0.003804552769),
            (-0.00055, -0.001042536987, 0.003745756131),
            (-0.00055, -0.001367299121, 0.003649044507),
            (-0.00055, -0.001686199701, 0.003516269936),
            (-0.00055, -0.001996872334, 0.003349886985),
            (-0.00055, -0.002296658178, 0.003152827847),
            (-0.00055, -0.002582602864, 0.002928359574),
            (-0.00055, -0.00285149074, 0.002679934701),
            (-0.00055, -0.003099915614, 0.002411046825),
            (-0.00055, -0.003324383886, 0.002125102139),
            (-0.00055, -0.003521443024, 0.001825316295),
            (-0.00055, -0.003687825975, 0.001514643662),
            (-0.00055, -0.003820600546, 0.001195743081),
            (-0.00055, -0.00391731217, 0.0008709809478),
            (-0.00055, -0.003976108808, 0.0005424691144),
            (-0.00055, -0.003995838074, 0.0002121320345),
            (-0.00055, -0.003976108808, -0.0001182050454),
            (-0.00055, -0.00391731217, -0.0004467168788),
            (-0.00055, -0.003820600546, -0.0007714790123),
            (-0.00055, -0.003687825975, -0.001090379593),
            (-0.00055, -0.003521443024, -0.001401052226),
            (-0.00055, -0.003324383886, -0.00170083807),
            (-0.00055, -0.003099915614, -0.001986782756),
            (-0.00055, -0.00285149074, -0.002255670632),
            (-0.00055, -0.002582602864, -0.002504095505),
            (-0.00055, -0.002296658178, -0.002728563778),
            (-0.00055, -0.001996872334, -0.002925622916),
            (-0.00055, -0.001686199701, -0.003092005867),
            (-0.00055, -0.001367299121, -0.003224780438),
            (-0.00055, -0.001042536987, -0.003321492062),
            (-0.00055, -0.0007140251537, -0.0033802887),
            (-0.00055, -0.0003836880737, -0.003400017965),
            (-0.00055, -5.335099381e-05, -0.0033802887),
            (-0.00055, 0.0002751608395, -0.003321492062),
            (-0.00055, 0.0005999229731, -0.003224780438),
            (-0.00055, 0.0009188235534, -0.003092005867),
            (-0.00055, 0.001229496186, -0.002925622916),
            (-0.00055, 0.00152928203, -0.002728563778),
            (-0.00055, 0.001815226717, -0.002504095505),
            (-0.00055, 0.002084114593, -0.002255670632),
            (-0.00055, 0.002332539466, -0.001986782756),
            (-0.00055, 0.002557007738, -0.00170083807),
            (-0.00055, 0.002754066877, -0.001401052226),
            (-0.00055, 0.002920449828, -0.001090379593),
            (-0.00055, 0.003053224399, -0.0007714790123),
            (-0.00055, 0.003149936022, -0.0004467168788),
            (-0.00055, 0.003208732661, -0.0001182050454),
            (-0.000275, 0.004075370442, 0.0002771638598),
            (-0.000275, 0.00405191014, 0.0006699715623),
            (-0.000275, 0.003981994367, 0.001060608843),
            (-0.000275, 0.003866993439, 0.001446787311),
            (-0.000275, 0.003709109637, 0.001825995737),
            (-0.000275, 0.003511261715, 0.002195420215),
            (-0.000275, 0.003276936379, 0.002551899084),
            (-0.000275, 0.003010018519, 0.00289191927),
            (-0.000275, 0.002714613583, 0.003211657002),
            (-0.000275, 0.002394875851, 0.003507061937),
            (-0.000275, 0.002054855666, 0.003773979797),
            (-0.000275, 0.001698376797, 0.004008305133),
            (-0.000275, 0.001328952319, 0.004206153055),
            (-0.000275, 0.0009497438926, 0.004364036857),
            (-0.000275, 0.0005635654243, 0.004479037785),
            (-0.000275, 0.000172928144, 0.004548953558),
            (-0.000275, -0.0002198795585, 0.00457241386),
            (-0.000275, -0.000612687261, 0.004548953558),
            (-0.000275, -0.001003324541, 0.004479037785),
            (-0.000275, -0.00138950301, 0.004364036857),
            (-0.000275, -0.001768711436, 0.004206153055),
            (-0.000275, -0.002138135914, 0.004008305133),
            (-0.000275, -0.002494614783, 0.003773979797),
            (-0.000275, -0.002834634968, 0.003507061937),
            (-0.000275, -0.0031543727, 0.003211657002),
            (-0.000275, -0.003449777636, 0.00289191927),
            (-0.000275, -0.003716695496, 0.002551899084),
            (-0.000275, -0.003951020832, 0.002195420215),
            (-0.000275, -0.004148868754, 0.001825995737),
            (-0.000275, -0.004306752556, 0.001446787311),
            (-0.000275, -0.004421753484, 0.001060608843),
            (-0.000275, -0.004491669257, 0.0006699715623),
            (-0.000275, -0.004515129558, 0.0002771638598),
            (-0.000275, -0.004491669257, -0.0001156438427),
            (-0.000275, -0.004421753484, -0.000506281123),
            (-0.000275, -0.004306752556, -0.0008924595913),
            (-0.000275, -0.004148868754, -0.001271668018),
            (-0.000275, -0.003951020832, -0.001641092495),
            (-0.000275, -0.003716695496, -0.001997571364),
            (-0.000275, -0.003449777636, -0.00233759155),
            (-0.000275, -0.0031543727, -0.002657329282),
            (-0.000275, -0.002834634968, -0.002952734218),
            (-0.000275, -0.002494614783, -0.003219652077),
            (-0.000275, -0.002138135914, -0.003453977414),
            (-0.000275, -0.001768711436, -0.003651825335),
            (-0.000275, -0.00138950301, -0.003809709138),
            (-0.000275, -0.001003324541, -0.003924710065),
            (-0.000275, -0.000612687261, -0.003994625839),
            (-0.000275, -0.0002198795585, -0.00401808614),
            (-0.000275, 0.000172928144, -0.003994625839),
            (-0.000275, 0.0005635654243, -0.003924710065),
            (-0.000275, 0.0009497438926, -0.003809709138),
            (-0.000275, 0.001328952319, -0.003651825335),
            (-0.000275, 0.001698376797, -0.003453977414),
            (-0.000275, 0.002054855666, -0.003219652077),
            (-0.000275, 0.002394875851, -0.002952734218),
            (-0.000275, 0.002714613583, -0.002657329282),
            (-0.000275, 0.003010018519, -0.00233759155),
            (-0.000275, 0.003276936379, -0.001997571364),
            (-0.000275, 0.003511261715, -0.001641092495),
            (-0.000275, 0.003709109637, -0.001271668018),
            (-0.000275, 0.003866993439, -0.0008924595913),
            (-0.000275, 0.003981994367, -0.000506281123),
            (-0.000275, 0.00405191014, -0.0001156438427),
            (-0.000275, 0.003392270442, 0.0002771638598),
            (-0.000275, 0.003372541176, 0.0006075009397),
            (-0.000275, 0.003313744538, 0.0009360127731),
            (-0.000275, 0.003217032914, 0.001260774907),
            (-0.000275, 0.003084258343, 0.001579675487),
            (-0.000275, 0.002917875392, 0.00189034812),
            (-0.000275, 0.002720816254, 0.002190133964),
            (-0.000275, 0.002496347981, 0.00247607865),
            (-0.000275, 0.002247923108, 0.002744966526),
            (-0.000275, 0.001979035232, 0.0029933914),
            (-0.000275, 0.001693090546, 0.003217859672),
            (-0.000275, 0.001393304702, 0.00341491881),
            (-0.000275, 0.001082632069, 0.003581301761),
            (-0.000275, 0.0007637314884, 0.003714076332),
            (-0.000275, 0.0004389693548, 0.003810787956),
            (-0.000275, 0.0001104575214, 0.003869584594),
            (-0.000275, -0.0002198795585, 0.00388931386),
            (-0.000275, -0.0005502166384, 0.003869584594),
            (-0.000275, -0.0008787284718, 0.003810787956),
            (-0.000275, -0.001203490605, 0.003714076332),
            (-0.000275, -0.001522391186, 0.003581301761),
            (-0.000275, -0.001833063819, 0.00341491881),
            (-0.000275, -0.002132849663, 0.003217859672),
            (-0.000275, -0.002418794349, 0.0029933914),
            (-0.000275, -0.002687682225, 0.002744966526),
            (-0.000275, -0.002936107098, 0.00247607865),
            (-0.000275, -0.003160575371, 0.002190133964),
            (-0.000275, -0.003357634509, 0.00189034812),
            (-0.000275, -0.00352401746, 0.001579675487),
            (-0.000275, -0.003656792031, 0.001260774907),
            (-0.000275, -0.003753503655, 0.0009360127731),
            (-0.000275, -0.003812300293, 0.0006075009397),
            (-0.000275, -0.003832029558, 0.0002771638598),
            (-0.000275, -0.003812300293, -5.317322014e-05),
            (-0.000275, -0.003753503655, -0.0003816850535),
            (-0.000275, -0.003656792031, -0.000706447187),
            (-0.000275, -0.00352401746, -0.001025347767),
            (-0.000275, -0.003357634509, -0.0013360204),
            (-0.000275, -0.003160575371, -0.001635806244),
            (-0.000275, -0.002936107098, -0.001921750931),
            (-0.000275, -0.002687682225, -0.002190638807),
            (-0.000275, -0.002418794349, -0.00243906368),
            (-0.000275, -0.002132849663, -0.002663531952),
            (-0.000275, -0.001833063819, -0.002860591091),
            (-0.000275, -0.001522391186, -0.003026974042),
            (-0.000275, -0.001203490605, -0.003159748613),
            (-0.000275, -0.0008787284718, -0.003256460236),
            (-0.000275, -0.0005502166384, -0.003315256874),
            (-0.000275, -0.0002198795585, -0.00333498614),
            (-0.000275, 0.0001104575214, -0.003315256874),
            (-0.000275, 0.0004389693548, -0.003256460236),
            (-0.000275, 0.0007637314884, -0.003159748613),
            (-0.000275, 0.001082632069, -0.003026974042),
            (-0.000275, 0.001393304702, -0.002860591091),
            (-0.000275, 0.001693090546, -0.002663531952),
            (-0.000275, 0.001979035232, -0.00243906368),
            (-0.000275, 0.002247923108, -0.002190638807),
            (-0.000275, 0.002496347981, -0.001921750931),
            (-0.000275, 0.002720816254, -0.001635806244),
            (-0.000275, 0.002917875392, -0.0013360204),
            (-0.000275, 0.003084258343, -0.001025347767),
            (-0.000275, 0.003217032914, -0.000706447187),
            (-0.000275, 0.003313744538, -0.0003816850535),
            (-0.000275, 0.003372541176, -5.317322014e-05),
            (0, 0.00429525, 0.0003),
            (0, 0.004271789698, 0.0006928077025),
            (0, 0.004201873925, 0.001083444983),
            (0, 0.004086872997, 0.001469623451),
            (0, 0.003928989195, 0.001848831878),
            (0, 0.003731141274, 0.002218256355),
            (0, 0.003496815937, 0.002574735224),
            (0, 0.003229898078, 0.00291475541),
            (0, 0.002934493142, 0.003234493142),
            (0, 0.00261475541, 0.003529898078),
            (0, 0.002274735224, 0.003796815937),
            (0, 0.001918256355, 0.004031141274),
            (0, 0.001548831878, 0.004228989195),
            (0, 0.001169623451, 0.004386872997),
            (0, 0.0007834449828, 0.004501873925),
            (0, 0.0003928077025, 0.004571789698),
            (0, 0, 0.00459525),
            (0, -0.0003928077025, 0.004571789698),
            (0, -0.0007834449828, 0.004501873925),
            (0, -0.001169623451, 0.004386872997),
            (0, -0.001548831878, 0.004228989195),
            (0, -0.001918256355, 0.004031141274),
            (0, -0.002274735224, 0.003796815937),
            (0, -0.00261475541, 0.003529898078),
            (0, -0.002934493142, 0.003234493142),
            (0, -0.003229898078, 0.00291475541),
            (0, -0.003496815937, 0.002574735224),
            (0, -0.003731141274, 0.002218256355),
            (0, -0.003928989195, 0.001848831878),
            (0, -0.004086872997, 0.001469623451),
            (0, -0.004201873925, 0.001083444983),
            (0, -0.004271789698, 0.0006928077025),
            (0, -0.00429525, 0.0003),
            (0, -0.004271789698, -9.28077025e-05),
            (0, -0.004201873925, -0.0004834449828),
            (0, -0.004086872997, -0.0008696234511),
            (0, -0.003928989195, -0.001248831878),
            (0, -0.003731141274, -0.001618256355),
            (0, -0.003496815937, -0.001974735224),
            (0, -0.003229898078, -0.00231475541),
            (0, -0.002934493142, -0.002634493142),
            (0, -0.00261475541, -0.002929898078),
            (0, -0.002274735224, -0.003196815937),
            (0, -0.001918256355, -0.003431141274),
            (0, -0.001548831878, -0.003628989195),
            (0, -0.001169623451, -0.003786872997),
            (0, -0.0007834449828, -0.003901873925),
            (0, -0.0003928077025, -0.003971789698),
            (0, 0, -0.00399525),
            (0, 0.0003928077025, -0.003971789698),
            (0, 0.0007834449828, -0.003901873925),
            (0, 0.001169623451, -0.003786872997),
            (0, 0.001548831878, -0.003628989195),
            (0, 0.001918256355, -0.003431141274),
            (0, 0.002274735224, -0.003196815937),
            (0, 0.00261475541, -0.002929898078),
            (0, 0.002934493142, -0.002634493142),
            (0, 0.003229898078, -0.00231475541),
            (0, 0.003496815937, -0.001974735224),
            (0, 0.003731141274, -0.001618256355),
            (0, 0.003928989195, -0.001248831878),
            (0, 0.004086872997, -0.0008696234511),
            (0, 0.004201873925, -0.0004834449828),
            (0, 0.004271789698, -9.28077025e-05),
            (0, 0.00361215, 0.0003),
            (0, 0.003592420734, 0.0006303370799),
            (0, 0.003533624096, 0.0009588489133),
            (0, 0.003436912473, 0.001283611047),
            (0, 0.003304137902, 0.001602511627),
            (0, 0.003137754951, 0.00191318426),
            (0, 0.002940695812, 0.002212970104),
            (0, 0.00271622754, 0.00249891479),
            (0, 0.002467802666, 0.002767802666),
            (0, 0.00219891479, 0.00301622754),
            (0, 0.001912970104, 0.003240695812),
            (0, 0.00161318426, 0.003437754951),
            (0, 0.001302511627, 0.003604137902),
            (0, 0.0009836110468, 0.003736912473),
            (0, 0.0006588489133, 0.003833624096),
            (0, 0.0003303370799, 0.003892420734),
            (0, 0, 0.00391215),
            (0, -0.0003303370799, 0.003892420734),
            (0, -0.0006588489133, 0.003833624096),
            (0, -0.0009836110468, 0.003736912473),
            (0, -0.001302511627, 0.003604137902),
            (0, -0.00161318426, 0.003437754951),
            (0, -0.001912970104, 0.003240695812),
            (0, -0.00219891479, 0.00301622754),
            (0, -0.002467802666, 0.002767802666),
            (0, -0.00271622754, 0.00249891479),
            (0, -0.002940695812, 0.002212970104),
            (0, -0.003137754951, 0.00191318426),
            (0, -0.003304137902, 0.001602511627),
            (0, -0.003436912473, 0.001283611047),
            (0, -0.003533624096, 0.0009588489133),
            (0, -0.003592420734, 0.0006303370799),
            (0, -0.00361215, 0.0003),
            (0, -0.003592420734, -3.033707993e-05),
            (0, -0.003533624096, -0.0003588489133),
            (0, -0.003436912473, -0.0006836110468),
            (0, -0.003304137902, -0.001002511627),
            (0, -0.003137754951, -0.00131318426),
            (0, -0.002940695812, -0.001612970104),
            (0, -0.00271622754, -0.00189891479),
            (0, -0.002467802666, -0.002167802666),
            (0, -0.00219891479, -0.00241622754),
            (0, -0.001912970104, -0.002640695812),
            (0, -0.00161318426, -0.002837754951),
            (0, -0.001302511627, -0.003004137902),
            (0, -0.0009836110468, -0.003136912473),
            (0, -0.0006588489133, -0.003233624096),
            (0, -0.0003303370799, -0.003292420734),
            (0, 0, -0.00331215),
            (0, 0.0003303370799, -0.003292420734),
            (0, 0.0006588489133, -0.003233624096),
            (0, 0.0009836110468, -0.003136912473),
            (0, 0.001302511627, -0.003004137902),
            (0, 0.00161318426, -0.002837754951),
            (0, 0.001912970104, -0.002640695812),
            (0, 0.00219891479, -0.00241622754),
            (0, 0.002467802666, -0.002167802666),
            (0, 0.00271622754, -0.00189891479),
            (0, 0.002940695812, -0.001612970104),
            (0, 0.003137754951, -0.00131318426),
            (0, 0.003304137902, -0.001002511627),
            (0, 0.003436912473, -0.0006836110468),
            (0, 0.003533624096, -0.0003588489133),
            (0, 0.003592420734, -3.033707993e-05),
            (0.000275, 0.004515129558, 0.0002771638598),
            (0.000275, 0.004491669257, 0.0006699715623),
            (0.000275, 0.004421753484, 0.001060608843),
            (0.000275, 0.004306752556, 0.001446787311),
            (0.000275, 0.004148868754, 0.001825995737),
            (0.000275, 0.003951020832, 0.002195420215),
            (0.000275, 0.003716695496, 0.002551899084),
            (0.000275, 0.003449777636, 0.00289191927),
            (0.000275, 0.0031543727, 0.003211657002),
            (0.000275, 0.002834634968, 0.003507061937),
            (0.000275, 0.002494614783, 0.003773979797),
            (0.000275, 0.002138135914, 0.004008305133),
            (0.000275, 0.001768711436, 0.004206153055),
            (0.000275, 0.00138950301, 0.004364036857),
            (0.000275, 0.001003324541, 0.004479037785),
            (0.000275, 0.000612687261, 0.004548953558),
            (0.000275, 0.0002198795585, 0.00457241386),
            (0.000275, -0.000172928144, 0.004548953558),
            (0.000275, -0.0005635654243, 0.004479037785),
            (0.000275, -0.0009497438926, 0.004364036857),
            (0.000275, -0.001328952319, 0.004206153055),
            (0.000275, -0.001698376797, 0.004008305133),
            (0.000275, -0.002054855666, 0.003773979797),
            (0.000275, -0.002394875851, 0.003507061937),
            (0.000275, -0.002714613583, 0.003211657002),
            (0.000275, -0.003010018519, 0.00289191927),
            (0.000275, -0.003276936379, 0.002551899084),
            (0.000275, -0.003511261715, 0.002195420215),
            (0.000275, -0.003709109637, 0.001825995737),
            (0.000275, -0.003866993439, 0.001446787311),
            (0.000275, -0.003981994367, 0.001060608843),
            (0.000275, -0.00405191014, 0.0006699715623),
            (0.000275, -0.004075370442, 0.0002771638598),
            (0.000275, -0.00405191014, -0.0001156438427),
            (0.000275, -0.003981994367, -0.000506281123),
            (0.000275, -0.003866993439, -0.0008924595913),
            (0.000275, -0.003709109637, -0.001271668018),
            (0.000275, -0.003511261715, -0.001641092495),
            (0.000275, -0.003276936379, -0.001997571364),
            (0.000275, -0.003010018519, -0.00233759155),
            (0.000275, -0.002714613583, -0.002657329282),
            (0.000275, -0.002394875851, -0.002952734218),
            (0.000275, -0.002054855666, -0.003219652077),
            (0.000275, -0.001698376797, -0.003453977414),
            (0.000275, -0.001328952319, -0.003651825335),
            (0.000275, -0.0009497438926, -0.003809709138),
            (0.000275, -0.0005635654243, -0.003924710065),
            (0.000275, -0.000172928144, -0.003994625839),
            (0.000275, 0.0002198795585, -0.00401808614),
            (0.000275, 0.000612687261, -0.003994625839),
            (0.000275, 0.001003324541, -0.003924710065),
            (0.000275, 0.00138950301, -0.003809709138),
            (0.000275, 0.001768711436, -0.003651825335),
            (0.000275, 0.002138135914, -0.003453977414),
            (0.000275, 0.002494614783, -0.003219652077),
            (0.000275, 0.002834634968, -0.002952734218),
            (0.000275, 0.0031543727, -0.002657329282),
            (0.000275, 0.003449777636, -0.00233759155),
            (0.000275, 0.003716695496, -0.001997571364),
            (0.000275, 0.003951020832, -0.001641092495),
            (0.000275, 0.004148868754, -0.001271668018),
            (0.000275, 0.004306752556, -0.0008924595913),
            (0.000275, 0.004421753484, -0.000506281123),
            (0.000275, 0.004491669257, -0.0001156438427),
            (0.000275, 0.003832029558, 0.0002771638598),
            (0.000275, 0.003812300293, 0.0006075009397),
            (0.000275, 0.003753503655, 0.0009360127731),
            (0.000275, 0.003656792031, 0.001260774907),
            (0.000275, 0.00352401746, 0.001579675487),
            (0.000275, 0.003357634509, 0.00189034812),
            (0.000275, 0.003160575371, 0.002190133964),
            (0.000275, 0.002936107098, 0.00247607865),
            (0.000275, 0.002687682225, 0.002744966526),
            (0.000275, 0.002418794349, 0.0029933914),
            (0.000275, 0.002132849663, 0.003217859672),
            (0.000275, 0.001833063819, 0.00341491881),
            (0.000275, 0.001522391186, 0.003581301761),
            (0.000275, 0.001203490605, 0.003714076332),
            (0.000275, 0.0008787284718, 0.003810787956),
            (0.000275, 0.0005502166384, 0.003869584594),
            (0.000275, 0.0002198795585, 0.00388931386),
            (0.000275, -0.0001104575214, 0.003869584594),
            (0.000275, -0.0004389693548, 0.003810787956),
            (0.000275, -0.0007637314884, 0.003714076332),
            (0.000275, -0.001082632069, 0.003581301761),
            (0.000275, -0.001393304702, 0.00341491881),
            (0.000275, -0.001693090546, 0.003217859672),
            (0.000275, -0.001979035232, 0.0029933914),
            (0.000275, -0.002247923108, 0.002744966526),
            (0.000275, -0.002496347981, 0.00247607865),
            (0.000275, -0.002720816254, 0.002190133964),
            (0.000275, -0.002917875392, 0.00189034812),
            (0.000275, -0.003084258343, 0.001579675487),
            (0.000275, -0.003217032914, 0.001260774907),
            (0.000275, -0.003313744538, 0.0009360127731),
            (0.000275, -0.003372541176, 0.0006075009397),
            (0.000275, -0.003392270442, 0.0002771638598),
            (0.000275, -0.003372541176, -5.317322014e-05),
            (0.000275, -0.003313744538, -0.0003816850535),
            (0.000275, -0.003217032914, -0.000706447187),
            (0.000275, -0.003084258343, -0.001025347767),
            (0.000275, -0.002917875392, -0.0013360204),
            (0.000275, -0.002720816254, -0.001635806244),
            (0.000275, -0.002496347981, -0.001921750931),
            (0.000275, -0.002247923108, -0.002190638807),
            (0.000275, -0.001979035232, -0.00243906368),
            (0.000275, -0.001693090546, -0.002663531952),
            (0.000275, -0.001393304702, -0.002860591091),
            (0.000275, -0.001082632069, -0.003026974042),
            (0.000275, -0.0007637314884, -0.003159748613),
            (0.000275, -0.0004389693548, -0.003256460236),
            (0.000275, -0.0001104575214, -0.003315256874),
            (0.000275, 0.0002198795585, -0.00333498614),
            (0.000275, 0.0005502166384, -0.003315256874),
            (0.000275, 0.0008787284718, -0.003256460236),
            (0.000275, 0.001203490605, -0.003159748613),
            (0.000275, 0.001522391186, -0.003026974042),
            (0.000275, 0.001833063819, -0.002860591091),
            (0.000275, 0.002132849663, -0.002663531952),
            (0.000275, 0.002418794349, -0.00243906368),
            (0.000275, 0.002687682225, -0.002190638807),
            (0.000275, 0.002936107098, -0.001921750931),
            (0.000275, 0.003160575371, -0.001635806244),
            (0.000275, 0.003357634509, -0.0013360204),
            (0.000275, 0.00352401746, -0.001025347767),
            (0.000275, 0.003656792031, -0.000706447187),
            (0.000275, 0.003753503655, -0.0003816850535),
            (0.000275, 0.003812300293, -5.317322014e-05),
            (0.00055, 0.004678938074, 0.0002121320345),
            (0.00055, 0.004655477772, 0.000604939737),
            (0.00055, 0.004585561999, 0.0009955770173),
            (0.00055, 0.004470561071, 0.001381755486),
            (0.00055, 0.004312677269, 0.001760963912),
            (0.00055, 0.004114829347, 0.00213038839),
            (0.00055, 0.003880504011, 0.002486867259),
            (0.00055, 0.003613586151, 0.002826887444),
            (0.00055, 0.003318181216, 0.003146625176),
            (0.00055, 0.002998443483, 0.003442030112),
            (0.00055, 0.002658423298, 0.003708947972),
            (0.00055, 0.002301944429, 0.003943273308),
            (0.00055, 0.001932519951, 0.00414112123),
            (0.00055, 0.001553311525, 0.004299005032),
            (0.00055, 0.001167133057, 0.00441400596),
            (0.00055, 0.0007764957762, 0.004483921733),
            (0.00055, 0.0003836880737, 0.004507382035),
            (0.00055, -9.119628757e-06, 0.004483921733),
            (0.00055, -0.0003997569091, 0.00441400596),
            (0.00055, -0.0007859353774, 0.004299005032),
            (0.00055, -0.001165143804, 0.00414112123),
            (0.00055, -0.001534568281, 0.003943273308),
            (0.00055, -0.00189104715, 0.003708947972),
            (0.00055, -0.002231067336, 0.003442030112),
            (0.00055, -0.002550805068, 0.003146625176),
            (0.00055, -0.002846210004, 0.002826887444),
            (0.00055, -0.003113127863, 0.002486867259),
            (0.00055, -0.0033474532, 0.00213038839),
            (0.00055, -0.003545301122, 0.001760963912),
            (0.00055, -0.003703184924, 0.001381755486),
            (0.00055, -0.003818185852, 0.0009955770173),
            (0.00055, -0.003888101625, 0.000604939737),
            (0.00055, -0.003911561926, 0.0002121320345),
            (0.00055, -0.003888101625, -0.000180675668),
            (0.00055, -0.003818185852, -0.0005713129483),
            (0.00055, -0.003703184924, -0.0009574914166),
            (0.00055, -0.003545301122, -0.001336699843),
            (0.00055, -0.0033474532, -0.001706124321),
            (0.00055, -0.003113127863, -0.00206260319),
            (0.00055, -0.002846210004, -0.002402623375),
            (0.00055, -0.002550805068, -0.002722361107),
            (0.00055, -0.002231067336, -0.003017766043),
            (0.00055, -0.00189104715, -0.003284683903),
            (0.00055, -0.001534568281, -0.003519009239),
            (0.00055, -0.001165143804, -0.003716857161),
            (0.00055, -0.0007859353774, -0.003874740963),
            (0.00055, -0.0003997569091, -0.003989741891),
            (0.00055, -9.119628757e-06, -0.004059657664),
            (0.00055, 0.0003836880737, -0.004083117965),
            (0.00055, 0.0007764957762, -0.004059657664),
            (0.00055, 0.001167133057, -0.003989741891),
            (0.00055, 0.001553311525, -0.003874740963),
            (0.00055, 0.001932519951, -0.003716857161),
            (0.00055, 0.002301944429, -0.003519009239),
            (0.00055, 0.002658423298, -0.003284683903),
            (0.00055, 0.002998443483, -0.003017766043),
            (0.00055, 0.003318181216, -0.002722361107),
            (0.00055, 0.003613586151, -0.002402623375),
            (0.00055, 0.003880504011, -0.00206260319),
            (0.00055, 0.004114829347, -0.001706124321),
            (0.00055, 0.004312677269, -0.001336699843),
            (0.00055, 0.004470561071, -0.0009574914166),
            (0.00055, 0.004585561999, -0.0005713129483),
            (0.00055, 0.004655477772, -0.000180675668),
            (0.00055, 0.003995838074, 0.0002121320345),
            (0.00055, 0.003976108808, 0.0005424691144),
            (0.00055, 0.00391731217, 0.0008709809478),
            (0.00055, 0.003820600546, 0.001195743081),
            (0.00055, 0.003687825975, 0.001514643662),
            (0.00055, 0.003521443024, 0.001825316295),
            (0.00055, 0.003324383886, 0.002125102139),
            (0.00055, 0.003099915614, 0.002411046825),
            (0.00055, 0.00285149074, 0.002679934701),
            (0.00055, 0.002582602864, 0.002928359574),
            (0.00055, 0.002296658178, 0.003152827847),
            (0.00055, 0.001996872334, 0.003349886985),
            (0.00055, 0.001686199701, 0.003516269936),
            (0.00055, 0.001367299121, 0.003649044507),
            (0.00055, 0.001042536987, 0.003745756131),
            (0.00055, 0.0007140251537, 0.003804552769),
            (0.00055, 0.0003836880737, 0.003824282035),
            (0.00055, 5.335099381e-05, 0.003804552769),
            (0.00055, -0.0002751608395, 0.003745756131),
            (0.00055, -0.0005999229731, 0.003649044507),
            (0.00055, -0.0009188235534, 0.003516269936),
            (0.00055, -0.001229496186, 0.003349886985),
            (0.00055, -0.00152928203, 0.003152827847),
            (0.00055, -0.001815226717, 0.002928359574),
            (0.00055, -0.002084114593, 0.002679934701),
            (0.00055, -0.002332539466, 0.002411046825),
            (0.00055, -0.002557007738, 0.002125102139),
            (0.00055, -0.002754066877, 0.001825316295),
            (0.00055, -0.002920449828, 0.001514643662),
            (0.00055, -0.003053224399, 0.001195743081),
            (0.00055, -0.003149936022, 0.0008709809478),
            (0.00055, -0.003208732661, 0.0005424691144),
            (0.00055, -0.003228461926, 0.0002121320345),
            (0.00055, -0.003208732661, -0.0001182050454),
            (0.00055, -0.003149936022, -0.0004467168788),
            (0.00055, -0.003053224399, -0.0007714790123),
            (0.00055, -0.002920449828, -0.001090379593),
            (0.00055, -0.002754066877, -0.001401052226),
            (0.00055, -0.002557007738, -0.00170083807),
            (0.00055, -0.002332539466, -0.001986782756),
            (0.00055, -0.002084114593, -0.002255670632),
            (0.00055, -0.001815226717, -0.002504095505),
            (0.00055, -0.00152928203, -0.002728563778),
            (0.00055, -0.001229496186, -0.002925622916),
            (0.00055, -0.0009188235534, -0.003092005867),
            (0.00055, -0.0005999229731, -0.003224780438),
            (0.00055, -0.0002751608395, -0.003321492062),
            (0.00055, 5.335099381e-05, -0.0033802887),
            (0.00055, 0.0003836880737, -0.003400017965),
            (0.00055, 0.0007140251537, -0.0033802887),
            (0.00055, 0.001042536987, -0.003321492062),
            (0.00055, 0.001367299121, -0.003224780438),
            (0.00055, 0.001686199701, -0.003092005867),
            (0.00055, 0.001996872334, -0.002925622916),
            (0.00055, 0.002296658178, -0.002728563778),
            (0.00055, 0.002582602864, -0.002504095505),
            (0.00055, 0.00285149074, -0.002255670632),
            (0.00055, 0.003099915614, -0.001986782756),
            (0.00055, 0.003324383886, -0.00170083807),
            (0.00055, 0.003521443024, -0.001401052226),
            (0.00055, 0.003687825975, -0.001090379593),
            (0.00055, 0.003820600546, -0.0007714790123),
            (0.00055, 0.00391731217, -0.0004467168788),
            (0.00055, 0.003976108808, -0.0001182050454)
        ]
        normal3f[] normals = [
            (-0.8609915654, 0.5086036437, -0.00398220096),
            (-0.8657656163, 0.4972560566, 0.05644742587),
            (-0.8689035398, 0.4819011691, 0.113039381),
            (-0.870538129, 0.4637150891, 0.1647169758),
            (-0.8708755799, 0.4438014835, 0.2112249218),
            (-0.8701233314, 0.4229369003, 0.2530015148),
            (-0.8684352158, 0.4014634755, 0.2909421829),
            (-0.8658802564, 0.3792905123, 0.326174936),
            (-0.8624283242, 0.3559396133, 0.3598949533),
            (-0.8579434925, 0.3305883418, 0.39324841),
            (-0.852180007, 0.3020991427, 0.4272298488),
            (-0.8447829057, 0.269049648, 0.4625517585),
            (-0.8353047521, 0.2298094026, 0.4994533108),
            (-0.8232605004, 0.1827353975, 0.5374476003),
            (-0.8082462142, 0.126559845, 0.5750831791),
            (-0.7901243842, 0.06096083798, 0.6099075616),
            (-0.7692123105, -0.01289585103, 0.6388631453),
            (-0.7463380637, -0.09224770134, 0.6591432744),
            (-0.7226595738, -0.1733380665, 0.6691166229),
            (-0.6993138918, -0.2525026074, 0.6687320196),
            (-0.6771054689, -0.3271217177, 0.659180981),
            (-0.6563859632, -0.3959947818, 0.6421414175),
            (-0.6371144996, -0.4591623391, 0.6190759733),
            (-0.6189995617, -0.5174627123, 0.5908230564),
            (-0.6016425445, -0.5720661768, 0.5574643828),
            (-0.5846544464, -0.6240819371, 0.5183636889),
            (-0.5677497047, -0.6742324427, 0.4723038069),
            (-0.5508276546, -0.722566473, 0.4177159166),
            (-0.5340407656, -0.7682197756, 0.3530422596),
            (-0.5178284559, -0.8093064586, 0.2772665618),
            (-0.5028791393, -0.8430908926, 0.1905526645),
            (-0.489992897, -0.8665604128, 0.09476292474),
            (-0.4798669225, -0.8773172824, -0.006490195926),
            (-0.4728898613, -0.8744187736, -0.1084757459),
            (-0.4690471495, -0.8586979891, -0.2064764757),
            (-0.4679776366, -0.8323789317, -0.2968875977),
            (-0.469133178, -0.7982406361, -0.3777908787),
            (-0.4719528365, -0.7587866216, -0.448891282),
            (-0.4759882065, -0.7157282065, -0.51104634),
            (-0.4809651043, -0.6698223948, -0.5656947303),
            (-0.4867991264, -0.6209469801, -0.6143707825),
            (-0.4935893427, -0.5682851464, -0.6583475929),
            (-0.501605901, -0.5105543803, -0.6983736427),
            (-0.5112739539, -0.4462818542, -0.7344599722),
            (-0.523142145, -0.3741691281, -0.7657151949),
            (-0.5378107363, -0.2935837972, -0.790296252),
            (-0.5557895464, -0.2051389513, -0.8056152871),
            (-0.577277684, -0.1111647213, -0.8089455361),
            (-0.6019246145, -0.01572198057, -0.7983981324),
            (-0.6287205584, 0.07613286002, -0.7738955014),
            (-0.6561669578, 0.1596955577, -0.737524408),
            (-0.6827050888, 0.2319033564, -0.6929174519),
            (-0.7071613374, 0.2918533173, -0.644006587),
            (-0.7289606521, 0.3404252562, -0.5939082527),
            (-0.748069267, 0.3794655109, -0.5444247403),
            (-0.7647990335, 0.4110400787, -0.4961133863),
            (-0.7796097663, 0.4369726149, -0.4486240587),
            (-0.792968233, 0.4586354588, -0.4010671979),
            (-0.8052629609, 0.4768861951, -0.352322467),
            (-0.816755241, 0.4920694639, -0.3012947378),
            (-0.8275519097, 0.5040564485, -0.2471536638),
            (-0.8375982735, 0.5123382381, -0.189574951),
            (-0.8467001948, 0.5162078668, -0.1289504493),
            (-0.8545846028, 0.5150403193, -0.06647274699),
            (-0.5094091053, -0.8604980945, 0.006737419954),
            (-0.5012175441, -0.8597992312, -0.09760253841),
            (-0.4956846348, -0.8455517062, -0.1983407544),
            (-0.4927163511, -0.8199947705, -0.2912716492),
            (-0.4920289492, -0.7860862695, -0.3741335191),
            (-0.4932822907, -0.746498402, -0.446556511),
            (-0.4961940182, -0.7030121097, -0.5094756814),
            (-0.500608285, -0.6563539055, -0.5644385668),
            (-0.5065242055, -0.6063075983, -0.6130451252),
            (-0.514099115, -0.5519398035, -0.6565550649),
            (-0.5236356883, -0.4918713026, -0.6956064171),
            (-0.5355492642, -0.4246114738, -0.7299945766),
            (-0.5502984423, -0.3490141351, -0.7585253838),
            (-0.5682556596, -0.2648825011, -0.7790524796),
            (-0.5895110493, -0.1736111804, -0.7888826787),
            (-0.6136607933, -0.07852697135, -0.7856551059),
            (-0.6397119514, 0.015511808, -0.7684581986),
            (-0.6662429237, 0.1033589626, -0.7385372648),
            (-0.6918020927, 0.18108282, -0.6990127873),
            (-0.7153202648, 0.2468443931, -0.6537467127),
            (-0.736303384, 0.3007903714, -0.6061208454),
            (-0.7547700911, 0.3443262036, -0.5583561365),
            (-0.7710610921, 0.3793311423, -0.5114417628),
            (-0.7856497246, 0.4076177766, -0.4654054774),
            (-0.7990078553, 0.4306585461, -0.4196661337),
            (-0.8115244862, 0.4494890493, -0.3733464916),
            (-0.8234570559, 0.4647041867, -0.3255280265),
            (-0.8349010362, 0.476505623, -0.275468058),
            (-0.8457765312, 0.4847947009, -0.222791735),
            (-0.8558423688, 0.4893169208, -0.1676388701),
            (-0.8647509195, 0.4898453068, -0.1107132448),
            (-0.8721435794, 0.4863506283, -0.05318499126),
            (-0.8777606759, 0.4790862498, 0.003544172318),
            (-0.8815207848, 0.468553565, 0.05812626512),
            (-0.8835349203, 0.4553856094, 0.109498819),
            (-0.8840564846, 0.4402167944, 0.1570137128),
            (-0.8833988936, 0.4235775642, 0.200470551),
            (-0.8818578044, 0.4058189116, 0.2400787867),
            (-0.8796587368, 0.387064147, 0.2763726703),
            (-0.8769315762, 0.3671863362, 0.3101051518),
            (-0.8737026028, 0.3458057477, 0.3421434593),
            (-0.8698930848, 0.322298186, 0.3733763521),
            (-0.8653169819, 0.2958082755, 0.4046282059),
            (-0.8596757823, 0.2652710279, 0.4365648075),
            (-0.8525554816, 0.2294579934, 0.4695723375),
            (-0.8434401794, 0.1870791529, 0.5035971152),
            (-0.8317677327, 0.1369834722, 0.5379572168),
            (-0.8170561773, 0.07849253741, 0.5711900951),
            (-0.7991035996, 0.01183634785, 0.6010768153),
            (-0.7781924718, -0.06148595592, 0.6250087632),
            (-0.7551544526, -0.1387301155, 0.6406993895),
            (-0.7311866635, -0.2165054491, 0.6469091541),
            (-0.7074894875, -0.2917177814, 0.643707512),
            (-0.6849411979, -0.3623274434, 0.6321189597),
            (-0.6639667978, -0.4275784801, 0.6134531236),
            (-0.6445921431, -0.487763848, 0.588716738),
            (-0.6265844169, -0.5437887019, 0.5582882913),
            (-0.6095971449, -0.5967300738, 0.521828075),
            (-0.5932884225, -0.6474566582, 0.4783395482),
            (-0.5774131874, -0.6962947599, 0.4263421377),
            (-0.5618967886, -0.7427274996, 0.3641810818),
            (-0.5468865976, -0.7851793238, 0.2905313731),
            (-0.5327617808, -0.8210358697, 0.2050975026),
            (-0.5200736896, -0.8470953689, 0.1093288312),
            (-0.5711473254, 0.8208448957, 0.002095209782),
            (-0.5789375672, 0.8093971749, 0.09852667888),
            (-0.5811872535, 0.7911907391, 0.1903643631),
            (-0.5785774642, 0.7676159923, 0.2757060143),
            (-0.5719758909, 0.7400745001, 0.3537418755),
            (-0.562180603, 0.709645297, 0.4246840261),
            (-0.5497350548, 0.676883359, 0.4895102531),
            (-0.5348282226, 0.6417450699, 0.5496562905),
            (-0.517253683, 0.6035910208, 0.6067342969),
            (-0.4963952379, 0.5612189663, 0.6622877317),
            (-0.4712230366, 0.5129100674, 0.7175458958),
            (-0.4403137396, 0.4565154318, 0.7731218993),
            (-0.4019491205, 0.3896631745, 0.8286130067),
            (-0.3543913755, 0.31021432, 0.8821416149),
            (-0.2964351234, 0.2170749169, 0.9300562876),
            (-0.2281961534, 0.1112549997, 0.9672377374),
            (-0.1517699463, -0.00337949139, 0.988410068),
            (-0.07115412538, -0.1204818222, 0.9901622195),
            (0.008816202414, -0.2329648727, 0.9724451875),
            (0.08395185786, -0.3351726077, 0.9384089773),
            (0.1517101435, -0.4241586292, 0.8927897231),
            (0.211328024, -0.4996108352, 0.8400770677),
            (0.2633523777, -0.5629460082, 0.7834138861),
            (0.3090162872, -0.616302165, 0.72434838),
            (0.3497348832, -0.6618112679, 0.6630922689),
            (0.3867814951, -0.7011891674, 0.598943926),
            (0.4211004011, -0.7355410057, 0.530710732),
            (0.4532007446, -0.7652884885, 0.4571024114),
            (0.4831054607, -0.7901836689, 0.3771191898),
            (0.5103649121, -0.8094272174, 0.2904397292),
            (0.5341657804, -0.8219263197, 0.1977474249),
            (0.5535520326, -0.8266843947, 0.100861582),
            (0.5677194075, -0.823218221, 0.002536721476),
            (0.5762785715, -0.8118199691, -0.09408159053),
            (0.5793685895, -0.793522203, -0.186157328),
            (0.5775740274, -0.7697858808, -0.2717313759),
            (0.5717038401, -0.7420789675, -0.3499621767),
            (0.5625422708, -0.711524971, -0.4210444267),
            (0.5506559458, -0.6787036361, -0.4859417699),
            (0.5362816018, -0.6435867819, -0.546075176),
            (0.5192752567, -0.6055505681, -0.6030437109),
            (0.4990917471, -0.5634142588, -0.6583857539),
            (0.4747750916, -0.5154881045, -0.7133446758),
            (0.444965426, -0.4596546416, -0.7685853109),
            (0.4079650031, -0.3935560321, -0.8238192799),
            (0.3619511944, -0.3150058144, -0.8773611969),
            (0.3054509218, -0.2227385323, -0.9257900845),
            (0.2381148476, -0.1174471309, -0.9641096881),
            (0.1615478659, -0.00265940417, -0.9868612945),
            (0.07957345641, 0.1153747381, -0.9901296556),
            (-0.002631291284, 0.2292844064, -0.973355915),
            (-0.08023309572, 0.3329438221, -0.9395270415),
            (-0.150153756, 0.4230670095, -0.8935704533),
            (-0.2114101263, 0.4992489245, -0.8402715453),
            (-0.2645827897, 0.5629729712, -0.7829798089),
            (-0.311045178, 0.6164833785, -0.7233250592),
            (-0.3523562602, 0.6619940362, -0.66152019),
            (-0.3898932835, 0.7012642679, -0.5968346957),
            (-0.4246540682, 0.7354124015, -0.5280506813),
            (-0.4571519215, 0.7648585825, -0.4538760508),
            (-0.4873702081, 0.7893576325, -0.3733427491),
            (-0.5147894979, 0.8081373058, -0.286192012),
            (-0.5385226774, 0.8201677431, -0.1931791888),
            (-0.5575712253, 0.8245398247, -0.09616863414),
            (0.5711473254, -0.8208448957, -0.002095209782),
            (0.5789375672, -0.8093971749, -0.09852667888),
            (0.5811872535, -0.7911907391, -0.1903643631),
            (0.5785774642, -0.7676159923, -0.2757060143),
            (0.5719758909, -0.7400745001, -0.3537418755),
            (0.562180603, -0.709645297, -0.4246840261),
            (0.5497350548, -0.676883359, -0.4895102531),
            (0.5348282226, -0.6417450699, -0.5496562905),
            (0.517253683, -0.6035910208, -0.6067342969),
            (0.4963952379, -0.5612189663, -0.6622877317),
            (0.4712230366, -0.5129100674, -0.7175458958),
            (0.4403137396, -0.4565154318, -0.7731218993),
            (0.4019491205, -0.3896631745, -0.8286130067),
            (0.3543913755, -0.31021432, -0.8821416149),
            (0.2964351234, -0.2170749169, -0.9300562876),
            (0.2281961534, -0.1112549997, -0.9672377374),
            (0.1517699463, 0.00337949139, -0.988410068),
            (0.07115412538, 0.1204818222, -0.9901622195),
            (-0.008816202414, 0.2329648727, -0.9724451875),
            (-0.08395185786, 0.3351726077, -0.9384089773),
            (-0.1517101435, 0.4241586292, -0.8927897231),
            (-0.211328024, 0.4996108352, -0.8400770677),
            (-0.2633523777, 0.5629460082, -0.7834138861),
            (-0.3090162872, 0.616302165, -0.72434838),
            (-0.3497348832, 0.6618112679, -0.6630922689),
            (-0.3867814951, 0.7011891674, -0.598943926),
            (-0.4211004011, 0.7355410057, -0.530710732),
            (-0.4532007446, 0.7652884885, -0.4571024114),
            (-0.4831054607, 0.7901836689, -0.3771191898),
            (-0.5103649121, 0.8094272174, -0.2904397292),
            (-0.5341657804, 0.8219263197, -0.1977474249),
            (-0.5535520326, 0.8266843947, -0.100861582),
            (-0.5677194075, 0.823218221, -0.002536721476),
            (-0.5762785715, 0.8118199691, 0.09408159053),
            (-0.5793685895, 0.793522203, 0.186157328),
            (-0.5775740274, 0.7697858808, 0.2717313759),
            (-0.5717038401, 0.7420789675, 0.3499621767),
            (-0.5625422708, 0.711524971, 0.4210444267),
            (-0.5506559458, 0.6787036361, 0.4859417699),
            (-0.5362816018, 0.6435867819, 0.546075176),
            (-0.5192752567, 0.6055505681, 0.6030437109),
            (-0.4990917471, 0.5634142588, 0.6583857539),
            (-0.4747750916, 0.5154881045, 0.7133446758),
            (-0.444965426, 0.4596546416, 0.7685853109),
            (-0.4079650031, 0.3935560321, 0.8238192799),
            (-0.3619511944, 0.3150058144, 0.8773611969),
            (-0.3054509218, 0.2227385323, 0.9257900845),
            (-0.2381148476, 0.1174471309, 0.9641096881),
            (-0.1615478659, 0.00265940417, 0.9868612945),
            (-0.07957345641, -0.1153747381, 0.9901296556),
            (0.002631291284, -0.2292844064, 0.973355915),
            (0.08023309572, -0.3329438221, 0.9395270415),
            (0.150153756, -0.4230670095, 0.8935704533),
            (0.2114101263, -0.4992489245, 0.8402715453),
            (0.2645827897, -0.5629729712, 0.7829798089),
            (0.311045178, -0.6164833785, 0.7233250592),
            (0.3523562602, -0.6619940362, 0.66152019),
            (0.3898932835, -0.7012642679, 0.5968346957),
            (0.4246540682, -0.7354124015, 0.5280506813),
            (0.4571519215, -0.7648585825, 0.4538760508),
            (0.4873702081, -0.7893576325, 0.3733427491),
            (0.5147894979, -0.8081373058, 0.286192012),
            (0.5385226774, -0.8201677431, 0.1931791888),
            (0.5575712253, -0.8245398247, 0.09616863414),
            (-0.6244795869, 0.7810387596, 0.001923931639),
            (-0.6214422781, 0.7777349734, 0.09453997085),
            (-0.6132532874, 0.768014288, 0.184592684),
            (-0.6005411422, 0.7526094053, 0.2700544752),
            (-0.5840835645, 0.7324657662, 0.34977177),
            (-0.5645619617, 0.7084339422, 0.4235459137),
            (-0.5423667285, 0.6810162238, 0.4919910921),
            (-0.5174804476, 0.6502091883, 0.5562751099),
            (-0.4894247171, 0.615427863, 0.6178284484),
            (-0.4572457524, 0.5754796254, 0.6780483188),
            (-0.419531582, 0.5285764969, 0.737970283),
            (-0.3744918769, 0.4724234483, 0.797854573),
            (-0.3201822985, 0.4044888187, 0.8566633477),
            (-0.2549907736, 0.3226175936, 0.9115358433),
            (-0.1784412206, 0.2260813581, 0.9576251617),
            (-0.09210258425, 0.1168103889, 0.9888743333),
            (-1.198897928e-18, -3.131085429e-18, 1),
            (0.09210258425, -0.1168103889, 0.9888743333),
            (0.1784412206, -0.2260813581, 0.9576251617),
            (0.2549907736, -0.3226175936, 0.9115358433),
            (0.3201822985, -0.4044888187, 0.8566633477),
            (0.3744918769, -0.4724234483, 0.797854573),
            (0.419531582, -0.5285764969, 0.737970283),
            (0.4572457524, -0.5754796254, 0.6780483188),
            (0.4894247171, -0.615427863, 0.6178284484),
            (0.5174804476, -0.6502091883, 0.5562751099),
            (0.5423667285, -0.6810162238, 0.4919910921),
            (0.5645619617, -0.7084339422, 0.4235459137),
            (0.5840835645, -0.7324657662, 0.34977177),
            (0.6005411422, -0.7526094053, 0.2700544752),
            (0.6132532874, -0.768014288, 0.184592684),
            (0.6214422781, -0.7777349734, 0.09453997085),
            (0.6244795869, -0.7810387596, 0.001923931639),
            (0.6221037385, -0.7776631959, -0.09070221781),
            (0.6145155222, -0.7679097506, -0.1807907298),
            (0.6023034936, -0.7525307159, -0.2663231558),
            (0.5862368641, -0.7324681613, -0.3461455357),
            (0.5670177558, -0.708557573, -0.4200440816),
            (0.5450757595, -0.6812881196, -0.4886091634),
            (0.5204385765, -0.6506526584, -0.5529871664),
            (0.4926680884, -0.6160723455, -0.614599886),
            (0.4608359286, -0.5763661625, -0.6748572394),
            (0.4235268124, -0.529754182, -0.7348370879),
            (0.3788952899, -0.473929103, -0.7948770751),
            (0.3248581542, -0.4062994359, -0.8540421231),
            (0.2595614305, -0.3245754087, -0.9095486066),
            (0.1822371801, -0.2278347206, -0.9564940932),
            (0.09430035809, -0.1178743533, -0.988540884),
            (-1.77874869e-17, -5.36497434e-18, -1),
            (-0.09430035809, 0.1178743533, -0.988540884),
            (-0.1822371801, 0.2278347206, -0.9564940932),
            (-0.2595614305, 0.3245754087, -0.9095486066),
            (-0.3248581542, 0.4062994359, -0.8540421231),
            (-0.3788952899, 0.473929103, -0.7948770751),
            (-0.4235268124, 0.529754182, -0.7348370879),
            (-0.4608359286, 0.5763661625, -0.6748572394),
            (-0.4926680884, 0.6160723455, -0.614599886),
            (-0.5204385765, 0.6506526584, -0.5529871664),
            (-0.5450757595, 0.6812881196, -0.4886091634),
            (-0.5670177558, 0.708557573, -0.4200440816),
            (-0.5862368641, 0.7324681613, -0.3461455357),
            (-0.6023034936, 0.7525307159, -0.2663231558),
            (-0.6145155222, 0.7679097506, -0.1807907298),
            (-0.6221037385, 0.7776631959, -0.09070221781),
            (0.6244795869, -0.7810387596, -0.001923931639),
            (0.6214422781, -0.7777349734, -0.09453997085),
            (0.6132532874, -0.768014288, -0.184592684),
            (0.6005411422, -0.7526094053, -0.2700544752),
            (0.5840835645, -0.7324657662, -0.34977177),
            (0.5645619617, -0.7084339422, -0.4235459137),
            (0.5423667285, -0.6810162238, -0.4919910921),
            (0.5174804476, -0.6502091883, -0.5562751099),
            (0.4894247171, -0.615427863, -0.6178284484),
            (0.4572457524, -0.5754796254, -0.6780483188),
            (0.419531582, -0.5285764969, -0.737970283),
            (0.3744918769, -0.4724234483, -0.797854573),
            (0.3201822985, -0.4044888187, -0.8566633477),
            (0.2549907736, -0.3226175936, -0.9115358433),
            (0.1784412206, -0.2260813581, -0.9576251617),
            (0.09210258425, -0.1168103889, -0.9888743333),
            (9.722847874e-16, -8.687735271e-16, -1),
            (-0.09210258425, 0.1168103889, -0.9888743333),
            (-0.1784412206, 0.2260813581, -0.9576251617),
            (-0.2549907736, 0.3226175936, -0.9115358433),
            (-0.3201822985, 0.4044888187, -0.8566633477),
            (-0.3744918769, 0.4724234483, -0.797854573),
            (-0.419531582, 0.5285764969, -0.737970283),
            (-0.4572457524, 0.5754796254, -0.6780483188),
            (-0.4894247171, 0.615427863, -0.6178284484),
            (-0.5174804476, 0.6502091883, -0.5562751099),
            (-0.5423667285, 0.6810162238, -0.4919910921),
            (-0.5645619617, 0.7084339422, -0.4235459137),
            (-0.5840835645, 0.7324657662, -0.34977177),
            (-0.6005411422, 0.7526094053, -0.2700544752),
            (-0.6132532874, 0.768014288, -0.184592684),
            (-0.6214422781, 0.7777349734, -0.09453997085),
            (-0.6244795869, 0.7810387596, -0.001923931639),
            (-0.6221037385, 0.7776631959, 0.09070221781),
            (-0.6145155222, 0.7679097506, 0.1807907298),
            (-0.6023034936, 0.7525307159, 0.2663231558),
            (-0.5862368641, 0.7324681613, 0.3461455357),
            (-0.5670177558, 0.708557573, 0.4200440816),
            (-0.5450757595, 0.6812881196, 0.4886091634),
            (-0.5204385765, 0.6506526584, 0.5529871664),
            (-0.4926680884, 0.6160723455, 0.614599886),
            (-0.4608359286, 0.5763661625, 0.6748572394),
            (-0.4235268124, 0.529754182, 0.7348370879),
            (-0.3788952899, 0.473929103, 0.7948770751),
            (-0.3248581542, 0.4062994359, 0.8540421231),
            (-0.2595614305, 0.3245754087, 0.9095486066),
            (-0.1822371801, 0.2278347206, 0.9564940932),
            (-0.09430035809, 0.1178743533, 0.988540884),
            (4.061201043e-18, 5.185024078e-18, 1),
            (0.09430035809, -0.1178743533, 0.988540884),
            (0.1822371801, -0.2278347206, 0.9564940932),
            (0.2595614305, -0.3245754087, 0.9095486066),
            (0.3248581542, -0.4062994359, 0.8540421231),
            (0.3788952899, -0.473929103, 0.7948770751),
            (0.4235268124, -0.529754182, 0.7348370879),
            (0.4608359286, -0.5763661625, 0.6748572394),
            (0.4926680884, -0.6160723455, 0.614599886),
            (0.5204385765, -0.6506526584, 0.5529871664),
            (0.5450757595, -0.6812881196, 0.4886091634),
            (0.5670177558, -0.708557573, 0.4200440816),
            (0.5862368641, -0.7324681613, 0.3461455357),
            (0.6023034936, -0.7525307159, 0.2663231558),
            (0.6145155222, -0.7679097506, 0.1807907298),
            (0.6221037385, -0.7776631959, 0.09070221781),
            (-0.5677194075, 0.823218221, 0.002536721476),
            (-0.5535520326, 0.8266843947, 0.100861582),
            (-0.5341657804, 0.8219263197, 0.1977474249),
            (-0.5103649121, 0.8094272174, 0.2904397292),
            (-0.4831054607, 0.7901836689, 0.3771191898),
            (-0.4532007446, 0.7652884885, 0.4571024114),
            (-0.4211004011, 0.7355410057, 0.530710732),
            (-0.3867814951, 0.7011891674, 0.598943926),
            (-0.3497348832, 0.6618112679, 0.6630922689),
            (-0.3090162872, 0.616302165, 0.72434838),
            (-0.2633523777, 0.5629460082, 0.7834138861),
            (-0.211328024, 0.4996108352, 0.8400770677),
            (-0.1517101435, 0.4241586292, 0.8927897231),
            (-0.08395185786, 0.3351726077, 0.9384089773),
            (-0.008816202414, 0.2329648727, 0.9724451875),
            (0.07115412538, 0.1204818222, 0.9901622195),
            (0.1517699463, 0.00337949139, 0.988410068),
            (0.2281961534, -0.1112549997, 0.9672377374),
            (0.2964351234, -0.2170749169, 0.9300562876),
            (0.3543913755, -0.31021432, 0.8821416149),
            (0.4019491205, -0.3896631745, 0.8286130067),
            (0.4403137396, -0.4565154318, 0.7731218993),
            (0.4712230366, -0.5129100674, 0.7175458958),
            (0.4963952379, -0.5612189663, 0.6622877317),
            (0.517253683, -0.6035910208, 0.6067342969),
            (0.5348282226, -0.6417450699, 0.5496562905),
            (0.5497350548, -0.676883359, 0.4895102531),
            (0.562180603, -0.709645297, 0.4246840261),
            (0.5719758909, -0.7400745001, 0.3537418755),
            (0.5785774642, -0.7676159923, 0.2757060143),
            (0.5811872535, -0.7911907391, 0.1903643631),
            (0.5789375672, -0.8093971749, 0.09852667888),
            (0.5711473254, -0.8208448957, 0.002095209782),
            (0.5575712253, -0.8245398247, -0.09616863414),
            (0.5385226774, -0.8201677431, -0.1931791888),
            (0.5147894979, -0.8081373058, -0.286192012),
            (0.4873702081, -0.7893576325, -0.3733427491),
            (0.4571519215, -0.7648585825, -0.4538760508),
            (0.4246540682, -0.7354124015, -0.5280506813),
            (0.3898932835, -0.7012642679, -0.5968346957),
            (0.3523562602, -0.6619940362, -0.66152019),
            (0.311045178, -0.6164833785, -0.7233250592),
            (0.2645827897, -0.5629729712, -0.7829798089),
            (0.2114101263, -0.4992489245, -0.8402715453),
            (0.150153756, -0.4230670095, -0.8935704533),
            (0.08023309572, -0.3329438221, -0.9395270415),
            (0.002631291284, -0.2292844064, -0.973355915),
            (-0.07957345641, -0.1153747381, -0.9901296556),
            (-0.1615478659, 0.00265940417, -0.9868612945),
            (-0.2381148476, 0.1174471309, -0.9641096881),
            (-0.3054509218, 0.2227385323, -0.9257900845),
            (-0.3619511944, 0.3150058144, -0.8773611969),
            (-0.4079650031, 0.3935560321, -0.8238192799),
            (-0.444965426, 0.4596546416, -0.7685853109),
            (-0.4747750916, 0.5154881045, -0.7133446758),
            (-0.4990917471, 0.5634142588, -0.6583857539),
            (-0.5192752567, 0.6055505681, -0.6030437109),
            (-0.5362816018, 0.6435867819, -0.546075176),
            (-0.5506559458, 0.6787036361, -0.4859417699),
            (-0.5625422708, 0.711524971, -0.4210444267),
            (-0.5717038401, 0.7420789675, -0.3499621767),
            (-0.5775740274, 0.7697858808, -0.2717313759),
            (-0.5793685895, 0.793522203, -0.186157328),
            (-0.5762785715, 0.8118199691, -0.09408159053),
            (0.5677194075, -0.823218221, -0.002536721476),
            (0.5535520326, -0.8266843947, -0.100861582),
            (0.5341657804, -0.8219263197, -0.1977474249),
            (0.5103649121, -0.8094272174, -0.2904397292),
            (0.4831054607, -0.7901836689, -0.3771191898),
            (0.4532007446, -0.7652884885, -0.4571024114),
            (0.4211004011, -0.7355410057, -0.530710732),
            (0.3867814951, -0.7011891674, -0.598943926),
            (0.3497348832, -0.6618112679, -0.6630922689),
            (0.3090162872, -0.616302165, -0.72434838),
            (0.2633523777, -0.5629460082, -0.7834138861),
            (0.211328024, -0.4996108352, -0.8400770677),
            (0.1517101435, -0.4241586292, -0.8927897231),
            (0.08395185786, -0.3351726077, -0.9384089773),
            (0.008816202414, -0.2329648727, -0.9724451875),
            (-0.07115412538, -0.1204818222, -0.9901622195),
            (-0.1517699463, -0.00337949139, -0.988410068),
            (-0.2281961534, 0.1112549997, -0.9672377374),
            (-0.2964351234, 0.2170749169, -0.9300562876),
            (-0.3543913755, 0.31021432, -0.8821416149),
            (-0.4019491205, 0.3896631745, -0.8286130067),
            (-0.4403137396, 0.4565154318, -0.7731218993),
            (-0.4712230366, 0.5129100674, -0.7175458958),
            (-0.4963952379, 0.5612189663, -0.6622877317),
            (-0.517253683, 0.6035910208, -0.6067342969),
            (-0.5348282226, 0.6417450699, -0.5496562905),
            (-0.5497350548, 0.676883359, -0.4895102531),
            (-0.562180603, 0.709645297, -0.4246840261),
            (-0.5719758909, 0.7400745001, -0.3537418755),
            (-0.5785774642, 0.7676159923, -0.2757060143),
            (-0.5811872535, 0.7911907391, -0.1903643631),
            (-0.5789375672, 0.8093971749, -0.09852667888),
            (-0.5711473254, 0.8208448957, -0.002095209782),
            (-0.5575712253, 0.8245398247, 0.09616863414),
            (-0.5385226774, 0.8201677431, 0.1931791888),
            (-0.5147894979, 0.8081373058, 0.286192012),
            (-0.4873702081, 0.7893576325, 0.3733427491),
            (-0.4571519215, 0.7648585825, 0.4538760508),
            (-0.4246540682, 0.7354124015, 0.5280506813),
            (-0.3898932835, 0.7012642679, 0.5968346957),
            (-0.3523562602, 0.6619940362, 0.66152019),
            (-0.311045178, 0.6164833785, 0.7233250592),
            (-0.2645827897, 0.5629729712, 0.7829798089),
            (-0.2114101263, 0.4992489245, 0.8402715453),
            (-0.150153756, 0.4230670095, 0.8935704533),
            (-0.08023309572, 0.3329438221, 0.9395270415),
            (-0.002631291284, 0.2292844064, 0.973355915),
            (0.07957345641, 0.1153747381, 0.9901296556),
            (0.1615478659, -0.00265940417, 0.9868612945),
            (0.2381148476, -0.1174471309, 0.9641096881),
            (0.3054509218, -0.2227385323, 0.9257900845),
            (0.3619511944, -0.3150058144, 0.8773611969),
            (0.4079650031, -0.3935560321, 0.8238192799),
            (0.444965426, -0.4596546416, 0.7685853109),
            (0.4747750916, -0.5154881045, 0.7133446758),
            (0.4990917471, -0.5634142588, 0.6583857539),
            (0.5192752567, -0.6055505681, 0.6030437109),
            (0.5362816018, -0.6435867819, 0.546075176),
            (0.5506559458, -0.6787036361, 0.4859417699),
            (0.5625422708, -0.711524971, 0.4210444267),
            (0.5717038401, -0.7420789675, 0.3499621767),
            (0.5775740274, -0.7697858808, 0.2717313759),
            (0.5793685895, -0.793522203, 0.186157328),
            (0.5762785715, -0.8118199691, 0.09408159053),
            (0.4798669225, 0.8773172824, -0.006490195926),
            (0.489992897, 0.8665604128, 0.09476292474),
            (0.5028791393, 0.8430908926, 0.1905526645),
            (0.5178284559, 0.8093064586, 0.2772665618),
            (0.5340407656, 0.7682197756, 0.3530422596),
            (0.5508276546, 0.722566473, 0.4177159166),
            (0.5677497047, 0.6742324427, 0.4723038069),
            (0.5846544464, 0.6240819371, 0.5183636889),
            (0.6016425445, 0.5720661768, 0.5574643828),
            (0.6189995617, 0.5174627123, 0.5908230564),
            (0.6371144996, 0.4591623391, 0.6190759733),
            (0.6563859632, 0.3959947818, 0.6421414175),
            (0.6771054689, 0.3271217177, 0.659180981),
            (0.6993138918, 0.2525026074, 0.6687320196),
            (0.7226595738, 0.1733380665, 0.6691166229),
            (0.7463380637, 0.09224770134, 0.6591432744),
            (0.7692123105, 0.01289585103, 0.6388631453),
            (0.7901243842, -0.06096083798, 0.6099075616),
            (0.8082462142, -0.126559845, 0.5750831791),
            (0.8232605004, -0.1827353975, 0.5374476003),
            (0.8353047521, -0.2298094026, 0.4994533108),
            (0.8447829057, -0.269049648, 0.4625517585),
            (0.852180007, -0.3020991427, 0.4272298488),
            (0.8579434925, -0.3305883418, 0.39324841),
            (0.8624283242, -0.3559396133, 0.3598949533),
            (0.8658802564, -0.3792905123, 0.326174936),
            (0.8684352158, -0.4014634755, 0.2909421829),
            (0.8701233314, -0.4229369003, 0.2530015148),
            (0.8708755799, -0.4438014835, 0.2112249218),
            (0.870538129, -0.4637150891, 0.1647169758),
            (0.8689035398, -0.4819011691, 0.113039381),
            (0.8657656163, -0.4972560566, 0.05644742587),
            (0.8609915654, -0.5086036437, -0.00398220096),
            (0.8545846028, -0.5150403193, -0.06647274699),
            (0.8467001948, -0.5162078668, -0.1289504493),
            (0.8375982735, -0.5123382381, -0.189574951),
            (0.8275519097, -0.5040564485, -0.2471536638),
            (0.816755241, -0.4920694639, -0.3012947378),
            (0.8052629609, -0.4768861951, -0.352322467),
            (0.792968233, -0.4586354588, -0.4010671979),
            (0.7796097663, -0.4369726149, -0.4486240587),
            (0.7647990335, -0.4110400787, -0.4961133863),
            (0.748069267, -0.3794655109, -0.5444247403),
            (0.7289606521, -0.3404252562, -0.5939082527),
            (0.7071613374, -0.2918533173, -0.644006587),
            (0.6827050888, -0.2319033564, -0.6929174519),
            (0.6561669578, -0.1596955577, -0.737524408),
            (0.6287205584, -0.07613286002, -0.7738955014),
            (0.6019246145, 0.01572198057, -0.7983981324),
            (0.577277684, 0.1111647213, -0.8089455361),
            (0.5557895464, 0.2051389513, -0.8056152871),
            (0.5378107363, 0.2935837972, -0.790296252),
            (0.523142145, 0.3741691281, -0.7657151949),
            (0.5112739539, 0.4462818542, -0.7344599722),
            (0.501605901, 0.5105543803, -0.6983736427),
            (0.4935893427, 0.5682851464, -0.6583475929),
            (0.4867991264, 0.6209469801, -0.6143707825),
            (0.4809651043, 0.6698223948, -0.5656947303),
            (0.4759882065, 0.7157282065, -0.51104634),
            (0.4719528365, 0.7587866216, -0.448891282),
            (0.469133178, 0.7982406361, -0.3777908787),
            (0.4679776366, 0.8323789317, -0.2968875977),
            (0.4690471495, 0.8586979891, -0.2064764757),
            (0.4728898613, 0.8744187736, -0.1084757459),
            (0.8777606759, -0.4790862498, 0.003544172318),
            (0.8721435794, -0.4863506283, -0.05318499126),
            (0.8647509195, -0.4898453068, -0.1107132448),
            (0.8558423688, -0.4893169208, -0.1676388701),
            (0.8457765312, -0.4847947009, -0.222791735),
            (0.8349010362, -0.476505623, -0.275468058),
            (0.8234570559, -0.4647041867, -0.3255280265),
            (0.8115244862, -0.4494890493, -0.3733464916),
            (0.7990078553, -0.4306585461, -0.4196661337),
            (0.7856497246, -0.4076177766, -0.4654054774),
            (0.7710610921, -0.3793311423, -0.5114417628),
            (0.7547700911, -0.3443262036, -0.5583561365),
            (0.736303384, -0.3007903714, -0.6061208454),
            (0.7153202648, -0.2468443931, -0.6537467127),
            (0.6918020927, -0.18108282, -0.6990127873),
            (0.6662429237, -0.1033589626, -0.7385372648),
            (0.6397119514, -0.015511808, -0.7684581986),
            (0.6136607933, 0.07852697135, -0.7856551059),
            (0.5895110493, 0.1736111804, -0.7888826787),
            (0.5682556596, 0.2648825011, -0.7790524796),
            (0.5502984423, 0.3490141351, -0.7585253838),
            (0.5355492642, 0.4246114738, -0.7299945766),
            (0.5236356883, 0.4918713026, -0.6956064171),
            (0.514099115, 0.5519398035, -0.6565550649),
            (0.5065242055, 0.6063075983, -0.6130451252),
            (0.500608285, 0.6563539055, -0.5644385668),
            (0.4961940182, 0.7030121097, -0.5094756814),
            (0.4932822907, 0.746498402, -0.446556511),
            (0.4920289492, 0.7860862695, -0.3741335191),
            (0.4927163511, 0.8199947705, -0.2912716492),
            (0.4956846348, 0.8455517062, -0.1983407544),
            (0.5012175441, 0.8597992312, -0.09760253841),
            (0.5094091053, 0.8604980945, 0.006737419954),
            (0.5200736896, 0.8470953689, 0.1093288312),
            (0.5327617808, 0.8210358697, 0.2050975026),
            (0.5468865976, 0.7851793238, 0.2905313731),
            (0.5618967886, 0.7427274996, 0.3641810818),
            (0.5774131874, 0.6962947599, 0.4263421377),
            (0.5932884225, 0.6474566582, 0.4783395482),
            (0.6095971449, 0.5967300738, 0.521828075),
            (0.6265844169, 0.5437887019, 0.5582882913),
            (0.6445921431, 0.487763848, 0.588716738),
            (0.6639667978, 0.4275784801, 0.6134531236),
            (0.6849411979, 0.3623274434, 0.6321189597),
            (0.7074894875, 0.2917177814, 0.643707512),
            (0.7311866635, 0.2165054491, 0.6469091541),
            (0.7551544526, 0.1387301155, 0.6406993895),
            (0.7781924718, 0.06148595592, 0.6250087632),
            (0.7991035996, -0.01183634785, 0.6010768153),
            (0.8170561773, -0.07849253741, 0.5711900951),
            (0.8317677327, -0.1369834722, 0.5379572168),
            (0.8434401794, -0.1870791529, 0.5035971152),
            (0.8525554816, -0.2294579934, 0.4695723375),
            (0.8596757823, -0.2652710279, 0.4365648075),
            (0.8653169819, -0.2958082755, 0.4046282059),
            (0.8698930848, -0.322298186, 0.3733763521),
            (0.8737026028, -0.3458057477, 0.3421434593),
            (0.8769315762, -0.3671863362, 0.3101051518),
            (0.8796587368, -0.387064147, 0.2763726703),
            (0.8818578044, -0.4058189116, 0.2400787867),
            (0.8833988936, -0.4235775642, 0.200470551),
            (0.8840564846, -0.4402167944, 0.1570137128),
            (0.8835349203, -0.4553856094, 0.109498819),
            (0.8815207848, -0.468553565, 0.05812626512)
        ] (
            interpolation = "vertex"
        )
        uniform token subdivisionScheme = "none"
    }
    def Mesh "FixtureBase" (
        prepend apiSchemas = ["MaterialBindingAPI"]
    )
    {
        rel material:binding = </DrAnmarSealDivideVesselDemo/Looks/FixtureMaterial>
        custom token[] drAnmar:labels = ["fixture_base"]
        float3[] extent = [(-0.0525, -0.025, -0.015), (0.0525, 0.025, -0.005)]
        int[] faceVertexCounts = [3, 3, 3, 3, 3, 3, 3, 3, 3, 3, 3, 3]
        int[] faceVertexIndices = [1, 3, 0, 4, 1, 0, 0, 3, 2, 2, 4, 0, 1, 7, 3, 5, 1, 4, 5, 7, 1, 3, 7, 2, 6, 4, 2, 2, 7, 6, 6, 5, 4, 7, 5, 6]
        point3f[] points = [
            (-0.0525, -0.025, -0.015),
            (-0.0525, -0.025, -0.005),
            (-0.0525, 0.025, -0.015),
            (-0.0525, 0.025, -0.005),
            (0.0525, -0.025, -0.015),
            (0.0525, -0.025, -0.005),
            (0.0525, 0.025, -0.015),
            (0.0525, 0.025, -0.005)
        ]
        normal3f[] normals = [
            (-0.5773502692, -0.5773502692, -0.5773502692),
            (-0.5773502692, -0.5773502692, 0.5773502692),
            (-0.5773502692, 0.5773502692, -0.5773502692),
            (-0.5773502692, 0.5773502692, 0.5773502692),
            (0.5773502692, -0.5773502692, -0.5773502692),
            (0.5773502692, -0.5773502692, 0.5773502692),
            (0.5773502692, 0.5773502692, -0.5773502692),
            (0.5773502692, 0.5773502692, 0.5773502692)
        ] (
            interpolation = "vertex"
        )
        uniform token subdivisionScheme = "none"
    }
    def Scope "BridgePins"
    {
        def Xform "BridgePin_00" (
            prepend apiSchemas = ["PhysicsRigidBodyAPI", "PhysicsMassAPI", "PhysxRigidBodyAPI"]
        )
        {
            bool physics:kinematicEnabled = true
            float physics:mass = 0.00002
            double3 xformOp:translate = (0, 0.00315, 0)
            uniform token[] xformOpOrder = ["xformOp:translate"]
            def Cube "Capture" (
                prepend apiSchemas = ["PhysicsCollisionAPI", "PhysxCollisionAPI", "MaterialBindingAPI"]
            )
            {
                rel material:binding:physics = </DrAnmarSealDivideVesselDemo/PhysicsMaterials/VesselPhysics>
                custom string drAnmar:role = "cut_bridge_capture"
                double size = 1
                double3 xformOp:scale = (0.0014, 0.00135, 0.00135)
                uniform token[] xformOpOrder = ["xformOp:scale"]
                token visibility = "invisible"
                uniform token purpose = "guide"
                bool physics:collisionEnabled = false
                float physxCollision:contactOffset = 0.0002
                float physxCollision:restOffset = 0
            }
        }
        def Xform "BridgePin_01" (
            prepend apiSchemas = ["PhysicsRigidBodyAPI", "PhysicsMassAPI", "PhysxRigidBodyAPI"]
        )
        {
            bool physics:kinematicEnabled = true
            float physics:mass = 0.00002
            double3 xformOp:translate = (0, 0.002227386361, 0.001803122292)
            uniform token[] xformOpOrder = ["xformOp:translate"]
            def Cube "Capture" (
                prepend apiSchemas = ["PhysicsCollisionAPI", "PhysxCollisionAPI", "MaterialBindingAPI"]
            )
            {
                rel material:binding:physics = </DrAnmarSealDivideVesselDemo/PhysicsMaterials/VesselPhysics>
                custom string drAnmar:role = "cut_bridge_capture"
                double size = 1
                double3 xformOp:scale = (0.0014, 0.00135, 0.00135)
                uniform token[] xformOpOrder = ["xformOp:scale"]
                token visibility = "invisible"
                uniform token purpose = "guide"
                bool physics:collisionEnabled = false
                float physxCollision:contactOffset = 0.0002
                float physxCollision:restOffset = 0
            }
        }
        def Xform "BridgePin_02" (
            prepend apiSchemas = ["PhysicsRigidBodyAPI", "PhysicsMassAPI", "PhysxRigidBodyAPI"]
        )
        {
            bool physics:kinematicEnabled = true
            float physics:mass = 0.00002
            double3 xformOp:translate = (0, 0, 0.00255)
            uniform token[] xformOpOrder = ["xformOp:translate"]
            def Cube "Capture" (
                prepend apiSchemas = ["PhysicsCollisionAPI", "PhysxCollisionAPI", "MaterialBindingAPI"]
            )
            {
                rel material:binding:physics = </DrAnmarSealDivideVesselDemo/PhysicsMaterials/VesselPhysics>
                custom string drAnmar:role = "cut_bridge_capture"
                double size = 1
                double3 xformOp:scale = (0.0014, 0.00135, 0.00135)
                uniform token[] xformOpOrder = ["xformOp:scale"]
                token visibility = "invisible"
                uniform token purpose = "guide"
                bool physics:collisionEnabled = false
                float physxCollision:contactOffset = 0.0002
                float physxCollision:restOffset = 0
            }
        }
        def Xform "BridgePin_03" (
            prepend apiSchemas = ["PhysicsRigidBodyAPI", "PhysicsMassAPI", "PhysxRigidBodyAPI"]
        )
        {
            bool physics:kinematicEnabled = true
            float physics:mass = 0.00002
            double3 xformOp:translate = (0, -0.002227386361, 0.001803122292)
            uniform token[] xformOpOrder = ["xformOp:translate"]
            def Cube "Capture" (
                prepend apiSchemas = ["PhysicsCollisionAPI", "PhysxCollisionAPI", "MaterialBindingAPI"]
            )
            {
                rel material:binding:physics = </DrAnmarSealDivideVesselDemo/PhysicsMaterials/VesselPhysics>
                custom string drAnmar:role = "cut_bridge_capture"
                double size = 1
                double3 xformOp:scale = (0.0014, 0.00135, 0.00135)
                uniform token[] xformOpOrder = ["xformOp:scale"]
                token visibility = "invisible"
                uniform token purpose = "guide"
                bool physics:collisionEnabled = false
                float physxCollision:contactOffset = 0.0002
                float physxCollision:restOffset = 0
            }
        }
        def Xform "BridgePin_04" (
            prepend apiSchemas = ["PhysicsRigidBodyAPI", "PhysicsMassAPI", "PhysxRigidBodyAPI"]
        )
        {
            bool physics:kinematicEnabled = true
            float physics:mass = 0.00002
            double3 xformOp:translate = (0, -0.00315, 0)
            uniform token[] xformOpOrder = ["xformOp:translate"]
            def Cube "Capture" (
                prepend apiSchemas = ["PhysicsCollisionAPI", "PhysxCollisionAPI", "MaterialBindingAPI"]
            )
            {
                rel material:binding:physics = </DrAnmarSealDivideVesselDemo/PhysicsMaterials/VesselPhysics>
                custom string drAnmar:role = "cut_bridge_capture"
                double size = 1
                double3 xformOp:scale = (0.0014, 0.00135, 0.00135)
                uniform token[] xformOpOrder = ["xformOp:scale"]
                token visibility = "invisible"
                uniform token purpose = "guide"
                bool physics:collisionEnabled = false
                float physxCollision:contactOffset = 0.0002
                float physxCollision:restOffset = 0
            }
        }
        def Xform "BridgePin_05" (
            prepend apiSchemas = ["PhysicsRigidBodyAPI", "PhysicsMassAPI", "PhysxRigidBodyAPI"]
        )
        {
            bool physics:kinematicEnabled = true
            float physics:mass = 0.00002
            double3 xformOp:translate = (0, -0.002227386361, -0.001803122292)
            uniform token[] xformOpOrder = ["xformOp:translate"]
            def Cube "Capture" (
                prepend apiSchemas = ["PhysicsCollisionAPI", "PhysxCollisionAPI", "MaterialBindingAPI"]
            )
            {
                rel material:binding:physics = </DrAnmarSealDivideVesselDemo/PhysicsMaterials/VesselPhysics>
                custom string drAnmar:role = "cut_bridge_capture"
                double size = 1
                double3 xformOp:scale = (0.0014, 0.00135, 0.00135)
                uniform token[] xformOpOrder = ["xformOp:scale"]
                token visibility = "invisible"
                uniform token purpose = "guide"
                bool physics:collisionEnabled = false
                float physxCollision:contactOffset = 0.0002
                float physxCollision:restOffset = 0
            }
        }
        def Xform "BridgePin_06" (
            prepend apiSchemas = ["PhysicsRigidBodyAPI", "PhysicsMassAPI", "PhysxRigidBodyAPI"]
        )
        {
            bool physics:kinematicEnabled = true
            float physics:mass = 0.00002
            double3 xformOp:translate = (0, 0, -0.00255)
            uniform token[] xformOpOrder = ["xformOp:translate"]
            def Cube "Capture" (
                prepend apiSchemas = ["PhysicsCollisionAPI", "PhysxCollisionAPI", "MaterialBindingAPI"]
            )
            {
                rel material:binding:physics = </DrAnmarSealDivideVesselDemo/PhysicsMaterials/VesselPhysics>
                custom string drAnmar:role = "cut_bridge_capture"
                double size = 1
                double3 xformOp:scale = (0.0014, 0.00135, 0.00135)
                uniform token[] xformOpOrder = ["xformOp:scale"]
                token visibility = "invisible"
                uniform token purpose = "guide"
                bool physics:collisionEnabled = false
                float physxCollision:contactOffset = 0.0002
                float physxCollision:restOffset = 0
            }
        }
        def Xform "BridgePin_07" (
            prepend apiSchemas = ["PhysicsRigidBodyAPI", "PhysicsMassAPI", "PhysxRigidBodyAPI"]
        )
        {
            bool physics:kinematicEnabled = true
            float physics:mass = 0.00002
            double3 xformOp:translate = (0, 0.002227386361, -0.001803122292)
            uniform token[] xformOpOrder = ["xformOp:translate"]
            def Cube "Capture" (
                prepend apiSchemas = ["PhysicsCollisionAPI", "PhysxCollisionAPI", "MaterialBindingAPI"]
            )
            {
                rel material:binding:physics = </DrAnmarSealDivideVesselDemo/PhysicsMaterials/VesselPhysics>
                custom string drAnmar:role = "cut_bridge_capture"
                double size = 1
                double3 xformOp:scale = (0.0014, 0.00135, 0.00135)
                uniform token[] xformOpOrder = ["xformOp:scale"]
                token visibility = "invisible"
                uniform token purpose = "guide"
                bool physics:collisionEnabled = false
                float physxCollision:contactOffset = 0.0002
                float physxCollision:restOffset = 0
            }
        }
    }
    def Cube "LeftFixtureAnchor" (
        prepend apiSchemas = ["PhysicsRigidBodyAPI", "PhysicsCollisionAPI", "PhysxRigidBodyAPI"]
    )
    {
        bool physics:kinematicEnabled = true
        bool physics:collisionEnabled = false
        double size = 1
        double3 xformOp:translate = (-0.040, 0, 0)
        double3 xformOp:scale = (0.004, 0.012, 0.012)
        uniform token[] xformOpOrder = ["xformOp:translate", "xformOp:scale"]
        token visibility = "invisible"
        uniform token purpose = "guide"
    }
    def Cube "RightFixtureAnchor" (
        prepend apiSchemas = ["PhysicsRigidBodyAPI", "PhysicsCollisionAPI", "PhysxRigidBodyAPI"]
    )
    {
        bool physics:kinematicEnabled = true
        bool physics:collisionEnabled = false
        double size = 1
        double3 xformOp:translate = (0.040, 0, 0)
        double3 xformOp:scale = (0.004, 0.012, 0.012)
        uniform token[] xformOpOrder = ["xformOp:translate", "xformOp:scale"]
        token visibility = "invisible"
        uniform token purpose = "guide"
    }
    def Scope "Regions"
    {
        def Cube "LeftSealZone"
        {
            custom string drAnmar:role = "left_seal_zone"
            double size = 1
            double3 xformOp:translate = (-0.0065, 0, 0)
            double3 xformOp:scale = (0.0050, 0.0110, 0.0090)
            uniform token[] xformOpOrder = ["xformOp:translate", "xformOp:scale"]
            token visibility = "invisible"
            uniform token purpose = "guide"
        }
        def Cube "RightSealZone"
        {
            custom string drAnmar:role = "right_seal_zone"
            double size = 1
            double3 xformOp:translate = (0.0065, 0, 0)
            double3 xformOp:scale = (0.0050, 0.0110, 0.0090)
            uniform token[] xformOpOrder = ["xformOp:translate", "xformOp:scale"]
            token visibility = "invisible"
            uniform token purpose = "guide"
        }
        def Cube "CutRegion"
        {
            custom string drAnmar:role = "division_region"
            double size = 1
            double3 xformOp:scale = (0.0014, 0.0120, 0.0100)
            uniform token[] xformOpOrder = ["xformOp:scale"]
            token visibility = "invisible"
            uniform token purpose = "guide"
        }
    }
    def Scope "Frames"
    {
        def Xform "left_seal_zone"
        {
            custom string drAnmar:role = "left_stump_seal_center"
            double3 xformOp:translate = (-0.0065, 0, 0)
            uniform token[] xformOpOrder = ["xformOp:translate"]
        }
        def Xform "right_seal_zone"
        {
            custom string drAnmar:role = "right_stump_seal_center"
            double3 xformOp:translate = (0.0065, 0, 0)
            uniform token[] xformOpOrder = ["xformOp:translate"]
        }
        def Xform "cut_center"
        {
            custom string drAnmar:role = "division_center"
        }
        def Xform "left_stump_probe"
        {
            custom string drAnmar:role = "left_stump_flow_probe"
            double3 xformOp:translate = (-0.003, 0, 0)
            uniform token[] xformOpOrder = ["xformOp:translate"]
        }
        def Xform "right_stump_probe"
        {
            custom string drAnmar:role = "right_stump_flow_probe"
            double3 xformOp:translate = (0.003, 0, 0)
            uniform token[] xformOpOrder = ["xformOp:translate"]
        }
        def Xform "anchor_left"
        {
            custom string drAnmar:role = "fixture_anchor"
            double3 xformOp:translate = (-0.040, 0, 0)
            uniform token[] xformOpOrder = ["xformOp:translate"]
        }
        def Xform "anchor_right"
        {
            custom string drAnmar:role = "fixture_anchor"
            double3 xformOp:translate = (0.040, 0, 0)
            uniform token[] xformOpOrder = ["xformOp:translate"]
        }
    }
}
