#usda 1.0
(
    defaultPrim = "DrAnmarHemostaticPatch"
    kilogramsPerUnit = 1
    metersPerUnit = 1
    upAxis = "Z"
)

def Xform "DrAnmarHemostaticPatch" (
    customData = {
        bool drAnmarClinicalValidation = false
        string drAnmarRepresentation = "portable_triangular_surface_for_runtime_deformable_cooking"
    }
)
{
    def Scope "Looks"
    {
        def Material "BodyPolymer"
        {
            token outputs:surface.connect = </DrAnmarHemostaticPatch/Looks/BodyPolymer/Shader.outputs:surface>
            def Shader "Shader"
            {
                uniform token info:id = "UsdPreviewSurface"
                color3f inputs:diffuseColor = (0.84, 0.86, 0.88)
                float inputs:metallic = 0
                float inputs:roughness = 0.24
                float inputs:opacity = 1
                token outputs:surface
            }
        }

        def Material "AccentPolymer"
        {
            token outputs:surface.connect = </DrAnmarHemostaticPatch/Looks/AccentPolymer/Shader.outputs:surface>
            def Shader "Shader"
            {
                uniform token info:id = "UsdPreviewSurface"
                color3f inputs:diffuseColor = (0.08, 0.35, 0.62)
                float inputs:metallic = 0
                float inputs:roughness = 0.25
                float inputs:opacity = 1
                token outputs:surface
            }
        }

        def Material "DarkPolymer"
        {
            token outputs:surface.connect = </DrAnmarHemostaticPatch/Looks/DarkPolymer/Shader.outputs:surface>
            def Shader "Shader"
            {
                uniform token info:id = "UsdPreviewSurface"
                color3f inputs:diffuseColor = (0.055, 0.065, 0.075)
                float inputs:metallic = 0
                float inputs:roughness = 0.3
                float inputs:opacity = 1
                token outputs:surface
            }
        }

        def Material "MountMetal"
        {
            token outputs:surface.connect = </DrAnmarHemostaticPatch/Looks/MountMetal/Shader.outputs:surface>
            def Shader "Shader"
            {
                uniform token info:id = "UsdPreviewSurface"
                color3f inputs:diffuseColor = (0.46, 0.5, 0.55)
                float inputs:metallic = 0.85
                float inputs:roughness = 0.2
                float inputs:opacity = 1
                token outputs:surface
            }
        }

        def Material "RailMetal"
        {
            token outputs:surface.connect = </DrAnmarHemostaticPatch/Looks/RailMetal/Shader.outputs:surface>
            def Shader "Shader"
            {
                uniform token info:id = "UsdPreviewSurface"
                color3f inputs:diffuseColor = (0.28, 0.32, 0.37)
                float inputs:metallic = 0.82
                float inputs:roughness = 0.24
                float inputs:opacity = 1
                token outputs:surface
            }
        }

        def Material "JawMetal"
        {
            token outputs:surface.connect = </DrAnmarHemostaticPatch/Looks/JawMetal/Shader.outputs:surface>
            def Shader "Shader"
            {
                uniform token info:id = "UsdPreviewSurface"
                color3f inputs:diffuseColor = (0.55, 0.58, 0.62)
                float inputs:metallic = 0.9
                float inputs:roughness = 0.18
                float inputs:opacity = 1
                token outputs:surface
            }
        }

        def Material "ClipMetal"
        {
            token outputs:surface.connect = </DrAnmarHemostaticPatch/Looks/ClipMetal/Shader.outputs:surface>
            def Shader "Shader"
            {
                uniform token info:id = "UsdPreviewSurface"
                color3f inputs:diffuseColor = (0.66, 0.68, 0.71)
                float inputs:metallic = 0.9
                float inputs:roughness = 0.16
                float inputs:opacity = 1
                token outputs:surface
            }
        }

        def Material "PadBacking"
        {
            token outputs:surface.connect = </DrAnmarHemostaticPatch/Looks/PadBacking/Shader.outputs:surface>
            def Shader "Shader"
            {
                uniform token info:id = "UsdPreviewSurface"
                color3f inputs:diffuseColor = (0.18, 0.2, 0.23)
                float inputs:metallic = 0
                float inputs:roughness = 0.38
                float inputs:opacity = 1
                token outputs:surface
            }
        }

        def Material "PadElastomer"
        {
            token outputs:surface.connect = </DrAnmarHemostaticPatch/Looks/PadElastomer/Shader.outputs:surface>
            def Shader "Shader"
            {
                uniform token info:id = "UsdPreviewSurface"
                color3f inputs:diffuseColor = (0.1, 0.46, 0.56)
                float inputs:metallic = 0
                float inputs:roughness = 0.52
                float inputs:opacity = 1
                token outputs:surface
            }
        }

        def Material "SensorGlass"
        {
            token outputs:surface.connect = </DrAnmarHemostaticPatch/Looks/SensorGlass/Shader.outputs:surface>
            def Shader "Shader"
            {
                uniform token info:id = "UsdPreviewSurface"
                color3f inputs:diffuseColor = (0.06, 0.12, 0.18)
                float inputs:metallic = 0.05
                float inputs:roughness = 0.08
                float inputs:opacity = 0.78
                token outputs:surface
            }
        }

        def Material "SensorBlue"
        {
            token outputs:surface.connect = </DrAnmarHemostaticPatch/Looks/SensorBlue/Shader.outputs:surface>
            def Shader "Shader"
            {
                uniform token info:id = "UsdPreviewSurface"
                color3f inputs:diffuseColor = (0.08, 0.48, 0.88)
                float inputs:metallic = 0
                float inputs:roughness = 0.2
                float inputs:opacity = 1
                token outputs:surface
            }
        }

        def Material "SensorPurple"
        {
            token outputs:surface.connect = </DrAnmarHemostaticPatch/Looks/SensorPurple/Shader.outputs:surface>
            def Shader "Shader"
            {
                uniform token info:id = "UsdPreviewSurface"
                color3f inputs:diffuseColor = (0.48, 0.12, 0.72)
                float inputs:metallic = 0
                float inputs:roughness = 0.18
                float inputs:opacity = 1
                token outputs:surface
            }
        }

        def Material "IndicatorGreen"
        {
            token outputs:surface.connect = </DrAnmarHemostaticPatch/Looks/IndicatorGreen/Shader.outputs:surface>
            def Shader "Shader"
            {
                uniform token info:id = "UsdPreviewSurface"
                color3f inputs:diffuseColor = (0.12, 0.78, 0.34)
                float inputs:metallic = 0
                float inputs:roughness = 0.18
                float inputs:opacity = 1
                token outputs:surface
            }
        }

        def Material "IndicatorRed"
        {
            token outputs:surface.connect = </DrAnmarHemostaticPatch/Looks/IndicatorRed/Shader.outputs:surface>
            def Shader "Shader"
            {
                uniform token info:id = "UsdPreviewSurface"
                color3f inputs:diffuseColor = (0.88, 0.08, 0.08)
                float inputs:metallic = 0
                float inputs:roughness = 0.18
                float inputs:opacity = 1
                token outputs:surface
            }
        }

        def Material "FluidBlue"
        {
            token outputs:surface.connect = </DrAnmarHemostaticPatch/Looks/FluidBlue/Shader.outputs:surface>
            def Shader "Shader"
            {
                uniform token info:id = "UsdPreviewSurface"
                color3f inputs:diffuseColor = (0.1, 0.52, 0.92)
                float inputs:metallic = 0
                float inputs:roughness = 0.08
                float inputs:opacity = 0.72
                token outputs:surface
            }
        }

        def Material "Blood"
        {
            token outputs:surface.connect = </DrAnmarHemostaticPatch/Looks/Blood/Shader.outputs:surface>
            def Shader "Shader"
            {
                uniform token info:id = "UsdPreviewSurface"
                color3f inputs:diffuseColor = </DrAnmarHemostaticPatch/Looks/Blood/Texture.outputs:rgb>
                float inputs:metallic = 0
                float inputs:roughness = 0.28
                float inputs:opacity = 1
                token outputs:surface
            }
            def Shader "Texture"
            {
                uniform token info:id = "UsdUVTexture"
                asset inputs:file = @./textures/blood_basecolor.png@
                float2 inputs:st.connect = </DrAnmarHemostaticPatch/Looks/Blood/PrimvarReader.outputs:result>
                token inputs:sourceColorSpace = "sRGB"
                float3 outputs:rgb
            }
            def Shader "PrimvarReader"
            {
                uniform token info:id = "UsdPrimvarReader_float2"
        string inputs:varname = "st"
                float2 outputs:result
            }
        }

        def Material "VesselMaterial"
        {
            token outputs:surface.connect = </DrAnmarHemostaticPatch/Looks/VesselMaterial/Shader.outputs:surface>
            def Shader "Shader"
            {
                uniform token info:id = "UsdPreviewSurface"
                color3f inputs:diffuseColor = </DrAnmarHemostaticPatch/Looks/VesselMaterial/Texture.outputs:rgb>
                float inputs:metallic = 0
                float inputs:roughness = 0.46
                float inputs:opacity = 1
                token outputs:surface
            }
            def Shader "Texture"
            {
                uniform token info:id = "UsdUVTexture"
                asset inputs:file = @./textures/vessel_basecolor.png@
                float2 inputs:st.connect = </DrAnmarHemostaticPatch/Looks/VesselMaterial/PrimvarReader.outputs:result>
                token inputs:sourceColorSpace = "sRGB"
                float3 outputs:rgb
            }
            def Shader "PrimvarReader"
            {
                uniform token info:id = "UsdPrimvarReader_float2"
        string inputs:varname = "st"
                float2 outputs:result
            }
        }

        def Material "PatchMaterial"
        {
            token outputs:surface.connect = </DrAnmarHemostaticPatch/Looks/PatchMaterial/Shader.outputs:surface>
            def Shader "Shader"
            {
                uniform token info:id = "UsdPreviewSurface"
                color3f inputs:diffuseColor = </DrAnmarHemostaticPatch/Looks/PatchMaterial/Texture.outputs:rgb>
                float inputs:metallic = 0
                float inputs:roughness = 0.68
                float inputs:opacity = 1
                token outputs:surface
            }
            def Shader "Texture"
            {
                uniform token info:id = "UsdUVTexture"
                asset inputs:file = @./textures/hemostatic_patch_basecolor.png@
                float2 inputs:st.connect = </DrAnmarHemostaticPatch/Looks/PatchMaterial/PrimvarReader.outputs:result>
                token inputs:sourceColorSpace = "sRGB"
                float3 outputs:rgb
            }
            def Shader "PrimvarReader"
            {
                uniform token info:id = "UsdPrimvarReader_float2"
        string inputs:varname = "st"
                float2 outputs:result
            }
        }

        def Material "TubeClear"
        {
            token outputs:surface.connect = </DrAnmarHemostaticPatch/Looks/TubeClear/Shader.outputs:surface>
            def Shader "Shader"
            {
                uniform token info:id = "UsdPreviewSurface"
                color3f inputs:diffuseColor = (0.72, 0.82, 0.88)
                float inputs:metallic = 0
                float inputs:roughness = 0.1
                float inputs:opacity = 0.35
                token outputs:surface
            }
        }

        def Material "LabelMaterial"
        {
            token outputs:surface.connect = </DrAnmarHemostaticPatch/Looks/LabelMaterial/Shader.outputs:surface>
            def Shader "Shader"
            {
                uniform token info:id = "UsdPreviewSurface"
                color3f inputs:diffuseColor = </DrAnmarHemostaticPatch/Looks/LabelMaterial/Texture.outputs:rgb>
                float inputs:metallic = 0
                float inputs:roughness = 0.38
                float inputs:opacity = 1
                token outputs:surface
            }
            def Shader "Texture"
            {
                uniform token info:id = "UsdUVTexture"
                asset inputs:file = @./textures/label_dranmar.png@
                float2 inputs:st.connect = </DrAnmarHemostaticPatch/Looks/LabelMaterial/PrimvarReader.outputs:result>
                token inputs:sourceColorSpace = "sRGB"
                float3 outputs:rgb
            }
            def Shader "PrimvarReader"
            {
                uniform token info:id = "UsdPrimvarReader_float2"
        string inputs:varname = "st"
                float2 outputs:result
            }
        }

        def Material "GuideRed"
        {
            token outputs:surface.connect = </DrAnmarHemostaticPatch/Looks/GuideRed/Shader.outputs:surface>
            def Shader "Shader"
            {
                uniform token info:id = "UsdPreviewSurface"
                color3f inputs:diffuseColor = (1, 0.08, 0.08)
                float inputs:metallic = 0
                float inputs:roughness = 0.25
                float inputs:opacity = 1
                token outputs:surface
            }
        }

        def Material "GuideGreen"
        {
            token outputs:surface.connect = </DrAnmarHemostaticPatch/Looks/GuideGreen/Shader.outputs:surface>
            def Shader "Shader"
            {
                uniform token info:id = "UsdPreviewSurface"
                color3f inputs:diffuseColor = (0.08, 1, 0.08)
                float inputs:metallic = 0
                float inputs:roughness = 0.25
                float inputs:opacity = 1
                token outputs:surface
            }
        }

        def Material "GuideBlue"
        {
            token outputs:surface.connect = </DrAnmarHemostaticPatch/Looks/GuideBlue/Shader.outputs:surface>
            def Shader "Shader"
            {
                uniform token info:id = "UsdPreviewSurface"
                color3f inputs:diffuseColor = (0.08, 0.24, 1)
                float inputs:metallic = 0
                float inputs:roughness = 0.25
                float inputs:opacity = 1
                token outputs:surface
            }
        }

        def Material "CollisionDebug"
        {
            token outputs:surface.connect = </DrAnmarHemostaticPatch/Looks/CollisionDebug/Shader.outputs:surface>
            def Shader "Shader"
            {
                uniform token info:id = "UsdPreviewSurface"
                color3f inputs:diffuseColor = (1, 0.18, 0.04)
                float inputs:metallic = 0
                float inputs:roughness = 0.45
                float inputs:opacity = 0.34
                token outputs:surface
            }
        }
    }
    def Mesh "SimulationMesh" (
        prepend apiSchemas = ["MaterialBindingAPI"]
    )
    {
        uniform bool doubleSided = false
        float3[] extent = [(-0.013, -0.01, -7.913186798e-05), (0.013, 0.01, 0.0004952601482)]
        int[] faceVertexCounts = [3, 3, 3, 3, 3, 3, 3, 3, 3, 3, 3, 3, 3, 3, 3, 3, 3, 3, 3, 3, 3, 3, 3, 3, 3, 3, 3, 3, 3, 3, 3, 3, 3, 3, 3, 3, 3, 3, 3, 3, 3, 3, 3, 3, 3, 3, 3, 3, 3, 3, 3, 3, 3, 3, 3, 3, 3, 3, 3, 3, 3, 3, 3, 3, 3, 3, 3, 3, 3, 3, 3, 3, 3, 3, 3, 3, 3, 3, 3, 3, 3, 3, 3, 3, 3, 3, 3, 3, 3, 3, 3, 3, 3, 3, 3, 3, 3, 3, 3, 3, 3, 3, 3, 3, 3, 3, 3, 3, 3, 3, 3, 3, 3, 3, 3, 3, 3, 3, 3, 3, 3, 3, 3, 3, 3, 3, 3, 3, 3, 3, 3, 3, 3, 3, 3, 3, 3, 3, 3, 3, 3, 3, 3, 3, 3, 3, 3, 3, 3, 3, 3, 3, 3, 3, 3, 3, 3, 3, 3, 3, 3, 3, 3, 3, 3, 3, 3, 3, 3, 3, 3, 3, 3, 3, 3, 3, 3, 3, 3, 3, 3, 3, 3, 3, 3, 3, 3, 3, 3, 3, 3, 3, 3, 3, 3, 3, 3, 3, 3, 3, 3, 3, 3, 3, 3, 3, 3, 3, 3, 3, 3, 3, 3, 3, 3, 3, 3, 3, 3, 3, 3, 3, 3, 3, 3, 3, 3, 3, 3, 3, 3, 3, 3, 3, 3, 3, 3, 3, 3, 3, 3, 3, 3, 3, 3, 3, 3, 3, 3, 3, 3, 3, 3, 3, 3, 3, 3, 3, 3, 3, 3, 3, 3, 3, 3, 3, 3, 3, 3, 3, 3, 3, 3, 3, 3, 3, 3, 3, 3, 3, 3, 3, 3, 3, 3, 3, 3, 3, 3, 3, 3, 3, 3, 3, 3, 3, 3, 3, 3, 3, 3, 3, 3, 3, 3, 3, 3, 3, 3, 3, 3, 3, 3, 3, 3, 3, 3, 3, 3, 3, 3, 3, 3, 3, 3, 3, 3, 3, 3, 3, 3, 3, 3, 3, 3, 3, 3, 3, 3, 3, 3, 3, 3, 3, 3, 3, 3, 3, 3, 3, 3, 3, 3, 3, 3, 3, 3, 3, 3, 3, 3, 3, 3, 3, 3, 3, 3, 3, 3, 3, 3, 3, 3, 3, 3, 3, 3, 3, 3, 3, 3, 3, 3, 3, 3, 3, 3, 3, 3, 3, 3, 3, 3, 3, 3, 3, 3, 3, 3, 3, 3, 3, 3, 3, 3, 3, 3, 3, 3, 3, 3, 3, 3, 3, 3, 3, 3, 3, 3, 3, 3, 3, 3, 3, 3, 3, 3, 3, 3, 3, 3, 3, 3, 3, 3, 3, 3, 3, 3, 3, 3, 3, 3, 3, 3, 3, 3, 3, 3, 3, 3, 3, 3, 3, 3, 3, 3, 3, 3, 3, 3, 3, 3, 3, 3, 3, 3, 3, 3, 3, 3, 3, 3, 3, 3, 3, 3, 3, 3, 3, 3, 3, 3, 3, 3, 3, 3, 3, 3, 3, 3, 3, 3, 3, 3, 3, 3, 3, 3, 3, 3, 3, 3, 3, 3, 3, 3, 3, 3, 3, 3, 3, 3, 3, 3, 3, 3, 3, 3, 3, 3, 3, 3, 3, 3, 3, 3, 3, 3, 3, 3, 3, 3, 3, 3, 3, 3, 3, 3, 3, 3, 3, 3, 3, 3, 3, 3, 3, 3, 3, 3, 3, 3, 3, 3, 3, 3, 3, 3, 3, 3, 3, 3, 3, 3, 3, 3, 3, 3, 3, 3, 3, 3, 3, 3, 3, 3, 3, 3, 3, 3, 3, 3, 3, 3, 3, 3, 3, 3, 3, 3, 3, 3, 3, 3, 3, 3, 3, 3, 3, 3, 3, 3, 3, 3, 3, 3, 3, 3, 3, 3, 3, 3, 3, 3, 3, 3, 3, 3, 3, 3, 3, 3, 3, 3, 3, 3, 3, 3, 3, 3, 3, 3, 3, 3, 3, 3, 3, 3, 3, 3, 3, 3, 3, 3, 3, 3, 3, 3, 3, 3, 3, 3, 3, 3, 3, 3, 3, 3, 3, 3, 3, 3, 3, 3, 3, 3, 3, 3, 3, 3, 3, 3, 3, 3, 3, 3, 3, 3, 3, 3, 3, 3, 3, 3, 3, 3, 3, 3, 3, 3, 3, 3, 3, 3, 3, 3, 3, 3, 3, 3, 3, 3, 3, 3, 3, 3, 3, 3, 3, 3, 3, 3, 3, 3, 3, 3, 3, 3, 3, 3, 3, 3, 3, 3, 3, 3, 3, 3, 3, 3, 3, 3, 3, 3, 3, 3, 3, 3, 3, 3, 3, 3, 3, 3, 3, 3, 3, 3, 3, 3, 3, 3, 3, 3, 3, 3, 3, 3, 3, 3, 3, 3, 3, 3, 3, 3, 3, 3, 3, 3, 3, 3, 3, 3, 3, 3, 3, 3, 3, 3, 3, 3, 3, 3, 3, 3, 3, 3, 3, 3, 3, 3, 3, 3, 3, 3, 3, 3, 3, 3, 3, 3, 3, 3, 3, 3, 3, 3, 3, 3, 3, 3, 3, 3, 3, 3, 3, 3, 3, 3, 3, 3, 3, 3, 3, 3, 3, 3, 3, 3, 3, 3, 3, 3, 3, 3, 3, 3, 3, 3, 3, 3, 3, 3, 3, 3, 3, 3, 3, 3, 3, 3, 3, 3, 3, 3, 3, 3, 3, 3, 3, 3, 3, 3, 3, 3, 3, 3, 3, 3, 3, 3, 3, 3, 3, 3, 3, 3, 3, 3, 3, 3, 3, 3, 3, 3, 3, 3, 3, 3, 3, 3, 3, 3, 3, 3, 3, 3, 3, 3, 3, 3, 3, 3, 3, 3, 3, 3, 3, 3, 3, 3, 3, 3, 3, 3, 3, 3, 3, 3, 3, 3, 3, 3, 3, 3, 3, 3, 3, 3, 3, 3, 3, 3, 3, 3, 3, 3, 3, 3, 3, 3, 3, 3, 3, 3, 3, 3, 3, 3, 3, 3, 3, 3, 3, 3, 3, 3, 3, 3, 3, 3, 3, 3, 3, 3, 3, 3, 3, 3, 3, 3, 3, 3, 3, 3, 3, 3, 3, 3, 3, 3, 3, 3, 3, 3, 3, 3, 3, 3, 3, 3, 3, 3, 3, 3, 3, 3, 3, 3, 3, 3, 3, 3, 3, 3, 3, 3, 3, 3, 3, 3, 3, 3, 3, 3, 3, 3, 3, 3, 3, 3, 3, 3, 3, 3, 3, 3, 3, 3, 3, 3, 3, 3, 3, 3, 3, 3, 3, 3, 3, 3, 3, 3, 3, 3, 3, 3, 3, 3, 3, 3, 3, 3, 3, 3, 3, 3, 3, 3, 3, 3, 3, 3, 3, 3, 3, 3, 3, 3, 3, 3, 3, 3, 3, 3, 3, 3, 3, 3, 3, 3, 3, 3, 3, 3, 3, 3, 3, 3, 3, 3, 3, 3, 3, 3, 3, 3, 3, 3, 3, 3, 3, 3, 3, 3, 3, 3, 3, 3, 3, 3, 3, 3, 3, 3, 3, 3, 3, 3, 3, 3, 3, 3, 3, 3, 3, 3, 3, 3, 3, 3, 3, 3, 3, 3, 3, 3, 3, 3, 3, 3, 3, 3, 3, 3, 3, 3, 3, 3, 3, 3, 3, 3, 3, 3, 3, 3, 3, 3, 3, 3, 3, 3, 3, 3, 3, 3, 3, 3, 3, 3, 3, 3, 3, 3, 3, 3, 3, 3, 3, 3, 3, 3, 3, 3, 3, 3, 3, 3, 3, 3, 3, 3, 3, 3, 3, 3, 3, 3, 3, 3, 3, 3, 3, 3, 3, 3, 3, 3, 3, 3, 3, 3, 3, 3, 3, 3, 3, 3, 3, 3, 3, 3, 3, 3, 3, 3, 3, 3, 3, 3, 3, 3, 3, 3, 3, 3, 3, 3, 3, 3, 3, 3, 3, 3, 3, 3, 3, 3, 3, 3, 3, 3, 3, 3, 3, 3, 3, 3, 3, 3, 3, 3, 3, 3, 3, 3, 3, 3, 3, 3, 3, 3, 3, 3, 3, 3, 3, 3, 3, 3, 3, 3, 3, 3, 3, 3, 3, 3, 3, 3, 3, 3, 3, 3, 3, 3, 3, 3, 3, 3, 3, 3, 3, 3, 3, 3, 3, 3, 3, 3, 3, 3, 3, 3, 3, 3, 3, 3, 3, 3, 3, 3, 3, 3, 3, 3, 3, 3, 3, 3, 3]
        int[] faceVertexIndices = [0, 1, 31, 0, 31, 30, 1, 2, 32, 1, 32, 31, 2, 3, 33, 2, 33, 32, 3, 4, 34, 3, 34, 33, 4, 5, 35, 4, 35, 34, 5, 6, 36, 5, 36, 35, 6, 7, 37, 6, 37, 36, 7, 8, 38, 7, 38, 37, 8, 9, 39, 8, 39, 38, 9, 10, 40, 9, 40, 39, 10, 11, 41, 10, 41, 40, 11, 12, 42, 11, 42, 41, 12, 13, 43, 12, 43, 42, 13, 14, 44, 13, 44, 43, 14, 15, 45, 14, 45, 44, 15, 16, 46, 15, 46, 45, 16, 17, 47, 16, 47, 46, 17, 18, 48, 17, 48, 47, 18, 19, 49, 18, 49, 48, 19, 20, 50, 19, 50, 49, 20, 21, 51, 20, 51, 50, 21, 22, 52, 21, 52, 51, 22, 23, 53, 22, 53, 52, 23, 24, 54, 23, 54, 53, 24, 25, 55, 24, 55, 54, 25, 26, 56, 25, 56, 55, 26, 27, 57, 26, 57, 56, 27, 28, 58, 27, 58, 57, 28, 29, 59, 28, 59, 58, 30, 31, 61, 30, 61, 60, 31, 32, 62, 31, 62, 61, 32, 33, 63, 32, 63, 62, 33, 34, 64, 33, 64, 63, 34, 35, 65, 34, 65, 64, 35, 36, 66, 35, 66, 65, 36, 37, 67, 36, 67, 66, 37, 38, 68, 37, 68, 67, 38, 39, 69, 38, 69, 68, 39, 40, 70, 39, 70, 69, 40, 41, 71, 40, 71, 70, 41, 42, 72, 41, 72, 71, 42, 43, 73, 42, 73, 72, 43, 44, 74, 43, 74, 73, 44, 45, 75, 44, 75, 74, 45, 46, 76, 45, 76, 75, 46, 47, 77, 46, 77, 76, 47, 48, 78, 47, 78, 77, 48, 49, 79, 48, 79, 78, 49, 50, 80, 49, 80, 79, 50, 51, 81, 50, 81, 80, 51, 52, 82, 51, 82, 81, 52, 53, 83, 52, 83, 82, 53, 54, 84, 53, 84, 83, 54, 55, 85, 54, 85, 84, 55, 56, 86, 55, 86, 85, 56, 57, 87, 56, 87, 86, 57, 58, 88, 57, 88, 87, 58, 59, 89, 58, 89, 88, 60, 61, 91, 60, 91, 90, 61, 62, 92, 61, 92, 91, 62, 63, 93, 62, 93, 92, 63, 64, 94, 63, 94, 93, 64, 65, 95, 64, 95, 94, 65, 66, 96, 65, 96, 95, 66, 67, 97, 66, 97, 96, 67, 68, 98, 67, 98, 97, 68, 69, 99, 68, 99, 98, 69, 70, 100, 69, 100, 99, 70, 71, 101, 70, 101, 100, 71, 72, 102, 71, 102, 101, 72, 73, 103, 72, 103, 102, 73, 74, 104, 73, 104, 103, 74, 75, 105, 74, 105, 104, 75, 76, 106, 75, 106, 105, 76, 77, 107, 76, 107, 106, 77, 78, 108, 77, 108, 107, 78, 79, 109, 78, 109, 108, 79, 80, 110, 79, 110, 109, 80, 81, 111, 80, 111, 110, 81, 82, 112, 81, 112, 111, 82, 83, 113, 82, 113, 112, 83, 84, 114, 83, 114, 113, 84, 85, 115, 84, 115, 114, 85, 86, 116, 85, 116, 115, 86, 87, 117, 86, 117, 116, 87, 88, 118, 87, 118, 117, 88, 89, 119, 88, 119, 118, 90, 91, 121, 90, 121, 120, 91, 92, 122, 91, 122, 121, 92, 93, 123, 92, 123, 122, 93, 94, 124, 93, 124, 123, 94, 95, 125, 94, 125, 124, 95, 96, 126, 95, 126, 125, 96, 97, 127, 96, 127, 126, 97, 98, 128, 97, 128, 127, 98, 99, 129, 98, 129, 128, 99, 100, 130, 99, 130, 129, 100, 101, 131, 100, 131, 130, 101, 102, 132, 101, 132, 131, 102, 103, 133, 102, 133, 132, 103, 104, 134, 103, 134, 133, 104, 105, 135, 104, 135, 134, 105, 106, 136, 105, 136, 135, 106, 107, 137, 106, 137, 136, 107, 108, 138, 107, 138, 137, 108, 109, 139, 108, 139, 138, 109, 110, 140, 109, 140, 139, 110, 111, 141, 110, 141, 140, 111, 112, 142, 111, 142, 141, 112, 113, 143, 112, 143, 142, 113, 114, 144, 113, 144, 143, 114, 115, 145, 114, 145, 144, 115, 116, 146, 115, 146, 145, 116, 117, 147, 116, 147, 146, 117, 118, 148, 117, 148, 147, 118, 119, 149, 118, 149, 148, 120, 121, 151, 120, 151, 150, 121, 122, 152, 121, 152, 151, 122, 123, 153, 122, 153, 152, 123, 124, 154, 123, 154, 153, 124, 125, 155, 124, 155, 154, 125, 126, 156, 125, 156, 155, 126, 127, 157, 126, 157, 156, 127, 128, 158, 127, 158, 157, 128, 129, 159, 128, 159, 158, 129, 130, 160, 129, 160, 159, 130, 131, 161, 130, 161, 160, 131, 132, 162, 131, 162, 161, 132, 133, 163, 132, 163, 162, 133, 134, 164, 133, 164, 163, 134, 135, 165, 134, 165, 164, 135, 136, 166, 135, 166, 165, 136, 137, 167, 136, 167, 166, 137, 138, 168, 137, 168, 167, 138, 139, 169, 138, 169, 168, 139, 140, 170, 139, 170, 169, 140, 141, 171, 140, 171, 170, 141, 142, 172, 141, 172, 171, 142, 143, 173, 142, 173, 172, 143, 144, 174, 143, 174, 173, 144, 145, 175, 144, 175, 174, 145, 146, 176, 145, 176, 175, 146, 147, 177, 146, 177, 176, 147, 148, 178, 147, 178, 177, 148, 149, 179, 148, 179, 178, 150, 151, 181, 150, 181, 180, 151, 152, 182, 151, 182, 181, 152, 153, 183, 152, 183, 182, 153, 154, 184, 153, 184, 183, 154, 155, 185, 154, 185, 184, 155, 156, 186, 155, 186, 185, 156, 157, 187, 156, 187, 186, 157, 158, 188, 157, 188, 187, 158, 159, 189, 158, 189, 188, 159, 160, 190, 159, 190, 189, 160, 161, 191, 160, 191, 190, 161, 162, 192, 161, 192, 191, 162, 163, 193, 162, 193, 192, 163, 164, 194, 163, 194, 193, 164, 165, 195, 164, 195, 194, 165, 166, 196, 165, 196, 195, 166, 167, 197, 166, 197, 196, 167, 168, 198, 167, 198, 197, 168, 169, 199, 168, 199, 198, 169, 170, 200, 169, 200, 199, 170, 171, 201, 170, 201, 200, 171, 172, 202, 171, 202, 201, 172, 173, 203, 172, 203, 202, 173, 174, 204, 173, 204, 203, 174, 175, 205, 174, 205, 204, 175, 176, 206, 175, 206, 205, 176, 177, 207, 176, 207, 206, 177, 178, 208, 177, 208, 207, 178, 179, 209, 178, 209, 208, 180, 181, 211, 180, 211, 210, 181, 182, 212, 181, 212, 211, 182, 183, 213, 182, 213, 212, 183, 184, 214, 183, 214, 213, 184, 185, 215, 184, 215, 214, 185, 186, 216, 185, 216, 215, 186, 187, 217, 186, 217, 216, 187, 188, 218, 187, 218, 217, 188, 189, 219, 188, 219, 218, 189, 190, 220, 189, 220, 219, 190, 191, 221, 190, 221, 220, 191, 192, 222, 191, 222, 221, 192, 193, 223, 192, 223, 222, 193, 194, 224, 193, 224, 223, 194, 195, 225, 194, 225, 224, 195, 196, 226, 195, 226, 225, 196, 197, 227, 196, 227, 226, 197, 198, 228, 197, 228, 227, 198, 199, 229, 198, 229, 228, 199, 200, 230, 199, 230, 229, 200, 201, 231, 200, 231, 230, 201, 202, 232, 201, 232, 231, 202, 203, 233, 202, 233, 232, 203, 204, 234, 203, 234, 233, 204, 205, 235, 204, 235, 234, 205, 206, 236, 205, 236, 235, 206, 207, 237, 206, 237, 236, 207, 208, 238, 207, 238, 237, 208, 209, 239, 208, 239, 238, 210, 211, 241, 210, 241, 240, 211, 212, 242, 211, 242, 241, 212, 213, 243, 212, 243, 242, 213, 214, 244, 213, 244, 243, 214, 215, 245, 214, 245, 244, 215, 216, 246, 215, 246, 245, 216, 217, 247, 216, 247, 246, 217, 218, 248, 217, 248, 247, 218, 219, 249, 218, 249, 248, 219, 220, 250, 219, 250, 249, 220, 221, 251, 220, 251, 250, 221, 222, 252, 221, 252, 251, 222, 223, 253, 222, 253, 252, 223, 224, 254, 223, 254, 253, 224, 225, 255, 224, 255, 254, 225, 226, 256, 225, 256, 255, 226, 227, 257, 226, 257, 256, 227, 228, 258, 227, 258, 257, 228, 229, 259, 228, 259, 258, 229, 230, 260, 229, 260, 259, 230, 231, 261, 230, 261, 260, 231, 232, 262, 231, 262, 261, 232, 233, 263, 232, 263, 262, 233, 234, 264, 233, 264, 263, 234, 235, 265, 234, 265, 264, 235, 236, 266, 235, 266, 265, 236, 237, 267, 236, 267, 266, 237, 238, 268, 237, 268, 267, 238, 239, 269, 238, 269, 268, 240, 241, 271, 240, 271, 270, 241, 242, 272, 241, 272, 271, 242, 243, 273, 242, 273, 272, 243, 244, 274, 243, 274, 273, 244, 245, 275, 244, 275, 274, 245, 246, 276, 245, 276, 275, 246, 247, 277, 246, 277, 276, 247, 248, 278, 247, 278, 277, 248, 249, 279, 248, 279, 278, 249, 250, 280, 249, 280, 279, 250, 251, 281, 250, 281, 280, 251, 252, 282, 251, 282, 281, 252, 253, 283, 252, 283, 282, 253, 254, 284, 253, 284, 283, 254, 255, 285, 254, 285, 284, 255, 256, 286, 255, 286, 285, 256, 257, 287, 256, 287, 286, 257, 258, 288, 257, 288, 287, 258, 259, 289, 258, 289, 288, 259, 260, 290, 259, 290, 289, 260, 261, 291, 260, 291, 290, 261, 262, 292, 261, 292, 291, 262, 263, 293, 262, 293, 292, 263, 264, 294, 263, 294, 293, 264, 265, 295, 264, 295, 294, 265, 266, 296, 265, 296, 295, 266, 267, 297, 266, 297, 296, 267, 268, 298, 267, 298, 297, 268, 269, 299, 268, 299, 298, 270, 271, 301, 270, 301, 300, 271, 272, 302, 271, 302, 301, 272, 273, 303, 272, 303, 302, 273, 274, 304, 273, 304, 303, 274, 275, 305, 274, 305, 304, 275, 276, 306, 275, 306, 305, 276, 277, 307, 276, 307, 306, 277, 278, 308, 277, 308, 307, 278, 279, 309, 278, 309, 308, 279, 280, 310, 279, 310, 309, 280, 281, 311, 280, 311, 310, 281, 282, 312, 281, 312, 311, 282, 283, 313, 282, 313, 312, 283, 284, 314, 283, 314, 313, 284, 285, 315, 284, 315, 314, 285, 286, 316, 285, 316, 315, 286, 287, 317, 286, 317, 316, 287, 288, 318, 287, 318, 317, 288, 289, 319, 288, 319, 318, 289, 290, 320, 289, 320, 319, 290, 291, 321, 290, 321, 320, 291, 292, 322, 291, 322, 321, 292, 293, 323, 292, 323, 322, 293, 294, 324, 293, 324, 323, 294, 295, 325, 294, 325, 324, 295, 296, 326, 295, 326, 325, 296, 297, 327, 296, 327, 326, 297, 298, 328, 297, 328, 327, 298, 299, 329, 298, 329, 328, 300, 301, 331, 300, 331, 330, 301, 302, 332, 301, 332, 331, 302, 303, 333, 302, 333, 332, 303, 304, 334, 303, 334, 333, 304, 305, 335, 304, 335, 334, 305, 306, 336, 305, 336, 335, 306, 307, 337, 306, 337, 336, 307, 308, 338, 307, 338, 337, 308, 309, 339, 308, 339, 338, 309, 310, 340, 309, 340, 339, 310, 311, 341, 310, 341, 340, 311, 312, 342, 311, 342, 341, 312, 313, 343, 312, 343, 342, 313, 314, 344, 313, 344, 343, 314, 315, 345, 314, 345, 344, 315, 316, 346, 315, 346, 345, 316, 317, 347, 316, 347, 346, 317, 318, 348, 317, 348, 347, 318, 319, 349, 318, 349, 348, 319, 320, 350, 319, 350, 349, 320, 321, 351, 320, 351, 350, 321, 322, 352, 321, 352, 351, 322, 323, 353, 322, 353, 352, 323, 324, 354, 323, 354, 353, 324, 325, 355, 324, 355, 354, 325, 326, 356, 325, 356, 355, 326, 327, 357, 326, 357, 356, 327, 328, 358, 327, 358, 357, 328, 329, 359, 328, 359, 358, 330, 331, 361, 330, 361, 360, 331, 332, 362, 331, 362, 361, 332, 333, 363, 332, 363, 362, 333, 334, 364, 333, 364, 363, 334, 335, 365, 334, 365, 364, 335, 336, 366, 335, 366, 365, 336, 337, 367, 336, 367, 366, 337, 338, 368, 337, 368, 367, 338, 339, 369, 338, 369, 368, 339, 340, 370, 339, 370, 369, 340, 341, 371, 340, 371, 370, 341, 342, 372, 341, 372, 371, 342, 343, 373, 342, 373, 372, 343, 344, 374, 343, 374, 373, 344, 345, 375, 344, 375, 374, 345, 346, 376, 345, 376, 375, 346, 347, 377, 346, 377, 376, 347, 348, 378, 347, 378, 377, 348, 349, 379, 348, 379, 378, 349, 350, 380, 349, 380, 379, 350, 351, 381, 350, 381, 380, 351, 352, 382, 351, 382, 381, 352, 353, 383, 352, 383, 382, 353, 354, 384, 353, 384, 383, 354, 355, 385, 354, 385, 384, 355, 356, 386, 355, 386, 385, 356, 357, 387, 356, 387, 386, 357, 358, 388, 357, 388, 387, 358, 359, 389, 358, 389, 388, 360, 361, 391, 360, 391, 390, 361, 362, 392, 361, 392, 391, 362, 363, 393, 362, 393, 392, 363, 364, 394, 363, 394, 393, 364, 365, 395, 364, 395, 394, 365, 366, 396, 365, 396, 395, 366, 367, 397, 366, 397, 396, 367, 368, 398, 367, 398, 397, 368, 369, 399, 368, 399, 398, 369, 370, 400, 369, 400, 399, 370, 371, 401, 370, 401, 400, 371, 372, 402, 371, 402, 401, 372, 373, 403, 372, 403, 402, 373, 374, 404, 373, 404, 403, 374, 375, 405, 374, 405, 404, 375, 376, 406, 375, 406, 405, 376, 377, 407, 376, 407, 406, 377, 378, 408, 377, 408, 407, 378, 379, 409, 378, 409, 408, 379, 380, 410, 379, 410, 409, 380, 381, 411, 380, 411, 410, 381, 382, 412, 381, 412, 411, 382, 383, 413, 382, 413, 412, 383, 384, 414, 383, 414, 413, 384, 385, 415, 384, 415, 414, 385, 386, 416, 385, 416, 415, 386, 387, 417, 386, 417, 416, 387, 388, 418, 387, 418, 417, 388, 389, 419, 388, 419, 418, 390, 391, 421, 390, 421, 420, 391, 392, 422, 391, 422, 421, 392, 393, 423, 392, 423, 422, 393, 394, 424, 393, 424, 423, 394, 395, 425, 394, 425, 424, 395, 396, 426, 395, 426, 425, 396, 397, 427, 396, 427, 426, 397, 398, 428, 397, 428, 427, 398, 399, 429, 398, 429, 428, 399, 400, 430, 399, 430, 429, 400, 401, 431, 400, 431, 430, 401, 402, 432, 401, 432, 431, 402, 403, 433, 402, 433, 432, 403, 404, 434, 403, 434, 433, 404, 405, 435, 404, 435, 434, 405, 406, 436, 405, 436, 435, 406, 407, 437, 406, 437, 436, 407, 408, 438, 407, 438, 437, 408, 409, 439, 408, 439, 438, 409, 410, 440, 409, 440, 439, 410, 411, 441, 410, 441, 440, 411, 412, 442, 411, 442, 441, 412, 413, 443, 412, 443, 442, 413, 414, 444, 413, 444, 443, 414, 415, 445, 414, 445, 444, 415, 416, 446, 415, 446, 445, 416, 417, 447, 416, 447, 446, 417, 418, 448, 417, 448, 447, 418, 419, 449, 418, 449, 448, 420, 421, 451, 420, 451, 450, 421, 422, 452, 421, 452, 451, 422, 423, 453, 422, 453, 452, 423, 424, 454, 423, 454, 453, 424, 425, 455, 424, 455, 454, 425, 426, 456, 425, 456, 455, 426, 427, 457, 426, 457, 456, 427, 428, 458, 427, 458, 457, 428, 429, 459, 428, 459, 458, 429, 430, 460, 429, 460, 459, 430, 431, 461, 430, 461, 460, 431, 432, 462, 431, 462, 461, 432, 433, 463, 432, 463, 462, 433, 434, 464, 433, 464, 463, 434, 435, 465, 434, 465, 464, 435, 436, 466, 435, 466, 465, 436, 437, 467, 436, 467, 466, 437, 438, 468, 437, 468, 467, 438, 439, 469, 438, 469, 468, 439, 440, 470, 439, 470, 469, 440, 441, 471, 440, 471, 470, 441, 442, 472, 441, 472, 471, 442, 443, 473, 442, 473, 472, 443, 444, 474, 443, 474, 473, 444, 445, 475, 444, 475, 474, 445, 446, 476, 445, 476, 475, 446, 447, 477, 446, 477, 476, 447, 448, 478, 447, 478, 477, 448, 449, 479, 448, 479, 478, 450, 451, 481, 450, 481, 480, 451, 452, 482, 451, 482, 481, 452, 453, 483, 452, 483, 482, 453, 454, 484, 453, 484, 483, 454, 455, 485, 454, 485, 484, 455, 456, 486, 455, 486, 485, 456, 457, 487, 456, 487, 486, 457, 458, 488, 457, 488, 487, 458, 459, 489, 458, 489, 488, 459, 460, 490, 459, 490, 489, 460, 461, 491, 460, 491, 490, 461, 462, 492, 461, 492, 491, 462, 463, 493, 462, 493, 492, 463, 464, 494, 463, 494, 493, 464, 465, 495, 464, 495, 494, 465, 466, 496, 465, 496, 495, 466, 467, 497, 466, 497, 496, 467, 468, 498, 467, 498, 497, 468, 469, 499, 468, 499, 498, 469, 470, 500, 469, 500, 499, 470, 471, 501, 470, 501, 500, 471, 472, 502, 471, 502, 501, 472, 473, 503, 472, 503, 502, 473, 474, 504, 473, 504, 503, 474, 475, 505, 474, 505, 504, 475, 476, 506, 475, 506, 505, 476, 477, 507, 476, 507, 506, 477, 478, 508, 477, 508, 507, 478, 479, 509, 478, 509, 508, 480, 481, 511, 480, 511, 510, 481, 482, 512, 481, 512, 511, 482, 483, 513, 482, 513, 512, 483, 484, 514, 483, 514, 513, 484, 485, 515, 484, 515, 514, 485, 486, 516, 485, 516, 515, 486, 487, 517, 486, 517, 516, 487, 488, 518, 487, 518, 517, 488, 489, 519, 488, 519, 518, 489, 490, 520, 489, 520, 519, 490, 491, 521, 490, 521, 520, 491, 492, 522, 491, 522, 521, 492, 493, 523, 492, 523, 522, 493, 494, 524, 493, 524, 523, 494, 495, 525, 494, 525, 524, 495, 496, 526, 495, 526, 525, 496, 497, 527, 496, 527, 526, 497, 498, 528, 497, 528, 527, 498, 499, 529, 498, 529, 528, 499, 500, 530, 499, 530, 529, 500, 501, 531, 500, 531, 530, 501, 502, 532, 501, 532, 531, 502, 503, 533, 502, 533, 532, 503, 504, 534, 503, 534, 533, 504, 505, 535, 504, 535, 534, 505, 506, 536, 505, 536, 535, 506, 507, 537, 506, 537, 536, 507, 508, 538, 507, 538, 537, 508, 509, 539, 508, 539, 538, 510, 511, 541, 510, 541, 540, 511, 512, 542, 511, 542, 541, 512, 513, 543, 512, 543, 542, 513, 514, 544, 513, 544, 543, 514, 515, 545, 514, 545, 544, 515, 516, 546, 515, 546, 545, 516, 517, 547, 516, 547, 546, 517, 518, 548, 517, 548, 547, 518, 519, 549, 518, 549, 548, 519, 520, 550, 519, 550, 549, 520, 521, 551, 520, 551, 550, 521, 522, 552, 521, 552, 551, 522, 523, 553, 522, 553, 552, 523, 524, 554, 523, 554, 553, 524, 525, 555, 524, 555, 554, 525, 526, 556, 525, 556, 555, 526, 527, 557, 526, 557, 556, 527, 528, 558, 527, 558, 557, 528, 529, 559, 528, 559, 558, 529, 530, 560, 529, 560, 559, 530, 531, 561, 530, 561, 560, 531, 532, 562, 531, 562, 561, 532, 533, 563, 532, 563, 562, 533, 534, 564, 533, 564, 563, 534, 535, 565, 534, 565, 564, 535, 536, 566, 535, 566, 565, 536, 537, 567, 536, 567, 566, 537, 538, 568, 537, 568, 567, 538, 539, 569, 538, 569, 568, 540, 541, 571, 540, 571, 570, 541, 542, 572, 541, 572, 571, 542, 543, 573, 542, 573, 572, 543, 544, 574, 543, 574, 573, 544, 545, 575, 544, 575, 574, 545, 546, 576, 545, 576, 575, 546, 547, 577, 546, 577, 576, 547, 548, 578, 547, 578, 577, 548, 549, 579, 548, 579, 578, 549, 550, 580, 549, 580, 579, 550, 551, 581, 550, 581, 580, 551, 552, 582, 551, 582, 581, 552, 553, 583, 552, 583, 582, 553, 554, 584, 553, 584, 583, 554, 555, 585, 554, 585, 584, 555, 556, 586, 555, 586, 585, 556, 557, 587, 556, 587, 586, 557, 558, 588, 557, 588, 587, 558, 559, 589, 558, 589, 588, 559, 560, 590, 559, 590, 589, 560, 561, 591, 560, 591, 590, 561, 562, 592, 561, 592, 591, 562, 563, 593, 562, 593, 592, 563, 564, 594, 563, 594, 593, 564, 565, 595, 564, 595, 594, 565, 566, 596, 565, 596, 595, 566, 567, 597, 566, 597, 596, 567, 568, 598, 567, 598, 597, 568, 569, 599, 568, 599, 598, 570, 571, 601, 570, 601, 600, 571, 572, 602, 571, 602, 601, 572, 573, 603, 572, 603, 602, 573, 574, 604, 573, 604, 603, 574, 575, 605, 574, 605, 604, 575, 576, 606, 575, 606, 605, 576, 577, 607, 576, 607, 606, 577, 578, 608, 577, 608, 607, 578, 579, 609, 578, 609, 608, 579, 580, 610, 579, 610, 609, 580, 581, 611, 580, 611, 610, 581, 582, 612, 581, 612, 611, 582, 583, 613, 582, 613, 612, 583, 584, 614, 583, 614, 613, 584, 585, 615, 584, 615, 614, 585, 586, 616, 585, 616, 615, 586, 587, 617, 586, 617, 616, 587, 588, 618, 587, 618, 617, 588, 589, 619, 588, 619, 618, 589, 590, 620, 589, 620, 619, 590, 591, 621, 590, 621, 620, 591, 592, 622, 591, 622, 621, 592, 593, 623, 592, 623, 622, 593, 594, 624, 593, 624, 623, 594, 595, 625, 594, 625, 624, 595, 596, 626, 595, 626, 625, 596, 597, 627, 596, 627, 626, 597, 598, 628, 597, 628, 627, 598, 599, 629, 598, 629, 628, 600, 601, 631, 600, 631, 630, 601, 602, 632, 601, 632, 631, 602, 603, 633, 602, 633, 632, 603, 604, 634, 603, 634, 633, 604, 605, 635, 604, 635, 634, 605, 606, 636, 605, 636, 635, 606, 607, 637, 606, 637, 636, 607, 608, 638, 607, 638, 637, 608, 609, 639, 608, 639, 638, 609, 610, 640, 609, 640, 639, 610, 611, 641, 610, 641, 640, 611, 612, 642, 611, 642, 641, 612, 613, 643, 612, 643, 642, 613, 614, 644, 613, 644, 643, 614, 615, 645, 614, 645, 644, 615, 616, 646, 615, 646, 645, 616, 617, 647, 616, 647, 646, 617, 618, 648, 617, 648, 647, 618, 619, 649, 618, 649, 648, 619, 620, 650, 619, 650, 649, 620, 621, 651, 620, 651, 650, 621, 622, 652, 621, 652, 651, 622, 623, 653, 622, 653, 652, 623, 624, 654, 623, 654, 653, 624, 625, 655, 624, 655, 654, 625, 626, 656, 625, 656, 655, 626, 627, 657, 626, 657, 656, 627, 628, 658, 627, 658, 657, 628, 629, 659, 628, 659, 658, 630, 631, 661, 630, 661, 660, 631, 632, 662, 631, 662, 661, 632, 633, 663, 632, 663, 662, 633, 634, 664, 633, 664, 663, 634, 635, 665, 634, 665, 664, 635, 636, 666, 635, 666, 665, 636, 637, 667, 636, 667, 666, 637, 638, 668, 637, 668, 667, 638, 639, 669, 638, 669, 668, 639, 640, 670, 639, 670, 669, 640, 641, 671, 640, 671, 670, 641, 642, 672, 641, 672, 671, 642, 643, 673, 642, 673, 672, 643, 644, 674, 643, 674, 673, 644, 645, 675, 644, 675, 674, 645, 646, 676, 645, 676, 675, 646, 647, 677, 646, 677, 676, 647, 648, 678, 647, 678, 677, 648, 649, 679, 648, 679, 678, 649, 650, 680, 649, 680, 679, 650, 651, 681, 650, 681, 680, 651, 652, 682, 651, 682, 681, 652, 653, 683, 652, 683, 682, 653, 654, 684, 653, 684, 683, 654, 655, 685, 654, 685, 684, 655, 656, 686, 655, 686, 685, 656, 657, 687, 656, 687, 686, 657, 658, 688, 657, 688, 687, 658, 659, 689, 658, 689, 688, 660, 661, 691, 660, 691, 690, 661, 662, 692, 661, 692, 691, 662, 663, 693, 662, 693, 692, 663, 664, 694, 663, 694, 693, 664, 665, 695, 664, 695, 694, 665, 666, 696, 665, 696, 695, 666, 667, 697, 666, 697, 696, 667, 668, 698, 667, 698, 697, 668, 669, 699, 668, 699, 698, 669, 670, 700, 669, 700, 699, 670, 671, 701, 670, 701, 700, 671, 672, 702, 671, 702, 701, 672, 673, 703, 672, 703, 702, 673, 674, 704, 673, 704, 703, 674, 675, 705, 674, 705, 704, 675, 676, 706, 675, 706, 705, 676, 677, 707, 676, 707, 706, 677, 678, 708, 677, 708, 707, 678, 679, 709, 678, 709, 708, 679, 680, 710, 679, 710, 709, 680, 681, 711, 680, 711, 710, 681, 682, 712, 681, 712, 711, 682, 683, 713, 682, 713, 712, 683, 684, 714, 683, 714, 713, 684, 685, 715, 684, 715, 714, 685, 686, 716, 685, 716, 715, 686, 687, 717, 686, 717, 716, 687, 688, 718, 687, 718, 717, 688, 689, 719, 688, 719, 718]
        point3f[] points = [
            (-0.013, -0.01, 1.677146782e-05),
            (-0.01210344828, -0.01, 4.282440617e-05),
            (-0.01120689655, -0.01, 5.255672578e-05),
            (-0.01031034483, -0.01, 4.225938567e-05),
            (-0.009413793103, -0.01, 1.585675928e-05),
            (-0.008517241379, -0.01, -1.658896604e-05),
            (-0.007620689655, -0.01, -4.271254438e-05),
            (-0.006724137931, -0.01, -5.255813513e-05),
            (-0.005827586207, -0.01, -4.237352905e-05),
            (-0.004931034483, -0.01, -1.604013601e-05),
            (-0.004034482759, -0.01, 1.640624184e-05),
            (-0.003137931034, -0.01, 4.260010992e-05),
            (-0.00224137931, -0.01, 5.255883981e-05),
            (-0.001344827586, -0.01, 4.248710431e-05),
            (-0.0004482758621, -0.01, 1.622329768e-05),
            (0.0004482758621, -0.01, -1.622329768e-05),
            (0.001344827586, -0.01, -4.248710431e-05),
            (0.00224137931, -0.01, -5.255883981e-05),
            (0.003137931034, -0.01, -4.260010992e-05),
            (0.004034482759, -0.01, -1.640624184e-05),
            (0.004931034483, -0.01, 1.604013601e-05),
            (0.005827586207, -0.01, 4.237352905e-05),
            (0.006724137931, -0.01, 5.255813513e-05),
            (0.007620689655, -0.01, 4.271254438e-05),
            (0.008517241379, -0.01, 1.658896604e-05),
            (0.009413793103, -0.01, -1.585675928e-05),
            (0.01031034483, -0.01, -4.225938567e-05),
            (0.01120689655, -0.01, -5.255672578e-05),
            (0.01210344828, -0.01, -4.282440617e-05),
            (0.013, -0.01, -1.677146782e-05),
            (-0.013, -0.009130434783, 2.754674478e-06),
            (-0.01210344828, -0.009130434783, 7.033808845e-06),
            (-0.01120689655, -0.009130434783, 8.632319646e-06),
            (-0.01031034483, -0.009130434783, 6.941005547e-06),
            (-0.009413793103, -0.009130434783, 2.604435733e-06),
            (-0.008517241379, -0.009130434783, -2.724698986e-06),
            (-0.007620689655, -0.009130434783, -7.015435807e-06),
            (-0.006724137931, -0.009130434783, -8.632551128e-06),
            (-0.005827586207, -0.009130434783, -6.95975333e-06),
            (-0.004931034483, -0.009130434783, 7.479316167e-06),
            (-0.004034482759, -0.009130434783, 3.421164962e-05),
            (-0.003137931034, -0.009130434783, 5.563640461e-05),
            (-0.00224137931, -0.009130434783, 7.011395771e-05),
            (-0.001344827586, -0.009130434783, 7.702093526e-05),
            (-0.0004482758621, -0.009130434783, 7.698778458e-05),
            (0.0004482758621, -0.009130434783, 7.165850696e-05),
            (0.001344827586, -0.009130434783, 6.306411966e-05),
            (0.00224137931, -0.009130434783, 5.284862397e-05),
            (0.003137931034, -0.009130434783, 4.164246719e-05),
            (0.004034482759, -0.009130434783, 2.88222757e-05),
            (0.004931034483, -0.009130434783, 1.274842603e-05),
            (0.005827586207, -0.009130434783, 6.95975333e-06),
            (0.006724137931, -0.009130434783, 8.632551128e-06),
            (0.007620689655, -0.009130434783, 7.015435807e-06),
            (0.008517241379, -0.009130434783, 2.724698986e-06),
            (0.009413793103, -0.009130434783, -2.604435733e-06),
            (0.01031034483, -0.009130434783, -6.941005547e-06),
            (0.01120689655, -0.009130434783, -8.632319646e-06),
            (0.01210344828, -0.009130434783, -7.033808845e-06),
            (0.013, -0.009130434783, -2.754674478e-06),
            (-0.013, -0.008260869565, -1.225162802e-05),
            (-0.01210344828, -0.008260869565, -3.128340944e-05),
            (-0.01120689655, -0.008260869565, -3.839290999e-05),
            (-0.01031034483, -0.008260869565, -3.087065959e-05),
            (-0.009413793103, -0.008260869565, -1.158342957e-05),
            (-0.008517241379, -0.008260869565, 1.21183097e-05),
            (-0.007620689655, -0.008260869565, 3.120169393e-05),
            (-0.006724137931, -0.008260869565, 6.091270264e-05),
            (-0.005827586207, -0.008260869565, 8.343713309e-05),
            (-0.004931034483, -0.008260869565, 8.988418821e-05),
            (-0.004034482759, -0.008260869565, 8.758506381e-05),
            (-0.003137931034, -0.008260869565, 8.557280587e-05),
            (-0.00224137931, -0.008260869565, 9.113976659e-05),
            (-0.001344827586, -0.008260869565, 0.0001070584485),
            (-0.0004482758621, -0.008260869565, 0.0001305248884),
            (0.0004482758621, -0.008260869565, 0.0001542272633),
            (0.001344827586, -0.008260869565, 0.0001691324665),
            (0.00224137931, -0.008260869565, 0.0001679286752),
            (0.003137931034, -0.008260869565, 0.000147811926),
            (0.004034482759, -0.008260869565, 0.0001115547216),
            (0.004931034483, -0.008260869565, 6.644941411e-05),
            (0.005827586207, -0.008260869565, 2.152904948e-05),
            (0.006724137931, -0.008260869565, -1.587517642e-05),
            (0.007620689655, -0.008260869565, -3.120169393e-05),
            (0.008517241379, -0.008260869565, -1.21183097e-05),
            (0.009413793103, -0.008260869565, 1.158342957e-05),
            (0.01031034483, -0.008260869565, 3.087065959e-05),
            (0.01120689655, -0.008260869565, 3.839290999e-05),
            (0.01210344828, -0.008260869565, 3.128340944e-05),
            (0.013, -0.008260869565, 1.225162802e-05),
            (-0.013, -0.007391304348, -2.285701192e-05),
            (-0.01210344828, -0.007391304348, -5.836328537e-05),
            (-0.01120689655, -0.007391304348, -7.162698702e-05),
            (-0.01031034483, -0.007391304348, -5.759324661e-05),
            (-0.009413793103, -0.007391304348, -2.161040046e-05),
            (-0.008517241379, -0.007391304348, 3.360417805e-05),
            (-0.007620689655, -0.007391304348, 0.0001077322881),
            (-0.006724137931, -0.007391304348, 0.0001553953079),
            (-0.005827586207, -0.007391304348, 0.0001714795354),
            (-0.004931034483, -0.007391304348, 0.0001612747538),
            (-0.004034482759, -0.007391304348, 0.0001384582664),
            (-0.003137931034, -0.007391304348, 0.0001198824),
            (-0.00224137931, -0.007391304348, 0.0001191519898),
            (-0.001344827586, -0.007391304348, 0.0001414395014),
            (-0.0004482758621, -0.007391304348, 0.0001815137752),
            (0.0004482758621, -0.007391304348, 0.0002257336506),
            (0.001344827586, -0.007391304348, 0.0002572466878),
            (0.00224137931, -0.007391304348, 0.0002624117261),
            (0.003137931034, -0.007391304348, 0.000235997606),
            (0.004034482759, -0.007391304348, 0.0001831767931),
            (0.004931034483, -0.007391304348, 0.0001175541226),
            (0.005827586207, -0.007391304348, 5.598192131e-05),
            (0.006724137931, -0.007391304348, 1.21374924e-05),
            (0.007620689655, -0.007391304348, -8.689380748e-06),
            (0.008517241379, -0.007391304348, -1.161240032e-05),
            (0.009413793103, -0.007391304348, 2.161040046e-05),
            (0.01031034483, -0.007391304348, 5.759324661e-05),
            (0.01120689655, -0.007391304348, 7.162698702e-05),
            (0.01210344828, -0.007391304348, 5.836328537e-05),
            (0.013, -0.007391304348, 2.285701192e-05),
            (-0.013, -0.00652173913, -2.525190749e-05),
            (-0.01210344828, -0.00652173913, -6.447843172e-05),
            (-0.01120689655, -0.00652173913, -7.913186798e-05),
            (-0.01031034483, -0.00652173913, -6.36277104e-05),
            (-0.009413793103, -0.00652173913, -1.242629668e-06),
            (-0.008517241379, -0.00652173913, 9.041535716e-05),
            (-0.007620689655, -0.00652173913, 0.0001682738051),
            (-0.006724137931, -0.00652173913, 0.0002173427342),
            (-0.005827586207, -0.00652173913, 0.0002319726424),
            (-0.004931034483, -0.00652173913, 0.0002180075623),
            (-0.004034482759, -0.00652173913, 0.0001905578677),
            (-0.003137931034, -0.00652173913, 0.0001682416263),
            (-0.00224137931, -0.00652173913, 0.000166089151),
            (-0.001344827586, -0.00652173913, 0.0001898148644),
            (-0.0004482758621, -0.00652173913, 0.0002336395001),
            (0.0004482758621, -0.00652173913, 0.0002824926138),
            (0.001344827586, -0.00652173913, 0.0003177560129),
            (0.00224137931, -0.00652173913, 0.0003243592529),
            (0.003137931034, -0.00652173913, 0.0002965230678),
            (0.004034482759, -0.00652173913, 0.00023996188),
            (0.004931034483, -0.00652173913, 0.0001697060022),
            (0.005827586207, -0.00652173913, 0.0001043735024),
            (0.006724137931, -0.00652173913, 5.907475424e-05),
            (0.007620689655, -0.00652173913, 3.965379034e-05),
            (0.008517241379, -0.00652173913, 4.046110865e-05),
            (0.009413793103, -0.00652173913, 4.650672925e-05),
            (0.01031034483, -0.00652173913, 6.36277104e-05),
            (0.01120689655, -0.00652173913, 7.913186798e-05),
            (0.01210344828, -0.00652173913, 6.447843172e-05),
            (0.013, -0.00652173913, 2.525190749e-05),
            (-0.013, -0.005652173913, -1.857604207e-05),
            (-0.01210344828, -0.005652173913, -4.743222115e-05),
            (-0.01120689655, -0.005652173913, -5.821171765e-05),
            (-0.01031034483, -0.005652173913, -2.362410625e-05),
            (-0.009413793103, -0.005652173913, 5.2706188e-05),
            (-0.008517241379, -0.005652173913, 0.0001314491874),
            (-0.007620689655, -0.005652173913, 0.000198909172),
            (-0.006724137931, -0.005652173913, 0.0002440590739),
            (-0.005827586207, -0.005652173913, 0.000262742954),
            (-0.004931034483, -0.005652173913, 0.0002592598538),
            (-0.004034482759, -0.005652173913, 0.0002447254063),
            (-0.003137931034, -0.005652173913, 0.000232835607),
            (-0.00224137931, -0.005652173913, 0.0002346471939),
            (-0.001344827586, -0.005652173913, 0.0002543638633),
            (-0.0004482758621, -0.005652173913, 0.000287734218),
            (0.0004482758621, -0.005652173913, 0.000323671998),
            (0.001344827586, -0.005652173913, 0.000348481116),
            (0.00224137931, -0.005652173913, 0.0003510753122),
            (0.003137931034, -0.005652173913, 0.0003272031892),
            (0.004034482759, -0.005652173913, 0.0002810684434),
            (0.004931034483, -0.005652173913, 0.0002237278128),
            (0.005827586207, -0.005652173913, 0.0001688772928),
            (0.006724137931, -0.005652173913, 0.0001276325166),
            (0.007620689655, -0.005652173913, 0.0001042925255),
            (0.008517241379, -0.005652173913, 9.470138046e-05),
            (0.009413793103, -0.005652173913, 8.783201367e-05),
            (0.01031034483, -0.005652173913, 6.998870506e-05),
            (0.01120689655, -0.005652173913, 5.821171765e-05),
            (0.01210344828, -0.005652173913, 4.743222115e-05),
            (0.013, -0.005652173913, 1.857604207e-05),
            (-0.013, -0.004782608696, -5.227459448e-06),
            (-0.01210344828, -0.004782608696, -1.334783866e-05),
            (-0.01120689655, -0.004782608696, -3.734644826e-06),
            (-0.01031034483, -0.004782608696, 5.084232869e-05),
            (-0.009413793103, -0.004782608696, 0.0001061585028),
            (-0.008517241379, -0.004782608696, 0.0001590776179),
            (-0.007620689655, -0.004782608696, 0.0002057455795),
            (-0.006724137931, -0.004782608696, 0.0002430592751),
            (-0.005827586207, -0.004782608696, 0.0002698491873),
            (-0.004931034483, -0.004782608696, 0.0002873251037),
            (-0.004034482759, -0.004782608696, 0.0002986150599),
            (-0.003137931034, -0.004782608696, 0.0003075732278),
            (-0.00224137931, -0.004782608696, 0.0003173110696),
            (-0.001344827586, -0.004782608696, 0.0003290115418),
            (-0.0004482758621, -0.004782608696, 0.0003414782644),
            (0.0004482758621, -0.004782608696, 0.0003515914676),
            (0.001344827586, -0.004782608696, 0.0003554969535),
            (0.00224137931, -0.004782608696, 0.0003500749525),
            (0.003137931034, -0.004782608696, 0.0003341290844),
            (0.004034482759, -0.004782608696, 0.0003088423059),
            (0.004931034483, -0.004782608696, 0.000277326079),
            (0.005827586207, -0.004782608696, 0.0002434345756),
            (0.006724137931, -0.004782608696, 0.0002102958315),
            (0.007620689655, -0.004782608696, 0.0001791196341),
            (0.008517241379, -0.004782608696, 0.0001487364661),
            (0.009413793103, -0.004782608696, 0.000116043215),
            (0.01031034483, -0.004782608696, 7.718578619e-05),
            (0.01120689655, -0.004782608696, 2.902792023e-05),
            (0.01210344828, -0.004782608696, 1.334783866e-05),
            (0.013, -0.004782608696, 5.227459448e-06),
            (-0.013, -0.003913043478, 9.998883704e-06),
            (-0.01210344828, -0.003913043478, 2.553123326e-05),
            (-0.01120689655, -0.003913043478, 7.800659093e-05),
            (-0.01031034483, -0.003913043478, 0.0001232348994),
            (-0.009413793103, -0.003913043478, 0.0001545808728),
            (-0.008517241379, -0.003913043478, 0.000178043428),
            (-0.007620689655, -0.003913043478, 0.0002009945288),
            (-0.006724137931, -0.003913043478, 0.0002293696899),
            (-0.005827586207, -0.003913043478, 0.000265405919),
            (-0.004931034483, -0.003913043478, 0.0003067891811),
            (-0.004034482759, -0.003913043478, 0.0003475362897),
            (-0.003137931034, -0.003913043478, 0.0003802751325),
            (-0.00224137931, -0.003913043478, 0.0003990542246),
            (-0.001344827586, -0.003913043478, 0.0004016108519),
            (-0.0004482758621, -0.003913043478, 0.0003902334044),
            (0.0004482758621, -0.003913043478, 0.0003708892577),
            (0.001344827586, -0.003913043478, 0.0003509505735),
            (0.00224137931, -0.003913043478, 0.0003363847275),
            (0.003137931034, -0.003913043478, 0.0003294801098),
            (0.004034482759, -0.003913043478, 0.0003279740062),
            (0.004931034483, -0.003913043478, 0.0003259149316),
            (0.005827586207, -0.003913043478, 0.0003159307739),
            (0.006724137931, -0.003913043478, 0.0002920383467),
            (0.007620689655, -0.003913043478, 0.0002519236148),
            (0.008517241379, -0.003913043478, 0.000197823586),
            (0.009413793103, -0.003913043478, 0.0001356737749),
            (0.01031034483, -0.003913043478, 7.284614549e-05),
            (0.01120689655, -0.003913043478, 1.533961453e-05),
            (0.01210344828, -0.003913043478, -2.553123326e-05),
            (0.013, -0.003913043478, -9.998883704e-06),
            (-0.013, -0.003043478261, 2.163351862e-05),
            (-0.01210344828, -0.003043478261, 7.348544403e-05),
            (-0.01120689655, -0.003043478261, 0.0001416872025),
            (-0.01031034483, -0.003043478261, 0.0001797720818),
            (-0.009413793103, -0.003043478261, 0.0001928021319),
            (-0.008517241379, -0.003043478261, 0.0001937565695),
            (-0.007620689655, -0.003043478261, 0.000198585327),
            (-0.006724137931, -0.003043478261, 0.0002201304447),
            (-0.005827586207, -0.003043478261, 0.0002632318976),
            (-0.004931034483, -0.003043478261, 0.0003228830548),
            (-0.004034482759, -0.003043478261, 0.0003861387335),
            (-0.003137931034, -0.003043478261, 0.0004370486808),
            (-0.00224137931, -0.003043478261, 0.0004627363027),
            (-0.001344827586, -0.003043478261, 0.0004583060064),
            (-0.0004482758621, -0.003043478261, 0.0004287089369),
            (0.0004482758621, -0.003043478261, 0.0003868560692),
            (0.001344827586, -0.003043478261, 0.0003486977631),
            (0.00224137931, -0.003043478261, 0.0003271449935),
            (0.003137931034, -0.003043478261, 0.0003271489056),
            (0.004034482759, -0.003043478261, 0.0003438139064),
            (0.004931034483, -0.003043478261, 0.000364263402),
            (0.005827586207, -0.003043478261, 0.0003725471394),
            (0.006724137931, -0.003043478261, 0.000355719936),
            (0.007620689655, -0.003043478261, 0.0003087751606),
            (0.008517241379, -0.003043478261, 0.0002365527886),
            (0.009413793103, -0.003043478261, 0.00015189486),
            (0.01031034483, -0.003043478261, 7.075130717e-05),
            (0.01120689655, -0.003043478261, 6.101347026e-06),
            (0.01210344828, -0.003043478261, -3.699297063e-05),
            (0.013, -0.003043478261, -2.163351862e-05),
            (-0.013, -0.002173913043, 2.549715735e-05),
            (-0.01210344828, -0.002173913043, 0.0001037667705),
            (-0.01120689655, -0.002173913043, 0.0001742105609),
            (-0.01031034483, -0.002173913043, 0.0002099232447),
            (-0.009413793103, -0.002173913043, 0.0002168709284),
            (-0.008517241379, -0.002173913043, 0.0002103508527),
            (-0.007620689655, -0.002173913043, 0.0002091615282),
            (-0.006724137931, -0.002173913043, 0.0002284385196),
            (-0.005827586207, -0.002173913043, 0.0002738861976),
            (-0.004931034483, -0.002173913043, 0.0003396037718),
            (-0.004034482759, -0.002173913043, 0.0004103341143),
            (-0.003137931034, -0.002173913043, 0.0004672783362),
            (-0.00224137931, -0.002173913043, 0.0004952601482),
            (-0.001344827586, -0.002173913043, 0.0004885096287),
            (-0.0004482758621, -0.002173913043, 0.0004528621729),
            (0.0004482758621, -0.002173913043, 0.0004035345913),
            (0.001344827586, -0.002173913043, 0.0003593258988),
            (0.00224137931, -0.002173913043, 0.0003354529061),
            (0.003137931034, -0.002173913043, 0.0003377510082),
            (0.004034482759, -0.002173913043, 0.0003604502836),
            (0.004931034483, -0.002173913043, 0.000388374443),
            (0.005827586207, -0.002173913043, 0.0004027245974),
            (0.006724137931, -0.002173913043, 0.0003882436191),
            (0.007620689655, -0.002173913043, 0.0003390307175),
            (0.008517241379, -0.002173913043, 0.0002607902634),
            (0.009413793103, -0.002173913043, 0.0001686578214),
            (0.01031034483, -0.002173913043, 8.143190235e-05),
            (0.01120689655, -0.002173913043, 1.440974661e-05),
            (0.01210344828, -0.002173913043, -2.644253907e-05),
            (0.013, -0.002173913043, -2.549715735e-05),
            (-0.013, -0.001304347826, 2.020193868e-05),
            (-0.01210344828, -0.001304347826, 0.0001038565009),
            (-0.01120689655, -0.001304347826, 0.0001712275274),
            (-0.01031034483, -0.001304347826, 0.0002101913677),
            (-0.009413793103, -0.001304347826, 0.0002254750947),
            (-0.008517241379, -0.001304347826, 0.0002291990365),
            (-0.007620689655, -0.001304347826, 0.0002362576519),
            (-0.006724137931, -0.001304347826, 0.0002586431701),
            (-0.005827586207, -0.001304347826, 0.0003008752848),
            (-0.004931034483, -0.001304347826, 0.0003582786747),
            (-0.004034482759, -0.001304347826, 0.0004187647936),
            (-0.003137931034, -0.001304347826, 0.0004674388831),
            (-0.00224137931, -0.001304347826, 0.0004922764472),
            (-0.001344827586, -0.001304347826, 0.0004887058546),
            (-0.0004482758621, -0.001304347826, 0.0004613506128),
            (0.0004482758621, -0.001304347826, 0.0004222673234),
            (0.001344827586, -0.001304347826, 0.0003863508449),
            (0.00224137931, -0.001304347826, 0.0003656577791),
            (0.003137931034, -0.001304347826, 0.0003648116333),
            (0.004034482759, -0.001304347826, 0.0003792407763),
            (0.004931034483, -0.001304347826, 0.0003969207121),
            (0.005827586207, -0.001304347826, 0.0004029566822),
            (0.006724137931, -0.001304347826, 0.0003852601406),
            (0.007620689655, -0.001304347826, 0.0003391557658),
            (0.008517241379, -0.001304347826, 0.0002691632517),
            (0.009413793103, -0.001304347826, 0.0001872748272),
            (0.01031034483, -0.001304347826, 0.0001083849513),
            (0.01120689655, -0.001304347826, 4.461395215e-05),
            (0.01210344828, -0.001304347826, 6.889025791e-07),
            (0.013, -0.001304347826, -2.020193868e-05),
            (-0.013, -0.0004347826087, 7.649962979e-06),
            (-0.01210344828, -0.0004347826087, 7.861147417e-05),
            (-0.01120689655, -0.0004347826087, 0.0001386987113),
            (-0.01031034483, -0.0004347826087, 0.0001853692094),
            (-0.009413793103, -0.0004347826087, 0.0002204129913),
            (-0.008517241379, -0.0004347826087, 0.0002484197186),
            (-0.007620689655, -0.0004347826087, 0.0002750295459),
            (-0.006724137931, -0.0004347826087, 0.000304783627),
            (-0.005827586207, -0.0004347826087, 0.0003393934555),
            (-0.004931034483, -0.0004347826087, 0.0003770886055),
            (-0.004034482759, -0.0004347826087, 0.0004132914506),
            (-0.003137931034, -0.0004347826087, 0.0004423617225),
            (-0.00224137931, -0.0004347826087, 0.000459746049),
            (-0.001344827586, -0.0004347826087, 0.0004637132688),
            (-0.0004482758621, -0.0004347826087, 0.0004560141874),
            (0.0004482758621, -0.0004347826087, 0.0004412143347),
            (0.001344827586, -0.0004347826087, 0.0004249540167),
            (0.00224137931, -0.0004347826087, 0.0004117987633),
            (0.003137931034, -0.0004347826087, 0.0004034993799),
            (0.004034482759, -0.0004347826087, 0.0003983247054),
            (0.004931034483, -0.0004347826087, 0.0003917213673),
            (0.005827586207, -0.0004347826087, 0.0003780490976),
            (0.006724137931, -0.0004347826087, 0.0003527302697),
            (0.007620689655, -0.0004347826087, 0.0003139944578),
            (0.008517241379, -0.0004347826087, 0.0002635531556),
            (0.009413793103, -0.0004347826087, 0.0002059475166),
            (0.01031034483, -0.0004347826087, 0.0001468176957),
            (0.01120689655, -0.0004347826087, 9.075335425e-05),
            (0.01210344828, -0.0004347826087, 3.95445153e-05),
            (0.013, -0.0004347826087, -7.649962979e-06),
            (-0.013, 0.0004347826087, -7.649962979e-06),
            (-0.01210344828, 0.0004347826087, 3.95445153e-05),
            (-0.01120689655, 0.0004347826087, 9.075335425e-05),
            (-0.01031034483, 0.0004347826087, 0.0001468176957),
            (-0.009413793103, 0.0004347826087, 0.0002059475166),
            (-0.008517241379, 0.0004347826087, 0.0002635531556),
            (-0.007620689655, 0.0004347826087, 0.0003139944578),
            (-0.006724137931, 0.0004347826087, 0.0003527302697),
            (-0.005827586207, 0.0004347826087, 0.0003780490976),
            (-0.004931034483, 0.0004347826087, 0.0003917213673),
            (-0.004034482759, 0.0004347826087, 0.0003983247054),
            (-0.003137931034, 0.0004347826087, 0.0004034993799),
            (-0.00224137931, 0.0004347826087, 0.0004117987633),
            (-0.001344827586, 0.0004347826087, 0.0004249540167),
            (-0.0004482758621, 0.0004347826087, 0.0004412143347),
            (0.0004482758621, 0.0004347826087, 0.0004560141874),
            (0.001344827586, 0.0004347826087, 0.0004637132688),
            (0.00224137931, 0.0004347826087, 0.000459746049),
            (0.003137931034, 0.0004347826087, 0.0004423617225),
            (0.004034482759, 0.0004347826087, 0.0004132914506),
            (0.004931034483, 0.0004347826087, 0.0003770886055),
            (0.005827586207, 0.0004347826087, 0.0003393934555),
            (0.006724137931, 0.0004347826087, 0.000304783627),
            (0.007620689655, 0.0004347826087, 0.0002750295459),
            (0.008517241379, 0.0004347826087, 0.0002484197186),
            (0.009413793103, 0.0004347826087, 0.0002204129913),
            (0.01031034483, 0.0004347826087, 0.0001853692094),
            (0.01120689655, 0.0004347826087, 0.0001386987113),
            (0.01210344828, 0.0004347826087, 7.861147417e-05),
            (0.013, 0.0004347826087, 7.649962979e-06),
            (-0.013, 0.001304347826, -2.020193868e-05),
            (-0.01210344828, 0.001304347826, 6.889025791e-07),
            (-0.01120689655, 0.001304347826, 4.461395215e-05),
            (-0.01031034483, 0.001304347826, 0.0001083849513),
            (-0.009413793103, 0.001304347826, 0.0001872748272),
            (-0.008517241379, 0.001304347826, 0.0002691632517),
            (-0.007620689655, 0.001304347826, 0.0003391557658),
            (-0.006724137931, 0.001304347826, 0.0003852601406),
            (-0.005827586207, 0.001304347826, 0.0004029566822),
            (-0.004931034483, 0.001304347826, 0.0003969207121),
            (-0.004034482759, 0.001304347826, 0.0003792407763),
            (-0.003137931034, 0.001304347826, 0.0003648116333),
            (-0.00224137931, 0.001304347826, 0.0003656577791),
            (-0.001344827586, 0.001304347826, 0.0003863508449),
            (-0.0004482758621, 0.001304347826, 0.0004222673234),
            (0.0004482758621, 0.001304347826, 0.0004613506128),
            (0.001344827586, 0.001304347826, 0.0004887058546),
            (0.00224137931, 0.001304347826, 0.0004922764472),
            (0.003137931034, 0.001304347826, 0.0004674388831),
            (0.004034482759, 0.001304347826, 0.0004187647936),
            (0.004931034483, 0.001304347826, 0.0003582786747),
            (0.005827586207, 0.001304347826, 0.0003008752848),
            (0.006724137931, 0.001304347826, 0.0002586431701),
            (0.007620689655, 0.001304347826, 0.0002362576519),
            (0.008517241379, 0.001304347826, 0.0002291990365),
            (0.009413793103, 0.001304347826, 0.0002254750947),
            (0.01031034483, 0.001304347826, 0.0002101913677),
            (0.01120689655, 0.001304347826, 0.0001712275274),
            (0.01210344828, 0.001304347826, 0.0001038565009),
            (0.013, 0.001304347826, 2.020193868e-05),
            (-0.013, 0.002173913043, -2.549715735e-05),
            (-0.01210344828, 0.002173913043, -2.644253907e-05),
            (-0.01120689655, 0.002173913043, 1.440974661e-05),
            (-0.01031034483, 0.002173913043, 8.143190235e-05),
            (-0.009413793103, 0.002173913043, 0.0001686578214),
            (-0.008517241379, 0.002173913043, 0.0002607902634),
            (-0.007620689655, 0.002173913043, 0.0003390307175),
            (-0.006724137931, 0.002173913043, 0.0003882436191),
            (-0.005827586207, 0.002173913043, 0.0004027245974),
            (-0.004931034483, 0.002173913043, 0.000388374443),
            (-0.004034482759, 0.002173913043, 0.0003604502836),
            (-0.003137931034, 0.002173913043, 0.0003377510082),
            (-0.00224137931, 0.002173913043, 0.0003354529061),
            (-0.001344827586, 0.002173913043, 0.0003593258988),
            (-0.0004482758621, 0.002173913043, 0.0004035345913),
            (0.0004482758621, 0.002173913043, 0.0004528621729),
            (0.001344827586, 0.002173913043, 0.0004885096287),
            (0.00224137931, 0.002173913043, 0.0004952601482),
            (0.003137931034, 0.002173913043, 0.0004672783362),
            (0.004034482759, 0.002173913043, 0.0004103341143),
            (0.004931034483, 0.002173913043, 0.0003396037718),
            (0.005827586207, 0.002173913043, 0.0002738861976),
            (0.006724137931, 0.002173913043, 0.0002284385196),
            (0.007620689655, 0.002173913043, 0.0002091615282),
            (0.008517241379, 0.002173913043, 0.0002103508527),
            (0.009413793103, 0.002173913043, 0.0002168709284),
            (0.01031034483, 0.002173913043, 0.0002099232447),
            (0.01120689655, 0.002173913043, 0.0001742105609),
            (0.01210344828, 0.002173913043, 0.0001037667705),
            (0.013, 0.002173913043, 2.549715735e-05),
            (-0.013, 0.003043478261, -2.163351862e-05),
            (-0.01210344828, 0.003043478261, -3.699297063e-05),
            (-0.01120689655, 0.003043478261, 6.101347026e-06),
            (-0.01031034483, 0.003043478261, 7.075130717e-05),
            (-0.009413793103, 0.003043478261, 0.00015189486),
            (-0.008517241379, 0.003043478261, 0.0002365527886),
            (-0.007620689655, 0.003043478261, 0.0003087751606),
            (-0.006724137931, 0.003043478261, 0.000355719936),
            (-0.005827586207, 0.003043478261, 0.0003725471394),
            (-0.004931034483, 0.003043478261, 0.000364263402),
            (-0.004034482759, 0.003043478261, 0.0003438139064),
            (-0.003137931034, 0.003043478261, 0.0003271489056),
            (-0.00224137931, 0.003043478261, 0.0003271449935),
            (-0.001344827586, 0.003043478261, 0.0003486977631),
            (-0.0004482758621, 0.003043478261, 0.0003868560692),
            (0.0004482758621, 0.003043478261, 0.0004287089369),
            (0.001344827586, 0.003043478261, 0.0004583060064),
            (0.00224137931, 0.003043478261, 0.0004627363027),
            (0.003137931034, 0.003043478261, 0.0004370486808),
            (0.004034482759, 0.003043478261, 0.0003861387335),
            (0.004931034483, 0.003043478261, 0.0003228830548),
            (0.005827586207, 0.003043478261, 0.0002632318976),
            (0.006724137931, 0.003043478261, 0.0002201304447),
            (0.007620689655, 0.003043478261, 0.000198585327),
            (0.008517241379, 0.003043478261, 0.0001937565695),
            (0.009413793103, 0.003043478261, 0.0001928021319),
            (0.01031034483, 0.003043478261, 0.0001797720818),
            (0.01120689655, 0.003043478261, 0.0001416872025),
            (0.01210344828, 0.003043478261, 7.348544403e-05),
            (0.013, 0.003043478261, 2.163351862e-05),
            (-0.013, 0.003913043478, -9.998883704e-06),
            (-0.01210344828, 0.003913043478, -2.553123326e-05),
            (-0.01120689655, 0.003913043478, 1.533961453e-05),
            (-0.01031034483, 0.003913043478, 7.284614549e-05),
            (-0.009413793103, 0.003913043478, 0.0001356737749),
            (-0.008517241379, 0.003913043478, 0.000197823586),
            (-0.007620689655, 0.003913043478, 0.0002519236148),
            (-0.006724137931, 0.003913043478, 0.0002920383467),
            (-0.005827586207, 0.003913043478, 0.0003159307739),
            (-0.004931034483, 0.003913043478, 0.0003259149316),
            (-0.004034482759, 0.003913043478, 0.0003279740062),
            (-0.003137931034, 0.003913043478, 0.0003294801098),
            (-0.00224137931, 0.003913043478, 0.0003363847275),
            (-0.001344827586, 0.003913043478, 0.0003509505735),
            (-0.0004482758621, 0.003913043478, 0.0003708892577),
            (0.0004482758621, 0.003913043478, 0.0003902334044),
            (0.001344827586, 0.003913043478, 0.0004016108519),
            (0.00224137931, 0.003913043478, 0.0003990542246),
            (0.003137931034, 0.003913043478, 0.0003802751325),
            (0.004034482759, 0.003913043478, 0.0003475362897),
            (0.004931034483, 0.003913043478, 0.0003067891811),
            (0.005827586207, 0.003913043478, 0.000265405919),
            (0.006724137931, 0.003913043478, 0.0002293696899),
            (0.007620689655, 0.003913043478, 0.0002009945288),
            (0.008517241379, 0.003913043478, 0.000178043428),
            (0.009413793103, 0.003913043478, 0.0001545808728),
            (0.01031034483, 0.003913043478, 0.0001232348994),
            (0.01120689655, 0.003913043478, 7.800659093e-05),
            (0.01210344828, 0.003913043478, 2.553123326e-05),
            (0.013, 0.003913043478, 9.998883704e-06),
            (-0.013, 0.004782608696, 5.227459448e-06),
            (-0.01210344828, 0.004782608696, 1.334783866e-05),
            (-0.01120689655, 0.004782608696, 2.902792023e-05),
            (-0.01031034483, 0.004782608696, 7.718578619e-05),
            (-0.009413793103, 0.004782608696, 0.000116043215),
            (-0.008517241379, 0.004782608696, 0.0001487364661),
            (-0.007620689655, 0.004782608696, 0.0001791196341),
            (-0.006724137931, 0.004782608696, 0.0002102958315),
            (-0.005827586207, 0.004782608696, 0.0002434345756),
            (-0.004931034483, 0.004782608696, 0.000277326079),
            (-0.004034482759, 0.004782608696, 0.0003088423059),
            (-0.003137931034, 0.004782608696, 0.0003341290844),
            (-0.00224137931, 0.004782608696, 0.0003500749525),
            (-0.001344827586, 0.004782608696, 0.0003554969535),
            (-0.0004482758621, 0.004782608696, 0.0003515914676),
            (0.0004482758621, 0.004782608696, 0.0003414782644),
            (0.001344827586, 0.004782608696, 0.0003290115418),
            (0.00224137931, 0.004782608696, 0.0003173110696),
            (0.003137931034, 0.004782608696, 0.0003075732278),
            (0.004034482759, 0.004782608696, 0.0002986150599),
            (0.004931034483, 0.004782608696, 0.0002873251037),
            (0.005827586207, 0.004782608696, 0.0002698491873),
            (0.006724137931, 0.004782608696, 0.0002430592751),
            (0.007620689655, 0.004782608696, 0.0002057455795),
            (0.008517241379, 0.004782608696, 0.0001590776179),
            (0.009413793103, 0.004782608696, 0.0001061585028),
            (0.01031034483, 0.004782608696, 5.084232869e-05),
            (0.01120689655, 0.004782608696, -3.734644826e-06),
            (0.01210344828, 0.004782608696, -1.334783866e-05),
            (0.013, 0.004782608696, -5.227459448e-06),
            (-0.013, 0.005652173913, 1.857604207e-05),
            (-0.01210344828, 0.005652173913, 4.743222115e-05),
            (-0.01120689655, 0.005652173913, 5.821171765e-05),
            (-0.01031034483, 0.005652173913, 6.998870506e-05),
            (-0.009413793103, 0.005652173913, 8.783201367e-05),
            (-0.008517241379, 0.005652173913, 9.470138046e-05),
            (-0.007620689655, 0.005652173913, 0.0001042925255),
            (-0.006724137931, 0.005652173913, 0.0001276325166),
            (-0.005827586207, 0.005652173913, 0.0001688772928),
            (-0.004931034483, 0.005652173913, 0.0002237278128),
            (-0.004034482759, 0.005652173913, 0.0002810684434),
            (-0.003137931034, 0.005652173913, 0.0003272031892),
            (-0.00224137931, 0.005652173913, 0.0003510753122),
            (-0.001344827586, 0.005652173913, 0.000348481116),
            (-0.0004482758621, 0.005652173913, 0.000323671998),
            (0.0004482758621, 0.005652173913, 0.000287734218),
            (0.001344827586, 0.005652173913, 0.0002543638633),
            (0.00224137931, 0.005652173913, 0.0002346471939),
            (0.003137931034, 0.005652173913, 0.000232835607),
            (0.004034482759, 0.005652173913, 0.0002447254063),
            (0.004931034483, 0.005652173913, 0.0002592598538),
            (0.005827586207, 0.005652173913, 0.000262742954),
            (0.006724137931, 0.005652173913, 0.0002440590739),
            (0.007620689655, 0.005652173913, 0.000198909172),
            (0.008517241379, 0.005652173913, 0.0001314491874),
            (0.009413793103, 0.005652173913, 5.2706188e-05),
            (0.01031034483, 0.005652173913, -2.362410625e-05),
            (0.01120689655, 0.005652173913, -5.821171765e-05),
            (0.01210344828, 0.005652173913, -4.743222115e-05),
            (0.013, 0.005652173913, -1.857604207e-05),
            (-0.013, 0.00652173913, 2.525190749e-05),
            (-0.01210344828, 0.00652173913, 6.447843172e-05),
            (-0.01120689655, 0.00652173913, 7.913186798e-05),
            (-0.01031034483, 0.00652173913, 6.36277104e-05),
            (-0.009413793103, 0.00652173913, 4.650672925e-05),
            (-0.008517241379, 0.00652173913, 4.046110865e-05),
            (-0.007620689655, 0.00652173913, 3.965379034e-05),
            (-0.006724137931, 0.00652173913, 5.907475424e-05),
            (-0.005827586207, 0.00652173913, 0.0001043735024),
            (-0.004931034483, 0.00652173913, 0.0001697060022),
            (-0.004034482759, 0.00652173913, 0.00023996188),
            (-0.003137931034, 0.00652173913, 0.0002965230678),
            (-0.00224137931, 0.00652173913, 0.0003243592529),
            (-0.001344827586, 0.00652173913, 0.0003177560129),
            (-0.0004482758621, 0.00652173913, 0.0002824926138),
            (0.0004482758621, 0.00652173913, 0.0002336395001),
            (0.001344827586, 0.00652173913, 0.0001898148644),
            (0.00224137931, 0.00652173913, 0.000166089151),
            (0.003137931034, 0.00652173913, 0.0001682416263),
            (0.004034482759, 0.00652173913, 0.0001905578677),
            (0.004931034483, 0.00652173913, 0.0002180075623),
            (0.005827586207, 0.00652173913, 0.0002319726424),
            (0.006724137931, 0.00652173913, 0.0002173427342),
            (0.007620689655, 0.00652173913, 0.0001682738051),
            (0.008517241379, 0.00652173913, 9.041535716e-05),
            (0.009413793103, 0.00652173913, -1.242629668e-06),
            (0.01031034483, 0.00652173913, -6.36277104e-05),
            (0.01120689655, 0.00652173913, -7.913186798e-05),
            (0.01210344828, 0.00652173913, -6.447843172e-05),
            (0.013, 0.00652173913, -2.525190749e-05),
            (-0.013, 0.007391304348, 2.285701192e-05),
            (-0.01210344828, 0.007391304348, 5.836328537e-05),
            (-0.01120689655, 0.007391304348, 7.162698702e-05),
            (-0.01031034483, 0.007391304348, 5.759324661e-05),
            (-0.009413793103, 0.007391304348, 2.161040046e-05),
            (-0.008517241379, 0.007391304348, -1.161240032e-05),
            (-0.007620689655, 0.007391304348, -8.689380748e-06),
            (-0.006724137931, 0.007391304348, 1.21374924e-05),
            (-0.005827586207, 0.007391304348, 5.598192131e-05),
            (-0.004931034483, 0.007391304348, 0.0001175541226),
            (-0.004034482759, 0.007391304348, 0.0001831767931),
            (-0.003137931034, 0.007391304348, 0.000235997606),
            (-0.00224137931, 0.007391304348, 0.0002624117261),
            (-0.001344827586, 0.007391304348, 0.0002572466878),
            (-0.0004482758621, 0.007391304348, 0.0002257336506),
            (0.0004482758621, 0.007391304348, 0.0001815137752),
            (0.001344827586, 0.007391304348, 0.0001414395014),
            (0.00224137931, 0.007391304348, 0.0001191519898),
            (0.003137931034, 0.007391304348, 0.0001198824),
            (0.004034482759, 0.007391304348, 0.0001384582664),
            (0.004931034483, 0.007391304348, 0.0001612747538),
            (0.005827586207, 0.007391304348, 0.0001714795354),
            (0.006724137931, 0.007391304348, 0.0001553953079),
            (0.007620689655, 0.007391304348, 0.0001077322881),
            (0.008517241379, 0.007391304348, 3.360417805e-05),
            (0.009413793103, 0.007391304348, -2.161040046e-05),
            (0.01031034483, 0.007391304348, -5.759324661e-05),
            (0.01120689655, 0.007391304348, -7.162698702e-05),
            (0.01210344828, 0.007391304348, -5.836328537e-05),
            (0.013, 0.007391304348, -2.285701192e-05),
            (-0.013, 0.008260869565, 1.225162802e-05),
            (-0.01210344828, 0.008260869565, 3.128340944e-05),
            (-0.01120689655, 0.008260869565, 3.839290999e-05),
            (-0.01031034483, 0.008260869565, 3.087065959e-05),
            (-0.009413793103, 0.008260869565, 1.158342957e-05),
            (-0.008517241379, 0.008260869565, -1.21183097e-05),
            (-0.007620689655, 0.008260869565, -3.120169393e-05),
            (-0.006724137931, 0.008260869565, -1.587517642e-05),
            (-0.005827586207, 0.008260869565, 2.152904948e-05),
            (-0.004931034483, 0.008260869565, 6.644941411e-05),
            (-0.004034482759, 0.008260869565, 0.0001115547216),
            (-0.003137931034, 0.008260869565, 0.000147811926),
            (-0.00224137931, 0.008260869565, 0.0001679286752),
            (-0.001344827586, 0.008260869565, 0.0001691324665),
            (-0.0004482758621, 0.008260869565, 0.0001542272633),
            (0.0004482758621, 0.008260869565, 0.0001305248884),
            (0.001344827586, 0.008260869565, 0.0001070584485),
            (0.00224137931, 0.008260869565, 9.113976659e-05),
            (0.003137931034, 0.008260869565, 8.557280587e-05),
            (0.004034482759, 0.008260869565, 8.758506381e-05),
            (0.004931034483, 0.008260869565, 8.988418821e-05),
            (0.005827586207, 0.008260869565, 8.343713309e-05),
            (0.006724137931, 0.008260869565, 6.091270264e-05),
            (0.007620689655, 0.008260869565, 3.120169393e-05),
            (0.008517241379, 0.008260869565, 1.21183097e-05),
            (0.009413793103, 0.008260869565, -1.158342957e-05),
            (0.01031034483, 0.008260869565, -3.087065959e-05),
            (0.01120689655, 0.008260869565, -3.839290999e-05),
            (0.01210344828, 0.008260869565, -3.128340944e-05),
            (0.013, 0.008260869565, -1.225162802e-05),
            (-0.013, 0.009130434783, -2.754674478e-06),
            (-0.01210344828, 0.009130434783, -7.033808845e-06),
            (-0.01120689655, 0.009130434783, -8.632319646e-06),
            (-0.01031034483, 0.009130434783, -6.941005547e-06),
            (-0.009413793103, 0.009130434783, -2.604435733e-06),
            (-0.008517241379, 0.009130434783, 2.724698986e-06),
            (-0.007620689655, 0.009130434783, 7.015435807e-06),
            (-0.006724137931, 0.009130434783, 8.632551128e-06),
            (-0.005827586207, 0.009130434783, 6.95975333e-06),
            (-0.004931034483, 0.009130434783, 1.274842603e-05),
            (-0.004034482759, 0.009130434783, 2.88222757e-05),
            (-0.003137931034, 0.009130434783, 4.164246719e-05),
            (-0.00224137931, 0.009130434783, 5.284862397e-05),
            (-0.001344827586, 0.009130434783, 6.306411966e-05),
            (-0.0004482758621, 0.009130434783, 7.165850696e-05),
            (0.0004482758621, 0.009130434783, 7.698778458e-05),
            (0.001344827586, 0.009130434783, 7.702093526e-05),
            (0.00224137931, 0.009130434783, 7.011395771e-05),
            (0.003137931034, 0.009130434783, 5.563640461e-05),
            (0.004034482759, 0.009130434783, 3.421164962e-05),
            (0.004931034483, 0.009130434783, 7.479316167e-06),
            (0.005827586207, 0.009130434783, -6.95975333e-06),
            (0.006724137931, 0.009130434783, -8.632551128e-06),
            (0.007620689655, 0.009130434783, -7.015435807e-06),
            (0.008517241379, 0.009130434783, -2.724698986e-06),
            (0.009413793103, 0.009130434783, 2.604435733e-06),
            (0.01031034483, 0.009130434783, 6.941005547e-06),
            (0.01120689655, 0.009130434783, 8.632319646e-06),
            (0.01210344828, 0.009130434783, 7.033808845e-06),
            (0.013, 0.009130434783, 2.754674478e-06),
            (-0.013, 0.01, -1.677146782e-05),
            (-0.01210344828, 0.01, -4.282440617e-05),
            (-0.01120689655, 0.01, -5.255672578e-05),
            (-0.01031034483, 0.01, -4.225938567e-05),
            (-0.009413793103, 0.01, -1.585675928e-05),
            (-0.008517241379, 0.01, 1.658896604e-05),
            (-0.007620689655, 0.01, 4.271254438e-05),
            (-0.006724137931, 0.01, 5.255813513e-05),
            (-0.005827586207, 0.01, 4.237352905e-05),
            (-0.004931034483, 0.01, 1.604013601e-05),
            (-0.004034482759, 0.01, -1.640624184e-05),
            (-0.003137931034, 0.01, -4.260010992e-05),
            (-0.00224137931, 0.01, -5.255883981e-05),
            (-0.001344827586, 0.01, -4.248710431e-05),
            (-0.0004482758621, 0.01, -1.622329768e-05),
            (0.0004482758621, 0.01, 1.622329768e-05),
            (0.001344827586, 0.01, 4.248710431e-05),
            (0.00224137931, 0.01, 5.255883981e-05),
            (0.003137931034, 0.01, 4.260010992e-05),
            (0.004034482759, 0.01, 1.640624184e-05),
            (0.004931034483, 0.01, -1.604013601e-05),
            (0.005827586207, 0.01, -4.237352905e-05),
            (0.006724137931, 0.01, -5.255813513e-05),
            (0.007620689655, 0.01, -4.271254438e-05),
            (0.008517241379, 0.01, -1.658896604e-05),
            (0.009413793103, 0.01, 1.585675928e-05),
            (0.01031034483, 0.01, 4.225938567e-05),
            (0.01120689655, 0.01, 5.255672578e-05),
            (0.01210344828, 0.01, 4.282440617e-05),
            (0.013, 0.01, 1.677146782e-05)
        ]
        normal3f[] normals = [
            (-0.01667024353, 0.02837983646, 0.9994581972),
            (-0.01761971831, 0.04340721161, 0.998902077),
            (-0.002126027527, 0.04802927354, 0.9988436659),
            (0.01418516443, 0.0343724708, 0.999308418),
            (0.02510078309, 0.007596088046, 0.9996560659),
            (0.02643665485, -0.02208827968, 0.9994064294),
            (0.0176953195, -0.04332659753, 0.9989042405),
            (0.002225147268, -0.04805709246, 0.9988421119),
            (-0.01696833297, -0.03734213036, 0.9991584664),
            (-0.03113022011, -0.02541719786, 0.9991921114),
            (-0.03132740433, -0.01911939123, 0.9993262944),
            (-0.02143913842, -0.01625972683, 0.9996379268),
            (-0.00476166234, -0.02496720705, 0.9996769304),
            (0.01279614164, -0.04705752343, 0.9988102163),
            (0.02495852324, -0.07728739234, 0.9966964087),
            (0.02755523413, -0.1054392813, 0.9940438959),
            (0.02013727075, -0.1204351016, 0.9925169402),
            (0.006010816825, -0.1144624085, 0.9934093955),
            (-0.009063253296, -0.08553892391, 0.9962936063),
            (-0.01890021643, -0.03829858737, 0.9990875838),
            (-0.02363633209, 0.01283802272, 0.999638189),
            (-0.01792069984, 0.04308127539, 0.998910833),
            (-0.002522320154, 0.04813668918, 0.9988375729),
            (0.01384399747, 0.0348728426, 0.9992958664),
            (0.02494523564, 0.008299628407, 0.999654366),
            (0.02652630945, -0.02145079247, 0.9994179398),
            (0.01799534886, -0.04299834499, 0.9989130642),
            (0.002621311268, -0.04816193359, 0.9988361011),
            (-0.01375824013, -0.03499676851, 0.9992927184),
            (-0.02904301552, -0.01611041975, 0.9994483266),
            (0.001851451158, 0.02325384254, 0.9997278784),
            (-0.005132422272, 0.04073345315, 0.9991568666),
            (-0.002409225904, 0.04978639006, 0.998756983),
            (0.001226069192, 0.03989929204, 0.999202954),
            (0.004398184006, 0.01479323285, 0.999880901),
            (0.005897699728, -0.01597642733, 0.9998549749),
            (0.001952003345, -0.04379323729, 0.999038709),
            (-0.001807570125, -0.06685385365, 0.9977611412),
            (-0.009043619119, -0.07214932168, 0.9973528404),
            (-0.02050627423, -0.05832190632, 0.9980871946),
            (-0.02431865095, -0.03838044367, 0.9989672391),
            (-0.01942499607, -0.02411291819, 0.9995205034),
            (-0.01255996463, -0.0228094174, 0.9996609314),
            (-0.004755249097, -0.03801889597, 0.999265706),
            (0.002591468547, -0.0659711448, 0.997818166),
            (0.008245361836, -0.09702993005, 0.9952473093),
            (0.01163507593, -0.1195796832, 0.9927564275),
            (0.01308354815, -0.1245459461, 0.9921275765),
            (0.01363696545, -0.1084989821, 0.9940030201),
            (0.01464839428, -0.07474685094, 0.9970949467),
            (0.01084065096, -0.03026543516, 0.9994831083),
            (0.003287199744, 0.01295799569, 0.9999106383),
            (0.0007076538375, 0.04004675361, 0.9991975564),
            (0.001141088747, 0.04033112952, 0.9991857174),
            (0.004339403715, 0.01548867174, 0.9998706269),
            (0.005887756876, -0.01528337009, 0.9998658675),
            (0.005186051992, -0.04020263733, 0.9991780886),
            (0.002507919689, -0.0497910376, 0.9987565083),
            (-0.001119805145, -0.0404377392, 0.9991814326),
            (-0.01095693134, -0.02281862624, 0.9996795766),
            (0.02589632139, 0.01935958212, 0.9994771569),
            (0.01213423815, 0.03515944396, 0.9993080475),
            (-0.00238937028, 0.04395529223, 0.9990306418),
            (-0.01600417848, 0.03602096353, 0.9992228763),
            (-0.02508534651, 0.01281044065, 0.9996032303),
            (-0.0275213616, -0.02451871776, 0.9993204727),
            (-0.02634790309, -0.06499343412, 0.9975377895),
            (-0.02367395335, -0.08858709952, 0.9957870604),
            (-0.01079305207, -0.09683926007, 0.9952415123),
            (-0.000525417358, -0.08632802818, 0.9962666287),
            (0.0006407589122, -0.06157953625, 0.9981019738),
            (-0.00441356158, -0.03932679973, 0.9992166548),
            (-0.01414458, -0.03033260927, 0.9994397749),
            (-0.02301619622, -0.03806953652, 0.9990099925),
            (-0.02582168193, -0.0595514171, 0.9978912112),
            (-0.01969354474, -0.0864938343, 0.9960577197),
            (-0.005193953994, -0.1085730991, 0.9940748991),
            (0.01395649272, -0.1174732611, 0.9929779702),
            (0.03232019534, -0.1099175016, 0.9934150934),
            (0.0447489098, -0.08871869827, 0.9950510176),
            (0.04829964409, -0.06182219705, 0.9969178303),
            (0.04119991781, -0.03274765998, 0.9986141184),
            (0.02461798515, -0.006733447102, 0.9996742547),
            (-0.0009115508721, 0.01018533996, 0.9999477126),
            (-0.02188472869, 0.01019445463, 0.9997085234),
            (-0.02221286673, -0.01217983011, 0.9996790686),
            (-0.01251300527, -0.03467045046, 0.9993204614),
            (0.001950386761, -0.04393457777, 0.9990325064),
            (0.01567200479, -0.03647605472, 0.9992116321),
            (0.01459601596, -0.02129286428, 0.9996667296),
            (0.04062598948, 0.008516759068, 0.9991381255),
            (0.02503984998, 0.01695272317, 0.999542701),
            (-0.001511370368, 0.02233671759, 0.999749362),
            (-0.03069500737, 0.016024043, 0.9994003435),
            (-0.05355559167, -0.00867905966, 0.9985271516),
            (-0.06793326055, -0.04093474237, 0.9968497474),
            (-0.06005685681, -0.07096376893, 0.9956692812),
            (-0.03265840565, -0.086797236, 0.9956905485),
            (-0.003637381746, -0.08543404672, 0.9963371885),
            (0.01666465828, -0.07513446829, 0.9970341523),
            (0.02065723046, -0.06144855471, 0.9978964645),
            (0.008600992741, -0.04960345838, 0.998731956),
            (-0.01310478998, -0.0441314251, 0.9989397789),
            (-0.03434014376, -0.04712746811, 0.9982984305),
            (-0.04518696131, -0.05744811147, 0.9973253496),
            (-0.03972849527, -0.07115010462, 0.9966741239),
            (-0.01824286515, -0.08299086779, 0.9963833167),
            (0.01289419931, -0.08844282858, 0.995997794),
            (0.04361170604, -0.08544006586, 0.9953883736),
            (0.06403863805, -0.07514601063, 0.9951141291),
            (0.06825691843, -0.06147925024, 0.9957717082),
            (0.0564561402, -0.04963290298, 0.9971706369),
            (0.03488590452, -0.0441240896, 0.9984167659),
            (0.01191944965, -0.04199094031, 0.9990468896),
            (-0.01615862871, -0.02946625419, 0.9994351598),
            (-0.03453629707, -0.01607027157, 0.9992742319),
            (-0.02571446361, -0.01668125415, 0.9995301407),
            (0.0006922178887, -0.02229785651, 0.9997511322),
            (0.02683134128, -0.01941584985, 0.9994514015),
            (0.0348934493, -0.01211197491, 0.9993176408),
            (0.04076824484, -0.005380171316, 0.9991541442),
            (0.02894695519, -0.007350178203, 0.9995539248),
            (-0.003379749553, -0.0105919255, 0.9999381923),
            (-0.04509366582, -0.02122566512, 0.998757244),
            (-0.07996255749, -0.03703147009, 0.9961097628),
            (-0.08743865004, -0.04943564875, 0.9949425105),
            (-0.06941147556, -0.05113650783, 0.9962766205),
            (-0.03581146502, -0.05122387755, 0.9980449155),
            (-0.002065239701, -0.0540581725, 0.9985356522),
            (0.02068345068, -0.05857594518, 0.9980686617),
            (0.02555428228, -0.06308374545, 0.997681021),
            (0.01252124212, -0.06587724749, 0.9977491703),
            (-0.01163668929, -0.06588080536, 0.9977596439),
            (-0.03588730541, -0.06308245397, 0.9973628754),
            (-0.04917731297, -0.05855909471, 0.9970719253),
            (-0.04465402255, -0.05404859392, 0.9975393565),
            (-0.02220308498, -0.05126195261, 0.9984383983),
            (0.01145763562, -0.05123449233, 0.9986209238),
            (0.04524776559, -0.05395595625, 0.9975176161),
            (0.06806760506, -0.05839580622, 0.995970246),
            (0.07311776368, -0.06289111863, 0.9953383846),
            (0.06033187887, -0.06574600532, 0.9960108068),
            (0.03632800056, -0.06585673809, 0.9971675719),
            (0.01202795025, -0.0631580437, 0.9979310547),
            (-0.001456255943, -0.05868011594, 0.9982757752),
            (-0.01180517991, -0.03694881766, 0.9992474281),
            (-0.01699359985, -0.005937690156, 0.9998379676),
            (-0.0008153773882, 0.007371689548, 0.9999724963),
            (0.02835745342, 0.004626643486, 0.9995871393),
            (0.04265561396, 0.001412213172, 0.999088837),
            (0.02627608276, -0.01735272196, 0.9995041023),
            (0.02066581462, -0.03078761045, 0.9993122871),
            (-0.01551683851, -0.04552858252, 0.9988425181),
            (-0.05593745221, -0.05993754009, 0.99663358),
            (-0.08045017654, -0.05589996744, 0.9951899129),
            (-0.08008035399, -0.03820280015, 0.9960560642),
            (-0.06300113899, -0.02184181827, 0.9977744191),
            (-0.03726502595, -0.01646164775, 0.9991698214),
            (-0.0108764864, -0.02414945824, 0.9996491913),
            (0.007858735102, -0.04198086462, 0.9990875073),
            (0.01358520751, -0.06311958948, 0.997913503),
            (0.005961361709, -0.07950072373, 0.9968169827),
            (-0.0102701246, -0.08493930607, 0.9963331967),
            (-0.02712222591, -0.0773925106, 0.9966317194),
            (-0.03637881588, -0.05969170673, 0.9975537489),
            (-0.03269024204, -0.038544785, 0.9987220072),
            (-0.01561515907, -0.02202636407, 0.9996354366),
            (0.01016421172, -0.01645930358, 0.9998128726),
            (0.03659554944, -0.0239716256, 0.9990426052),
            (0.05537684517, -0.04167348802, 0.9975954718),
            (0.06118721855, -0.06277737768, 0.9961501519),
            (0.05368106264, -0.07925418055, 0.995408016),
            (0.037539533, -0.08489173705, 0.995682769),
            (0.02069043432, -0.07755283366, 0.9967735269),
            (0.01135262677, -0.05996735745, 0.9981357793),
            (0.01492402972, -0.0388028814, 0.9991354311),
            (0.0167171015, -0.007597362832, 0.9998313951),
            (0.009393768804, 0.02564285086, 0.9996270311),
            (0.01969770773, 0.02700727595, 0.9994411475),
            (0.03510846188, 0.01442638659, 0.999279378),
            (0.002334344125, -0.02309303429, 0.999730595),
            (-0.003950389202, -0.04501476887, 0.9989785108),
            (-0.03144355851, -0.07385078488, 0.9967734769),
            (-0.0548093259, -0.07790028953, 0.9954534056),
            (-0.05894850576, -0.05717978671, 0.9966220676),
            (-0.05571665949, -0.02701927345, 0.998080965),
            (-0.04845788899, -0.002858237665, 0.9988211369),
            (-0.03814865143, 0.006034237503, 0.9992538558),
            (-0.02692238973, -0.003757220247, 0.9996304658),
            (-0.01723851629, -0.02850928359, 0.9994448731),
            (-0.01097742749, -0.05871930658, 0.998214175),
            (-0.008718870012, -0.08281981273, 0.996526397),
            (-0.009496596845, -0.09172994129, 0.9957386367),
            (-0.01119048249, -0.0821451116, 0.9965575516),
            (-0.0113477771, -0.05762247833, 0.9982739493),
            (-0.008088784804, -0.02741141507, 0.9995915095),
            (-0.0008249365843, -0.003076695004, 0.9999949267),
            (0.009491137327, 0.006042064687, 0.9999367039),
            (0.02073589581, -0.003542169692, 0.9997787133),
            (0.03042769997, -0.02816016909, 0.9991402104),
            (0.03666531395, -0.05834787778, 0.9976227643),
            (0.03888710374, -0.08255257471, 0.9958277289),
            (0.03810163491, -0.09166490914, 0.9950607066),
            (0.03644373937, -0.08230491981, 0.9959406378),
            (0.03633057631, -0.05793558819, 0.9976590384),
            (0.03959341285, -0.0277420438, 0.9988306867),
            (0.04681154486, -0.003288065867, 0.9988983271),
            (0.03397793735, 0.02306022878, 0.9991565071),
            (0.009209156934, 0.03789886211, 0.9992391444),
            (0.01494454533, 0.02226727839, 0.9996403498),
            (-0.02762377213, -0.02566000863, 0.9992889928),
            (-0.03669277416, -0.04869882346, 0.9981393014),
            (-0.04721550333, -0.0762614573, 0.99596932),
            (-0.04127123059, -0.07259554507, 0.9965071863),
            (-0.03070484077, -0.04992420438, 0.9982809157),
            (-0.02747284013, -0.02151814086, 0.9993909208),
            (-0.0310096468, 0.001737316892, 0.9995175754),
            (-0.03816689782, 0.01091986782, 0.9992117115),
            (-0.04441307704, 0.002534478592, 0.9990100375),
            (-0.04554389959, -0.02021893088, 0.9987577024),
            (-0.03930220223, -0.04863920463, 0.9980428672),
            (-0.02626539238, -0.07185409142, 0.9970692648),
            (-0.009593594904, -0.08107192754, 0.9966620819),
            (0.006200052868, -0.07285229187, 0.9973234695),
            (0.01692788757, -0.05026971516, 0.9985922102),
            (0.02030272655, -0.02185254894, 0.9995550337),
            (0.01684400835, 0.001533207901, 0.9998569541),
            (0.009691210449, 0.01092093134, 0.9998934012),
            (0.003392633996, 0.002726474694, 0.9999905281),
            (0.002170201832, -0.01992460199, 0.9997991301),
            (0.008295860461, -0.04834984765, 0.9987960107),
            (0.02121960916, -0.07165141232, 0.9972039928),
            (0.03782411203, -0.08100548333, 0.9959957069),
            (0.05362929018, -0.07294456415, 0.9958930614),
            (0.06444279666, -0.05049983276, 0.9966428111),
            (0.06793569541, -0.02213511459, 0.9974441227),
            (0.06457831883, 0.001327349108, 0.9979117591),
            (0.05376510933, 0.01216244755, 0.998479538),
            (0.0105653498, 0.02540187648, 0.9996214874),
            (-0.01059792997, 0.0221077924, 0.9996994195),
            (-0.06519991601, -0.0163097789, 0.9977389248),
            (-0.06193500785, -0.04007714371, 0.9972752265),
            (-0.05651981545, -0.05259546558, 0.9970151591),
            (-0.02859358169, -0.04988864009, 0.9983453965),
            (-0.00932581782, -0.03730964202, 0.9992602362),
            (-0.005566575233, -0.02089573999, 0.9997661633),
            (-0.01695799128, -0.006929774497, 0.9998321883),
            (-0.03732390697, -0.0007574997185, 0.9993029331),
            (-0.0570587596, -0.004723800358, 0.9983596465),
            (-0.06684613869, -0.01730520508, 0.9976132134),
            (-0.06117789969, -0.03371018768, 0.9975574609),
            (-0.04038018017, -0.04768814348, 0.9980457314),
            (-0.01052628124, -0.0539093423, 0.9984903506),
            (0.01881430033, -0.05000790972, 0.9985715954),
            (0.03826232913, -0.03747135914, 0.998564916),
            (0.0422327095, -0.0210683589, 0.9988856404),
            (0.03102048003, -0.007050796927, 0.99949388),
            (0.01069555542, -0.0007719106584, 0.999942503),
            (-0.009169580162, -0.004631156684, 0.9999472342),
            (-0.01917059126, -0.01715949614, 0.9996689653),
            (-0.01368080725, -0.0335729627, 0.9993426298),
            (0.007011178729, -0.04758998494, 0.9988423483),
            (0.03679561977, -0.05385758853, 0.9978704538),
            (0.0660935354, -0.05001347728, 0.9965592289),
            (0.08558658258, -0.03754539856, 0.9956230612),
            (0.08973810532, -0.02118949573, 0.9957399649),
            (0.07878120712, -0.007153127696, 0.9968662669),
            (0.05863943056, -0.0007839079614, 0.9982789203),
            (0.0171778877, 0.002243281195, 0.9998499327),
            (-0.01717764123, 0.008861365165, 0.999813185),
            (-0.08848661541, -0.0006886608433, 0.9960771279),
            (-0.07848830338, -0.01327731576, 0.9968266144),
            (-0.05919898323, -0.0170871751, 0.9980999493),
            (-0.02529083173, -0.01898296481, 0.9994998854),
            (-0.002558068098, -0.02108132437, 0.9997744916),
            (0.002064531351, -0.02259000947, 0.9997426815),
            (-0.01137856909, -0.02293706258, 0.9996721559),
            (-0.03591956312, -0.02198741648, 0.9991127757),
            (-0.06034770858, -0.0201030437, 0.9979749605),
            (-0.07356332138, -0.01800732815, 0.9971279626),
            (-0.06878363636, -0.01650165864, 0.9974951161),
            (-0.0459840473, -0.01615636894, 0.9988115133),
            (-0.01195748592, -0.01709635598, 0.9997823429),
            (0.02211695566, -0.01895852906, 0.9995756172),
            (0.04501112014, -0.02103683526, 0.9987649627),
            (0.04984504487, -0.02255015686, 0.9985023595),
            (0.0366142318, -0.02292653464, 0.9990664503),
            (0.01214096718, -0.02201567703, 0.9996839035),
            (-0.01243442221, -0.02015892065, 0.9997194622),
            (-0.0259058067, -0.0180678154, 0.9995010972),
            (-0.02132229102, -0.01654489707, 0.9996357468),
            (0.001390941913, -0.01616751622, 0.9998683297),
            (0.03536395078, -0.01706728175, 0.999228752),
            (0.06937228606, -0.01888957987, 0.9974119859),
            (0.09227039356, -0.02094178653, 0.9955137448),
            (0.09728040926, -0.02245590306, 0.9950036454),
            (0.0843519982, -0.02286143905, 0.9961737273),
            (0.06011767955, -0.02199324253, 0.9979489776),
            (0.02564991894, -0.01825737707, 0.999504252),
            (-0.005151831003, -0.004886445147, 0.9999747903),
            (-0.08931988961, 0.01378108585, 0.9959076458),
            (-0.08211687793, 0.01618673713, 0.9964912483),
            (-0.06068894905, 0.01885206019, 0.9979786828),
            (-0.03257306618, 0.01177759858, 0.9993999617),
            (-0.01286559249, -0.004284361557, 0.9999080562),
            (-0.007331914636, -0.02319338886, 0.9997041111),
            (-0.01627710534, -0.03771268219, 0.9991560486),
            (-0.03445662806, -0.04231871782, 0.9985098231),
            (-0.05311297081, -0.03527488889, 0.9979652772),
            (-0.06333395009, -0.01926188155, 0.9978064896),
            (-0.05943121673, -0.0003735371762, 0.9982323332),
            (-0.04106074786, 0.01419749461, 0.9990557773),
            (-0.01336919818, 0.01890085487, 0.9997319752),
            (0.01490066033, 0.01193218256, 0.9998177801),
            (0.03475516543, -0.004061241108, 0.9993876049),
            (0.04044373705, -0.02296946997, 0.9989177682),
            (0.03163753215, -0.03758199816, 0.9987926011),
            (0.0135068741, -0.04235079323, 0.9990114988),
            (-0.005234817297, -0.03546019866, 0.999357379),
            (-0.01562554454, -0.01951389168, 0.9996874764),
            (-0.01187836529, -0.0005889178278, 0.9999292763),
            (0.006399964853, 0.01408284347, 0.9998803498),
            (0.03403823674, 0.01890769831, 0.9992416612),
            (0.06226908424, 0.01206182036, 0.9979865097),
            (0.08213535641, -0.003826661156, 0.9966138369),
            (0.0879403625, -0.0226915761, 0.9958672527),
            (0.07933449532, -0.03736467284, 0.9961475388),
            (0.06137932775, -0.04228633515, 0.9972183532),
            (0.03938933429, -0.03461246685, 0.9986242824),
            (0.01708720964, -0.01641340507, 0.9997192743),
            (-0.07216787519, 0.02264863059, 0.9971353155),
            (-0.07337587302, 0.03632063109, 0.996642761),
            (-0.06173019041, 0.04378784398, 0.9971318911),
            (-0.04781632222, 0.0340660932, 0.9982750626),
            (-0.03653455896, 0.009835017205, 0.9992839929),
            (-0.03037195381, -0.01967368973, 0.9993450307),
            (-0.02988847031, -0.04314725237, 0.9986215469),
            (-0.03346719365, -0.05165488394, 0.9981040627),
            (-0.03793211361, -0.04199544812, 0.9983974845),
            (-0.03976240726, -0.01781163379, 0.9990503975),
            (-0.03642752258, 0.01169593695, 0.9992678523),
            (-0.02737614962, 0.03524396341, 0.9990037084),
            (-0.01425574137, 0.04387474988, 0.9989353233),
            (-0.0002500947891, 0.03431932428, 0.9994108872),
            (0.01113243636, 0.01017514763, 0.9998862611),
            (0.01736289392, -0.01935274037, 0.9996619435),
            (0.01787495169, -0.04295966205, 0.9989168902),
            (0.01430632235, -0.05168005066, 0.9985612157),
            (0.009842807919, -0.04223148905, 0.9990593678),
            (0.007989564829, -0.01816607938, 0.9998030608),
            (0.01126476934, 0.01136079538, 0.9998720105),
            (0.02024100025, 0.03504314559, 0.9991808044),
            (0.03331190614, 0.04386333756, 0.9984820101),
            (0.04731347316, 0.03449629362, 0.9982842486),
            (0.05872071077, 0.01049329377, 0.998219299),
            (0.06497920043, -0.01898754035, 0.9977059571),
            (0.06551861564, -0.04267483342, 0.9969383981),
            (0.06198529397, -0.05158841064, 0.9967429253),
            (0.05708160908, -0.04237323861, 0.9974698986),
            (0.04509456707, -0.02340008617, 0.9987086242),
            (-0.04509456707, 0.02340008617, 0.9987086242),
            (-0.05708160908, 0.04237323861, 0.9974698986),
            (-0.06198529397, 0.05158841064, 0.9967429253),
            (-0.06551861564, 0.04267483342, 0.9969383981),
            (-0.06497920043, 0.01898754035, 0.9977059571),
            (-0.05872071077, -0.01049329377, 0.998219299),
            (-0.04731347316, -0.03449629362, 0.9982842486),
            (-0.03331190614, -0.04386333756, 0.9984820101),
            (-0.02024100025, -0.03504314559, 0.9991808044),
            (-0.01126476934, -0.01136079538, 0.9998720105),
            (-0.007989564829, 0.01816607938, 0.9998030608),
            (-0.009842807919, 0.04223148905, 0.9990593678),
            (-0.01430632235, 0.05168005066, 0.9985612157),
            (-0.01787495169, 0.04295966205, 0.9989168902),
            (-0.01736289392, 0.01935274037, 0.9996619435),
            (-0.01113243636, -0.01017514763, 0.9998862611),
            (0.0002500947891, -0.03431932428, 0.9994108872),
            (0.01425574137, -0.04387474988, 0.9989353233),
            (0.02737614962, -0.03524396341, 0.9990037084),
            (0.03642752258, -0.01169593695, 0.9992678523),
            (0.03976240726, 0.01781163379, 0.9990503975),
            (0.03793211361, 0.04199544812, 0.9983974845),
            (0.03346719365, 0.05165488394, 0.9981040627),
            (0.02988847031, 0.04314725237, 0.9986215469),
            (0.03037195381, 0.01967368973, 0.9993450307),
            (0.03653455896, -0.009835017205, 0.9992839929),
            (0.04781632222, -0.0340660932, 0.9982750626),
            (0.06173019041, -0.04378784398, 0.9971318911),
            (0.07337587302, -0.03632063109, 0.996642761),
            (0.07216787519, -0.02264863059, 0.9971353155),
            (-0.01708720964, 0.01641340507, 0.9997192743),
            (-0.03938933429, 0.03461246685, 0.9986242824),
            (-0.06137932775, 0.04228633515, 0.9972183532),
            (-0.07933449532, 0.03736467284, 0.9961475388),
            (-0.0879403625, 0.0226915761, 0.9958672527),
            (-0.08213535641, 0.003826661156, 0.9966138369),
            (-0.06226908424, -0.01206182036, 0.9979865097),
            (-0.03403823674, -0.01890769831, 0.9992416612),
            (-0.006399964853, -0.01408284347, 0.9998803498),
            (0.01187836529, 0.0005889178278, 0.9999292763),
            (0.01562554454, 0.01951389168, 0.9996874764),
            (0.005234817297, 0.03546019866, 0.999357379),
            (-0.0135068741, 0.04235079323, 0.9990114988),
            (-0.03163753215, 0.03758199816, 0.9987926011),
            (-0.04044373705, 0.02296946997, 0.9989177682),
            (-0.03475516543, 0.004061241108, 0.9993876049),
            (-0.01490066033, -0.01193218256, 0.9998177801),
            (0.01336919818, -0.01890085487, 0.9997319752),
            (0.04106074786, -0.01419749461, 0.9990557773),
            (0.05943121673, 0.0003735371762, 0.9982323332),
            (0.06333395009, 0.01926188155, 0.9978064896),
            (0.05311297081, 0.03527488889, 0.9979652772),
            (0.03445662806, 0.04231871782, 0.9985098231),
            (0.01627710534, 0.03771268219, 0.9991560486),
            (0.007331914636, 0.02319338886, 0.9997041111),
            (0.01286559249, 0.004284361557, 0.9999080562),
            (0.03257306618, -0.01177759858, 0.9993999617),
            (0.06068894905, -0.01885206019, 0.9979786828),
            (0.08211687793, -0.01618673713, 0.9964912483),
            (0.08931988961, -0.01378108585, 0.9959076458),
            (0.005151831003, 0.004886445147, 0.9999747903),
            (-0.02564991894, 0.01825737707, 0.999504252),
            (-0.06011767955, 0.02199324253, 0.9979489776),
            (-0.0843519982, 0.02286143905, 0.9961737273),
            (-0.09728040926, 0.02245590306, 0.9950036454),
            (-0.09227039356, 0.02094178653, 0.9955137448),
            (-0.06937228606, 0.01888957987, 0.9974119859),
            (-0.03536395078, 0.01706728175, 0.999228752),
            (-0.001390941913, 0.01616751622, 0.9998683297),
            (0.02132229102, 0.01654489707, 0.9996357468),
            (0.0259058067, 0.0180678154, 0.9995010972),
            (0.01243442221, 0.02015892065, 0.9997194622),
            (-0.01214096718, 0.02201567703, 0.9996839035),
            (-0.0366142318, 0.02292653464, 0.9990664503),
            (-0.04984504487, 0.02255015686, 0.9985023595),
            (-0.04501112014, 0.02103683526, 0.9987649627),
            (-0.02211695566, 0.01895852906, 0.9995756172),
            (0.01195748592, 0.01709635598, 0.9997823429),
            (0.0459840473, 0.01615636894, 0.9988115133),
            (0.06878363636, 0.01650165864, 0.9974951161),
            (0.07356332138, 0.01800732815, 0.9971279626),
            (0.06034770858, 0.0201030437, 0.9979749605),
            (0.03591956312, 0.02198741648, 0.9991127757),
            (0.01137856909, 0.02293706258, 0.9996721559),
            (-0.002064531351, 0.02259000947, 0.9997426815),
            (0.002558068098, 0.02108132437, 0.9997744916),
            (0.02529083173, 0.01898296481, 0.9994998854),
            (0.05919898323, 0.0170871751, 0.9980999493),
            (0.07848830338, 0.01327731576, 0.9968266144),
            (0.08848661541, 0.0006886608433, 0.9960771279),
            (0.01717764123, -0.008861365165, 0.999813185),
            (-0.0171778877, -0.002243281195, 0.9998499327),
            (-0.05863943056, 0.0007839079614, 0.9982789203),
            (-0.07878120712, 0.007153127696, 0.9968662669),
            (-0.08973810532, 0.02118949573, 0.9957399649),
            (-0.08558658258, 0.03754539856, 0.9956230612),
            (-0.0660935354, 0.05001347728, 0.9965592289),
            (-0.03679561977, 0.05385758853, 0.9978704538),
            (-0.007011178729, 0.04758998494, 0.9988423483),
            (0.01368080725, 0.0335729627, 0.9993426298),
            (0.01917059126, 0.01715949614, 0.9996689653),
            (0.009169580162, 0.004631156684, 0.9999472342),
            (-0.01069555542, 0.0007719106584, 0.999942503),
            (-0.03102048003, 0.007050796927, 0.99949388),
            (-0.0422327095, 0.0210683589, 0.9988856404),
            (-0.03826232913, 0.03747135914, 0.998564916),
            (-0.01881430033, 0.05000790972, 0.9985715954),
            (0.01052628124, 0.0539093423, 0.9984903506),
            (0.04038018017, 0.04768814348, 0.9980457314),
            (0.06117789969, 0.03371018768, 0.9975574609),
            (0.06684613869, 0.01730520508, 0.9976132134),
            (0.0570587596, 0.004723800358, 0.9983596465),
            (0.03732390697, 0.0007574997185, 0.9993029331),
            (0.01695799128, 0.006929774497, 0.9998321883),
            (0.005566575233, 0.02089573999, 0.9997661633),
            (0.00932581782, 0.03730964202, 0.9992602362),
            (0.02859358169, 0.04988864009, 0.9983453965),
            (0.05651981545, 0.05259546558, 0.9970151591),
            (0.06193500785, 0.04007714371, 0.9972752265),
            (0.06519991601, 0.0163097789, 0.9977389248),
            (0.01059792997, -0.0221077924, 0.9996994195),
            (-0.0105653498, -0.02540187648, 0.9996214874),
            (-0.05376510933, -0.01216244755, 0.998479538),
            (-0.06457831883, -0.001327349108, 0.9979117591),
            (-0.06793569541, 0.02213511459, 0.9974441227),
            (-0.06444279666, 0.05049983276, 0.9966428111),
            (-0.05362929018, 0.07294456415, 0.9958930614),
            (-0.03782411203, 0.08100548333, 0.9959957069),
            (-0.02121960916, 0.07165141232, 0.9972039928),
            (-0.008295860461, 0.04834984765, 0.9987960107),
            (-0.002170201832, 0.01992460199, 0.9997991301),
            (-0.003392633996, -0.002726474694, 0.9999905281),
            (-0.009691210449, -0.01092093134, 0.9998934012),
            (-0.01684400835, -0.001533207901, 0.9998569541),
            (-0.02030272655, 0.02185254894, 0.9995550337),
            (-0.01692788757, 0.05026971516, 0.9985922102),
            (-0.006200052868, 0.07285229187, 0.9973234695),
            (0.009593594904, 0.08107192754, 0.9966620819),
            (0.02626539238, 0.07185409142, 0.9970692648),
            (0.03930220223, 0.04863920463, 0.9980428672),
            (0.04554389959, 0.02021893088, 0.9987577024),
            (0.04441307704, -0.002534478592, 0.9990100375),
            (0.03816689782, -0.01091986782, 0.9992117115),
            (0.0310096468, -0.001737316892, 0.9995175754),
            (0.02747284013, 0.02151814086, 0.9993909208),
            (0.03070484077, 0.04992420438, 0.9982809157),
            (0.04127123059, 0.07259554507, 0.9965071863),
            (0.04721550333, 0.0762614573, 0.99596932),
            (0.03669277416, 0.04869882346, 0.9981393014),
            (0.02762377213, 0.02566000863, 0.9992889928),
            (-0.01494454533, -0.02226727839, 0.9996403498),
            (-0.009209156934, -0.03789886211, 0.9992391444),
            (-0.03397793735, -0.02306022878, 0.9991565071),
            (-0.04681154486, 0.003288065867, 0.9988983271),
            (-0.03959341285, 0.0277420438, 0.9988306867),
            (-0.03633057631, 0.05793558819, 0.9976590384),
            (-0.03644373937, 0.08230491981, 0.9959406378),
            (-0.03810163491, 0.09166490914, 0.9950607066),
            (-0.03888710374, 0.08255257471, 0.9958277289),
            (-0.03666531395, 0.05834787778, 0.9976227643),
            (-0.03042769997, 0.02816016909, 0.9991402104),
            (-0.02073589581, 0.003542169692, 0.9997787133),
            (-0.009491137327, -0.006042064687, 0.9999367039),
            (0.0008249365843, 0.003076695004, 0.9999949267),
            (0.008088784804, 0.02741141507, 0.9995915095),
            (0.0113477771, 0.05762247833, 0.9982739493),
            (0.01119048249, 0.0821451116, 0.9965575516),
            (0.009496596845, 0.09172994129, 0.9957386367),
            (0.008718870012, 0.08281981273, 0.996526397),
            (0.01097742749, 0.05871930658, 0.998214175),
            (0.01723851629, 0.02850928359, 0.9994448731),
            (0.02692238973, 0.003757220247, 0.9996304658),
            (0.03814865143, -0.006034237503, 0.9992538558),
            (0.04845788899, 0.002858237665, 0.9988211369),
            (0.05571665949, 0.02701927345, 0.998080965),
            (0.05894850576, 0.05717978671, 0.9966220676),
            (0.0548093259, 0.07790028953, 0.9954534056),
            (0.03144355851, 0.07385078488, 0.9967734769),
            (0.003950389202, 0.04501476887, 0.9989785108),
            (-0.002334344125, 0.02309303429, 0.999730595),
            (-0.03510846188, -0.01442638659, 0.999279378),
            (-0.01969770773, -0.02700727595, 0.9994411475),
            (-0.009393768804, -0.02564285086, 0.9996270311),
            (-0.0167171015, 0.007597362832, 0.9998313951),
            (-0.01492402972, 0.0388028814, 0.9991354311),
            (-0.01135262677, 0.05996735745, 0.9981357793),
            (-0.02069043432, 0.07755283366, 0.9967735269),
            (-0.037539533, 0.08489173705, 0.995682769),
            (-0.05368106264, 0.07925418055, 0.995408016),
            (-0.06118721855, 0.06277737768, 0.9961501519),
            (-0.05537684517, 0.04167348802, 0.9975954718),
            (-0.03659554944, 0.0239716256, 0.9990426052),
            (-0.01016421172, 0.01645930358, 0.9998128726),
            (0.01561515907, 0.02202636407, 0.9996354366),
            (0.03269024204, 0.038544785, 0.9987220072),
            (0.03637881588, 0.05969170673, 0.9975537489),
            (0.02712222591, 0.0773925106, 0.9966317194),
            (0.0102701246, 0.08493930607, 0.9963331967),
            (-0.005961361709, 0.07950072373, 0.9968169827),
            (-0.01358520751, 0.06311958948, 0.997913503),
            (-0.007858735102, 0.04198086462, 0.9990875073),
            (0.0108764864, 0.02414945824, 0.9996491913),
            (0.03726502595, 0.01646164775, 0.9991698214),
            (0.06300113899, 0.02184181827, 0.9977744191),
            (0.08008035399, 0.03820280015, 0.9960560642),
            (0.08045017654, 0.05589996744, 0.9951899129),
            (0.05593745221, 0.05993754009, 0.99663358),
            (0.01551683851, 0.04552858252, 0.9988425181),
            (-0.02066581462, 0.03078761045, 0.9993122871),
            (-0.02627608276, 0.01735272196, 0.9995041023),
            (-0.04265561396, -0.001412213172, 0.999088837),
            (-0.02835745342, -0.004626643486, 0.9995871393),
            (0.0008153773882, -0.007371689548, 0.9999724963),
            (0.01699359985, 0.005937690156, 0.9998379676),
            (0.01180517991, 0.03694881766, 0.9992474281),
            (0.001456255943, 0.05868011594, 0.9982757752),
            (-0.01202795025, 0.0631580437, 0.9979310547),
            (-0.03632800056, 0.06585673809, 0.9971675719),
            (-0.06033187887, 0.06574600532, 0.9960108068),
            (-0.07311776368, 0.06289111863, 0.9953383846),
            (-0.06806760506, 0.05839580622, 0.995970246),
            (-0.04524776559, 0.05395595625, 0.9975176161),
            (-0.01145763562, 0.05123449233, 0.9986209238),
            (0.02220308498, 0.05126195261, 0.9984383983),
            (0.04465402255, 0.05404859392, 0.9975393565),
            (0.04917731297, 0.05855909471, 0.9970719253),
            (0.03588730541, 0.06308245397, 0.9973628754),
            (0.01163668929, 0.06588080536, 0.9977596439),
            (-0.01252124212, 0.06587724749, 0.9977491703),
            (-0.02555428228, 0.06308374545, 0.997681021),
            (-0.02068345068, 0.05857594518, 0.9980686617),
            (0.002065239701, 0.0540581725, 0.9985356522),
            (0.03581146502, 0.05122387755, 0.9980449155),
            (0.06941147556, 0.05113650783, 0.9962766205),
            (0.08743865004, 0.04943564875, 0.9949425105),
            (0.07996255749, 0.03703147009, 0.9961097628),
            (0.04509366582, 0.02122566512, 0.998757244),
            (0.003379749553, 0.0105919255, 0.9999381923),
            (-0.02894695519, 0.007350178203, 0.9995539248),
            (-0.04076824484, 0.005380171316, 0.9991541442),
            (-0.0348934493, 0.01211197491, 0.9993176408),
            (-0.02683134128, 0.01941584985, 0.9994514015),
            (-0.0006922178887, 0.02229785651, 0.9997511322),
            (0.02571446361, 0.01668125415, 0.9995301407),
            (0.03453629707, 0.01607027157, 0.9992742319),
            (0.01615862871, 0.02946625419, 0.9994351598),
            (-0.01191944965, 0.04199094031, 0.9990468896),
            (-0.03488590452, 0.0441240896, 0.9984167659),
            (-0.0564561402, 0.04963290298, 0.9971706369),
            (-0.06825691843, 0.06147925024, 0.9957717082),
            (-0.06403863805, 0.07514601063, 0.9951141291),
            (-0.04361170604, 0.08544006586, 0.9953883736),
            (-0.01289419931, 0.08844282858, 0.995997794),
            (0.01824286515, 0.08299086779, 0.9963833167),
            (0.03972849527, 0.07115010462, 0.9966741239),
            (0.04518696131, 0.05744811147, 0.9973253496),
            (0.03434014376, 0.04712746811, 0.9982984305),
            (0.01310478998, 0.0441314251, 0.9989397789),
            (-0.008600992741, 0.04960345838, 0.998731956),
            (-0.02065723046, 0.06144855471, 0.9978964645),
            (-0.01666465828, 0.07513446829, 0.9970341523),
            (0.003637381746, 0.08543404672, 0.9963371885),
            (0.03265840565, 0.086797236, 0.9956905485),
            (0.06005685681, 0.07096376893, 0.9956692812),
            (0.06793326055, 0.04093474237, 0.9968497474),
            (0.05355559167, 0.00867905966, 0.9985271516),
            (0.03069500737, -0.016024043, 0.9994003435),
            (0.001511370368, -0.02233671759, 0.999749362),
            (-0.02503984998, -0.01695272317, 0.999542701),
            (-0.04062598948, -0.008516759068, 0.9991381255),
            (-0.01459601596, 0.02129286428, 0.9996667296),
            (-0.01567200479, 0.03647605472, 0.9992116321),
            (-0.001950386761, 0.04393457777, 0.9990325064),
            (0.01251300527, 0.03467045046, 0.9993204614),
            (0.02221286673, 0.01217983011, 0.9996790686),
            (0.02188472869, -0.01019445463, 0.9997085234),
            (0.0009115508721, -0.01018533996, 0.9999477126),
            (-0.02461798515, 0.006733447102, 0.9996742547),
            (-0.04119991781, 0.03274765998, 0.9986141184),
            (-0.04829964409, 0.06182219705, 0.9969178303),
            (-0.0447489098, 0.08871869827, 0.9950510176),
            (-0.03232019534, 0.1099175016, 0.9934150934),
            (-0.01395649272, 0.1174732611, 0.9929779702),
            (0.005193953994, 0.1085730991, 0.9940748991),
            (0.01969354474, 0.0864938343, 0.9960577197),
            (0.02582168193, 0.0595514171, 0.9978912112),
            (0.02301619622, 0.03806953652, 0.9990099925),
            (0.01414458, 0.03033260927, 0.9994397749),
            (0.00441356158, 0.03932679973, 0.9992166548),
            (-0.0006407589122, 0.06157953625, 0.9981019738),
            (0.000525417358, 0.08632802818, 0.9962666287),
            (0.01079305207, 0.09683926007, 0.9952415123),
            (0.02367395335, 0.08858709952, 0.9957870604),
            (0.02634790309, 0.06499343412, 0.9975377895),
            (0.0275213616, 0.02451871776, 0.9993204727),
            (0.02508534651, -0.01281044065, 0.9996032303),
            (0.01600417848, -0.03602096353, 0.9992228763),
            (0.00238937028, -0.04395529223, 0.9990306418),
            (-0.01213423815, -0.03515944396, 0.9993080475),
            (-0.02589632139, -0.01935958212, 0.9994771569),
            (0.01095693134, 0.02281862624, 0.9996795766),
            (0.001119805145, 0.0404377392, 0.9991814326),
            (-0.002507919689, 0.0497910376, 0.9987565083),
            (-0.005186051992, 0.04020263733, 0.9991780886),
            (-0.005887756876, 0.01528337009, 0.9998658675),
            (-0.004339403715, -0.01548867174, 0.9998706269),
            (-0.001141088747, -0.04033112952, 0.9991857174),
            (-0.0007076538375, -0.04004675361, 0.9991975564),
            (-0.003287199744, -0.01295799569, 0.9999106383),
            (-0.01084065096, 0.03026543516, 0.9994831083),
            (-0.01464839428, 0.07474685094, 0.9970949467),
            (-0.01363696545, 0.1084989821, 0.9940030201),
            (-0.01308354815, 0.1245459461, 0.9921275765),
            (-0.01163507593, 0.1195796832, 0.9927564275),
            (-0.008245361836, 0.09702993005, 0.9952473093),
            (-0.002591468547, 0.0659711448, 0.997818166),
            (0.004755249097, 0.03801889597, 0.999265706),
            (0.01255996463, 0.0228094174, 0.9996609314),
            (0.01942499607, 0.02411291819, 0.9995205034),
            (0.02431865095, 0.03838044367, 0.9989672391),
            (0.02050627423, 0.05832190632, 0.9980871946),
            (0.009043619119, 0.07214932168, 0.9973528404),
            (0.001807570125, 0.06685385365, 0.9977611412),
            (-0.001952003345, 0.04379323729, 0.999038709),
            (-0.005897699728, 0.01597642733, 0.9998549749),
            (-0.004398184006, -0.01479323285, 0.999880901),
            (-0.001226069192, -0.03989929204, 0.999202954),
            (0.002409225904, -0.04978639006, 0.998756983),
            (0.005132422272, -0.04073345315, 0.9991568666),
            (-0.001851451158, -0.02325384254, 0.9997278784),
            (0.02904301552, 0.01611041975, 0.9994483266),
            (0.01375824013, 0.03499676851, 0.9992927184),
            (-0.002621311268, 0.04816193359, 0.9988361011),
            (-0.01799534886, 0.04299834499, 0.9989130642),
            (-0.02652630945, 0.02145079247, 0.9994179398),
            (-0.02494523564, -0.008299628407, 0.999654366),
            (-0.01384399747, -0.0348728426, 0.9992958664),
            (0.002522320154, -0.04813668918, 0.9988375729),
            (0.01792069984, -0.04308127539, 0.998910833),
            (0.02363633209, -0.01283802272, 0.999638189),
            (0.01890021643, 0.03829858737, 0.9990875838),
            (0.009063253296, 0.08553892391, 0.9962936063),
            (-0.006010816825, 0.1144624085, 0.9934093955),
            (-0.02013727075, 0.1204351016, 0.9925169402),
            (-0.02755523413, 0.1054392813, 0.9940438959),
            (-0.02495852324, 0.07728739234, 0.9966964087),
            (-0.01279614164, 0.04705752343, 0.9988102163),
            (0.00476166234, 0.02496720705, 0.9996769304),
            (0.02143913842, 0.01625972683, 0.9996379268),
            (0.03132740433, 0.01911939123, 0.9993262944),
            (0.03113022011, 0.02541719786, 0.9991921114),
            (0.01696833297, 0.03734213036, 0.9991584664),
            (-0.002225147268, 0.04805709246, 0.9988421119),
            (-0.0176953195, 0.04332659753, 0.9989042405),
            (-0.02643665485, 0.02208827968, 0.9994064294),
            (-0.02510078309, -0.007596088046, 0.9996560659),
            (-0.01418516443, -0.0343724708, 0.999308418),
            (0.002126027527, -0.04802927354, 0.9988436659),
            (0.01761971831, -0.04340721161, 0.998902077),
            (0.01667024353, -0.02837983646, 0.9994581972)
        ] (
            interpolation = "vertex"
        )
        uniform token subdivisionScheme = "none"
        rel material:binding = </DrAnmarHemostaticPatch/Looks/PatchMaterial>
        custom token[] drAnmar:labels = ["hemostatic_patch", "deformable_ready_surface"]
    }
    def Scope "Frames"
    {
        def Xform "patch_center"
        {
            custom string drAnmar:role = "patch_center"
        }
        def Xform "application_normal"
        {
            custom string drAnmar:role = "application_normal"
        }
        def Xform "count_reference"
        {
            custom string drAnmar:role = "count_reference"
        }
    }
}
