#usda 1.0
(
    defaultPrim = "DrAnmarDebridementFragment"
    doc = "Detachable wound-debris fragment for simulation training."
    kilogramsPerUnit = 1
    metersPerUnit = 1
    upAxis = "Z"
)

def Xform "DrAnmarDebridementFragment" (
    prepend apiSchemas = ["PhysicsRigidBodyAPI", "PhysicsMassAPI", "PhysxRigidBodyAPI", "SemanticsLabelsAPI:class"]
    assetInfo = {
        string name = "DrAnmarDebridementFragment"
        string version = "0.1.0"
    }
    kind = "component"
)
{
    token[] semantics:labels:class = ["debridement_fragment", "aspiration_target"]
    bool physics:rigidBodyEnabled = true
    float physics:mass = 0.00055
    point3f physics:centerOfMass = (-1.75292517e-05, -2.892489297e-05, 1.944711908e-05)
    float3 physics:diagonalInertia = (3.826163599e-09, 7.269918512e-09, 9.520979248e-09)
    quatf physics:principalAxes = (1, 0, 0, 0)
    bool physxRigidBody:enableCCD = true
    def Scope "Looks"
    {
        def Material "MountMetal"
        {
            token outputs:surface.connect = </DrAnmarDebridementFragment/Looks/MountMetal/Shader.outputs:surface>
            def Shader "Shader"
            {
                uniform token info:id = "UsdPreviewSurface"
                color3f inputs:diffuseColor.connect = </DrAnmarDebridementFragment/Looks/MountMetal/Texture.outputs:rgb>
                float inputs:metallic = 0.88
                float inputs:roughness = 0.2
                float inputs:opacity = 1
                token outputs:surface
            }
            def Shader "Texture"
            {
                uniform token info:id = "UsdUVTexture"
                asset inputs:file = @./textures/brushed_metal_basecolor.png@
                token inputs:sourceColorSpace = "sRGB"
                token inputs:wrapS = "repeat"
                token inputs:wrapT = "repeat"
                float2 inputs:st.connect = </DrAnmarDebridementFragment/Looks/MountMetal/Primvar.outputs:result>
                float3 outputs:rgb
            }
            def Shader "Primvar"
            {
                uniform token info:id = "UsdPrimvarReader_float2"
                string inputs:varname = "st"
                float2 outputs:result
            }

        }
        def Material "ValveMetal"
        {
            token outputs:surface.connect = </DrAnmarDebridementFragment/Looks/ValveMetal/Shader.outputs:surface>
            def Shader "Shader"
            {
                uniform token info:id = "UsdPreviewSurface"
                color3f inputs:diffuseColor.connect = </DrAnmarDebridementFragment/Looks/ValveMetal/Texture.outputs:rgb>
                float inputs:metallic = 0.86
                float inputs:roughness = 0.22
                float inputs:opacity = 1
                token outputs:surface
            }
            def Shader "Texture"
            {
                uniform token info:id = "UsdUVTexture"
                asset inputs:file = @./textures/brushed_metal_basecolor.png@
                token inputs:sourceColorSpace = "sRGB"
                token inputs:wrapS = "repeat"
                token inputs:wrapT = "repeat"
                float2 inputs:st.connect = </DrAnmarDebridementFragment/Looks/ValveMetal/Primvar.outputs:result>
                float3 outputs:rgb
            }
            def Shader "Primvar"
            {
                uniform token info:id = "UsdPrimvarReader_float2"
                string inputs:varname = "st"
                float2 outputs:result
            }

        }
        def Material "CuretteSteel"
        {
            token outputs:surface.connect = </DrAnmarDebridementFragment/Looks/CuretteSteel/Shader.outputs:surface>
            def Shader "Shader"
            {
                uniform token info:id = "UsdPreviewSurface"
                color3f inputs:diffuseColor.connect = </DrAnmarDebridementFragment/Looks/CuretteSteel/Texture.outputs:rgb>
                float inputs:metallic = 0.94
                float inputs:roughness = 0.15
                float inputs:opacity = 1
                token outputs:surface
            }
            def Shader "Texture"
            {
                uniform token info:id = "UsdUVTexture"
                asset inputs:file = @./textures/brushed_metal_basecolor.png@
                token inputs:sourceColorSpace = "sRGB"
                token inputs:wrapS = "repeat"
                token inputs:wrapT = "repeat"
                float2 inputs:st.connect = </DrAnmarDebridementFragment/Looks/CuretteSteel/Primvar.outputs:result>
                float3 outputs:rgb
            }
            def Shader "Primvar"
            {
                uniform token info:id = "UsdPrimvarReader_float2"
                string inputs:varname = "st"
                float2 outputs:result
            }

        }
        def Material "BodyPolymer"
        {
            token outputs:surface.connect = </DrAnmarDebridementFragment/Looks/BodyPolymer/Shader.outputs:surface>
            def Shader "Shader"
            {
                uniform token info:id = "UsdPreviewSurface"
                color3f inputs:diffuseColor.connect = </DrAnmarDebridementFragment/Looks/BodyPolymer/Texture.outputs:rgb>
                float inputs:metallic = 0.03
                float inputs:roughness = 0.4
                float inputs:opacity = 1
                token outputs:surface
            }
            def Shader "Texture"
            {
                uniform token info:id = "UsdUVTexture"
                asset inputs:file = @./textures/body_polymer_basecolor.png@
                token inputs:sourceColorSpace = "sRGB"
                token inputs:wrapS = "repeat"
                token inputs:wrapT = "repeat"
                float2 inputs:st.connect = </DrAnmarDebridementFragment/Looks/BodyPolymer/Primvar.outputs:result>
                float3 outputs:rgb
            }
            def Shader "Primvar"
            {
                uniform token info:id = "UsdPrimvarReader_float2"
                string inputs:varname = "st"
                float2 outputs:result
            }

        }
        def Material "AccentPolymer"
        {
            token outputs:surface.connect = </DrAnmarDebridementFragment/Looks/AccentPolymer/Shader.outputs:surface>
            def Shader "Shader"
            {
                uniform token info:id = "UsdPreviewSurface"
                color3f inputs:diffuseColor.connect = </DrAnmarDebridementFragment/Looks/AccentPolymer/Texture.outputs:rgb>
                float inputs:metallic = 0.04
                float inputs:roughness = 0.34
                float inputs:opacity = 1
                token outputs:surface
            }
            def Shader "Texture"
            {
                uniform token info:id = "UsdUVTexture"
                asset inputs:file = @./textures/blue_polymer_basecolor.png@
                token inputs:sourceColorSpace = "sRGB"
                token inputs:wrapS = "repeat"
                token inputs:wrapT = "repeat"
                float2 inputs:st.connect = </DrAnmarDebridementFragment/Looks/AccentPolymer/Primvar.outputs:result>
                float3 outputs:rgb
            }
            def Shader "Primvar"
            {
                uniform token info:id = "UsdPrimvarReader_float2"
                string inputs:varname = "st"
                float2 outputs:result
            }

        }
        def Material "DarkPolymer"
        {
            token outputs:surface.connect = </DrAnmarDebridementFragment/Looks/DarkPolymer/Shader.outputs:surface>
            def Shader "Shader"
            {
                uniform token info:id = "UsdPreviewSurface"
                color3f inputs:diffuseColor = (0.06, 0.09, 0.12)
                float inputs:metallic = 0.05
                float inputs:roughness = 0.38
                float inputs:opacity = 1
                token outputs:surface
            }
        }
        def Material "SuctionDark"
        {
            token outputs:surface.connect = </DrAnmarDebridementFragment/Looks/SuctionDark/Shader.outputs:surface>
            def Shader "Shader"
            {
                uniform token info:id = "UsdPreviewSurface"
                color3f inputs:diffuseColor = (0.025, 0.034, 0.04)
                float inputs:metallic = 0.32
                float inputs:roughness = 0.3
                float inputs:opacity = 1
                token outputs:surface
            }
        }
        def Material "TransparentReservoir"
        {
            token outputs:surface.connect = </DrAnmarDebridementFragment/Looks/TransparentReservoir/Shader.outputs:surface>
            def Shader "Shader"
            {
                uniform token info:id = "UsdPreviewSurface"
                color3f inputs:diffuseColor = (0.5, 0.78, 0.9)
                float inputs:metallic = 0
                float inputs:roughness = 0.1
                float inputs:opacity = 0.25
                token outputs:surface
            }
        }
        def Material "TransparentWasteCanister"
        {
            token outputs:surface.connect = </DrAnmarDebridementFragment/Looks/TransparentWasteCanister/Shader.outputs:surface>
            def Shader "Shader"
            {
                uniform token info:id = "UsdPreviewSurface"
                color3f inputs:diffuseColor = (0.56, 0.7, 0.72)
                float inputs:metallic = 0
                float inputs:roughness = 0.12
                float inputs:opacity = 0.28
                token outputs:surface
            }
        }
        def Material "IrrigationFluid"
        {
            token outputs:surface.connect = </DrAnmarDebridementFragment/Looks/IrrigationFluid/Shader.outputs:surface>
            def Shader "Shader"
            {
                uniform token info:id = "UsdPreviewSurface"
                color3f inputs:diffuseColor = (0.18, 0.67, 0.96)
                float inputs:metallic = 0
                float inputs:roughness = 0.05
                float inputs:opacity = 0.62
                token outputs:surface
            }
        }
        def Material "WasteFluid"
        {
            token outputs:surface.connect = </DrAnmarDebridementFragment/Looks/WasteFluid/Shader.outputs:surface>
            def Shader "Shader"
            {
                uniform token info:id = "UsdPreviewSurface"
                color3f inputs:diffuseColor = (0.54, 0.14, 0.12)
                float inputs:metallic = 0
                float inputs:roughness = 0.12
                float inputs:opacity = 0.64
                token outputs:surface
            }
        }
        def Material "IrrigationTube"
        {
            token outputs:surface.connect = </DrAnmarDebridementFragment/Looks/IrrigationTube/Shader.outputs:surface>
            def Shader "Shader"
            {
                uniform token info:id = "UsdPreviewSurface"
                color3f inputs:diffuseColor = (0.12, 0.52, 0.78)
                float inputs:metallic = 0
                float inputs:roughness = 0.2
                float inputs:opacity = 0.78
                token outputs:surface
            }
        }
        def Material "SuctionTube"
        {
            token outputs:surface.connect = </DrAnmarDebridementFragment/Looks/SuctionTube/Shader.outputs:surface>
            def Shader "Shader"
            {
                uniform token info:id = "UsdPreviewSurface"
                color3f inputs:diffuseColor = (0.12, 0.16, 0.17)
                float inputs:metallic = 0
                float inputs:roughness = 0.34
                float inputs:opacity = 0.88
                token outputs:surface
            }
        }
        def Material "GuardElastomer"
        {
            token outputs:surface.connect = </DrAnmarDebridementFragment/Looks/GuardElastomer/Shader.outputs:surface>
            def Shader "Shader"
            {
                uniform token info:id = "UsdPreviewSurface"
                color3f inputs:diffuseColor.connect = </DrAnmarDebridementFragment/Looks/GuardElastomer/Texture.outputs:rgb>
                float inputs:metallic = 0
                float inputs:roughness = 0.72
                float inputs:opacity = 1
                token outputs:surface
            }
            def Shader "Texture"
            {
                uniform token info:id = "UsdUVTexture"
                asset inputs:file = @./textures/guard_elastomer_basecolor.png@
                token inputs:sourceColorSpace = "sRGB"
                token inputs:wrapS = "repeat"
                token inputs:wrapT = "repeat"
                float2 inputs:st.connect = </DrAnmarDebridementFragment/Looks/GuardElastomer/Primvar.outputs:result>
                float3 outputs:rgb
            }
            def Shader "Primvar"
            {
                uniform token info:id = "UsdPrimvarReader_float2"
                string inputs:varname = "st"
                float2 outputs:result
            }

        }
        def Material "BrushBristle"
        {
            token outputs:surface.connect = </DrAnmarDebridementFragment/Looks/BrushBristle/Shader.outputs:surface>
            def Shader "Shader"
            {
                uniform token info:id = "UsdPreviewSurface"
                color3f inputs:diffuseColor.connect = </DrAnmarDebridementFragment/Looks/BrushBristle/Texture.outputs:rgb>
                float inputs:metallic = 0
                float inputs:roughness = 0.68
                float inputs:opacity = 1
                token outputs:surface
            }
            def Shader "Texture"
            {
                uniform token info:id = "UsdUVTexture"
                asset inputs:file = @./textures/brush_bristle_basecolor.png@
                token inputs:sourceColorSpace = "sRGB"
                token inputs:wrapS = "repeat"
                token inputs:wrapT = "repeat"
                float2 inputs:st.connect = </DrAnmarDebridementFragment/Looks/BrushBristle/Primvar.outputs:result>
                float3 outputs:rgb
            }
            def Shader "Primvar"
            {
                uniform token info:id = "UsdPrimvarReader_float2"
                string inputs:varname = "st"
                float2 outputs:result
            }

        }
        def Material "PadFoam"
        {
            token outputs:surface.connect = </DrAnmarDebridementFragment/Looks/PadFoam/Shader.outputs:surface>
            def Shader "Shader"
            {
                uniform token info:id = "UsdPreviewSurface"
                color3f inputs:diffuseColor.connect = </DrAnmarDebridementFragment/Looks/PadFoam/Texture.outputs:rgb>
                float inputs:metallic = 0
                float inputs:roughness = 0.82
                float inputs:opacity = 1
                token outputs:surface
            }
            def Shader "Texture"
            {
                uniform token info:id = "UsdUVTexture"
                asset inputs:file = @./textures/pad_foam_basecolor.png@
                token inputs:sourceColorSpace = "sRGB"
                token inputs:wrapS = "repeat"
                token inputs:wrapT = "repeat"
                float2 inputs:st.connect = </DrAnmarDebridementFragment/Looks/PadFoam/Primvar.outputs:result>
                float3 outputs:rgb
            }
            def Shader "Primvar"
            {
                uniform token info:id = "UsdPrimvarReader_float2"
                string inputs:varname = "st"
                float2 outputs:result
            }

        }
        def Material "FilterMaterial"
        {
            token outputs:surface.connect = </DrAnmarDebridementFragment/Looks/FilterMaterial/Shader.outputs:surface>
            def Shader "Shader"
            {
                uniform token info:id = "UsdPreviewSurface"
                color3f inputs:diffuseColor = (0.88, 0.89, 0.86)
                float inputs:metallic = 0
                float inputs:roughness = 0.84
                float inputs:opacity = 1
                token outputs:surface
            }
        }
        def Material "SensorGlass"
        {
            token outputs:surface.connect = </DrAnmarDebridementFragment/Looks/SensorGlass/Shader.outputs:surface>
            def Shader "Shader"
            {
                uniform token info:id = "UsdPreviewSurface"
                color3f inputs:diffuseColor = (0.04, 0.1, 0.14)
                float inputs:metallic = 0.2
                float inputs:roughness = 0.08
                float inputs:opacity = 0.72
                token outputs:surface
            }
        }
        def Material "SensorBlue"
        {
            token outputs:surface.connect = </DrAnmarDebridementFragment/Looks/SensorBlue/Shader.outputs:surface>
            def Shader "Shader"
            {
                uniform token info:id = "UsdPreviewSurface"
                color3f inputs:diffuseColor = (0.03, 0.56, 0.95)
                float inputs:metallic = 0.1
                float inputs:roughness = 0.18
                float inputs:opacity = 1
                token outputs:surface
            }
        }
        def Material "IndicatorGreen"
        {
            token outputs:surface.connect = </DrAnmarDebridementFragment/Looks/IndicatorGreen/Shader.outputs:surface>
            def Shader "Shader"
            {
                uniform token info:id = "UsdPreviewSurface"
                color3f inputs:diffuseColor = (0.12, 0.96, 0.38)
                float inputs:metallic = 0
                float inputs:roughness = 0.18
                float inputs:opacity = 1
                token outputs:surface
            }
        }
        def Material "IndicatorAmber"
        {
            token outputs:surface.connect = </DrAnmarDebridementFragment/Looks/IndicatorAmber/Shader.outputs:surface>
            def Shader "Shader"
            {
                uniform token info:id = "UsdPreviewSurface"
                color3f inputs:diffuseColor = (0.98, 0.48, 0.08)
                float inputs:metallic = 0
                float inputs:roughness = 0.24
                float inputs:opacity = 1
                token outputs:surface
            }
        }
        def Material "LabelMaterial"
        {
            token outputs:surface.connect = </DrAnmarDebridementFragment/Looks/LabelMaterial/Shader.outputs:surface>
            def Shader "Shader"
            {
                uniform token info:id = "UsdPreviewSurface"
                color3f inputs:diffuseColor.connect = </DrAnmarDebridementFragment/Looks/LabelMaterial/Texture.outputs:rgb>
                float inputs:metallic = 0
                float inputs:roughness = 0.48
                float inputs:opacity = 1
                token outputs:surface
            }
            def Shader "Texture"
            {
                uniform token info:id = "UsdUVTexture"
                asset inputs:file = @./textures/dranmar_wound_prep_label.png@
                token inputs:sourceColorSpace = "sRGB"
                token inputs:wrapS = "repeat"
                token inputs:wrapT = "repeat"
                float2 inputs:st.connect = </DrAnmarDebridementFragment/Looks/LabelMaterial/Primvar.outputs:result>
                float3 outputs:rgb
            }
            def Shader "Primvar"
            {
                uniform token info:id = "UsdPrimvarReader_float2"
                string inputs:varname = "st"
                float2 outputs:result
            }

        }
        def Material "TissueVisual"
        {
            token outputs:surface.connect = </DrAnmarDebridementFragment/Looks/TissueVisual/Shader.outputs:surface>
            def Shader "Shader"
            {
                uniform token info:id = "UsdPreviewSurface"
                color3f inputs:diffuseColor.connect = </DrAnmarDebridementFragment/Looks/TissueVisual/Texture.outputs:rgb>
                float inputs:metallic = 0
                float inputs:roughness = 0.66
                float inputs:opacity = 1
                token outputs:surface
            }
            def Shader "Texture"
            {
                uniform token info:id = "UsdUVTexture"
                asset inputs:file = @./textures/tissue_basecolor.png@
                token inputs:sourceColorSpace = "sRGB"
                token inputs:wrapS = "repeat"
                token inputs:wrapT = "repeat"
                float2 inputs:st.connect = </DrAnmarDebridementFragment/Looks/TissueVisual/Primvar.outputs:result>
                float3 outputs:rgb
            }
            def Shader "Primvar"
            {
                uniform token info:id = "UsdPrimvarReader_float2"
                string inputs:varname = "st"
                float2 outputs:result
            }

        }
        def Material "WoundVisual"
        {
            token outputs:surface.connect = </DrAnmarDebridementFragment/Looks/WoundVisual/Shader.outputs:surface>
            def Shader "Shader"
            {
                uniform token info:id = "UsdPreviewSurface"
                color3f inputs:diffuseColor.connect = </DrAnmarDebridementFragment/Looks/WoundVisual/Texture.outputs:rgb>
                float inputs:metallic = 0
                float inputs:roughness = 0.76
                float inputs:opacity = 1
                token outputs:surface
            }
            def Shader "Texture"
            {
                uniform token info:id = "UsdUVTexture"
                asset inputs:file = @./textures/wound_basecolor.png@
                token inputs:sourceColorSpace = "sRGB"
                token inputs:wrapS = "repeat"
                token inputs:wrapT = "repeat"
                float2 inputs:st.connect = </DrAnmarDebridementFragment/Looks/WoundVisual/Primvar.outputs:result>
                float3 outputs:rgb
            }
            def Shader "Primvar"
            {
                uniform token info:id = "UsdPrimvarReader_float2"
                string inputs:varname = "st"
                float2 outputs:result
            }

        }
        def Material "DebrisVisual"
        {
            token outputs:surface.connect = </DrAnmarDebridementFragment/Looks/DebrisVisual/Shader.outputs:surface>
            def Shader "Shader"
            {
                uniform token info:id = "UsdPreviewSurface"
                color3f inputs:diffuseColor.connect = </DrAnmarDebridementFragment/Looks/DebrisVisual/Texture.outputs:rgb>
                float inputs:metallic = 0
                float inputs:roughness = 0.78
                float inputs:opacity = 1
                token outputs:surface
            }
            def Shader "Texture"
            {
                uniform token info:id = "UsdUVTexture"
                asset inputs:file = @./textures/debris_basecolor.png@
                token inputs:sourceColorSpace = "sRGB"
                token inputs:wrapS = "repeat"
                token inputs:wrapT = "repeat"
                float2 inputs:st.connect = </DrAnmarDebridementFragment/Looks/DebrisVisual/Primvar.outputs:result>
                float3 outputs:rgb
            }
            def Shader "Primvar"
            {
                uniform token info:id = "UsdPrimvarReader_float2"
                string inputs:varname = "st"
                float2 outputs:result
            }

        }
        def Material "WaterVisual"
        {
            token outputs:surface.connect = </DrAnmarDebridementFragment/Looks/WaterVisual/Shader.outputs:surface>
            def Shader "Shader"
            {
                uniform token info:id = "UsdPreviewSurface"
                color3f inputs:diffuseColor = (0.18, 0.68, 0.98)
                float inputs:metallic = 0
                float inputs:roughness = 0.03
                float inputs:opacity = 0.55
                token outputs:surface
            }
        }
        def Material "BasePad"
        {
            token outputs:surface.connect = </DrAnmarDebridementFragment/Looks/BasePad/Shader.outputs:surface>
            def Shader "Shader"
            {
                uniform token info:id = "UsdPreviewSurface"
                color3f inputs:diffuseColor = (0.18, 0.2, 0.22)
                float inputs:metallic = 0
                float inputs:roughness = 0.72
                float inputs:opacity = 1
                token outputs:surface
            }
        }
    }
    def Scope "PhysicsMaterials"
    {
        def Material "MountPhysics" (
            prepend apiSchemas = ["PhysicsMaterialAPI", "PhysxMaterialAPI"]
        )
        {
            float physics:staticFriction = 0.42
            float physics:dynamicFriction = 0.32
            float physics:restitution = 0.02
            uniform token physxMaterial:frictionCombineMode = "max"
            uniform token physxMaterial:restitutionCombineMode = "min"
        }
        def Material "PolymerPhysics" (
            prepend apiSchemas = ["PhysicsMaterialAPI", "PhysxMaterialAPI"]
        )
        {
            float physics:staticFriction = 0.56
            float physics:dynamicFriction = 0.44
            float physics:restitution = 0.03
            uniform token physxMaterial:frictionCombineMode = "max"
            uniform token physxMaterial:restitutionCombineMode = "min"
        }
        def Material "SteelPhysics" (
            prepend apiSchemas = ["PhysicsMaterialAPI", "PhysxMaterialAPI"]
        )
        {
            float physics:staticFriction = 0.36
            float physics:dynamicFriction = 0.26
            float physics:restitution = 0.02
            uniform token physxMaterial:frictionCombineMode = "max"
            uniform token physxMaterial:restitutionCombineMode = "min"
        }
        def Material "GuardPhysics" (
            prepend apiSchemas = ["PhysicsMaterialAPI", "PhysxMaterialAPI"]
        )
        {
            float physics:staticFriction = 1.1
            float physics:dynamicFriction = 0.88
            float physics:restitution = 0
            uniform token physxMaterial:frictionCombineMode = "max"
            uniform token physxMaterial:restitutionCombineMode = "min"
        }
        def Material "BrushPhysics" (
            prepend apiSchemas = ["PhysicsMaterialAPI", "PhysxMaterialAPI"]
        )
        {
            float physics:staticFriction = 0.82
            float physics:dynamicFriction = 0.64
            float physics:restitution = 0
            uniform token physxMaterial:frictionCombineMode = "max"
            uniform token physxMaterial:restitutionCombineMode = "min"
        }
        def Material "CurettePhysics" (
            prepend apiSchemas = ["PhysicsMaterialAPI", "PhysxMaterialAPI"]
        )
        {
            float physics:staticFriction = 0.34
            float physics:dynamicFriction = 0.24
            float physics:restitution = 0.01
            uniform token physxMaterial:frictionCombineMode = "max"
            uniform token physxMaterial:restitutionCombineMode = "min"
        }
        def Material "SuctionPhysics" (
            prepend apiSchemas = ["PhysicsMaterialAPI", "PhysxMaterialAPI"]
        )
        {
            float physics:staticFriction = 0.18
            float physics:dynamicFriction = 0.12
            float physics:restitution = 0
            uniform token physxMaterial:frictionCombineMode = "max"
            uniform token physxMaterial:restitutionCombineMode = "min"
        }
        def Material "WaterPhysics" (
            prepend apiSchemas = ["PhysicsMaterialAPI", "PhysxMaterialAPI"]
        )
        {
            float physics:staticFriction = 0.04
            float physics:dynamicFriction = 0.02
            float physics:restitution = 0
            uniform token physxMaterial:frictionCombineMode = "max"
            uniform token physxMaterial:restitutionCombineMode = "min"
        }
        def Material "DebrisPhysics" (
            prepend apiSchemas = ["PhysicsMaterialAPI", "PhysxMaterialAPI"]
        )
        {
            float physics:staticFriction = 0.76
            float physics:dynamicFriction = 0.58
            float physics:restitution = 0
            uniform token physxMaterial:frictionCombineMode = "max"
            uniform token physxMaterial:restitutionCombineMode = "min"
        }
        def Material "TissuePhysics" (
            prepend apiSchemas = ["PhysicsMaterialAPI", "PhysxMaterialAPI"]
        )
        {
            float physics:staticFriction = 0.7
            float physics:dynamicFriction = 0.56
            float physics:restitution = 0
            uniform token physxMaterial:frictionCombineMode = "max"
            uniform token physxMaterial:restitutionCombineMode = "min"
        }
    }
    def Scope "Visuals"
    {
        def Mesh "Visual" (
            prepend apiSchemas = ["MaterialBindingAPI"]
        )
        {
            uniform bool doubleSided = false
            float3[] extent = [(-0.005963819347, -0.004100073157, -0.002053168398), (0.005928760843, 0.004042223371, 0.002092062636)]
            int[] faceVertexCounts = [3, 3, 3, 3, 3, 3, 3, 3, 3, 3, 3, 3, 3, 3, 3, 3, 3, 3, 3, 3, 3, 3, 3, 3, 3, 3, 3, 3, 3, 3, 3, 3, 3, 3, 3, 3, 3, 3, 3, 3, 3, 3, 3, 3, 3, 3, 3, 3, 3, 3, 3, 3, 3, 3, 3, 3, 3, 3, 3, 3, 3, 3, 3, 3, 3, 3, 3, 3, 3, 3, 3, 3, 3, 3, 3, 3, 3, 3, 3, 3, 3, 3, 3, 3, 3, 3, 3, 3, 3, 3, 3, 3, 3, 3, 3, 3, 3, 3, 3, 3, 3, 3, 3, 3, 3, 3, 3, 3, 3, 3, 3, 3, 3, 3, 3, 3, 3, 3, 3, 3, 3, 3, 3, 3, 3, 3, 3, 3, 3, 3, 3, 3, 3, 3, 3, 3, 3, 3, 3, 3, 3, 3, 3, 3, 3, 3, 3, 3, 3, 3, 3, 3, 3, 3, 3, 3, 3, 3, 3, 3, 3, 3, 3, 3, 3, 3, 3, 3, 3, 3, 3, 3, 3, 3, 3, 3, 3, 3, 3, 3, 3, 3, 3, 3, 3, 3, 3, 3, 3, 3, 3, 3, 3, 3, 3, 3, 3, 3, 3, 3, 3, 3, 3, 3, 3, 3, 3, 3, 3, 3, 3, 3, 3, 3, 3, 3, 3, 3, 3, 3, 3, 3, 3, 3, 3, 3, 3, 3, 3, 3, 3, 3, 3, 3, 3, 3, 3, 3, 3, 3, 3, 3, 3, 3, 3, 3, 3, 3, 3, 3, 3, 3, 3, 3, 3, 3, 3, 3, 3, 3, 3, 3, 3, 3, 3, 3, 3, 3, 3, 3, 3, 3, 3, 3, 3, 3, 3, 3, 3, 3, 3, 3, 3, 3, 3, 3, 3, 3, 3, 3, 3, 3, 3, 3, 3, 3, 3, 3, 3, 3, 3, 3, 3, 3, 3, 3, 3, 3, 3, 3, 3, 3, 3, 3, 3, 3, 3, 3, 3, 3, 3, 3, 3, 3, 3, 3, 3, 3, 3, 3, 3, 3, 3, 3, 3, 3, 3, 3, 3, 3, 3, 3, 3, 3, 3, 3, 3, 3, 3, 3, 3, 3, 3, 3, 3, 3, 3, 3, 3, 3, 3, 3, 3, 3, 3, 3, 3, 3, 3, 3, 3, 3, 3, 3, 3, 3, 3, 3, 3, 3, 3, 3, 3, 3, 3, 3, 3, 3, 3, 3, 3, 3, 3, 3, 3, 3, 3, 3, 3, 3, 3, 3, 3, 3, 3, 3, 3, 3, 3, 3, 3, 3, 3, 3, 3, 3, 3, 3, 3, 3, 3, 3, 3, 3, 3, 3, 3, 3, 3, 3, 3, 3, 3, 3, 3, 3, 3, 3, 3, 3, 3, 3, 3, 3, 3, 3, 3, 3, 3, 3, 3, 3, 3, 3, 3, 3, 3, 3, 3, 3, 3, 3, 3, 3, 3, 3, 3, 3, 3, 3, 3, 3, 3, 3, 3, 3, 3, 3, 3, 3, 3, 3, 3, 3, 3, 3, 3, 3, 3, 3, 3, 3, 3, 3, 3, 3, 3, 3, 3, 3, 3, 3, 3, 3, 3, 3, 3, 3, 3, 3, 3, 3, 3, 3, 3, 3, 3, 3, 3, 3, 3, 3, 3, 3, 3, 3, 3, 3, 3, 3, 3, 3, 3, 3, 3, 3, 3, 3, 3, 3, 3, 3, 3, 3, 3, 3, 3, 3, 3, 3, 3, 3, 3, 3, 3, 3, 3, 3, 3, 3, 3, 3, 3, 3, 3, 3, 3, 3, 3, 3, 3, 3, 3, 3, 3, 3, 3, 3, 3, 3, 3, 3, 3, 3, 3, 3, 3, 3, 3, 3, 3, 3, 3, 3, 3, 3, 3, 3, 3, 3, 3, 3, 3, 3, 3, 3, 3, 3, 3, 3, 3, 3, 3, 3, 3, 3, 3, 3, 3, 3, 3, 3, 3, 3, 3, 3, 3, 3, 3, 3, 3, 3, 3, 3, 3, 3, 3, 3, 3, 3, 3, 3, 3, 3, 3, 3, 3, 3, 3, 3, 3, 3, 3, 3, 3, 3, 3, 3, 3, 3, 3, 3, 3, 3, 3, 3, 3, 3, 3, 3, 3, 3, 3, 3, 3, 3, 3, 3, 3, 3, 3, 3, 3, 3, 3, 3, 3, 3, 3, 3, 3, 3, 3, 3, 3, 3, 3, 3, 3, 3, 3, 3, 3, 3, 3, 3, 3, 3, 3, 3, 3, 3, 3, 3, 3, 3, 3, 3, 3, 3, 3, 3, 3, 3, 3, 3, 3, 3, 3, 3, 3, 3, 3, 3, 3, 3, 3, 3, 3, 3, 3, 3, 3, 3, 3, 3, 3, 3, 3, 3, 3, 3, 3, 3, 3, 3, 3, 3, 3, 3, 3, 3, 3, 3, 3, 3, 3, 3, 3, 3, 3, 3, 3, 3, 3, 3, 3, 3, 3, 3, 3, 3, 3, 3, 3, 3, 3, 3, 3, 3, 3, 3, 3, 3, 3, 3, 3, 3, 3, 3, 3, 3, 3, 3, 3, 3, 3, 3, 3, 3, 3, 3, 3, 3, 3, 3, 3, 3, 3, 3, 3, 3, 3, 3, 3, 3, 3, 3, 3, 3, 3, 3, 3, 3, 3, 3, 3, 3, 3, 3, 3, 3, 3, 3, 3, 3, 3, 3, 3, 3, 3, 3, 3, 3, 3, 3, 3, 3, 3, 3, 3, 3, 3, 3, 3, 3, 3, 3, 3, 3, 3, 3, 3, 3, 3, 3, 3, 3, 3, 3, 3, 3, 3, 3, 3, 3, 3, 3, 3, 3, 3, 3, 3, 3, 3, 3, 3, 3, 3, 3, 3, 3, 3, 3, 3, 3, 3, 3, 3, 3, 3, 3, 3, 3, 3, 3, 3, 3, 3, 3, 3, 3, 3, 3, 3, 3, 3, 3, 3, 3, 3, 3, 3, 3, 3, 3, 3, 3, 3, 3, 3, 3, 3, 3, 3, 3, 3, 3, 3, 3, 3, 3, 3, 3, 3, 3, 3, 3, 3, 3, 3, 3, 3, 3, 3, 3, 3, 3, 3, 3, 3, 3, 3, 3, 3, 3, 3, 3, 3, 3, 3, 3, 3, 3, 3, 3, 3, 3, 3, 3, 3, 3, 3, 3, 3, 3, 3, 3, 3, 3, 3, 3, 3, 3, 3, 3, 3, 3, 3, 3, 3, 3, 3, 3, 3, 3, 3, 3, 3, 3, 3, 3, 3, 3, 3, 3, 3, 3, 3, 3, 3, 3, 3, 3, 3, 3, 3, 3, 3, 3, 3, 3, 3, 3, 3, 3, 3, 3, 3, 3, 3, 3, 3, 3, 3, 3, 3, 3, 3, 3, 3, 3, 3, 3, 3, 3, 3, 3, 3, 3, 3, 3, 3, 3, 3, 3, 3, 3, 3, 3, 3, 3, 3, 3, 3, 3, 3, 3, 3, 3, 3, 3, 3, 3, 3, 3, 3, 3, 3, 3, 3, 3, 3, 3, 3, 3, 3, 3, 3, 3, 3, 3, 3, 3, 3, 3, 3, 3, 3, 3, 3, 3, 3, 3, 3, 3, 3, 3, 3, 3, 3, 3, 3, 3, 3, 3, 3, 3, 3, 3, 3, 3, 3, 3, 3, 3, 3, 3, 3, 3, 3, 3, 3, 3, 3, 3, 3, 3, 3, 3, 3, 3, 3, 3, 3, 3, 3, 3, 3, 3, 3, 3, 3, 3, 3, 3, 3, 3, 3, 3, 3, 3, 3, 3, 3, 3, 3, 3, 3, 3, 3, 3, 3, 3, 3, 3, 3, 3, 3, 3, 3, 3, 3, 3, 3, 3, 3, 3, 3, 3, 3, 3, 3, 3, 3, 3, 3, 3, 3, 3, 3, 3, 3, 3, 3, 3, 3, 3, 3, 3, 3, 3, 3, 3, 3, 3, 3, 3, 3, 3, 3, 3, 3, 3, 3, 3, 3, 3, 3, 3, 3, 3, 3, 3, 3, 3, 3, 3, 3, 3, 3, 3, 3, 3, 3, 3, 3, 3, 3, 3, 3, 3, 3, 3, 3, 3, 3, 3, 3, 3]
            int[] faceVertexIndices = [0, 532, 196, 532, 137, 534, 196, 534, 53, 532, 534, 196, 137, 533, 541, 533, 37, 539, 541, 539, 139, 533, 539, 541, 53, 540, 197, 540, 139, 538, 197, 538, 16, 540, 538, 197, 137, 541, 534, 541, 139, 540, 534, 540, 53, 541, 540, 534, 37, 537, 600, 537, 138, 602, 600, 602, 154, 537, 602, 600, 138, 536, 588, 536, 11, 586, 588, 586, 151, 536, 586, 588, 154, 604, 601, 604, 151, 587, 601, 587, 40, 604, 587, 601, 138, 588, 602, 588, 151, 604, 602, 604, 154, 588, 604, 602, 16, 590, 200, 590, 152, 592, 200, 592, 54, 590, 592, 200, 152, 591, 594, 591, 40, 583, 594, 583, 150, 591, 583, 594, 54, 584, 199, 584, 150, 582, 199, 582, 5, 584, 582, 199, 152, 594, 592, 594, 150, 584, 592, 584, 54, 594, 584, 592, 37, 600, 539, 600, 154, 603, 539, 603, 139, 600, 603, 539, 154, 601, 605, 601, 40, 591, 605, 591, 152, 601, 591, 605, 139, 593, 538, 593, 152, 590, 538, 590, 16, 593, 590, 538, 154, 605, 603, 605, 152, 593, 603, 593, 139, 605, 593, 603, 0, 196, 162, 196, 53, 198, 162, 198, 42, 196, 198, 162, 53, 197, 204, 197, 16, 202, 204, 202, 55, 197, 202, 204, 42, 203, 163, 203, 55, 201, 163, 201, 12, 203, 201, 163, 53, 204, 198, 204, 55, 203, 198, 203, 42, 204, 203, 198, 16, 200, 216, 200, 54, 218, 216, 218, 59, 200, 218, 216, 54, 199, 210, 199, 5, 208, 210, 208, 57, 199, 208, 210, 59, 220, 217, 220, 57, 209, 217, 209, 17, 220, 209, 217, 54, 210, 218, 210, 57, 220, 218, 220, 59, 210, 220, 218, 12, 211, 165, 211, 58, 213, 165, 213, 43, 211, 213, 165, 58, 212, 215, 212, 17, 206, 215, 206, 56, 212, 206, 215, 43, 207, 164, 207, 56, 205, 164, 205, 1, 207, 205, 164, 58, 215, 213, 215, 56, 207, 213, 207, 43, 215, 207, 213, 16, 216, 202, 216, 59, 219, 202, 219, 55, 216, 219, 202, 59, 217, 221, 217, 17, 212, 221, 212, 58, 217, 212, 221, 55, 214, 201, 214, 58, 211, 201, 211, 12, 214, 211, 201, 59, 221, 219, 221, 58, 214, 219, 214, 55, 221, 214, 219, 0, 162, 252, 162, 42, 254, 252, 254, 69, 162, 254, 252, 42, 163, 259, 163, 12, 257, 259, 257, 71, 163, 257, 259, 69, 260, 253, 260, 71, 258, 253, 258, 21, 260, 258, 253, 42, 259, 254, 259, 71, 260, 254, 260, 69, 259, 260, 254, 12, 165, 267, 165, 43, 269, 267, 269, 74, 165, 269, 267, 43, 164, 263, 164, 1, 261, 263, 261, 72, 164, 261, 263, 74, 271, 268, 271, 72, 262, 268, 262, 22, 271, 262, 268, 43, 263, 269, 263, 72, 271, 269, 271, 74, 263, 271, 269, 21, 272, 256, 272, 75, 274, 256, 274, 70, 272, 274, 256, 75, 273, 276, 273, 22, 265, 276, 265, 73, 273, 265, 276, 70, 266, 255, 266, 73, 264, 255, 264, 7, 266, 264, 255, 75, 276, 274, 276, 73, 266, 274, 266, 70, 276, 266, 274, 12, 267, 257, 267, 74, 270, 257, 270, 71, 267, 270, 257, 74, 268, 277, 268, 22, 273, 277, 273, 75, 268, 273, 277, 71, 275, 258, 275, 75, 272, 258, 272, 21, 275, 272, 258, 74, 277, 270, 277, 75, 275, 270, 275, 71, 277, 275, 270, 0, 252, 462, 252, 69, 464, 462, 464, 120, 252, 464, 462, 69, 253, 469, 253, 21, 467, 469, 467, 122, 253, 467, 469, 120, 470, 463, 470, 122, 468, 463, 468, 33, 470, 468, 463, 69, 469, 464, 469, 122, 470, 464, 470, 120, 469, 470, 464, 21, 256, 510, 256, 70, 512, 510, 512, 133, 256, 512, 510, 70, 255, 504, 255, 7, 502, 504, 502, 131, 255, 502, 504, 133, 514, 511, 514, 131, 503, 511, 503, 36, 514, 503, 511, 70, 504, 512, 504, 131, 514, 512, 514, 133, 504, 514, 512, 33, 520, 466, 520, 135, 522, 466, 522, 121, 520, 522, 466, 135, 521, 524, 521, 36, 507, 524, 507, 132, 521, 507, 524, 121, 508, 465, 508, 132, 506, 465, 506, 10, 508, 506, 465, 135, 524, 522, 524, 132, 508, 522, 508, 121, 524, 508, 522, 21, 510, 467, 510, 133, 513, 467, 513, 122, 510, 513, 467, 133, 511, 525, 511, 36, 521, 525, 521, 135, 511, 521, 525, 122, 523, 468, 523, 135, 520, 468, 520, 33, 523, 520, 468, 133, 525, 513, 525, 135, 523, 513, 523, 122, 525, 523, 513, 0, 462, 532, 462, 120, 535, 532, 535, 137, 462, 535, 532, 120, 463, 544, 463, 33, 542, 544, 542, 140, 463, 542, 544, 137, 545, 533, 545, 140, 543, 533, 543, 37, 545, 543, 533, 120, 544, 535, 544, 140, 545, 535, 545, 137, 544, 545, 535, 33, 466, 620, 466, 121, 622, 620, 622, 158, 466, 622, 620, 121, 465, 614, 465, 10, 612, 614, 612, 156, 465, 612, 614, 158, 624, 621, 624, 156, 613, 621, 613, 41, 624, 613, 621, 121, 614, 622, 614, 156, 624, 622, 624, 158, 614, 624, 622, 37, 630, 537, 630, 160, 632, 537, 632, 138, 630, 632, 537, 160, 631, 634, 631, 41, 617, 634, 617, 157, 631, 617, 634, 138, 618, 536, 618, 157, 616, 536, 616, 11, 618, 616, 536, 160, 634, 632, 634, 157, 618, 632, 618, 138, 634, 618, 632, 33, 620, 542, 620, 158, 623, 542, 623, 140, 620, 623, 542, 158, 621, 635, 621, 41, 631, 635, 631, 160, 621, 631, 635, 140, 633, 543, 633, 160, 630, 543, 630, 37, 633, 630, 543, 158, 635, 623, 635, 160, 633, 623, 633, 140, 635, 633, 623, 1, 205, 352, 205, 56, 354, 352, 354, 95, 205, 354, 352, 56, 206, 360, 206, 17, 358, 360, 358, 97, 206, 358, 360, 95, 361, 353, 361, 97, 359, 353, 359, 28, 361, 359, 353, 56, 360, 354, 360, 97, 361, 354, 361, 95, 360, 361, 354, 17, 209, 410, 209, 57, 412, 410, 412, 110, 209, 412, 410, 57, 208, 404, 208, 5, 402, 404, 402, 108, 208, 402, 404, 110, 414, 411, 414, 108, 403, 411, 403, 31, 414, 403, 411, 57, 404, 412, 404, 108, 414, 412, 414, 110, 404, 414, 412, 28, 420, 357, 420, 112, 422, 357, 422, 96, 420, 422, 357, 112, 421, 424, 421, 31, 407, 424, 407, 109, 421, 407, 424, 96, 408, 356, 408, 109, 406, 356, 406, 9, 408, 406, 356, 112, 424, 422, 424, 109, 408, 422, 408, 96, 424, 408, 422, 17, 410, 358, 410, 110, 413, 358, 413, 97, 410, 413, 358, 110, 411, 425, 411, 31, 421, 425, 421, 112, 411, 421, 425, 97, 423, 359, 423, 112, 420, 359, 420, 28, 423, 420, 359, 110, 425, 413, 425, 112, 423, 413, 423, 97, 425, 423, 413, 5, 582, 224, 582, 150, 585, 224, 585, 61, 582, 585, 224, 150, 583, 599, 583, 40, 596, 599, 596, 153, 583, 596, 599, 61, 597, 225, 597, 153, 595, 225, 595, 18, 597, 595, 225, 150, 599, 585, 599, 153, 597, 585, 597, 61, 599, 597, 585, 40, 587, 607, 587, 151, 610, 607, 610, 155, 587, 610, 607, 151, 586, 589, 586, 11, 564, 589, 564, 146, 586, 564, 589, 155, 608, 606, 608, 146, 565, 606, 565, 39, 608, 565, 606, 151, 589, 610, 589, 146, 608, 610, 608, 155, 589, 608, 610, 18, 572, 223, 572, 148, 574, 223, 574, 60, 572, 574, 223, 148, 573, 575, 573, 39, 561, 575, 561, 145, 573, 561, 575, 60, 563, 222, 563, 145, 560, 222, 560, 4, 563, 560, 222, 148, 575, 574, 575, 145, 563, 574, 563, 60, 575, 563, 574, 40, 607, 596, 607, 155, 611, 596, 611, 153, 607, 611, 596, 155, 606, 609, 606, 39, 573, 609, 573, 148, 606, 573, 609, 153, 598, 595, 598, 148, 572, 595, 572, 18, 598, 572, 595, 155, 609, 611, 609, 148, 598, 611, 598, 153, 609, 598, 611, 11, 616, 550, 616, 157, 619, 550, 619, 142, 616, 619, 550, 157, 617, 640, 617, 41, 637, 640, 637, 161, 617, 637, 640, 142, 638, 551, 638, 161, 636, 551, 636, 38, 638, 636, 551, 157, 640, 619, 640, 161, 638, 619, 638, 142, 640, 638, 619, 41, 613, 626, 613, 156, 629, 626, 629, 159, 613, 629, 626, 156, 612, 615, 612, 10, 474, 615, 474, 124, 612, 474, 615, 159, 627, 625, 627, 124, 475, 625, 475, 34, 627, 475, 625, 156, 615, 629, 615, 124, 627, 629, 627, 159, 615, 627, 629, 38, 557, 547, 557, 144, 559, 547, 559, 141, 557, 559, 547, 144, 556, 558, 556, 34, 472, 558, 472, 123, 556, 472, 558, 141, 549, 546, 549, 123, 471, 546, 471, 2, 549, 471, 546, 144, 558, 559, 558, 123, 549, 559, 549, 141, 558, 549, 559, 41, 626, 637, 626, 159, 641, 637, 641, 161, 626, 641, 637, 159, 625, 628, 625, 34, 556, 628, 556, 144, 625, 556, 628, 161, 639, 636, 639, 144, 557, 636, 557, 38, 639, 557, 636, 159, 628, 641, 628, 144, 639, 641, 639, 161, 628, 639, 641, 10, 506, 484, 506, 132, 509, 484, 509, 127, 506, 509, 484, 132, 507, 530, 507, 36, 527, 530, 527, 136, 507, 527, 530, 127, 528, 485, 528, 136, 526, 485, 526, 35, 528, 526, 485, 132, 530, 509, 530, 136, 528, 509, 528, 127, 530, 528, 509, 36, 503, 516, 503, 131, 519, 516, 519, 134, 503, 519, 516, 131, 502, 505, 502, 7, 280, 505, 280, 77, 502, 280, 505, 134, 517, 515, 517, 77, 281, 515, 281, 23, 517, 281, 515, 131, 505, 519, 505, 77, 517, 519, 517, 134, 505, 517, 519, 35, 493, 481, 493, 129, 495, 481, 495, 126, 493, 495, 481, 129, 492, 494, 492, 23, 279, 494, 279, 76, 492, 279, 494, 126, 483, 480, 483, 76, 278, 480, 278, 6, 483, 278, 480, 129, 494, 495, 494, 76, 483, 495, 483, 126, 494, 483, 495, 36, 516, 527, 516, 134, 531, 527, 531, 136, 516, 531, 527, 134, 515, 518, 515, 23, 492, 518, 492, 129, 515, 492, 518, 136, 529, 526, 529, 129, 493, 526, 493, 35, 529, 493, 526, 134, 518, 531, 518, 129, 529, 531, 529, 136, 518, 529, 531, 7, 264, 322, 264, 73, 324, 322, 324, 89, 264, 324, 322, 73, 265, 332, 265, 22, 330, 332, 330, 91, 265, 330, 332, 89, 334, 323, 334, 91, 331, 323, 331, 27, 334, 331, 323, 73, 332, 324, 332, 91, 334, 324, 334, 89, 332, 334, 324, 22, 262, 287, 262, 72, 289, 287, 289, 80, 262, 289, 287, 72, 261, 284, 261, 1, 282, 284, 282, 78, 261, 282, 284, 80, 290, 288, 290, 78, 283, 288, 283, 24, 290, 283, 288, 72, 284, 289, 284, 78, 290, 289, 290, 80, 284, 290, 289, 27, 341, 327, 341, 93, 344, 327, 344, 90, 341, 344, 327, 93, 340, 342, 340, 24, 286, 342, 286, 79, 340, 286, 342, 90, 328, 326, 328, 79, 285, 326, 285, 8, 328, 285, 326, 93, 342, 344, 342, 79, 328, 344, 328, 90, 342, 328, 344, 22, 287, 330, 287, 80, 333, 330, 333, 91, 287, 333, 330, 80, 288, 343, 288, 24, 340, 343, 340, 93, 288, 340, 343, 91, 345, 331, 345, 93, 341, 331, 341, 27, 345, 341, 331, 80, 343, 333, 343, 93, 345, 333, 345, 91, 343, 345, 333, 3, 366, 179, 366, 99, 368, 179, 368, 49, 366, 368, 179, 99, 367, 375, 367, 29, 373, 375, 373, 101, 367, 373, 375, 49, 374, 180, 374, 101, 372, 180, 372, 15, 374, 372, 180, 99, 375, 368, 375, 101, 374, 368, 374, 49, 375, 374, 368, 29, 371, 396, 371, 100, 398, 396, 398, 107, 371, 398, 396, 100, 370, 386, 370, 9, 384, 386, 384, 104, 370, 384, 386, 107, 400, 397, 400, 104, 385, 397, 385, 30, 400, 385, 397, 100, 386, 398, 386, 104, 400, 398, 400, 107, 386, 400, 398, 15, 387, 183, 387, 105, 389, 183, 389, 50, 387, 389, 183, 105, 388, 391, 388, 30, 381, 391, 381, 103, 388, 381, 391, 50, 382, 182, 382, 103, 380, 182, 380, 4, 382, 380, 182, 105, 391, 389, 391, 103, 382, 389, 382, 50, 391, 382, 389, 29, 396, 373, 396, 107, 399, 373, 399, 101, 396, 399, 373, 107, 397, 401, 397, 30, 388, 401, 388, 105, 397, 388, 401, 101, 390, 372, 390, 105, 387, 372, 387, 15, 390, 387, 372, 107, 401, 399, 401, 105, 390, 399, 390, 101, 401, 390, 399, 3, 179, 168, 179, 49, 181, 168, 181, 45, 179, 181, 168, 49, 180, 189, 180, 15, 186, 189, 186, 51, 180, 186, 189, 45, 187, 169, 187, 51, 185, 169, 185, 13, 187, 185, 169, 49, 189, 181, 189, 51, 187, 181, 187, 45, 189, 187, 181, 15, 183, 191, 183, 50, 194, 191, 194, 52, 183, 194, 191, 50, 182, 184, 182, 4, 173, 184, 173, 47, 182, 173, 184, 52, 192, 190, 192, 47, 174, 190, 174, 14, 192, 174, 190, 50, 184, 194, 184, 47, 192, 194, 192, 52, 184, 192, 194, 13, 175, 167, 175, 48, 177, 167, 177, 44, 175, 177, 167, 48, 176, 178, 176, 14, 171, 178, 171, 46, 176, 171, 178, 44, 172, 166, 172, 46, 170, 166, 170, 2, 172, 170, 166, 48, 178, 177, 178, 46, 172, 177, 172, 44, 178, 172, 177, 15, 191, 186, 191, 52, 195, 186, 195, 51, 191, 195, 186, 52, 190, 193, 190, 14, 176, 193, 176, 48, 190, 176, 193, 51, 188, 185, 188, 48, 175, 185, 175, 13, 188, 175, 185, 52, 193, 195, 193, 48, 188, 195, 188, 51, 193, 188, 195, 3, 168, 235, 168, 45, 237, 235, 237, 65, 168, 237, 235, 45, 169, 243, 169, 13, 241, 243, 241, 67, 169, 241, 243, 65, 245, 236, 245, 67, 242, 236, 242, 20, 245, 242, 236, 45, 243, 237, 243, 67, 245, 237, 245, 65, 243, 245, 237, 13, 167, 231, 167, 44, 233, 231, 233, 64, 167, 233, 231, 44, 166, 228, 166, 2, 226, 228, 226, 62, 166, 226, 228, 64, 234, 232, 234, 62, 227, 232, 227, 19, 234, 227, 232, 44, 228, 233, 228, 62, 234, 233, 234, 64, 228, 234, 233, 20, 247, 239, 247, 68, 250, 239, 250, 66, 247, 250, 239, 68, 246, 248, 246, 19, 230, 248, 230, 63, 246, 230, 248, 66, 240, 238, 240, 63, 229, 238, 229, 6, 240, 229, 238, 68, 248, 250, 248, 63, 240, 250, 240, 66, 248, 240, 250, 13, 231, 241, 231, 64, 244, 241, 244, 67, 231, 244, 241, 64, 232, 249, 232, 19, 246, 249, 246, 68, 232, 246, 249, 67, 251, 242, 251, 68, 247, 242, 247, 20, 251, 247, 242, 64, 249, 244, 249, 68, 251, 244, 251, 67, 249, 251, 244, 3, 235, 291, 235, 65, 293, 291, 293, 81, 235, 293, 291, 65, 236, 298, 236, 20, 296, 298, 296, 83, 236, 296, 298, 81, 299, 292, 299, 83, 297, 292, 297, 25, 299, 297, 292, 65, 298, 293, 298, 83, 299, 293, 299, 81, 298, 299, 293, 20, 239, 307, 239, 66, 309, 307, 309, 86, 239, 309, 307, 66, 238, 302, 238, 6, 300, 302, 300, 84, 238, 300, 302, 86, 311, 308, 311, 84, 301, 308, 301, 26, 311, 301, 308, 66, 302, 309, 302, 84, 311, 309, 311, 86, 302, 311, 309, 25, 316, 295, 316, 88, 318, 295, 318, 82, 316, 318, 295, 88, 317, 320, 317, 26, 305, 320, 305, 85, 317, 305, 320, 82, 306, 294, 306, 85, 304, 294, 304, 8, 306, 304, 294, 88, 320, 318, 320, 85, 306, 318, 306, 82, 320, 306, 318, 20, 307, 296, 307, 86, 310, 296, 310, 83, 307, 310, 296, 86, 308, 321, 308, 26, 317, 321, 317, 88, 308, 317, 321, 83, 319, 297, 319, 88, 316, 297, 316, 25, 319, 316, 297, 86, 321, 310, 321, 88, 319, 310, 319, 83, 321, 319, 310, 3, 291, 366, 291, 81, 369, 366, 369, 99, 291, 369, 366, 81, 292, 378, 292, 25, 376, 378, 376, 102, 292, 376, 378, 99, 379, 367, 379, 102, 377, 367, 377, 29, 379, 377, 367, 81, 378, 369, 378, 102, 379, 369, 379, 99, 378, 379, 369, 25, 295, 445, 295, 82, 447, 445, 447, 117, 295, 447, 445, 82, 294, 435, 294, 8, 432, 435, 432, 114, 294, 432, 435, 117, 449, 446, 449, 114, 433, 446, 433, 32, 449, 433, 446, 82, 435, 447, 435, 114, 449, 447, 449, 117, 435, 449, 447, 29, 456, 371, 456, 119, 458, 371, 458, 100, 456, 458, 371, 119, 457, 460, 457, 32, 437, 460, 437, 115, 457, 437, 460, 100, 439, 370, 439, 115, 436, 370, 436, 9, 439, 436, 370, 119, 460, 458, 460, 115, 439, 458, 439, 100, 460, 439, 458, 25, 445, 376, 445, 117, 448, 376, 448, 102, 445, 448, 376, 117, 446, 461, 446, 32, 457, 461, 457, 119, 446, 457, 461, 102, 459, 377, 459, 119, 456, 377, 456, 29, 459, 456, 377, 117, 461, 448, 461, 119, 459, 448, 459, 102, 461, 459, 448, 4, 380, 222, 380, 103, 383, 222, 383, 60, 380, 383, 222, 103, 381, 395, 381, 30, 393, 395, 393, 106, 381, 393, 395, 60, 394, 223, 394, 106, 392, 223, 392, 18, 394, 392, 223, 103, 395, 383, 395, 106, 394, 383, 394, 60, 395, 394, 383, 30, 385, 426, 385, 104, 428, 426, 428, 113, 385, 428, 426, 104, 384, 409, 384, 9, 406, 409, 406, 109, 384, 406, 409, 113, 430, 427, 430, 109, 407, 427, 407, 31, 430, 407, 427, 104, 409, 428, 409, 109, 430, 428, 430, 113, 409, 430, 428, 18, 415, 225, 415, 111, 417, 225, 417, 61, 415, 417, 225, 111, 416, 419, 416, 31, 403, 419, 403, 108, 416, 403, 419, 61, 405, 224, 405, 108, 402, 224, 402, 5, 405, 402, 224, 111, 419, 417, 419, 108, 405, 417, 405, 61, 419, 405, 417, 30, 426, 393, 426, 113, 429, 393, 429, 106, 426, 429, 393, 113, 427, 431, 427, 31, 416, 431, 416, 111, 427, 416, 431, 106, 418, 392, 418, 111, 415, 392, 415, 18, 418, 415, 392, 113, 431, 429, 431, 111, 418, 429, 418, 106, 431, 418, 429, 2, 170, 546, 170, 46, 548, 546, 548, 141, 170, 548, 546, 46, 171, 554, 171, 14, 552, 554, 552, 143, 171, 552, 554, 141, 555, 547, 555, 143, 553, 547, 553, 38, 555, 553, 547, 46, 554, 548, 554, 143, 555, 548, 555, 141, 554, 555, 548, 14, 174, 567, 174, 47, 569, 567, 569, 147, 174, 569, 567, 47, 173, 562, 173, 4, 560, 562, 560, 145, 173, 560, 562, 147, 571, 568, 571, 145, 561, 568, 561, 39, 571, 561, 568, 47, 562, 569, 562, 145, 571, 569, 571, 147, 562, 571, 569, 38, 576, 551, 576, 149, 578, 551, 578, 142, 576, 578, 551, 149, 577, 580, 577, 39, 565, 580, 565, 146, 577, 565, 580, 142, 566, 550, 566, 146, 564, 550, 564, 11, 566, 564, 550, 149, 580, 578, 580, 146, 566, 578, 566, 142, 580, 566, 578, 14, 567, 552, 567, 147, 570, 552, 570, 143, 567, 570, 552, 147, 568, 581, 568, 39, 577, 581, 577, 149, 568, 577, 581, 143, 579, 553, 579, 149, 576, 553, 576, 38, 579, 576, 553, 147, 581, 570, 581, 149, 579, 570, 579, 143, 581, 579, 570, 6, 229, 480, 229, 63, 482, 480, 482, 126, 229, 482, 480, 63, 230, 489, 230, 19, 487, 489, 487, 128, 230, 487, 489, 126, 491, 481, 491, 128, 488, 481, 488, 35, 491, 488, 481, 63, 489, 482, 489, 128, 491, 482, 491, 126, 489, 491, 482, 19, 227, 476, 227, 62, 478, 476, 478, 125, 227, 478, 476, 62, 226, 473, 226, 2, 471, 473, 471, 123, 226, 471, 473, 125, 479, 477, 479, 123, 472, 477, 472, 34, 479, 472, 477, 62, 473, 478, 473, 123, 479, 478, 479, 125, 473, 479, 478, 35, 497, 485, 497, 130, 500, 485, 500, 127, 497, 500, 485, 130, 496, 498, 496, 34, 475, 498, 475, 124, 496, 475, 498, 127, 486, 484, 486, 124, 474, 484, 474, 10, 486, 474, 484, 130, 498, 500, 498, 124, 486, 500, 486, 127, 498, 486, 500, 19, 476, 487, 476, 125, 490, 487, 490, 128, 476, 490, 487, 125, 477, 499, 477, 34, 496, 499, 496, 130, 477, 496, 499, 128, 501, 488, 501, 130, 497, 488, 497, 35, 501, 497, 488, 125, 499, 490, 499, 130, 501, 490, 501, 128, 499, 501, 490, 8, 304, 326, 304, 85, 329, 326, 329, 90, 304, 329, 326, 85, 305, 348, 305, 26, 346, 348, 346, 94, 305, 346, 348, 90, 350, 327, 350, 94, 347, 327, 347, 27, 350, 347, 327, 85, 348, 329, 348, 94, 350, 329, 350, 90, 348, 350, 329, 26, 301, 313, 301, 84, 315, 313, 315, 87, 301, 315, 313, 84, 300, 303, 300, 6, 278, 303, 278, 76, 300, 278, 303, 87, 314, 312, 314, 76, 279, 312, 279, 23, 314, 279, 312, 84, 303, 315, 303, 76, 314, 315, 314, 87, 303, 314, 315, 27, 336, 323, 336, 92, 339, 323, 339, 89, 336, 339, 323, 92, 335, 337, 335, 23, 281, 337, 281, 77, 335, 281, 337, 89, 325, 322, 325, 77, 280, 322, 280, 7, 325, 280, 322, 92, 337, 339, 337, 77, 325, 339, 325, 89, 337, 325, 339, 26, 313, 346, 313, 87, 349, 346, 349, 94, 313, 349, 346, 87, 312, 338, 312, 23, 335, 338, 335, 92, 312, 335, 338, 94, 351, 347, 351, 92, 336, 347, 336, 27, 351, 336, 347, 87, 338, 349, 338, 92, 351, 349, 351, 94, 338, 351, 349, 9, 436, 356, 436, 115, 438, 356, 438, 96, 436, 438, 356, 115, 437, 454, 437, 32, 451, 454, 451, 118, 437, 451, 454, 96, 452, 357, 452, 118, 450, 357, 450, 28, 452, 450, 357, 115, 454, 438, 454, 118, 452, 438, 452, 96, 454, 452, 438, 32, 433, 441, 433, 114, 444, 441, 444, 116, 433, 444, 441, 114, 432, 434, 432, 8, 285, 434, 285, 79, 432, 285, 434, 116, 442, 440, 442, 79, 286, 440, 286, 24, 442, 286, 440, 114, 434, 444, 434, 79, 442, 444, 442, 116, 434, 442, 444, 28, 363, 353, 363, 98, 365, 353, 365, 95, 363, 365, 353, 98, 362, 364, 362, 24, 283, 364, 283, 78, 362, 283, 364, 95, 355, 352, 355, 78, 282, 352, 282, 1, 355, 282, 352, 98, 364, 365, 364, 78, 355, 365, 355, 95, 364, 355, 365, 32, 441, 451, 441, 116, 455, 451, 455, 118, 441, 455, 451, 116, 440, 443, 440, 24, 362, 443, 362, 98, 440, 362, 443, 118, 453, 450, 453, 98, 363, 450, 363, 28, 453, 363, 450, 116, 443, 455, 443, 98, 453, 455, 453, 118, 443, 453, 455]
            point3f[] points = [
            (-0.002734205342, 0.003062794968, 0),
            (0.002831807113, 0.003172126264, 0),
            (-0.002643869156, -0.002961602416, 0),
            (0.002441637596, -0.002735067198, 0),
            (0, -0.001789369066, 0.001447629984),
            (0, 0.001667413363, 0.001348965747),
            (0, -0.001906291568, -0.001542222275),
            (0, 0.002197016115, -0.001777423374),
            (0.004162117979, 0, -0.0008904220533),
            (0.004094032339, 0, 0.0008758561626),
            (-0.004683395354, 0, -0.001001941446),
            (-0.004612822006, 0, 0.0009868433482),
            (0, 0.003645538956, 0),
            (0, -0.003198037805, 0),
            (-0.001601247841, -0.002902237804, 0.0008968408032),
            (0.001740961325, -0.003155466407, 0.000975092745),
            (-0.001347688044, 0.002442664457, 0.0007548248289),
            (0.001518647877, 0.002752526603, 0.0008505774978),
            (0, 0, 0.001389335888),
            (-0.001358231187, -0.002461773747, -0.0007607299241),
            (0.001251752857, -0.002268783364, -0.0007010926159),
            (-0.001561556546, 0.002830297925, -0.0008746101578),
            (0.001362490969, 0.002469494539, -0.00076311578),
            (0, 0, -0.001858593102),
            (0.00428602049, 0.001833858235, -0.0005666933598),
            (0.004112520657, -0.001759622916, -0.0005437533847),
            (0.00181477097, -0.0007764854825, -0.001016432692),
            (0.002431927816, 0.001040548188, -0.001362095261),
            (0.004182403803, 0.001789523796, 0.0005529932647),
            (0.004264089761, -0.001824474741, 0.0005637937008),
            (0.002122597641, -0.0009081951831, 0.001188842929),
            (0.002450940978, 0.001048683343, 0.001372744318),
            (0.004589404095, 0, 0),
            (-0.003798565814, 0.001625291156, -0.0005022425881),
            (-0.004742458221, -0.002029154103, -0.0006270431019),
            (-0.002348049181, -0.001004659062, -0.001315115786),
            (-0.002589853228, 0.001108119684, -0.001450547498),
            (-0.004653351905, 0.001991028211, 0.0006152615536),
            (-0.003912271346, -0.001673942307, 0.0005172766203),
            (-0.002565148992, -0.00109754949, 0.001436710934),
            (-0.002634464813, 0.001127207628, 0.001475533942),
            (-0.005239799827, 0, 0),
            (-0.001212091496, 0.00295389711, 0),
            (0.001433969254, 0.003494618722, 0),
            (-0.001652690229, -0.004027647176, 0),
            (0.001157169448, -0.002820050714, 0),
            (-0.00248889536, -0.003425875068, 0.0005160483113),
            (-0.0008471972185, -0.002533381692, 0.001281782688),
            (-0.0007797621841, -0.003160251232, 0.000436735979),
            (0.002797826243, -0.003851107332, 0.0005801021334),
            (0.0009116344663, -0.002726068991, 0.001379274212),
            (0.0007232133634, -0.00293106792, 0.0004050636242),
            (0, -0.003089726219, 0.0009547779098),
            (-0.002412357201, 0.003320523042, 0.0005001788666),
            (-0.0008163133021, 0.002441029231, 0.001235056295),
            (-0.0009140212011, 0.003704381523, 0.0005119329357),
            (0.002238211206, 0.003080817335, 0.0004640713837),
            (0.0009021115741, 0.002697592598, 0.001364866377),
            (0.0009906213591, 0.004014829694, 0.0005548358178),
            (0, 0.00281404977, 0.0008695892018),
            (0, -0.001007740249, 0.001773696917),
            (0, 0.0009290655163, 0.001635223605),
            (-0.002290678008, -0.003153036003, -0.0004749498661),
            (-0.0007162442738, -0.002141791888, -0.00108365501),
            (-0.0007860645426, -0.003185793681, -0.0004402658587),
            (0.00220310117, -0.00303248963, -0.0004567916581),
            (0.0009253160257, -0.002766981085, -0.001399973981),
            (0.0009608880285, -0.003894325267, -0.0005381825156),
            (0, -0.002575971396, -0.0007960189383),
            (-0.002041073925, 0.002809464947, -0.0004231968805),
            (-0.0009000725188, 0.002691495192, -0.00136178135),
            (-0.0006428097637, 0.002605205009, -0.0003600304775),
            (0.002130818932, 0.002932995727, -0.0004418046373),
            (0.0008254836967, 0.002468451547, -0.001248930813),
            (0.0009722210347, 0.003940256126, -0.0005445300042),
            (0, 0.003315685848, -0.001024603275),
            (0, -0.0009451315866, -0.00166350107),
            (0, 0.0009402486994, -0.001654906829),
            (0.003499344136, 0.002451486923, -0.0002804392949),
            (0.005305999793, 0.00110666257, -0.0009237844849),
            (0.002899493181, 0.002350236286, -0.0007262629531),
            (0.003476189468, -0.002435265779, -0.0002785836675),
            (0.004675676602, -0.0009751972272, -0.0008140440389),
            (0.00301218737, -0.002441582585, -0.000754490512),
            (0.001319443861, -0.001525019904, -0.001516042034),
            (0.003162594342, -0.0005009356359, -0.001081854564),
            (0.002208634269, -0.00211310134, -0.001237031071),
            (0.001294141103, -0.0005537237456, -0.001620777634),
            (0.004079364596, -0.001745436443, -0.001206066919),
            (0.001457350978, 0.00168441365, -0.00167449742),
            (0.003640064752, 0.0005765640339, -0.00124518678),
            (0.002389082465, 0.002285744376, -0.001338098065),
            (0.001311152732, 0.0005610025059, -0.001642082937),
            (0.004030408835, 0.001724489757, -0.001191593115),
            (0.002732030424, 0, -0.001530179337),
            (0.003860215799, 0.002704297773, 0.0003093597414),
            (0.00379098164, 0.0007906780339, 0.0006600169917),
            (0.003183637926, 0.002580554914, 0.0007974353232),
            (0.003527275152, 0.001509214107, 0),
            (0.002726525875, -0.001910084367, 0.0002185052296),
            (0.004321974632, -0.000901426261, 0.0007524638645),
            (0.002726409666, -0.002209940334, 0.0006829091197),
            (0.004510464429, -0.001929890992, 0),
            (0.001715475862, -0.0019827557, 0.001971083115),
            (0.003286282732, -0.0005205271219, 0.001124165666),
            (0.002046095569, -0.001957593138, 0.001145994984),
            (0.001400592912, -0.0005992712474, 0.001754097494),
            (0.003790308262, -0.001621758, 0.001120607218),
            (0.001322829725, 0.001528933304, 0.001519932395),
            (0.003560428175, 0.0005639500864, 0.001217944844),
            (0.002398127914, 0.00229439857, 0.001343164318),
            (0.001452180357, 0.0006213439512, 0.001818705423),
            (0.003134700382, 0.001341243264, 0.0009267763016),
            (0.002707825859, 0, 0.001516622634),
            (0.005023260375, 0, -0.0004939625784),
            (0.004369125556, 0, 0.0004296381959),
            (0.005099697807, 0.0009758227897, -0.0003015458255),
            (0.004436331663, -0.0008488882486, -0.0002623208952),
            (0.00552237588, 0.001056701875, 0.0003265388375),
            (0.005059880733, -0.0009682038268, 0.0002991914365),
            (-0.003646320959, 0.002554452435, -0.0002922180955),
            (-0.004167722503, 0.0008692541795, -0.0007256082804),
            (-0.003012979838, 0.002442224935, -0.0007546890089),
            (-0.00274279612, -0.001921482586, -0.0002198091357),
            (-0.003876833651, -0.0008085840292, -0.0006749639873),
            (-0.003189564967, -0.002585359183, -0.0007989199241),
            (-0.001006242795, -0.001163020524, -0.001156173763),
            (-0.004021521218, -0.0006369844094, -0.00137567472),
            (-0.001748272768, -0.001672652453, -0.0009791878015),
            (-0.001491027276, -0.00063796537, -0.001867357163),
            (-0.003215510222, -0.001375819344, -0.0009506677858),
            (-0.001477768921, 0.001708012812, -0.001697957653),
            (-0.003708008223, 0.0005873258649, -0.00126842876),
            (-0.001803811418, 0.001725788818, -0.001010294371),
            (-0.001571796396, 0.0006725240282, -0.001968512118),
            (-0.004197706968, 0.001796071556, -0.001241054922),
            (-0.002712214075, 0, -0.001519080424),
            (-0.00348907492, 0.002444292761, 0.0002796163145),
            (-0.00439981889, 0.000917662094, 0.0007660166953),
            (-0.002698818896, 0.002187576139, 0.0006759982035),
            (-0.005006520762, 0.002142138459, 0),
            (-0.003372630241, -0.00236271673, 0.0002702843762),
            (-0.004458320036, -0.0009298635699, 0.0007762018543),
            (-0.002765519646, -0.00224164163, 0.000692705359),
            (-0.00409106078, -0.001750440885, 0),
            (-0.001144225997, -0.001322502209, 0.00131471657),
            (-0.004201334643, -0.0006654657582, 0.001437184972),
            (-0.002170796789, -0.002076900494, 0.001215838727),
            (-0.001525339186, -0.0006526463964, 0.001910329276),
            (-0.00358431499, -0.001533619724, 0.001059705166),
            (-0.001238824754, 0.001431839932, 0.001423410617),
            (-0.00350752822, 0.0005555710565, 0.001199848923),
            (-0.002063005071, 0.001973771231, 0.001155465804),
            (-0.001368206407, 0.0005854140439, 0.001713536753),
            (-0.003417441719, 0.00146221971, 0.00101036897),
            (-0.0026354106, 0, 0.001476063667),
            (-0.004174590647, 0, -0.0004105085952),
            (-0.004517770567, 0, 0.0004442552111),
            (-0.005927109664, 0.001134147337, -0.0003504708013),
            (-0.004547144313, -0.0008700921538, -0.0002688732622),
            (-0.004319932159, 0.0008266153036, 0.0002554381766),
            (-0.005145683323, -0.0009846220786, 0.0003042649553),
            (-0.002451649412, 0.003850449269, 0),
            (-0.0005921860496, 0.002943447183, 0),
            (0.002044964169, 0.003211727889, 0),
            (0.0006629431853, 0.003295143904, 0),
            (-0.001654210239, -0.002598027505, 0),
            (-0.0007806157664, -0.00388003277, 0),
            (0.002091547125, -0.003284888965, 0),
            (0.0007235015301, -0.003596147768, 0),
            (-0.002291679112, -0.002832644824, 0.000214840715),
            (-0.00205663099, -0.00320388186, 0.0007281883921),
            (-0.001742238019, -0.003112155353, 0.0002216433676),
            (-0.0004144181312, -0.002178305116, 0.00138672252),
            (-0.001068890721, -0.002367929334, 0.0009470208362),
            (-0.0003652512791, -0.003036789643, 0.0002045731099),
            (-0.001440026679, -0.003721689489, 0.0008065426541),
            (-0.001074956178, -0.003267306466, 0.0002244810853),
            (-0.001621377861, -0.003413931215, 0.0004919869454),
            (0.002508881975, -0.003101119831, 0.0002352030852),
            (0.001846961957, -0.002877253109, 0.0006539511775),
            (0.001749242789, -0.003124667956, 0.0002225344978),
            (0.0004535295485, -0.002383886373, 0.001517596821),
            (0.001188190035, -0.002632214858, 0.001052718204),
            (0, -0.002484478562, 0.001257039797),
            (0.0004288012142, -0.00356515955, 0.0002401667096),
            (0.001416342604, -0.003660478974, 0.0007932774713),
            (0.001238078784, -0.003763114163, 0.0002585456737),
            (0, -0.003629210734, 0.0005015445882),
            (0.001460602898, -0.00307540762, 0.0004432017827),
            (-0.0006785581949, -0.002523045379, 0.0007796638996),
            (0.0009061476833, -0.003369278777, 0.001041164401),
            (-0.0004708712778, -0.003134475087, 0.001245907862),
            (-0.0004208544378, -0.003231240395, 0.0007071474303),
            (0.0004493745704, -0.002991376756, 0.001189028375),
            (0.0004682252786, -0.003594944708, 0.0007867430465),
            (-0.002770356604, 0.003424317242, 0.0002597158523),
            (-0.002165826458, 0.003373989858, 0.0007668510752),
            (-0.001760943341, 0.003145568622, 0.0002240230141),
            (-0.0004983030973, 0.00261922948, 0.001667417699),
            (-0.001048425587, 0.002322592622, 0.0009288890407),
            (-0.0004718838431, 0.003923359203, 0.0002642968028),
            (-0.001314683518, 0.003397745264, 0.0007363393671),
            (-0.001264602771, 0.003843733258, 0.0002640846282),
            (-0.001919772564, 0.004042223371, 0.0005825311066),
            (0.002967831913, 0.003668407878, 0.0002782288005),
            (0.001682201595, 0.002620584442, 0.0005956147118),
            (0.001485312918, 0.002653210697, 0.0001889579687),
            (0.0004629815536, 0.002433568927, 0.001549225042),
            (0.00108268606, 0.002398490351, 0.0009592432956),
            (0, 0.002526698341, 0.001278401198),
            (0.0004707550444, 0.003913974091, 0.0002636645754),
            (0.000996302058, 0.002574901528, 0.0005580175129),
            (0.0008547963445, 0.00259813533, 0.0001785055197),
            (0, 0.003577869566, 0.0004944494133),
            (0.001574890077, 0.003316047742, 0.0004778808055),
            (-0.0007894651253, 0.00293542448, 0.0009070960499),
            (0.0008172207933, 0.003038626844, 0.0009389873342),
            (-0.0003783675587, 0.002518700422, 0.001001146467),
            (-0.0003503345387, 0.002689802011, 0.0005886552369),
            (0.0004134994741, 0.002752565002, 0.001094104207),
            (0.0003781660243, 0.002903486869, 0.0006354195377),
            (0, -0.001165703439, 0.001322245095),
            (0, -0.0005267643215, 0.001890972766),
            (0, 0.001441380574, 0.001634942757),
            (0, 0.0005208552896, 0.001869760588),
            (-0.002220041003, -0.002744096076, -0.0002081247737),
            (-0.001796198957, -0.002798172975, -0.0006359775947),
            (-0.001639468876, -0.002928579094, -0.0002085693222),
            (-0.0003767865563, -0.001980502351, -0.001260800056),
            (-0.001261757904, -0.00279519084, -0.001117898211),
            (-0.0003874791115, -0.00322159735, -0.0002170226674),
            (-0.001294150558, -0.003344678678, -0.0007248390888),
            (-0.001191275047, -0.003620855199, -0.000248771737),
            (-0.001947247154, -0.004100073157, -0.0005908679293),
            (0.002098068131, -0.002593330716, -0.0001966900406),
            (0.002157991076, -0.003361783663, -0.0007640768126),
            (0.001842786055, -0.003291764056, -0.0002344348491),
            (0.0004209388518, -0.002212579965, -0.001408542101),
            (0.001018353331, -0.00225597311, -0.0009022454814),
            (0, -0.002390724772, -0.001209604393),
            (0.0004658011815, -0.003872786448, -0.0002608899728),
            (0.00122883617, -0.003175876339, -0.000688257239),
            (0.001155741606, -0.003512852059, -0.000241351355),
            (0, -0.003348849592, -0.0004627996313),
            (0.001783588589, -0.003755477923, -0.0005412077734),
            (-0.0008113631713, -0.003016846772, -0.000932256922),
            (0.0005986654087, -0.002225984454, -0.0006878670254),
            (-0.0003868962543, -0.002575473866, -0.001023713078),
            (-0.0003269457039, -0.002510226982, -0.0005493557714),
            (0.0002573091227, -0.001712843983, -0.0006808303547),
            (0.0004008506363, -0.003077655008, -0.0006735357214),
            (-0.002922220459, 0.003612029544, -0.0002739528103),
            (-0.001961227743, 0.003055259801, -0.0006944091009),
            (-0.001600684994, 0.002859299545, -0.0002036353293),
            (-0.0003740513378, 0.001966125228, -0.00125164749),
            (-0.001400113924, 0.003101692966, -0.00124047953),
            (-0.0004357501072, 0.003622934369, -0.000244058706),
            (-0.001248268776, 0.003226099106, -0.0006991412216),
            (-0.001137265404, 0.003456694037, -0.0002374930044),
            (-0.001573764865, 0.003313678526, -0.0004775393741),
            (0.002762563888, 0.003414685005, -0.0002589852995),
            (0.002079514597, 0.003239530634, -0.000736290758),
            (0.001911007226, 0.00341362736, -0.0002431137838),
            (0.0003688818322, 0.001938952767, -0.001234349333),
            (0.001308463277, 0.00289865794, -0.001159278458),
            (0, 0.00232268969, -0.001175181554),
            (0.000483796212, 0.00402240159, -0.0002709687859),
            (0.00105181684, 0.002718377191, -0.0005891107146),
            (0.001125705885, 0.003421559125, -0.0002350790517),
            (0, 0.003466836646, -0.0004791050411),
            (0.001317531961, 0.002774161162, -0.0003997886864),
            (-0.0009815496631, 0.003649641785, -0.001127801335),
            (0.0009560169799, 0.003554705022, -0.001098464262),
            (-0.0003984652165, 0.002652485621, -0.001054324121),
            (-0.000467725866, 0.003591110313, -0.0007859039005),
            (0.0004411109504, 0.002936367856, -0.001167163144),
            (0.0002938242915, 0.002255927072, -0.0004937029861),
            (0, -0.001495710987, -0.001696569171),
            (0, -0.0004929722486, -0.001769666354),
            (0, 0.001466579838, -0.001663526016),
            (0, 0.0004324513139, -0.001552408969),
            (0.00309786598, 0.002730628604, -0.0001412378118),
            (0.003860604434, 0.002137840276, -0.0004176266392),
            (0.003394017922, 0.003260369754, -0.0004381088649),
            (0.00467812815, 0.0004912762092, -0.0009069892009),
            (0.004385414385, 0.001380088852, -0.0006746194177),
            (0.002793892619, 0.003229195256, -0.0009978762122),
            (0.003431960647, 0.002021123145, -0.0006245613995),
            (0.002558412543, 0.002688622986, -0.0005939580922),
            (0.002632600035, 0.001977115877, -0.000416650416),
            (0.003804127185, -0.003353165879, -0.0001734376513),
            (0.004401505974, -0.002437368787, -0.0004761394694),
            (0.003297329231, -0.003167488428, -0.0004256280313),
            (0.004858647677, -0.0005102335669, -0.0009419880843),
            (0.004446343998, -0.001399263386, -0.0006839923747),
            (0.002421796476, -0.002799124646, -0.0008649770851),
            (0.003565761227, -0.002099919926, -0.0006489109438),
            (0.002618260893, -0.002751517319, -0.000607852416),
            (0.003388479694, -0.002544791048, -0.0005362802762),
            (0.0008060139951, -0.002060383761, -0.001839319955),
            (0.002127809184, -0.001440169541, -0.001620334156),
            (0.001099948015, -0.002042079141, -0.001416759524),
            (0.0006370091639, -0.001199959933, -0.001548072778),
            (0.003765394593, -0.0002696671174, -0.001023714379),
            (0.003762369282, -0.00101766189, -0.001628207642),
            (0.00437239018, -0.0008135106604, -0.001090773314),
            (0.001948759534, -0.00256621909, -0.001091478172),
            (0.002334646193, -0.001566471267, -0.001307608924),
            (0.001334374102, -0.00202050061, -0.001095915512),
            (0.002648133444, -0.002309004173, -0.001007508567),
            (0.001988705359, -0.002052832594, -0.001558058333),
            (0.0006593748739, -0.0002821265193, -0.001694094849),
            (0.001953413276, -0.0008358063223, -0.001560077225),
            (0.0006722054193, -0.0007714030196, -0.001693367788),
            (0.0013912901, -0.001098794996, -0.001670929199),
            (0.003187846978, -0.001363983081, -0.0006609691497),
            (0.00303945135, -0.00130048909, -0.001236838624),
            (0.003656257197, -0.001118386169, -0.0008337689643),
            (0.003719103212, -0.002246939681, -0.001022166628),
            (0.003314303003, -0.0009670770104, -0.001057580143),
            (0.003137296961, -0.001976127972, -0.001244430837),
            (0.0008070461951, 0.002063022336, -0.00184167543),
            (0.001919724315, 0.001299331024, -0.001461876798),
            (0.001027753615, 0.001908048554, -0.001323771399),
            (0.0007003346562, 0.001319248725, -0.001701967692),
            (0.004074991387, 0.000291839581, -0.00110788582),
            (0.00277924911, 0.0007517433007, -0.001202751326),
            (0.004349752782, 0.0008092988302, -0.001085125998),
            (0.004593231269, 0, -0.001571244262),
            (0.00187321534, 0.002466738908, -0.001049166723),
            (0.002376534466, 0.001594576929, -0.001331070072),
            (0.001346217762, 0.002038434204, -0.001105642657),
            (0.002771771091, 0.002416808349, -0.001054547734),
            (0.001530649459, 0.001580006352, -0.001199192799),
            (0.0006000542086, 0.0002567450049, -0.001541685594),
            (0.002316549813, 0.0009911814375, -0.001850093191),
            (0.0006154927704, 0.0007063212642, -0.001550501678),
            (0.00156506558, 0, -0.001960082468),
            (0.001624425656, 0.001282917762, -0.00195092329),
            (0.004063913074, 0.001738825205, -0.0008426129571),
            (0.003335513011, 0.0014271649, -0.001357314478),
            (0.005028353286, 0.001538086755, -0.001146660283),
            (0.003282831583, 0.001983361076, -0.0009022607597),
            (0.003392131545, 0.0009897865195, -0.001082414904),
            (0.002457656513, 0.001548034451, -0.000974846688),
            (0.002713657962, -0.0005659826257, -0.001519889129),
            (0.003179412457, 0.0006631241798, -0.001780752953),
            (0.00359663755, -0.0003257476313, -0.001566082858),
            (0.001843041696, -0.0002628605563, -0.00145758412),
            (0.002894190323, 0.0002621269531, -0.001260216463),
            (0.001952239153, 0.0002784346501, -0.001543943794),
            (0.003313616397, 0.002920802828, 0.0001510742983),
            (0.003847797729, 0.002130748462, 0.0004162412548),
            (0.003046953103, 0.002926971503, 0.0003933088145),
            (0.0037852706, 0.002651794455, 0),
            (0.00433637969, 0.000455387306, 0.0008407314685),
            (0.00436718404, 0.001374351767, 0.0006718149975),
            (0.002419276168, 0.002796211662, 0.0008640769234),
            (0.003639904921, 0.002143584044, 0.0006624038984),
            (0.002845996299, 0.002990843322, 0.000660723204),
            (0.004122347638, 0.003095935143, 0.000652426436),
            (0.004679278906, 0.002002121589, -0.0003015846885),
            (0.004398184855, 0.001881849966, 0.0002834678668),
            (0.003236180045, 0.001781077973, -0.0001165033389),
            (0.004245938676, 0.002336813077, 0.0001528549171),
            (0.002453501321, -0.002162650331, 0.0001118599578),
            (0.003277956584, -0.001815194415, 0.0003545978395),
            (0.00327515422, -0.003146186616, 0.0004227656219),
            (0.003964881134, -0.002777621713, 0),
            (0.004416708084, -0.0004638230367, 0.0008563054297),
            (0.00348784652, -0.001097624461, 0.0005365442765),
            (0.002255551251, -0.002606977572, 0.0008056003738),
            (0.00337747241, -0.001989034363, 0.0006146454207),
            (0.002888933285, -0.003035965587, 0.000670691405),
            (0.004278631167, -0.003213306046, 0.0006771607656),
            (0.004482655368, -0.001917992338, -0.0002889120845),
            (0.003960354779, -0.00169451575, 0.0002552492353),
            (0.00348718261, -0.001919220824, -0.0001255394977),
            (0.004029753366, -0.0022178324, 0.0001450721887),
            (0.0006677680814, -0.001706990846, 0.001523843463),
            (0.001719146547, -0.001163573553, 0.001309136124),
            (0.001123185569, -0.002085220201, 0.001446690052),
            (0.0005900569881, -0.00111151422, 0.001433968634),
            (0.00461993557, -0.000330866972, 0.001256042191),
            (0.003557872878, -0.0009623488198, 0.001539709523),
            (0.004658308199, -0.0008667075039, 0.001162100834),
            (0.001823123925, -0.002400776154, 0.001021111088),
            (0.002586229702, -0.001735275576, 0.001448518002),
            (0.001514829737, -0.002293745363, 0.001244122922),
            (0.002544997799, -0.002219076441, 0.000968269591),
            (0.001726740391, -0.001782420377, 0.001352820941),
            (0.0005840461045, -0.0002498956225, 0.001500556871),
            (0.001660230791, -0.0007103624247, 0.001325929477),
            (0.0007563397933, -0.0008679531339, 0.001905312581),
            (0.001341717073, -0.001059643856, 0.001611392357),
            (0.004043622686, -0.001730143563, 0.000838405942),
            (0.003503783533, -0.001499162755, 0.001425788507),
            (0.003226665659, -0.0009869815087, 0.0007358053715),
            (0.003045835836, -0.001840177325, 0.0008371243197),
            (0.003728850181, -0.001088037298, 0.001189860403),
            (0.003072176369, -0.001935109661, 0.001218600298),
            (0.0006513712479, 0.001665076227, 0.00148642597),
            (0.002241151157, 0.001516883026, 0.001706644466),
            (0.001135685915, 0.002108427387, 0.0014627908),
            (0.0005849250068, 0.001101846899, 0.001421496787),
            (0.00362073045, 0.0002593066726, 0.0009843839025),
            (0.003460489556, 0.0009360081584, 0.001497565794),
            (0.004351193116, 0.0008095668133, 0.001085485316),
            (0.002855786056, 0, 0.0009769021397),
            (0.002245719645, 0.002957270264, 0.00125780217),
            (0.002610638661, 0.00175165319, 0.001462189184),
            (0.001787348554, 0.002706391588, 0.001467941414),
            (0.002546635146, 0.002220504104, 0.0009688925361),
            (0.001736123286, 0.001792105831, 0.001360172004),
            (0.0005984328354, 0.0002560512685, 0.001537519891),
            (0.002619526049, 0.001120815784, 0.002092062636),
            (0.0006759823028, 0.0007757372591, 0.00170288222),
            (0.001649210461, 0, 0.002065465212),
            (0.00126656451, 0.001000290842, 0.001521134681),
            (0.004018753155, 0.001719502645, 0.000833249486),
            (0.002500485213, 0.001069881819, 0.001017518076),
            (0.003886775091, 0.001188897626, 0.0008863360173),
            (0.003759114741, 0.002271113114, 0.001033163486),
            (0.003103445311, 0.0009055510646, 0.0009902963408),
            (0.00331164746, 0.002085948273, 0.001313588185),
            (0.002809415032, -0.0005859545008, 0.001573521581),
            (0.002361885989, 0.0004926141954, 0.001322865626),
            (0.003031112889, -0.0002745280363, 0.001319836616),
            (0.001963486439, -0.0002800387744, 0.001552838799),
            (0.003206080385, 0.0002903748506, 0.001396022663),
            (0.001944266597, 0.0002772975785, 0.001537638635),
            (0.004285855075, 0, -0.0006539623716),
            (0.004962036672, 0, -0.0002392380276),
            (0.004214108764, 0.0004155548593, -0.0005653537503),
            (0.004062628749, -0.0004006173578, -0.0005450315898),
            (0.004730717641, 0, 0.0007218422633),
            (0.005695928354, 0, 0.0002746216433),
            (0.003924294214, 0.000386976137, 0.0005264729924),
            (0.004808407306, -0.0004741588634, 0.00064508328),
            (0.004271866035, 0.001281840478, -0.0003961104919),
            (0.004533747514, 0.0004228830917, -0.000130678062),
            (0.005252411053, 0.001048061269, -0.0005978008072),
            (0.004452307134, 0.001349133625, -0.0001389684059),
            (0.005928760843, 0.0005640050153, -0.0004674478194),
            (0.004199652542, -0.001260171686, -0.0003894144668),
            (0.005374187323, -0.0005012747056, -0.0001549024029),
            (0.004634523751, -0.0009247686051, -0.0005274762412),
            (0.004317941928, -0.001308418415, -0.0001347745087),
            (0.005379626588, -0.0005117656888, -0.0004241518227),
            (0.004547065464, 0.001364418388, 0.0004216284694),
            (0.005507748623, 0.0005137325708, 0.000158752095),
            (0.004737431437, 0.00094530271, 0.0005391886333),
            (0.004128918275, 0.001251140658, 0.0001288745753),
            (0.004963690795, 0.0004721975767, 0.0003913577389),
            (0.005043326977, 0.0009650362799, 0),
            (0.005166127895, -0.001550177791, 0.0004790312816),
            (0.0045774299, -0.000426957545, 0.0001319371373),
            (0.004741983404, -0.0009462110053, 0.0005397067134),
            (0.003766552799, -0.001141337037, 0.0001175641802),
            (0.005418110703, -0.0005154266955, 0.0004271860681),
            (0.004361621253, -0.0008345924759, 0),
            (-0.002507406313, 0.002210165141, -0.0001143175926),
            (-0.003916958769, 0.002169046935, -0.0004237228533),
            (-0.003364642233, 0.003232150808, -0.0004343169727),
            (-0.003674864281, 0.0003859179003, -0.0007124777498),
            (-0.003815379302, 0.001200698948, -0.0005869294751),
            (-0.002150188201, 0.002485198426, -0.0007679685479),
            (-0.003178582226, 0.001871905527, -0.0005784506199),
            (-0.002806030929, 0.002948843913, -0.0006514448898),
            (-0.003040377493, 0.002283361898, -0.0004811876208),
            (-0.002924160959, -0.002577515492, -0.0001333182578),
            (-0.004221128174, -0.002337483152, -0.0004566268321),
            (-0.0027011971, -0.00259483053, -0.0003486777096),
            (-0.004731210849, -0.000496850718, -0.0009172808032),
            (-0.003876807498, -0.001220030387, -0.0005963791303),
            (-0.002017363792, -0.0023316793, -0.0007205285291),
            (-0.002867091471, -0.001688464854, -0.0005217643343),
            (-0.003283251191, -0.003450352307, -0.0007622357931),
            (-0.003237161996, -0.002431149545, -0.0005123318675),
            (-0.0007022125596, -0.001795039991, -0.001602445592),
            (-0.001987358935, -0.001345108305, -0.001513380798),
            (-0.001128982021, -0.00209598145, -0.001454156022),
            (-0.000688689822, -0.00129731288, -0.001673668176),
            (-0.005009327234, -0.000358754123, -0.001361907814),
            (-0.002762091983, -0.000747102567, -0.001195326386),
            (-0.003351434802, -0.0006235554986, -0.000836077179),
            (-0.001698344712, -0.002236460961, -0.0009512236623),
            (-0.002045699478, -0.001372597468, -0.001145773138),
            (-0.001677192901, -0.002539594613, -0.001377471066),
            (-0.002932357398, -0.00255682941, -0.001115644383),
            (-0.001592352018, -0.001643698554, -0.001247533889),
            (-0.0005765130033, -0.0002466724369, -0.001481202497),
            (-0.001922675178, -0.0008226544219, -0.001535528499),
            (-0.0008057928895, -0.0009247040417, -0.002029890988),
            (-0.0009086001234, -0.0007175823855, -0.001091222079),
            (-0.004190333211, -0.001792916549, -0.0008688249463),
            (-0.002724034661, -0.001165531851, -0.001108486662),
            (-0.004582557134, -0.001401725382, -0.001045001407),
            (-0.002927300428, -0.001768562773, -0.0008045457836),
            (-0.003526930187, -0.001029119274, -0.001125428583),
            (-0.002403769121, -0.001514091735, -0.0009534718765),
            (-0.0006022348113, 0.001539470572, -0.001374296864),
            (-0.002326526617, 0.001574667877, -0.001771658178),
            (-0.001216795364, 0.002259008969, -0.001567261722),
            (-0.0006516097067, 0.001227463566, -0.001583555317),
            (-0.0036503668, 0.0002614291459, -0.0009924412674),
            (-0.002438383862, 0.0006595445965, -0.001055238054),
            (-0.003927068218, 0.0007306557118, -0.0009796795437),
            (-0.003684948928, 0, -0.001260540678),
            (-0.001913591625, 0.002519908317, -0.001071781023),
            (-0.002408419823, 0.001615970961, -0.0013489287),
            (-0.001332017941, 0.002016932927, -0.001093980408),
            (-0.002648321702, 0.002309168322, -0.001007580192),
            (-0.001791642247, 0.00184941504, -0.001403668532),
            (-0.0007991333271, 0.0003419249246, -0.002053168398),
            (-0.002458021566, 0.001051712912, -0.001963078428),
            (-0.0006791696255, 0.0007793949362, -0.001710911476),
            (-0.001257916401, 0, -0.001575409948),
            (-0.001362522052, 0.001076074941, -0.001636378984),
            (-0.003653888668, 0.001563388192, -0.0007575983737),
            (-0.002849142385, 0.001219061653, -0.001159396529),
            (-0.004045276305, 0.001237380421, -0.000922480464),
            (-0.002941268173, 0.001777001549, -0.0008083847097),
            (-0.003917632241, 0.001143121818, -0.001250099964),
            (-0.002897533795, 0.001825105386, -0.001149327096),
            (-0.002781151163, -0.0005800595577, -0.001557691307),
            (-0.002640868411, 0.0005508010434, -0.001479120524),
            (-0.002943776905, -0.0002666180121, -0.001281807934),
            (-0.001841578402, -0.0002626518567, -0.001456426863),
            (-0.003133413016, 0.0002837933636, -0.001364381132),
            (-0.001941120645, 0.0002768488926, -0.001535150634),
            (-0.00329119419, 0.002901038668, 0.0001500520257),
            (-0.003942893997, 0.002183408773, 0.0004265284352),
            (-0.002484899354, 0.002387050063, 0.0003207574209),
            (-0.003684556899, 0.002581238857, 0),
            (-0.00377286942, 0.0003962099641, 0.0007314788545),
            (-0.004063702082, 0.001278846067, 0.0006251295982),
            (-0.002277363144, 0.002632187869, 0.0008133907838),
            (-0.002761272822, 0.001626146971, 0.0005025070494),
            (-0.002713303303, 0.002851396914, 0.0006299173517),
            (-0.00342753686, 0.002574123473, 0.0005424616879),
            (-0.004286077502, 0.001833882628, -0.0002762424242),
            (-0.004146467763, 0.001774147854, 0.0002672444224),
            (-0.00387517471, 0.002132757825, -0.0001395073161),
            (-0.003581636902, 0.001971205095, 0.0001289398773),
            (-0.003097730247, -0.002730508961, 0.0001412316235),
            (-0.003683386066, -0.002039704202, 0.000398455778),
            (-0.003003190898, -0.002884932547, 0.0003876598725),
            (-0.003126965627, -0.002190614883, 0),
            (-0.004624784168, -0.0004856742614, 0.0008966469412),
            (-0.004463758846, -0.001404743835, 0.0006866713449),
            (-0.002320647254, -0.002682215863, 0.0008288502842),
            (-0.003483162884, -0.002051276762, 0.0006338793796),
            (-0.00286171895, -0.003007366177, 0.0006643733563),
            (-0.002694067691, -0.002023278863, 0.0004263786406),
            (-0.004610327336, -0.001972619303, -0.0002971406837),
            (-0.004496342499, -0.001923848647, 0.0002897942353),
            (-0.004195023775, -0.002308791333, -0.0001510219672),
            (-0.004243677516, -0.002335568615, 0.0001527735147),
            (-0.0006287287321, -0.001607196001, 0.00143475586),
            (-0.001932683166, -0.001308101991, 0.001471745009),
            (-0.001192400688, -0.002213719684, 0.001535840792),
            (-0.0007199862161, -0.001356267163, 0.001749725317),
            (-0.004177090767, -0.0002991516555, 0.001135644028),
            (-0.002582079948, -0.0006984121344, 0.001117424152),
            (-0.004387822016, -0.0008163818503, 0.00109462307),
            (-0.00220437287, -0.002902822868, 0.001234644309),
            (-0.002730962431, -0.001832386506, 0.001529581166),
            (-0.001582422763, -0.002396094284, 0.001299636773),
            (-0.002170555756, -0.001892586761, 0.0008258094112),
            (-0.002003584868, -0.002068191903, 0.001569715738),
            (-0.0006797422512, -0.0002908411026, 0.001746423609),
            (-0.001397885469, -0.0005981128144, 0.001116409573),
            (-0.00072177723, -0.0008282901605, 0.001818245251),
            (-0.001127338842, -0.0008903350053, 0.001353925675),
            (-0.003328110405, -0.001423997549, 0.0006900514108),
            (-0.002889481657, -0.001236321605, 0.001175811719),
            (-0.004696085393, -0.001436451723, 0.001070890269),
            (-0.003212581566, -0.001940918707, 0.0008829530884),
            (-0.003770770921, -0.001100269307, 0.001203237135),
            (-0.003549572031, -0.002235812761, 0.001407962635),
            (-0.0008127436505, 0.00207758653, 0.001854676995),
            (-0.001970051189, 0.001333393868, 0.001500200889),
            (-0.001075614413, 0.001996903242, 0.001385417259),
            (-0.0005810236867, 0.001094497825, 0.001412015719),
            (-0.003736311836, 0.0002675842909, 0.001015807522),
            (-0.003316556497, 0.000897076523, 0.001435277143),
            (-0.004317509619, 0.0008032997871, 0.001077082347),
            (-0.003747593137, 0, 0.001281969896),
            (-0.002163854689, 0.002849466603, 0.001211950535),
            (-0.002210071879, 0.001482885975, 0.00123783626),
            (-0.001528866163, 0.002314999228, 0.001255650976),
            (-0.002903803262, 0.002531932016, 0.001104780679),
            (-0.00192617089, 0.001988281655, 0.001509065479),
            (-0.0007808971901, 0.0003341222344, 0.002006315315),
            (-0.002103848751, 0.0009001731015, 0.001680221262),
            (-0.0006648830085, 0.0007630000379, 0.001674921738),
            (-0.001445514032, 0, 0.001810356542),
            (-0.001208015011, 0.0009540503802, 0.001450817161),
            (-0.003165879103, 0.001354583693, 0.0006564143239),
            (-0.003345752336, 0.001431545996, 0.001361481148),
            (-0.004046992164, 0.001237905273, 0.0009228717466),
            (-0.003486636866, 0.00210649242, 0.0009582750587),
            (-0.002908015725, 0.0008485268701, 0.0009279355824),
            (-0.002805567214, 0.001767177261, 0.001112847907),
            (-0.002505780066, -0.000522625917, 0.00140345907),
            (-0.002420124473, 0.0005047608883, 0.001355484342),
            (-0.0023524885, -0.0002130649936, 0.001024343393),
            (-0.001994454359, -0.0002844555191, 0.001577330024),
            (-0.003572529059, 0.0003235641242, 0.001555585304),
            (-0.00217296028, 0.0003099146098, 0.001718502845),
            (-0.004415093032, 0, -0.0006736823012),
            (-0.005141088332, 0, -0.0002478707663),
            (-0.005242880532, 0.0005170024326, -0.0007033710655),
            (-0.003214268559, -0.0003169602385, -0.0004312178176),
            (-0.004687117029, 0, 0.0007151894113),
            (-0.005485998271, 0, 0.0002645001423),
            (-0.00519981257, 0.0005127554846, 0.000697593181),
            (-0.005787307402, -0.0005706885722, 0.0007764099428),
            (-0.005264305784, 0.001579637608, -0.0004881348658),
            (-0.005328617324, 0.0004970241861, -0.0001535889201),
            (-0.004937120375, 0.000985148457, -0.0005619161402),
            (-0.005195832574, 0.001574435955, -0.0001621758223),
            (-0.004700011699, 0.0004471136954, -0.0003705681976),
            (-0.004610889847, -0.001383569896, -0.0004275466109),
            (-0.00569451035, -0.00053115268, -0.0001641352047),
            (-0.005883612323, -0.00117401059, -0.0006696406967),
            (-0.004656774208, -0.001411091032, -0.0001453503698),
            (-0.004996054488, -0.0004752763457, -0.0003939094252),
            (-0.004743586546, 0.001423387624, 0.0004398509655),
            (-0.005963819347, 0.0005562723455, 0.0001718976083),
            (-0.004747138493, 0.0009472396471, 0.0005402934376),
            (-0.005584604387, 0.001692241199, 0.0001743104296),
            (-0.00444231919, 0.0004225993203, 0.0003502506634),
            (-0.004900187146, 0.0009376465964, 0),
            (-0.004523056463, -0.00135721411, 0.0004194022251),
            (-0.005620716632, -0.0005242696069, 0.0001620082182),
            (-0.00536208308, -0.001069945124, 0.0006102830798),
            (-0.003887576889, -0.001178009635, 0.0001213416656),
            (-0.004473399057, -0.0004255559586, 0.0003527011276),
            (-0.005214678301, -0.0009978242083, 0)
            ]
            normal3f[] normals = [
            (-0.8928401067, 0.1165061357, -0.4350435198),
            (0.5676355107, 0.7172119388, -0.4042239006),
            (-0.1849793879, -0.9686481577, -0.1658414083),
            (0.5855478489, -0.8053620295, -0.09233481477),
            (-0.08682095239, 0.07499945502, 0.9933968009),
            (0.20043321, 0.3551123485, 0.913083648),
            (-0.2548423041, -0.6001645138, -0.7581938779),
            (-0.2664507519, 0.7723304544, -0.5766365112),
            (0.5443068765, -0.1007921209, -0.8328090853),
            (0.5118574662, 0.5062122433, 0.6940829194),
            (-0.6670799206, 0.7428508965, 0.0563642176),
            (-0.6465330297, 0.4371447211, 0.6252195889),
            (-0.2287814585, 0.9644748664, -0.1320881383),
            (-0.3099209012, -0.9032366917, 0.2968375209),
            (0.1197913836, -0.39580671, 0.9104872722),
            (0.6282924466, -0.4638848954, 0.6245473604),
            (0.08820487401, 0.6972176833, 0.711412259),
            (-0.1684840721, 0.9856349439, 0.01169934855),
            (0.1902707007, -0.02256545761, 0.9814722923),
            (-0.6006653256, -0.641322994, -0.477394998),
            (-0.2280301963, -0.7605801723, -0.607881593),
            (-0.6098575593, 0.6795680343, -0.4077512036),
            (0.2685604101, 0.9237514823, -0.2730540333),
            (0.09193773483, 0.06915520626, -0.9933604635),
            (0.5560552459, 0.4148465576, -0.720211703),
            (0.3981689779, -0.08070022277, -0.9137554044),
            (0.6945444625, -0.3519565006, -0.6274827578),
            (0.3890291914, 0.5518270618, -0.7376606144),
            (0.6041713339, 0.5667681124, 0.5601347214),
            (0.460021417, -0.8067313624, 0.3708972969),
            (-0.005415922178, -0.2030056273, 0.9791625928),
            (0.9002432664, 0.2359502705, 0.3659091844),
            (0.9803274804, 0.1217963859, -0.155317969),
            (-0.3518940836, 0.3283180707, -0.8765716162),
            (-0.8075877416, -0.3701996896, -0.4590797638),
            (-0.3828495287, -0.5043116244, -0.7740129352),
            (-0.9395793348, 0.0738359992, -0.3342737183),
            (-0.7364378061, 0.606206413, 0.3002884323),
            (-0.2245561912, -0.4408298705, 0.8690474914),
            (-0.363377957, 0.2708271183, 0.8914085104),
            (-0.1077774119, 0.1998231702, 0.9738864051),
            (-0.8441940933, 0.0993446151, -0.5267513458),
            (-0.2074207264, 0.9612603998, -0.1815353574),
            (0.02375653962, 0.8600204654, 0.5097062154),
            (-0.554493485, -0.831076332, 0.04300122574),
            (0.39820573, -0.9172751976, -0.006197457885),
            (-0.3471747203, -0.9371296898, -0.03546347564),
            (-0.2982778123, -0.6491774107, 0.6997135386),
            (0.153302262, -0.9367177532, -0.3147352337),
            (0.2680680745, -0.9514764102, 0.1511031048),
            (0.3003346209, -0.6510886852, 0.697052824),
            (0.1614107579, -0.9763003723, 0.1441670914),
            (-0.2333283518, -0.8334918736, 0.5008484571),
            (-0.602549055, 0.7629019886, 0.2343399071),
            (-0.3848460078, 0.9145849432, 0.1242092263),
            (0.138128488, 0.576446078, 0.8053759619),
            (-0.2652434372, 0.7271571196, 0.6331575178),
            (0.1449615499, 0.9075643105, 0.394097921),
            (0.5035771223, 0.8357330522, 0.2189985099),
            (-0.2188230958, 0.912292594, 0.3461772315),
            (0.09103453664, -0.6312331786, 0.7702320348),
            (-0.01777586221, 0.3550633611, 0.9346732201),
            (-0.2027556452, -0.933668272, 0.2952180654),
            (0.1350609945, -0.5556227753, -0.8203912843),
            (0.3645796062, -0.5816028328, -0.7272000108),
            (0.5022319122, -0.5919393294, 0.6303736484),
            (0.2295732762, -0.9209502315, -0.3148758198),
            (0.09195745195, -0.9354245585, -0.3413571773),
            (0.1380199804, -0.4471832301, -0.8837293951),
            (-0.04476477717, 0.9957673981, -0.08027081465),
            (0.1159262955, 0.4127912619, -0.9034182133),
            (-0.1798197039, 0.9710950669, -0.1569689307),
            (0.1331943849, 0.9273905118, -0.3495798828),
            (0.05084954569, 0.09829522085, -0.9938573204),
            (0.5019219772, 0.7564575762, -0.4193402726),
            (0.3649192798, 0.8489973449, -0.3821484366),
            (0.1723626391, -0.1736597639, -0.9696047685),
            (0.02473526247, -0.09202243834, -0.995449666),
            (0.6512614306, 0.1783877616, -0.7375882018),
            (0.9615774535, 0.03814647108, -0.2718706452),
            (0.717175108, 0.5552166667, 0.421182048),
            (0.8677395088, -0.4531499341, -0.2041648406),
            (0.8965429015, -0.341243809, -0.2824243061),
            (0.2827641027, -0.7397386661, -0.610599024),
            (0.03775305217, -0.1483557857, -0.9882131693),
            (0.8992205147, -0.2805871326, -0.3356684777),
            (0.2096324052, -0.4958307463, -0.8427372816),
            (0.1359749796, -0.1497299865, -0.9793322909),
            (0.9572563013, -0.07579636727, -0.2791330945),
            (0.4419608693, 0.7463590089, -0.4976131227),
            (0.06163209316, 0.3523400291, -0.9338404516),
            (0.2466648864, 0.3579250379, -0.9005809797),
            (-0.09912015726, -0.007804015656, -0.9950448692),
            (0.1709692831, 0.6043808906, -0.7781344636),
            (0.1373957705, -0.0529671079, -0.9890990283),
            (0.691658476, 0.6015730789, -0.399647824),
            (0.9717662393, 0.07299948068, 0.2243690086),
            (0.1108837989, 0.3842219937, 0.9165578229),
            (0.694365654, 0.7087299854, -0.1247322985),
            (0.5235672221, -0.850187593, -0.05530298941),
            (0.3561031424, -0.8835365249, 0.3042264963),
            (0.4122730206, -0.3918028249, 0.8225092722),
            (0.8218562854, -0.4350183736, 0.3678467898),
            (0.497084249, -0.4766610965, 0.7250527212),
            (0.4403440629, 0.4984567791, 0.7467515956),
            (0.1378218825, -0.5724960137, 0.808240956),
            (0.3022799255, -0.3292424154, 0.8945536756),
            (0.8104560161, -0.3130588092, 0.4951315259),
            (-0.0526186829, 0.131212631, 0.9899568272),
            (0.5372133668, -0.1452312937, 0.8308487647),
            (0.3957003201, 0.3652451721, 0.842625196),
            (-0.1104502844, 0.2274968558, 0.9674946591),
            (0.2287347451, -0.1711856027, 0.9583193131),
            (0.1884210543, 0.1577149025, 0.9693417951),
            (0.5245198848, -0.1652267557, -0.8352119549),
            (0.6531891866, 0.5907303315, 0.4736893094),
            (0.5755867085, 0.5736211851, 0.5828024339),
            (0.6556841368, -0.688189458, 0.3106019682),
            (0.8502332017, 0.4852432332, 0.2040649587),
            (0.84908325, -0.3423930651, -0.4022743137),
            (-0.472807467, 0.7816999684, -0.4066918472),
            (-0.4433406217, 0.1579530043, -0.8823264371),
            (-0.7607019254, 0.3655898208, -0.5363549791),
            (-0.6503875229, -0.7592609356, -0.02277941467),
            (-0.5444778489, 0.3520170129, -0.7613329723),
            (-0.7391783448, -0.01219692115, -0.6733992944),
            (-0.290500627, 0.1601833291, -0.9433719769),
            (-0.2508168198, -0.7052392789, -0.6631202625),
            (-0.5213356163, -0.2891343411, -0.8028763965),
            (-0.2427369097, -0.2982178393, -0.9231169552),
            (-0.006065777773, -0.4067589259, -0.9135153981),
            (0.001725835222, 0.2604933514, -0.9654740988),
            (-0.4929837676, -0.1047576082, -0.8637087752),
            (-0.301944406, 0.7235127656, -0.6207727875),
            (-0.05809015128, -0.0171219565, -0.9981645019),
            (-0.7481186961, 0.5763060372, -0.3289221307),
            (-0.2585321571, -0.01293822617, -0.9659160036),
            (-0.656208625, 0.7296649558, 0.1923000074),
            (-0.5745414434, 0.3109999571, 0.7570872846),
            (-0.8155116192, 0.5263328013, 0.2406544851),
            (-0.3632919036, 0.9306708703, -0.04325186558),
            (-0.3984774193, -0.8240040042, 0.4027817614),
            (-0.7663782834, -0.0978010545, 0.6349010005),
            (-0.6514344965, -0.4517299998, 0.6095679651),
            (-0.9710714522, 0.07602552532, 0.2263633236),
            (-0.1892852559, -0.03485404041, 0.9813033617),
            (-0.490205147, -0.07728257276, 0.8681741287),
            (-0.5655486018, -0.7810663903, 0.2647452984),
            (-0.4250738271, -0.5248490347, 0.7374589699),
            (-0.5478597935, -0.6894510273, 0.4738216202),
            (-0.0682678715, -0.05068520323, 0.996378697),
            (-0.6556717971, 0.5483475726, 0.5190466589),
            (-0.4499600943, 0.2691916724, 0.8515114544),
            (-0.07300765986, 0.3883421766, 0.9186186562),
            (-0.8911423893, 0.2851513814, 0.352921991),
            (-0.4470816149, -0.4046278447, 0.7977432775),
            (-0.3699553758, -0.7082898528, -0.6012141918),
            (-0.9874115335, 0.1055622492, 0.1177925089),
            (-0.9975506394, 0.01715066874, -0.06781280376),
            (-0.8676206636, -0.4970353932, -0.01379137429),
            (-0.974656392, -0.01822087272, 0.2229639375),
            (-0.8290950715, -0.5555912598, 0.0626076231),
            (-0.00705451102, 0.9992914224, 0.03697143469),
            (-0.3405709424, 0.9387761605, -0.05206489925),
            (-0.1257715451, 0.7637794198, 0.6331054543),
            (0.6028790358, 0.5509345585, 0.5770684365),
            (-0.5666606634, -0.8188241919, -0.09177491679),
            (0.3972612345, -0.911934525, 0.102756672),
            (0.2958938037, -0.9400277361, -0.1696900476),
            (0.1125047786, -0.9813716301, 0.1557318158),
            (0.008863780259, -0.8302061882, -0.557385969),
            (-0.183432536, -0.4910627628, 0.8515925479),
            (-0.5498908574, -0.5242111518, -0.6502481935),
            (0.01692791145, -0.2322750654, 0.9725028225),
            (-0.07705878583, -0.911589664, 0.4038145961),
            (-0.06070999149, -0.9924256434, 0.1067971879),
            (-0.0419050933, -0.9457325418, 0.3222327149),
            (0.1643214343, -0.7748351293, 0.6104334432),
            (-0.1547198684, -0.8245517398, -0.5442207188),
            (0.3255798694, -0.3871125309, -0.8626364455),
            (0.4237610745, -0.8072893857, 0.410743715),
            (-0.1742136035, -0.9464392054, -0.2718500522),
            (-0.1072394965, -0.3264433451, 0.9391136421),
            (0.3740831333, -0.4983281081, 0.7821322817),
            (-0.1124641402, -0.3881488066, 0.9147088723),
            (-0.1468296931, -0.9597198768, 0.2395387219),
            (0.3577050254, -0.9336586484, -0.01812851678),
            (0.3996321846, -0.9106822091, 0.1046519519),
            (-0.2135767924, -0.9739703601, -0.07593873496),
            (0.2556202576, -0.9561955374, 0.1426477416),
            (-0.3866292643, -0.7975338389, 0.4630956572),
            (0.01643349926, -0.4338284662, 0.9008456039),
            (-0.3677494706, -0.8458870134, 0.3863100923),
            (-0.2733004374, -0.6044632893, 0.7482853753),
            (-0.03808476737, -0.4800486941, 0.876414743),
            (-0.02312877861, -0.9909016565, 0.1325856959),
            (-0.6941130771, 0.5991888088, 0.3989734423),
            (-0.3375592961, 0.292408683, 0.8947350914),
            (0.1020404604, 0.9494362021, -0.296915211),
            (-0.1064976776, 0.7973655593, 0.5940255967),
            (-0.1703986312, 0.8596647177, 0.4816024082),
            (-0.0796284746, 0.9848104467, -0.1542974078),
            (0.1246102129, 0.2467540053, 0.961033171),
            (-0.01114470841, 0.7915928776, -0.6109472249),
            (-0.3709128564, 0.9221897322, 0.1094977209),
            (0.3568899964, 0.9252688986, 0.1284795535),
            (-0.07716505252, 0.9048877269, 0.4185973679),
            (-0.1092743801, 0.9894590091, 0.09502620219),
            (-0.00844127679, 0.3567759035, 0.9341518611),
            (0.1292635534, 0.9071587534, 0.400442168),
            (-0.0987328695, 0.9723644996, 0.2115634666),
            (0.1161742874, 0.9274895883, -0.3553401168),
            (0.274085039, 0.8930335184, 0.3568872742),
            (0.4375555732, 0.8985271033, 0.03455669088),
            (-0.05528311597, 0.3599452881, 0.931334079),
            (0.4151646375, 0.9026999895, 0.1130090825),
            (0.1550457874, 0.578987644, 0.8004586885),
            (0.2626078147, 0.9173885483, 0.2990574981),
            (-0.1310796041, 0.7611776414, 0.6351588271),
            (0.1219767497, 0.8794327171, 0.4601301649),
            (-0.1162582579, 0.7821224658, 0.6121833598),
            (-0.1041389636, 0.7600671462, 0.6414460301),
            (0.1271004438, -0.5045461464, 0.8539781398),
            (0.04143045255, 0.2851902242, 0.9575750903),
            (0.1401308886, 0.1996382119, 0.969797875),
            (0.1441385234, -0.06050130544, 0.9877062712),
            (-0.07786830519, -0.9398783285, 0.3325135406),
            (-0.08943540287, -0.1405942135, -0.9860195616),
            (-0.7529703366, -0.342290357, 0.5620257857),
            (-0.1195269904, -0.7113056398, -0.6926453533),
            (-0.3066596756, -0.8652841215, -0.396539068),
            (0.03997796269, -0.935073868, -0.3521911752),
            (0.1742318518, -0.3763029216, -0.9099666878),
            (0.1911705031, -0.7517231463, -0.6311625385),
            (-0.4149708908, -0.899251269, -0.1383702101),
            (0.4698950016, -0.8826084985, 0.01417482949),
            (0.544835313, -0.6281238823, -0.5555311604),
            (0.3778294227, -0.6922611102, 0.61483289),
            (-0.227980695, -0.5449321957, -0.8068913835),
            (-0.03845681091, -0.978058103, 0.2047520959),
            (-0.05059057979, -0.9476126315, -0.3153900663),
            (-0.2830576675, -0.9482089053, 0.1441465529),
            (-0.04662115314, -0.1245415289, -0.9911184973),
            (0.2792586049, -0.5243567205, 0.8044032952),
            (-0.3803636112, -0.5158837604, -0.7675854799),
            (0.3559579388, -0.9275955513, -0.1134038758),
            (0.2882899097, -0.8249739451, -0.4861140997),
            (-0.1127374379, -0.1683339933, -0.9792619347),
            (0.2705374665, -0.4399091593, -0.856323193),
            (0.1251141644, -0.9045933953, -0.4075012086),
            (0.1415746019, -0.9286441055, -0.3428946741),
            (-0.1445948868, -0.2036888362, -0.9682991153),
            (-0.6125824578, 0.7638375532, -0.203211527),
            (-0.4426395601, 0.7798849335, -0.4425491051),
            (-0.1666191889, 0.9828003158, -0.0796340708),
            (-0.08941008277, 0.4673278383, -0.8795513224),
            (-0.5371891009, 0.460062431, -0.7069444316),
            (-0.6157253972, 0.7782808832, -0.1231304273),
            (-0.2316372451, 0.9195766134, 0.3173689318),
            (-0.1090077269, 0.9937332743, 0.02472842463),
            (-0.2926219167, 0.9519481108, 0.0903726079),
            (0.2026584851, 0.9744807715, -0.09652338756),
            (-0.1126307497, 0.9883434317, -0.1024283906),
            (0.1185704095, 0.9147344534, -0.3862666667),
            (0.01631398786, 0.8242889661, -0.5659342314),
            (0.6854056231, 0.4474957393, -0.5744272758),
            (0.006469799212, 0.1573806575, -0.9875168203),
            (-0.03662206049, 0.9883702498, 0.147590901),
            (0.249881737, 0.9011748395, -0.3541793699),
            (0.4836577153, 0.8752394524, 0.005578112141),
            (-0.1157892801, 0.396270253, -0.9108033428),
            (0.05747121045, 0.8407100454, -0.5384270419),
            (-0.2564739701, 0.8551761868, -0.4504384443),
            (0.2710492883, 0.9475299905, -0.1694674024),
            (0.186624454, 0.3920113435, -0.9008320708),
            (0.1779043533, 0.9171910413, 0.3565257843),
            (-0.09706685072, 0.150366483, -0.9838536209),
            (0.1534436117, 0.9622943458, -0.2245988646),
            (-0.02459625577, -0.05568296579, -0.9981454962),
            (0.005527250031, -0.03457124956, -0.9993869512),
            (-0.1988594425, -0.03611755627, -0.9793622641),
            (0.2218969981, 0.221579248, -0.9495600872),
            (0.6631700389, 0.7434056073, 0.08691146326),
            (0.2159109497, 0.9760501103, -0.02662036808),
            (0.747201194, 0.6272786353, -0.2195720596),
            (0.7452162157, -0.6173792418, -0.251983459),
            (0.6066982261, 0.6503755487, 0.4570874184),
            (0.5504027659, 0.7867306523, -0.2794846614),
            (0.1848344076, 0.9460977602, -0.2659610308),
            (0.7824012965, 0.6067222703, -0.1404859348),
            (0.6958285388, 0.6762546423, -0.2418724941),
            (0.5981296757, -0.8012027955, 0.01774743832),
            (0.7331953209, -0.6683445029, -0.1254601402),
            (0.05145041181, -0.7755134062, -0.6292311276),
            (0.963812006, 0.2032897195, -0.1724520427),
            (0.6520550567, -0.7048999225, -0.2791779044),
            (0.3402096769, -0.508746376, -0.7908441696),
            (0.6796786644, -0.193208298, -0.7076068589),
            (0.4057397195, -0.6565828656, -0.6358256212),
            (0.4964463593, -0.5139164714, -0.6995933624),
            (0.2183276181, -0.4953200566, -0.8408276237),
            (0.5754464024, 0.1248371688, -0.8082556027),
            (0.4570384289, -0.5528942453, -0.6967236382),
            (0.04901104274, -0.03234433995, -0.9982743918),
            (0.4729810622, -0.5029675859, -0.7234034299),
            (0.8018381962, -0.4055388198, -0.4388550704),
            (0.1947843012, -0.3181458569, -0.9278158706),
            (-0.2067057268, -0.7127332979, -0.6702864974),
            (0.419117026, 0.1256844713, -0.899190932),
            (0.1659030055, -0.8264232483, -0.5380527925),
            (0.2018509252, -0.5695226365, -0.7968062315),
            (0.2179096036, -0.6502712528, -0.7277792951),
            (0.03555279463, 0.02544875231, -0.9990437227),
            (0.5782052322, -0.08362849245, -0.8115941009),
            (0.04202136042, -0.1373253667, -0.9896342501),
            (0.009439323035, -0.1048978349, -0.9944382049),
            (0.8953417992, -0.3878688632, -0.2189082171),
            (0.02406937198, -0.1382536514, -0.9901043345),
            (0.4871120211, -0.4993562585, -0.7164950844),
            (0.7075201305, -0.6909336317, -0.1484115275),
            (0.8115804896, -0.07934556635, -0.5788275995),
            (0.05866188975, -0.3150531804, -0.94725935),
            (0.2235461035, 0.6922224365, -0.686188923),
            (0.3627277683, 0.7323064815, -0.5763295786),
            (0.4102458939, 0.7581292479, -0.506890866),
            (-0.08805111725, -0.1226260614, -0.9885392505),
            (0.835473283, 0.06088331367, -0.5461479796),
            (0.6618386308, 0.3151506607, -0.6801835692),
            (0.1713369151, -0.1054581492, -0.979552061),
            (0.9222591435, -0.05969507602, -0.3819352957),
            (-0.1584156671, 0.5343649856, -0.8302761821),
            (0.3301431586, 0.3380489361, -0.8813219682),
            (0.1641347233, 0.1883021184, -0.9682985618),
            (0.5570514522, 0.1681531742, -0.8132762075),
            (0.2912964269, 0.6638639623, -0.6887895406),
            (-0.02656412225, 0.2129250568, -0.9767073603),
            (0.2803341019, 0.3937260236, -0.8754385242),
            (-0.06164500598, -0.1514585144, -0.9865395135),
            (0.2863145634, -0.03806593111, -0.957379212),
            (0.1652339665, 0.2737042189, -0.9475145048),
            (0.3747589965, 0.9040837939, -0.2053976343),
            (0.144132157, 0.1782222063, -0.9733769909),
            (0.6570354076, 0.6172158147, -0.4328384356),
            (0.2524162315, 0.6604741778, -0.7071491403),
            (0.1861622207, -0.05668546695, -0.9808824524),
            (0.539438408, 0.5442670912, -0.6424792116),
            (-0.1321935984, -0.283512803, -0.9498133201),
            (0.8466887016, 0.1647151492, -0.5059517389),
            (0.385074249, -0.2392717279, -0.8913287065),
            (0.2880523588, -0.1327296649, -0.948371591),
            (0.6619786317, 0.1651291001, -0.7311064707),
            (0.1827748781, -0.1639418352, -0.9693897145),
            (0.5060156464, 0.8361926202, -0.2114948407),
            (0.6857140198, 0.3046311309, 0.6610568487),
            (0.307418673, 0.8911810443, 0.3336017172),
            (0.5037303273, 0.5415440565, -0.673042192),
            (0.9358188897, 0.311591759, 0.1647834379),
            (0.5855495537, 0.1697751824, 0.7926588848),
            (0.2296193473, 0.8820062172, 0.4115094024),
            (0.8247212182, 0.4528960013, 0.3387035936),
            (0.06580495332, 0.8750685656, 0.4795046545),
            (0.747970458, 0.6291682569, 0.2113941779),
            (0.8575857372, 0.5067801925, 0.08786660318),
            (0.8961350155, 0.3995036244, -0.1932327305),
            (0.9221035793, 0.3868912982, 0.006333438268),
            (0.9183838646, 0.350596631, -0.1834477572),
            (0.8056187091, -0.5819225121, 0.11110664),
            (0.4314639645, -0.8979913144, -0.08631596883),
            (0.3241538241, -0.7272492639, -0.6050064516),
            (0.9375167847, -0.249031314, 0.2429931748),
            (0.9471740119, 0.1161680032, 0.2989421117),
            (0.4768352948, -0.07908568936, 0.8754276414),
            (0.2685699148, -0.3893884094, 0.8810487316),
            (0.5603843009, -0.4741265024, 0.6790975593),
            (0.1135856424, -0.1840591878, 0.9763301272),
            (0.8754126204, -0.466864534, 0.1252607319),
            (0.9257883845, -0.3034238287, -0.2254991071),
            (0.6842436253, -0.6795733063, 0.2645577113),
            (0.7799074229, -0.6246607554, -0.03928552334),
            (0.6519446226, -0.6864097162, 0.322195454),
            (-0.2042899468, -0.006090910185, 0.9788914743),
            (0.4423215906, 0.2101203938, 0.87189508),
            (0.09555793033, -0.493397927, 0.8645387022),
            (-0.1398701104, -0.4770257862, 0.8676881649),
            (0.7603077453, 0.3746982145, 0.5305971924),
            (0.5439928408, 0.1771763325, 0.820170919),
            (0.7874525935, -0.519166438, 0.3322418136),
            (0.2833146841, -0.3417338342, 0.8960752068),
            (-0.01369230639, -0.3110861726, 0.9502830704),
            (0.370561158, -0.4664472991, 0.8031882378),
            (0.3634115542, -0.683912302, 0.632610469),
            (0.5723803118, -0.4462471727, 0.6879274959),
            (-0.1216777142, 0.2788343425, 0.9525995713),
            (0.4352736319, -0.3636096722, 0.8236048031),
            (0.08964367581, -0.2668821234, 0.9595509073),
            (0.3693075865, -0.02600610721, 0.9289432647),
            (0.7110493974, -0.1435955812, 0.6883233714),
            (0.3604421715, -0.3103274385, 0.8796467029),
            (0.9317461162, -0.3394980542, 0.1288031297),
            (0.4024166692, -0.8642387393, 0.3019142689),
            (0.9369886553, -0.2338442154, 0.2595556642),
            (0.3194962311, -0.8646902058, 0.3875990278),
            (-0.01027659177, -0.009383169565, 0.9999031692),
            (0.1773562358, 0.5367613088, 0.8248830602),
            (0.07475239689, 0.05842901668, 0.9954888895),
            (0.09040849747, 0.2553598957, 0.9626098001),
            (0.165638896, -0.1569770555, 0.973612839),
            (0.6256152417, 0.5404571725, 0.562593649),
            (0.858548909, 0.3128656957, 0.4062127857),
            (0.8484577436, -0.0862955371, 0.5221805604),
            (0.348500202, 0.851050368, 0.392760589),
            (0.3281000861, -0.03486580296, 0.9439993164),
            (-0.1148653641, 0.5950165895, 0.7954628881),
            (0.4558085763, 0.7038994571, 0.544760586),
            (0.02328093743, 0.303651939, 0.9524985553),
            (-0.1357031535, -0.234566847, 0.9625814503),
            (0.6658086584, 0.1713209205, 0.7261872848),
            (0.03256152505, 0.2737841656, 0.9612398128),
            (0.283541281, -0.03207594016, 0.9584234325),
            (-0.1692429289, 0.3537691104, 0.9198936066),
            (0.5326692029, 0.2848013364, 0.7969640639),
            (0.68170372, 0.3575519251, 0.6383076523),
            (0.393921144, 0.09401734211, 0.9143231768),
            (0.7036276832, 0.5421417244, 0.4593369505),
            (0.2796382385, 0.7579844276, 0.5892894561),
            (0.378638973, 0.2437549703, 0.8928695552),
            (0.0681049799, -0.1125070674, 0.9913142143),
            (0.4049818935, -0.1007038931, 0.9087620106),
            (0.7925572481, 0.3535607525, 0.4968378033),
            (0.3099799142, -0.2882248652, 0.9060015893),
            (0.5334517433, -0.4476000207, 0.717693151),
            (0.4748560805, -0.09904851926, 0.8744718942),
            (0.8594854712, -0.04171807772, -0.5094549311),
            (0.6316585083, 0.2093865049, 0.7464347396),
            (0.9178634194, -0.2746090195, -0.2865599934),
            (0.9790428136, 0.02507136654, -0.2021054072),
            (0.8857174434, 0.4223252321, 0.1927329986),
            (0.9892717863, -0.1407178195, 0.039240644),
            (0.8540713651, 0.405928334, 0.3252449708),
            (0.5029066174, 0.09916337331, 0.8586335421),
            (0.8621743968, 0.4907500251, -0.1257764779),
            (0.9736943952, -0.2128288596, 0.08138243799),
            (0.8023214949, 0.579022182, -0.1449604484),
            (0.6603602128, 0.6652333887, 0.3484091387),
            (0.9975966681, -0.02920525467, -0.06283264196),
            (0.9587471678, -0.2687647662, 0.09257088469),
            (0.8586722448, -0.1980454467, 0.472715535),
            (0.9428029326, -0.3219302599, 0.0865074449),
            (0.934650579, 0.08002893051, 0.346444318),
            (0.8401494463, -0.2399513068, -0.4863869634),
            (0.731856313, 0.6812994043, 0.01474648656),
            (0.977993541, 0.01624988909, -0.2080013818),
            (0.2533866005, 0.01015518498, 0.967311792),
            (0.4831108524, 0.8205498753, -0.3054534439),
            (0.2183091372, -0.1043034888, 0.9702895974),
            (0.6633013909, 0.5029739484, -0.5541195467),
            (0.8449920946, -0.5205573459, 0.1225088147),
            (0.9171786913, -0.3409979777, -0.2061640786),
            (0.3132158368, -0.2239340788, 0.922902686),
            (0.9438694623, -0.3285176808, -0.0344466471),
            (0.9358009199, -0.2944741797, 0.1938081418),
            (0.6727496604, -0.7318870794, -0.108393715),
            (-0.6991507793, 0.7149742462, 0.0001229313683),
            (-0.5932734505, 0.5157076507, -0.6181199171),
            (-0.7817053206, 0.6138051694, -0.110363063),
            (-0.77821983, 0.08759396203, -0.6218530324),
            (-0.6862580933, 0.5827790348, -0.4352222719),
            (-0.2648519957, 0.6770888593, -0.6865887393),
            (-0.4376276528, 0.420175109, -0.7949433409),
            (-0.09158946701, 0.5648774534, -0.8200761136),
            (-0.7252214211, 0.2785557181, -0.6296511751),
            (-0.5997258019, -0.3281718899, -0.7298165339),
            (-0.1550030057, -0.8923120109, -0.4239732816),
            (-0.5597257618, -0.6288129578, 0.5397233881),
            (-0.6043581109, -0.6585855759, 0.4483484282),
            (-0.9442833319, 0.05408227338, -0.3246599711),
            (0.1280264765, -0.7158911931, -0.6863738201),
            (-0.6956478023, -0.5619400031, -0.4475461629),
            (-0.5696163841, -0.8017719414, -0.1808284517),
            (-0.9179312233, -0.1822823201, 0.3523853362),
            (-0.2296250416, -0.3415616675, -0.9113769624),
            (-0.2883744761, -0.5164345763, -0.8063097977),
            (0.05176823522, -0.2946983007, -0.9541870683),
            (-0.5382217381, -0.2665221595, -0.7995519365),
            (-0.8579694976, -0.1286282779, -0.4973360105),
            (-0.3806951906, -0.4537225656, -0.8057338303),
            (-0.8881851335, -0.3221983355, -0.3275902948),
            (-0.6108855813, -0.6719120034, -0.4187517954),
            (-0.4344658696, -0.7219907787, -0.5384874406),
            (-0.592100991, -0.5633702633, -0.5762207589),
            (-0.2859664287, -0.5893419891, -0.7555787329),
            (-0.3516441281, -0.1800522187, -0.9186553248),
            (-0.1303162155, -0.02792723659, -0.9910790854),
            (-0.06550501274, -0.201966228, -0.9771994351),
            (-0.2897085944, -0.2792202911, -0.9154807258),
            (-0.4087360733, -0.5538916885, -0.7253542719),
            (-0.3042176667, -0.5104858435, -0.8042734702),
            (-0.1582245204, -0.3965867652, -0.9042587787),
            (-0.9514879938, -0.07902801289, -0.2973637013),
            (-0.6080155239, -0.2841039305, -0.7413515222),
            (-0.2382274433, -0.2320693232, -0.9430755614),
            (-0.1553482827, -0.2499428577, -0.9557172589),
            (-0.0199219025, 0.342001731, -0.9394881233),
            (-0.4263230025, 0.6021638428, -0.6750165953),
            (-0.2969665523, 0.6014595229, -0.7416584855),
            (0.02546331076, 0.3111149805, -0.9500310988),
            (-0.8885145598, 0.3217811493, -0.327106663),
            (-0.7655749362, 0.2559060678, -0.5902601981),
            (-0.8237110431, -0.4280784467, -0.3718184517),
            (-0.215268118, 0.2646311957, -0.9400159401),
            (-0.3921741261, 0.4264973542, -0.8150456807),
            (-0.4280384184, 0.7476074652, -0.5078052682),
            (-0.6230689291, 0.5358036713, -0.5698241267),
            (-0.2485652436, 0.4971424407, -0.8313030214),
            (-0.3943771313, 0.9089441284, -0.1352303579),
            (0.05186473446, -0.08319296234, -0.9951828879),
            (-0.5066711227, 0.0457217519, -0.8609261843),
            (0.1714094466, 0.3700120363, -0.913077157),
            (-0.1621387787, -0.2106080823, -0.9640307319),
            (0.1465417643, 0.2667033042, -0.9525727578),
            (-0.604501936, 0.778328058, 0.1696550718),
            (-0.2464020901, -0.07836628509, -0.9659941694),
            (-0.9735045924, 0.1322772177, 0.1865249214),
            (-0.613054638, 0.7003507518, -0.3656129584),
            (-0.5061396752, -0.1537572742, -0.8486349803),
            (-0.2797660991, 0.5737321769, -0.7697806954),
            (-0.5625215389, -0.3107296382, -0.7661700922),
            (-0.7430773481, 0.2215072236, -0.6314828618),
            (-0.4133176434, -0.1228867912, -0.9022568161),
            (-0.1874248976, 0.1019680183, -0.9769720728),
            (-0.171036068, 0.1909226564, -0.9665894696),
            (-0.1657532561, -0.3625768863, -0.9170953383),
            (-0.5622754239, 0.8242925404, 0.06624315504),
            (-0.4513214079, 0.8814471219, 0.1391400663),
            (-0.6594377015, 0.7336953363, 0.1638080319),
            (-0.6863480789, 0.7096967145, 0.1589241578),
            (-0.8064829309, -0.03166577112, 0.5904088084),
            (-0.3130375421, 0.500807655, 0.8069691382),
            (-0.3335770289, 0.8147335059, 0.4742738451),
            (-0.8110232666, 0.5098136502, 0.2869343186),
            (-0.8101736372, 0.5314814021, 0.2472775703),
            (-0.3514563516, 0.7984213483, 0.4888780866),
            (-0.2083678165, 0.5942040241, -0.7768554762),
            (-0.3742585617, 0.9270856444, 0.02104131396),
            (-0.5692397424, 0.752573605, 0.3310575248),
            (-0.7319519463, 0.6769065943, 0.07774195038),
            (-0.6496101733, -0.6411230409, -0.4086170202),
            (-0.2679284535, -0.5974992386, 0.7557837016),
            (-0.808014146, -0.5874434578, 0.0449813722),
            (-0.2710290115, -0.5489998141, -0.7906595216),
            (-0.4198905649, -0.05818452286, 0.9057077204),
            (-0.4639423513, -0.8816960768, 0.08584592478),
            (-0.5376564751, -0.207144774, 0.8173227988),
            (-0.4053398914, -0.7496652498, 0.5231649698),
            (-0.6813059156, -0.3350265683, 0.6508298149),
            (-0.7125594, -0.6417431124, 0.2835928053),
            (-0.7479129071, -0.3552861333, 0.5607120892),
            (-0.9531648128, -0.2775087321, 0.1202736185),
            (-0.4390577456, -0.8796266784, 0.1829896244),
            (-0.6305510754, -0.744175997, 0.2204709206),
            (0.0400288392, -0.2381539451, 0.9704021797),
            (0.07660723265, 0.2206480382, 0.9723403597),
            (0.01703431884, -0.2859277727, 0.9580997551),
            (-0.2138103275, -0.5264472089, 0.8228842446),
            (-0.5182347455, 0.3345103376, 0.7871058268),
            (-0.5358254783, 0.2439249985, 0.8083264514),
            (-0.7333537022, -0.05582511905, 0.6775514029),
            (-0.4850182359, -0.6952213605, 0.5304946472),
            (-0.1443374401, -0.1314390258, 0.9807601572),
            (0.03506019412, -0.7048301793, 0.7085091397),
            (-0.598153236, -0.6974448398, 0.3946940609),
            (-0.1973760083, -0.4817941338, 0.8537664341),
            (0.1434443652, 0.0466611606, 0.9885577627),
            (-0.4643741966, -0.4096830499, 0.7851855858),
            (-0.1937607042, -0.1819398318, 0.9640304389),
            (-0.5282777562, -0.3756136438, 0.7614702902),
            (-0.6654181542, -0.6751112231, 0.3185019883),
            (-0.3391133767, 0.2323983335, 0.9115882472),
            (-0.8043870661, -0.4759674104, 0.3555509418),
            (-0.5692079719, -0.8195985986, 0.06527190786),
            (-0.009944398575, -0.3019453544, 0.9532733668),
            (-0.6737335553, -0.6246083712, 0.3949018601),
            (-0.3128901506, 0.1946287114, 0.9296340239),
            (-0.1333358437, 0.2832908471, 0.9497198791),
            (-0.4376106713, 0.3956540481, 0.8074371645),
            (-0.1519042232, 0.1354664142, 0.9790679024),
            (-0.709939593, 0.2479981829, 0.6591529986),
            (-0.7302437349, 0.3657698113, 0.5770238581),
            (-0.7248556197, -0.1509546862, 0.6721584734),
            (-0.4173581764, 0.2288345174, 0.8794583084),
            (-0.05290990879, 0.8653225624, 0.4984148921),
            (-0.3605337992, 0.4177852512, 0.8339489574),
            (0.09042531735, 0.5680584927, 0.8180053856),
            (-0.5476736242, 0.737855152, 0.3944912877),
            (-0.4320859544, 0.4497989943, 0.781653755),
            (0.0287663464, 0.0828664837, 0.9961453926),
            (-0.189436598, 0.1831040715, 0.9646692046),
            (-0.08289618636, 0.6118367194, 0.7866282801),
            (-0.1703497389, 0.03305091339, 0.9848292256),
            (0.04332103939, 0.3678994744, 0.9288558899),
            (-0.5740070259, 0.8005710302, 0.1720522006),
            (-0.7421401551, 0.3091979682, 0.5946634398),
            (-0.3228607174, 0.729765308, 0.6026637142),
            (-0.8970492926, 0.4311203351, 0.09714846007),
            (-0.869331202, 0.2689936438, 0.4146150995),
            (-0.1109314815, 0.2778463176, 0.9541989469),
            (-0.7154967826, -0.05794961528, 0.6962084431),
            (-0.3756088227, 0.08920751955, 0.9224749486),
            (-0.7610499879, -0.2588768015, 0.5947988883),
            (-0.2774163339, -0.499485981, 0.8207033158),
            (-0.5617772398, -0.01083138939, 0.8272176339),
            (-0.388380402, 0.02953410709, 0.9210257325),
            (-0.818049486, -0.2514411311, 0.5172740048),
            (-0.5180383198, 0.164605685, -0.8393695656),
            (-0.9580937633, -0.1382580662, -0.2508805452),
            (-0.984217453, -0.08876282555, -0.1530920179),
            (-0.8013198718, 0.416396119, 0.4295354876),
            (-0.8009847461, -0.2104088847, 0.5604922281),
            (-0.9838930923, 0.02111451476, 0.1775065075),
            (-0.985304112, 0.08022047594, 0.1507994768),
            (-0.372610021, 0.6917255455, -0.6186093614),
            (-0.6151924767, -0.1217457874, -0.7789198803),
            (-0.2815514512, 0.05573334149, -0.9579261845),
            (-0.7716472803, 0.5599544702, -0.3016810669),
            (-0.7230910032, -0.6007525728, -0.3409336406),
            (-0.83545098, -0.3060913802, -0.4564315141),
            (-0.8999352354, -0.08628326155, -0.4274011825),
            (-0.9670071816, -0.196225645, -0.1624580159),
            (-0.8526078345, -0.306238418, 0.4234122245),
            (-0.3205446986, 0.08470626801, -0.9434383628),
            (-0.502972429, 0.01906787318, 0.8640920969),
            (-0.9654730317, 0.2322165916, 0.1180562563),
            (-0.8732663914, 0.4775512375, -0.09669863092),
            (-0.9614430663, 0.1531366322, 0.228421545),
            (-0.9429837639, 0.3038292274, 0.13590225),
            (-0.4936089283, 0.1367490402, 0.8588654877),
            (-0.4945669065, -0.7376920589, -0.4595802445),
            (-0.8227232305, -0.07645966869, 0.5632764908),
            (-0.8049082488, -0.5904705133, 0.05888364786),
            (-0.894317864, -0.4473715715, 0.007364448094),
            (-0.9680422187, 0.2062350037, 0.1426933286),
            (-0.4878391264, -0.8213541884, -0.2956184769)
            ] (
                interpolation = "vertex"
            )
            texCoord2f[] primvars:st = [
            (0.8797110374, 0.2715654595),
            (0.8931386122, 0.7395894179),
            (0.1398218226, 0.2791614719),
            (0.1676438526, 0.7067816074),
            (0.283790216, 0.5014739654),
            (0.7083365854, 0.5014739654),
            (0.2694303236, 0.5014739654),
            (0.773379998, 0.5014739654),
            (0.5035524244, 0.8514499935),
            (0.5035524244, 0.8457249415),
            (0.5035524244, 0.1076657859),
            (0.5035524244, 0.1136000194),
            (0.9512810159, 0.5014739654),
            (0.1107838985, 0.5014739654),
            (0.1471127155, 0.3668313718),
            (0.1160123248, 0.6478645129),
            (0.8035494153, 0.3881522116),
            (0.8416052814, 0.6291710549),
            (0.5035524244, 0.5014739654),
            (0.2012085171, 0.3872656805),
            (0.2249107223, 0.606728909),
            (0.851156803, 0.3701688557),
            (0.8068445645, 0.6160404386),
            (0.5035524244, 0.5014739654),
            (0.7287785911, 0.8618684653),
            (0.2874435035, 0.847279551),
            (0.4081879925, 0.6540708738),
            (0.6313478423, 0.7059651505),
            (0.723333636, 0.8531557482),
            (0.279478696, 0.8600243971),
            (0.3920120033, 0.6799548003),
            (0.6323469653, 0.7075638919),
            (0.5035524244, 0.8873787919),
            (0.7031633267, 0.1820676),
            (0.2543409033, 0.1026994232),
            (0.3801647464, 0.3040358028),
            (0.6396466676, 0.2837034575),
            (0.7480814961, 0.1101920207),
            (0.2979664081, 0.1725065518),
            (0.3687563646, 0.285780739),
            (0.6419909625, 0.2799522459),
            (0.5035524244, 0.06087993589),
            (0.8663366954, 0.3995539887),
            (0.932745676, 0.6220507646),
            (0.00889503104, 0.362505785),
            (0.1572065619, 0.5987757645),
            (0.08280195721, 0.2921926051),
            (0.1924139534, 0.4302365043),
            (0.1154246743, 0.4359068495),
            (0.03057685552, 0.736732101),
            (0.1687489716, 0.5781296996),
            (0.1435719312, 0.5622861148),
            (0.1240862371, 0.5014739654),
            (0.9113640327, 0.2986283959),
            (0.8033485842, 0.4328334106),
            (0.9585077936, 0.4246175401),
            (0.8819244629, 0.6896762874),
            (0.8348585356, 0.5773289573),
            (0.9966356326, 0.5847713948),
            (0.8491612782, 0.5014739654),
            (0.379786329, 0.5014739654),
            (0.6176560453, 0.5014739654),
            (0.1163108161, 0.3088599177),
            (0.2405072404, 0.4412478191),
            (0.1122876663, 0.4353769091),
            (0.1311157759, 0.6867240234),
            (0.1637243334, 0.5792801278),
            (0.02526902439, 0.5822712367),
            (0.1871832788, 0.5014739654),
            (0.848598191, 0.3298481372),
            (0.8341096798, 0.4257904296),
            (0.8235119101, 0.4474226365),
            (0.8637696821, 0.6806460961),
            (0.8067164689, 0.5708856224),
            (0.9874768446, 0.5832241844),
            (0.9107699504, 0.5014739654),
            (0.3874756415, 0.5014739654),
            (0.6190295133, 0.5014739654),
            (0.8046329507, 0.7957199642),
            (0.6394677115, 0.947634488),
            (0.7921978057, 0.7452808714),
            (0.2044641057, 0.7937729798),
            (0.3837831156, 0.8946331056),
            (0.2036883041, 0.7547568798),
            (0.3162563834, 0.6124207776),
            (0.4420297773, 0.7674040067),
            (0.2440308837, 0.6871892798),
            (0.4355465806, 0.6102931688),
            (0.289185822, 0.8444915891),
            (0.7104244837, 0.6240168413),
            (0.574363409, 0.8075526038),
            (0.7842772013, 0.7023624545),
            (0.5724522126, 0.6117236094),
            (0.7153464497, 0.8403750929),
            (0.5035524244, 0.731199591),
            (0.8356820347, 0.8260642341),
            (0.6006599212, 0.8202426076),
            (0.820484497, 0.7691734785),
            (0.6889072689, 0.7980685728),
            (0.2689645093, 0.7307367353),
            (0.3928433317, 0.8648917068),
            (0.2321375568, 0.7307269637),
            (0.2665319492, 0.8807410678),
            (0.2600393451, 0.6457215412),
            (0.4396236397, 0.777804474),
            (0.2631296971, 0.6735220438),
            (0.4299526427, 0.6192442801),
            (0.3043754484, 0.820185986),
            (0.6913290915, 0.6127054815),
            (0.5728142211, 0.8008562793),
            (0.7853400702, 0.7031230504),
            (0.5798630757, 0.6235820642),
            (0.6682778504, 0.7650585141),
            (0.5035524244, 0.7291643249),
            (0.5035524244, 0.9238600494),
            (0.5035524244, 0.8688564414),
            (0.623398562, 0.9302873705),
            (0.3992958126, 0.874507537),
            (0.6333317652, 0.9658286968),
            (0.3846420134, 0.9269393103),
            (0.8172787087, 0.1948692672),
            (0.6103102877, 0.1510266751),
            (0.8034954352, 0.2481244155),
            (0.2675646315, 0.270843095),
            (0.4042457943, 0.1754863674),
            (0.1860303133, 0.2332760709),
            (0.3607155085, 0.4168629913),
            (0.4253208828, 0.1633201624),
            (0.2981248221, 0.3544686276),
            (0.4252004057, 0.3760993829),
            (0.3345805208, 0.2310944371),
            (0.713322826, 0.3772142255),
            (0.5756851284, 0.1896822294),
            (0.7155059945, 0.3497986024),
            (0.5861487811, 0.3693078273),
            (0.7241378023, 0.1485054),
            (0.5035524244, 0.2734146182),
            (0.8037493962, 0.2080914644),
            (0.6162555286, 0.1315106084),
            (0.7722206228, 0.2745409658),
            (0.7666401727, 0.08049544924),
            (0.2133742515, 0.2178828365),
            (0.3893507902, 0.1265914786),
            (0.2282441471, 0.2689323637),
            (0.288571199, 0.1574728559),
            (0.34112869, 0.4052605299),
            (0.4218229325, 0.1482003632),
            (0.2484769077, 0.3189402549),
            (0.4233973485, 0.3732142302),
            (0.3152001925, 0.2000831038),
            (0.6794045231, 0.3973060948),
            (0.5717851465, 0.2065397994),
            (0.7459620719, 0.3280040339),
            (0.5754503272, 0.3864269036),
            (0.6831356299, 0.2141148167),
            (0.5035524244, 0.2798727184),
            (0.5035524244, 0.15044916),
            (0.5035524244, 0.1215925187),
            (0.6428432662, 0.003086771945),
            (0.3966916449, 0.1191225967),
            (0.605073574, 0.1382279675),
            (0.382625598, 0.06879382028),
            (0.976447173, 0.2953244694),
            (0.8650532827, 0.4516793842),
            (0.8980023045, 0.6734269089),
            (0.9082470818, 0.5572182341),
            (0.1844744472, 0.3623779734),
            (0.02702436418, 0.4358350751),
            (0.1001172322, 0.6773438853),
            (0.06188983498, 0.5623103456),
            (0.1556598103, 0.3087757389),
            (0.110066158, 0.3285400051),
            (0.1213315924, 0.3549760658),
            (0.2360228511, 0.4666271849),
            (0.2127340631, 0.4115951751),
            (0.1305876678, 0.4707614309),
            (0.04647136918, 0.3803878212),
            (0.1022766351, 0.4110851549),
            (0.08426884711, 0.3651387181),
            (0.1226869253, 0.7124359211),
            (0.1501812226, 0.6567776865),
            (0.1197948511, 0.6485608684),
            (0.2107742917, 0.5396094702),
            (0.1802757114, 0.6013841628),
            (0.1984200144, 0.5014739654),
            (0.0656956676, 0.5375301624),
            (0.05398896755, 0.6205686094),
            (0.04138377826, 0.6055791103),
            (0.05782919119, 0.5014739654),
            (0.1258447826, 0.6242902824),
            (0.1936834126, 0.4444166924),
            (0.08975285748, 0.5776683378),
            (0.1185903838, 0.4618802632),
            (0.1067061067, 0.4660859814),
            (0.136165073, 0.5392600945),
            (0.06203758938, 0.5408451759),
            (0.9241115665, 0.268525643),
            (0.917930585, 0.3193581904),
            (0.8898769229, 0.3534032093),
            (0.8252343321, 0.4595736301),
            (0.7888027361, 0.4133160072),
            (0.9854016411, 0.4617951206),
            (0.9208481164, 0.3909274316),
            (0.9756223429, 0.3951385234),
            (1, 0.3400478886),
            (0.9540896734, 0.751027205),
            (0.8254007424, 0.6429236397),
            (0.8294077513, 0.6263680501),
            (0.8024323435, 0.5404042519),
            (0.7981241515, 0.5925127512),
            (0.8138700765, 0.5014739654),
            (0.984249004, 0.5410578939),
            (0.8197901737, 0.5852490623),
            (0.8226436441, 0.5733504069),
            (0.9429701678, 0.5014739654),
            (0.9108143966, 0.6339002389),
            (0.8640679706, 0.4350909675),
            (0.8767428177, 0.5701908275),
            (0.8128878083, 0.4696585349),
            (0.8339017309, 0.4720157206),
            (0.8416099974, 0.5362434996),
            (0.8601455378, 0.5332724497),
            (0.3603860051, 0.5014739654),
            (0.4388576151, 0.5014739654),
            (0.6805762615, 0.5014739654),
            (0.5675215132, 0.5014739654),
            (0.1665349667, 0.3147995039),
            (0.1598934867, 0.3504387041),
            (0.1438775976, 0.3636175163),
            (0.2603160912, 0.4697914751),
            (0.160259739, 0.395377737),
            (0.1078904218, 0.4688923805),
            (0.09277413025, 0.3926539669),
            (0.05885538021, 0.4013043615),
            (0, 0.337737659),
            (0.1850512857, 0.6778922108),
            (0.09067337345, 0.6829308941),
            (0.09927286459, 0.6564265515),
            (0.2318133692, 0.5368690475),
            (0.2264840196, 0.5871032666),
            (0.2099344305, 0.5014739654),
            (0.02791432469, 0.5406413432),
            (0.1135056693, 0.6048019355),
            (0.0721198369, 0.5986557029),
            (0.09226187746, 0.5014739654),
            (0.04232162667, 0.6514488708),
            (0.1330369609, 0.4332496475),
            (0.2301670906, 0.5518133702),
            (0.1872443831, 0.4689413906),
            (0.1952577101, 0.4739823951),
            (0.2931886804, 0.5231100712),
            (0.1255687686, 0.5351799089),
            (0.9471655417, 0.2557560125),
            (0.8787856023, 0.3365620866),
            (0.8547186507, 0.3668786994),
            (0.7450230245, 0.4700214688),
            (0.8844883134, 0.3837439269),
            (0.9485048229, 0.4648334635),
            (0.8997673124, 0.3965119844),
            (0.9280879379, 0.4058458186),
            (0.9105234202, 0.3691423065),
            (0.9229285787, 0.7337670291),
            (0.9014169118, 0.6763321176),
            (0.9227986836, 0.6621629997),
            (0.7416858258, 0.5324917787),
            (0.8595524706, 0.6114974637),
            (0.7888146576, 0.5014739654),
            (0.9975655787, 0.5421544741),
            (0.8374112051, 0.5899170807),
            (0.923772827, 0.596130118),
            (0.9293336072, 0.5014739654),
            (0.84426234, 0.6122600135),
            (0.9517849068, 0.418939339),
            (0.9401252034, 0.5818616495),
            (0.8293187008, 0.4679686024),
            (0.9445963364, 0.4621447485),
            (0.8641838318, 0.5385652394),
            (0.780615175, 0.5261804872),
            (0.319855972, 0.5014739654),
            (0.4430078045, 0.5014739654),
            (0.6836711211, 0.5014739654),
            (0.5566641371, 0.5014739654),
            (0.8389158682, 0.761961255),
            (0.7661122893, 0.8260969129),
            (0.9039762782, 0.7868634997),
            (0.5638887445, 0.8948392466),
            (0.6730486896, 0.8702261045),
            (0.9001475674, 0.7364013381),
            (0.7517776196, 0.7900539532),
            (0.8337569284, 0.7166007505),
            (0.7463728462, 0.7228388831),
            (0.09173177061, 0.8213479645),
            (0.2042058238, 0.8715791825),
            (0.1145358346, 0.7787333303),
            (0.4408878475, 0.9100184191),
            (0.3317012296, 0.8753494346),
            (0.1597766067, 0.7051132461),
            (0.2456497653, 0.8013047145),
            (0.1656235232, 0.7216331614),
            (0.191012708, 0.786397812),
            (0.250505418, 0.5692484922),
            (0.3266773209, 0.6803930183),
            (0.2527535086, 0.5939642406),
            (0.3561787775, 0.5550375448),
            (0.4704331298, 0.8180910942),
            (0.3785677979, 0.8178367077),
            (0.4036407278, 0.8691309507),
            (0.1883810128, 0.6653374419),
            (0.3111655146, 0.6977851238),
            (0.2554036861, 0.6136762025),
            (0.2199709846, 0.7241450259),
            (0.2514328182, 0.6686963282),
            (0.4689029225, 0.5569181889),
            (0.4009024755, 0.6657287566),
            (0.4088121976, 0.5579970587),
            (0.3686033971, 0.6184620435),
            (0.3360341971, 0.769527401),
            (0.3438322416, 0.7570493999),
            (0.366197298, 0.8089141624),
            (0.2275934645, 0.8141986352),
            (0.3847804039, 0.7801605877),
            (0.2608533327, 0.7652768501),
            (0.7569234886, 0.5693352858),
            (0.6631303788, 0.6628959852),
            (0.7378903103, 0.5878936993),
            (0.6655765807, 0.5603623349),
            (0.5393948406, 0.8441238632),
            (0.5958781335, 0.7351700234),
            (0.6029468431, 0.8672274615),
            (0.5035524244, 0.8877006038),
            (0.8065061303, 0.6589852296),
            (0.6993911443, 0.7013073429),
            (0.7539036856, 0.614672089),
            (0.8003738852, 0.7345412264),
            (0.697601652, 0.6301802205),
            (0.5350846837, 0.5519301489),
            (0.6252848416, 0.6962634707),
            (0.5902996046, 0.5532283165),
            (0.5035524244, 0.6330741358),
            (0.6611145763, 0.6380654897),
            (0.7171070646, 0.8431923317),
            (0.6788303568, 0.7819440533),
            (0.6924532768, 0.9242882921),
            (0.7471398533, 0.7775142805),
            (0.6251135241, 0.7867048818),
            (0.6936750079, 0.7081285747),
            (0.4340410005, 0.7296547234),
            (0.5849943343, 0.7688181755),
            (0.463545575, 0.8039009823),
            (0.4712690808, 0.6564480472),
            (0.5357456702, 0.7448349751),
            (0.5377485077, 0.6656300292),
            (0.8622722055, 0.7801028536),
            (0.7652413048, 0.8250200477),
            (0.8630298143, 0.7576801927),
            (0.829233815, 0.8197623889),
            (0.5594810318, 0.8661029711),
            (0.6723440868, 0.868693187),
            (0.8469704825, 0.7049013234),
            (0.7668177129, 0.8075391643),
            (0.8708742619, 0.7407825304),
            (0.8837811636, 0.848105863),
            (0.7494439346, 0.894936009),
            (0.7346727183, 0.8712999228),
            (0.7222963582, 0.7735915373),
            (0.790549228, 0.8584981442),
            (0.2379455009, 0.7077791811),
            (0.2806184636, 0.7771043611),
            (0.1171520268, 0.7768687214),
            (0.1624174997, 0.8348651278),
            (0.4465877787, 0.8728574679),
            (0.368747157, 0.7947531751),
            (0.1833752405, 0.6911343431),
            (0.2592682281, 0.7854722531),
            (0.1306888746, 0.7443929316),
            (0.1089087222, 0.8612471263),
            (0.2679932881, 0.8784027139),
            (0.2954396709, 0.8344845246),
            (0.267842411, 0.7946973495),
            (0.231168289, 0.8403199771),
            (0.2939075361, 0.5576239405),
            (0.360647588, 0.6460301945),
            (0.2474551189, 0.5959181945),
            (0.3670412796, 0.5510895222),
            (0.4629168407, 0.8899460628),
            (0.3853610988, 0.8006414145),
            (0.3971073323, 0.8931726653),
            (0.2086999653, 0.6547732407),
            (0.2904337336, 0.7189397853),
            (0.2218450025, 0.6288500026),
            (0.2310155015, 0.7154727578),
            (0.2846436226, 0.6466687308),
            (0.4728613753, 0.5505840908),
            (0.4163089272, 0.6410762018),
            (0.3969543497, 0.5650715852),
            (0.373411763, 0.6142936439),
            (0.2910640242, 0.8414861933),
            (0.3194320414, 0.7960932555),
            (0.3823358235, 0.7727915103),
            (0.2775501756, 0.7575862461),
            (0.3699246089, 0.8150182191),
            (0.265891016, 0.7598011173),
            (0.708049549, 0.5562451957),
            (0.6898491309, 0.6899234962),
            (0.7624999314, 0.5969692992),
            (0.6388762726, 0.5506579942),
            (0.5353992961, 0.8059268589),
            (0.6185087092, 0.7924528364),
            (0.6029797556, 0.8673485734),
            (0.5035524244, 0.7416057123),
            (0.866750971, 0.6903076423),
            (0.7186825397, 0.7209922381),
            (0.8359391877, 0.6517650314),
            (0.7762646865, 0.7156104358),
            (0.7236507498, 0.6474577014),
            (0.5349994821, 0.5517938141),
            (0.6412059452, 0.7217395433),
            (0.5988249629, 0.5583146419),
            (0.5035524244, 0.6401495458),
            (0.6264036174, 0.6079743623),
            (0.7147339552, 0.8393950129),
            (0.6349504662, 0.7117298706),
            (0.6495674488, 0.8282974998),
            (0.7824802559, 0.8175630462),
            (0.6147681068, 0.7624303988),
            (0.7597391484, 0.7799372935),
            (0.4315881452, 0.7377065564),
            (0.5640530699, 0.7000756104),
            (0.4698361338, 0.7563482517),
            (0.4691593299, 0.666575769),
            (0.5392149491, 0.771060576),
            (0.5376088577, 0.6649596486),
            (0.5035524244, 0.8618545562),
            (0.5035524244, 0.9187119905),
            (0.5545889911, 0.8558216928),
            (0.4543504141, 0.8430843379),
            (0.5035524244, 0.8992612887),
            (0.5035524244, 0.9804220375),
            (0.5510790817, 0.8314523344),
            (0.4453183793, 0.9057939051),
            (0.6609822692, 0.8606782732),
            (0.5554890114, 0.8826988503),
            (0.632270565, 0.9431284229),
            (0.6692469088, 0.8758508511),
            (0.5728209672, 1),
            (0.3487838426, 0.8546061264),
            (0.4419881343, 0.9533681076),
            (0.3899765307, 0.8911727252),
            (0.3428583977, 0.8645526126),
            (0.4406996792, 0.9538254739),
            (0.6711241142, 0.883818704),
            (0.5666467331, 0.9645987487),
            (0.6196502239, 0.8998258252),
            (0.6572118563, 0.8486583618),
            (0.5615455932, 0.9188510792),
            (0.6220738117, 0.9255473705),
            (0.3131666057, 0.9358732137),
            (0.4511154315, 0.8863719292),
            (0.3873430722, 0.9002085821),
            (0.3633785763, 0.8181884831),
            (0.440250051, 0.9570614507),
            (0.4010515547, 0.8682254342),
            (0.7749949018, 0.2906360923),
            (0.7699449499, 0.172112405),
            (0.900510555, 0.2185545166),
            (0.5509491139, 0.1924691723),
            (0.6510168338, 0.1806538203),
            (0.8087732448, 0.3206731495),
            (0.7334513873, 0.2341995662),
            (0.8657160847, 0.2655259303),
            (0.7839845962, 0.2458206551),
            (0.1869936398, 0.2555928435),
            (0.2164733253, 0.1465360035),
            (0.1848670852, 0.274340992),
            (0.4425314684, 0.1036451702),
            (0.3537138153, 0.1754885664),
            (0.2171861281, 0.3318418284),
            (0.2961828146, 0.2603915909),
            (0.07979577347, 0.2253983671),
            (0.2049696429, 0.2292738251),
            (0.2830937387, 0.4424276905),
            (0.3383523116, 0.3343648181),
            (0.2461334711, 0.4065423355),
            (0.3442223294, 0.4435647639),
            (0.4594918671, 0.0802594641),
            (0.4117966692, 0.2692205823),
            (0.4269701609, 0.2196650771),
            (0.2288804134, 0.3586668802),
            (0.334976217, 0.3294591927),
            (0.1916509106, 0.3604454523),
            (0.1895342109, 0.2549036374),
            (0.3016808089, 0.3675793864),
            (0.4732572324, 0.4529972687),
            (0.4025177324, 0.3398038192),
            (0.3899844601, 0.4337180305),
            (0.4154222043, 0.4250733771),
            (0.2833545302, 0.1491254301),
            (0.3604070787, 0.2724206719),
            (0.3313988585, 0.1161448727),
            (0.2863455508, 0.255328858),
            (0.3771606539, 0.2049083648),
            (0.3175985317, 0.2993505336),
            (0.692623231, 0.4508344236),
            (0.6969460047, 0.3058455501),
            (0.7809936797, 0.3991584591),
            (0.654303943, 0.4466826841),
            (0.5356599686, 0.1945290685),
            (0.5845547061, 0.296439917),
            (0.5932882513, 0.1712623414),
            (0.5035524244, 0.1916211942),
            (0.8130361565, 0.3405676192),
            (0.7020186625, 0.2989594745),
            (0.7512629961, 0.3894698486),
            (0.7871540244, 0.2787870749),
            (0.7306892075, 0.3508218598),
            (0.5455460958, 0.4342780067),
            (0.6327190433, 0.2947886602),
            (0.5992741822, 0.4443652796),
            (0.5035524244, 0.3957007538),
            (0.6357110774, 0.3869048786),
            (0.6955606848, 0.1942329286),
            (0.6532720581, 0.2619008585),
            (0.6555218862, 0.1613226912),
            (0.7217957104, 0.2541543656),
            (0.6439454713, 0.1720557754),
            (0.7277036058, 0.2578318164),
            (0.4323121354, 0.2676179713),
            (0.5711993151, 0.2794137927),
            (0.4708076071, 0.2539434163),
            (0.4712947124, 0.3466229261),
            (0.5384066406, 0.2379976662),
            (0.5375537521, 0.3382528129),
            (0.8598448608, 0.2247304718),
            (0.7717088058, 0.1699316143),
            (0.7967191072, 0.2925286134),
            (0.8205684957, 0.1916541584),
            (0.5522131386, 0.184228308),
            (0.6606145092, 0.1597733406),
            (0.8268258228, 0.309979512),
            (0.703268434, 0.2692894623),
            (0.8537480853, 0.2733230293),
            (0.8196946165, 0.2132659563),
            (0.728781587, 0.1410746716),
            (0.7214452324, 0.152813902),
            (0.7654880857, 0.1756258611),
            (0.7456469107, 0.2003082936),
            (0.1682036746, 0.2409980891),
            (0.2530451879, 0.1917526091),
            (0.1492380688, 0.2489475288),
            (0.2345110212, 0.2385398016),
            (0.4439041102, 0.1125941686),
            (0.3310281458, 0.1261341506),
            (0.1741348143, 0.3063399224),
            (0.2516238985, 0.2085885841),
            (0.1342013247, 0.260843345),
            (0.2550624737, 0.2749404757),
            (0.2612842515, 0.1138097864),
            (0.2672740427, 0.1233943202),
            (0.2199971246, 0.1487310191),
            (0.21670846, 0.1446399186),
            (0.3061638872, 0.4486066547),
            (0.3428972596, 0.3389622871),
            (0.2316733941, 0.4012097108),
            (0.3369818311, 0.440933174),
            (0.4668119723, 0.1502389348),
            (0.4177766077, 0.2843570818),
            (0.4032881012, 0.1325193781),
            (0.1470408606, 0.3161169752),
            (0.2785070088, 0.2718381431),
            (0.2092749714, 0.3684142982),
            (0.271113486, 0.3189605225),
            (0.2495464574, 0.3330004436),
            (0.4678326368, 0.4443171298),
            (0.4300949162, 0.3839313089),
            (0.4018255765, 0.4407825748),
            (0.3942055095, 0.4066805039),
            (0.3286634917, 0.2216263333),
            (0.3517130016, 0.2585088888),
            (0.3271339265, 0.1065987308),
            (0.2651775751, 0.2313406962),
            (0.3684223289, 0.1844047625),
            (0.2289600225, 0.2030045017),
            (0.758712197, 0.4331335685),
            (0.6673138231, 0.3358201579),
            (0.7488030408, 0.4110298064),
            (0.6379736926, 0.4526179831),
            (0.5364159157, 0.1873022906),
            (0.613727302, 0.2225978557),
            (0.6022100678, 0.1384316693),
            (0.5035524244, 0.1863536907),
            (0.8535110134, 0.3195239886),
            (0.685673767, 0.3156377681),
            (0.7878701498, 0.3729176607),
            (0.8145128528, 0.2573046417),
            (0.7477441765, 0.3395098786),
            (0.5445878047, 0.4358114113),
            (0.6141076097, 0.3245696505),
            (0.597260635, 0.4455665847),
            (0.5035524244, 0.3799264115),
            (0.6207245732, 0.3998967642),
            (0.6699162615, 0.2352677215),
            (0.6793684232, 0.2201428932),
            (0.6555863461, 0.1611784114),
            (0.7622622876, 0.2082964707),
            (0.6077646534, 0.2569504323),
            (0.7205891357, 0.2655649221),
            (0.4393658752, 0.290772837),
            (0.5655448717, 0.2979752768),
            (0.4773847464, 0.303662518),
            (0.4686168853, 0.333768192),
            (0.5432911054, 0.2010741361),
            (0.5416147338, 0.3187583356),
            (0.5035524244, 0.1302262663),
            (0.5035524244, 0.06918019485),
            (0.5670483228, 0.06062089163),
            (0.4646248028, 0.2311988436),
            (0.5035524244, 0.107352845),
            (0.5035524244, 0.04017808313),
            (0.5665267318, 0.06424230608),
            (0.4334630374, 0.01484219083),
            (0.6975563645, 0.05881932701),
            (0.564594685, 0.05341162413),
            (0.6245438982, 0.08633105307),
            (0.6969175211, 0.06457696816),
            (0.5584649044, 0.1062685833),
            (0.333628633, 0.1137624871),
            (0.4383186567, 0.02264512766),
            (0.3593657584, 0.006744291144),
            (0.3302486118, 0.1099042527),
            (0.4451811352, 0.08137551676),
            (0.6783664489, 0.1026045468),
            (0.5718712757, 0),
            (0.6198881098, 0.1023058776),
            (0.7113858278, 0.03188668514),
            (0.5554541599, 0.1279369264),
            (0.6187099347, 0.08943662211),
            (0.3368655314, 0.1211480487),
            (0.4391640046, 0.02885014936),
            (0.3721466078, 0.05059762115),
            (0.3588746138, 0.174583011),
            (0.451287568, 0.1253235434),
            (0.3810041722, 0.06299230561)
            ] (
                interpolation = "vertex"
            )
            rel material:binding = </DrAnmarDebridementFragment/Looks/DebrisVisual>
            uniform token subdivisionScheme = "none"
            custom token[] drAnmar:labels = ["debridement_fragment"]
        }
    }
    def Scope "Collisions"
    {
        def Cube "AdhesionPatch" (
            prepend apiSchemas = ["PhysicsCollisionAPI", "MaterialBindingAPI", "PhysxCollisionAPI"]
        )
        {
            double size = 1
            bool physics:collisionEnabled = true
            rel material:binding:physics = </DrAnmarDebridementFragment/PhysicsMaterials/DebrisPhysics>
            custom token drAnmar:role = "debris_attachment_region"
            quatf xformOp:orient = (1, 0, 0, 0)
            double3 xformOp:translate = (-1.75292517e-05, -2.892489297e-05, 1.944711908e-05)
            float physxCollision:contactOffset = 0.0005
            float physxCollision:restOffset = 0
            double3 xformOp:scale = (0.01010869316, 0.006920952048, 0.00248713862)
            uniform token[] xformOpOrder = ["xformOp:translate", "xformOp:orient", "xformOp:scale"]
        }
    }
    def Scope "Frames"
    {
        def Xform "attachment_reference"
        {
            double3 xformOp:translate = (-1.75292517e-05, -2.892489297e-05, 1.944711908e-05)
            quatf xformOp:orient = (1, 0, 0, 0)
            uniform token[] xformOpOrder = ["xformOp:translate", "xformOp:orient"]
            custom token drAnmar:role = "debris_attachment"
            custom token drAnmar:parentLink = "DrAnmarDebridementFragment"
        }
        def Xform "count_reference"
        {
            double3 xformOp:translate = (0, 0, 0)
            quatf xformOp:orient = (1, 0, 0, 0)
            uniform token[] xformOpOrder = ["xformOp:translate", "xformOp:orient"]
            custom token drAnmar:role = "inventory_reference"
            custom token drAnmar:parentLink = "DrAnmarDebridementFragment"
        }
    }
}
