#usda 1.0
(
    defaultPrim = "DrAnmarCuretteCartridge"
    doc = "Dr.Anmar ring_curette simulation-training cartridge."
    kilogramsPerUnit = 1
    metersPerUnit = 1
    upAxis = "Z"
)

def Xform "DrAnmarCuretteCartridge" (
    prepend apiSchemas = ["PhysicsRigidBodyAPI", "PhysicsMassAPI", "PhysxRigidBodyAPI", "SemanticsLabelsAPI:class"]
    assetInfo = {
        string name = "DrAnmarCuretteCartridge"
        string version = "0.1.0"
    }
    kind = "component"
)
{
    token[] semantics:labels:class = ["ring_curette", "debridement_cartridge"]
    bool physics:rigidBodyEnabled = true
    float physics:mass = 0.011
    point3f physics:centerOfMass = (0, 0, 0.0004)
    float3 physics:diagonalInertia = (3.460233333e-07, 3.460233333e-07, 6.072733333e-07)
    quatf physics:principalAxes = (1, 0, 0, 0)
    bool physxRigidBody:enableCCD = true
    def Scope "Looks"
    {
        def Material "MountMetal"
        {
            token outputs:surface.connect = </DrAnmarCuretteCartridge/Looks/MountMetal/Shader.outputs:surface>
            def Shader "Shader"
            {
                uniform token info:id = "UsdPreviewSurface"
                color3f inputs:diffuseColor.connect = </DrAnmarCuretteCartridge/Looks/MountMetal/Texture.outputs:rgb>
                float inputs:metallic = 0.88
                float inputs:roughness = 0.2
                float inputs:opacity = 1
                token outputs:surface
            }
            def Shader "Texture"
            {
                uniform token info:id = "UsdUVTexture"
                asset inputs:file = @./textures/brushed_metal_basecolor.png@
                token inputs:sourceColorSpace = "sRGB"
                token inputs:wrapS = "repeat"
                token inputs:wrapT = "repeat"
                float2 inputs:st.connect = </DrAnmarCuretteCartridge/Looks/MountMetal/Primvar.outputs:result>
                float3 outputs:rgb
            }
            def Shader "Primvar"
            {
                uniform token info:id = "UsdPrimvarReader_float2"
                string inputs:varname = "st"
                float2 outputs:result
            }

        }
        def Material "ValveMetal"
        {
            token outputs:surface.connect = </DrAnmarCuretteCartridge/Looks/ValveMetal/Shader.outputs:surface>
            def Shader "Shader"
            {
                uniform token info:id = "UsdPreviewSurface"
                color3f inputs:diffuseColor.connect = </DrAnmarCuretteCartridge/Looks/ValveMetal/Texture.outputs:rgb>
                float inputs:metallic = 0.86
                float inputs:roughness = 0.22
                float inputs:opacity = 1
                token outputs:surface
            }
            def Shader "Texture"
            {
                uniform token info:id = "UsdUVTexture"
                asset inputs:file = @./textures/brushed_metal_basecolor.png@
                token inputs:sourceColorSpace = "sRGB"
                token inputs:wrapS = "repeat"
                token inputs:wrapT = "repeat"
                float2 inputs:st.connect = </DrAnmarCuretteCartridge/Looks/ValveMetal/Primvar.outputs:result>
                float3 outputs:rgb
            }
            def Shader "Primvar"
            {
                uniform token info:id = "UsdPrimvarReader_float2"
                string inputs:varname = "st"
                float2 outputs:result
            }

        }
        def Material "CuretteSteel"
        {
            token outputs:surface.connect = </DrAnmarCuretteCartridge/Looks/CuretteSteel/Shader.outputs:surface>
            def Shader "Shader"
            {
                uniform token info:id = "UsdPreviewSurface"
                color3f inputs:diffuseColor.connect = </DrAnmarCuretteCartridge/Looks/CuretteSteel/Texture.outputs:rgb>
                float inputs:metallic = 0.94
                float inputs:roughness = 0.15
                float inputs:opacity = 1
                token outputs:surface
            }
            def Shader "Texture"
            {
                uniform token info:id = "UsdUVTexture"
                asset inputs:file = @./textures/brushed_metal_basecolor.png@
                token inputs:sourceColorSpace = "sRGB"
                token inputs:wrapS = "repeat"
                token inputs:wrapT = "repeat"
                float2 inputs:st.connect = </DrAnmarCuretteCartridge/Looks/CuretteSteel/Primvar.outputs:result>
                float3 outputs:rgb
            }
            def Shader "Primvar"
            {
                uniform token info:id = "UsdPrimvarReader_float2"
                string inputs:varname = "st"
                float2 outputs:result
            }

        }
        def Material "BodyPolymer"
        {
            token outputs:surface.connect = </DrAnmarCuretteCartridge/Looks/BodyPolymer/Shader.outputs:surface>
            def Shader "Shader"
            {
                uniform token info:id = "UsdPreviewSurface"
                color3f inputs:diffuseColor.connect = </DrAnmarCuretteCartridge/Looks/BodyPolymer/Texture.outputs:rgb>
                float inputs:metallic = 0.03
                float inputs:roughness = 0.4
                float inputs:opacity = 1
                token outputs:surface
            }
            def Shader "Texture"
            {
                uniform token info:id = "UsdUVTexture"
                asset inputs:file = @./textures/body_polymer_basecolor.png@
                token inputs:sourceColorSpace = "sRGB"
                token inputs:wrapS = "repeat"
                token inputs:wrapT = "repeat"
                float2 inputs:st.connect = </DrAnmarCuretteCartridge/Looks/BodyPolymer/Primvar.outputs:result>
                float3 outputs:rgb
            }
            def Shader "Primvar"
            {
                uniform token info:id = "UsdPrimvarReader_float2"
                string inputs:varname = "st"
                float2 outputs:result
            }

        }
        def Material "AccentPolymer"
        {
            token outputs:surface.connect = </DrAnmarCuretteCartridge/Looks/AccentPolymer/Shader.outputs:surface>
            def Shader "Shader"
            {
                uniform token info:id = "UsdPreviewSurface"
                color3f inputs:diffuseColor.connect = </DrAnmarCuretteCartridge/Looks/AccentPolymer/Texture.outputs:rgb>
                float inputs:metallic = 0.04
                float inputs:roughness = 0.34
                float inputs:opacity = 1
                token outputs:surface
            }
            def Shader "Texture"
            {
                uniform token info:id = "UsdUVTexture"
                asset inputs:file = @./textures/blue_polymer_basecolor.png@
                token inputs:sourceColorSpace = "sRGB"
                token inputs:wrapS = "repeat"
                token inputs:wrapT = "repeat"
                float2 inputs:st.connect = </DrAnmarCuretteCartridge/Looks/AccentPolymer/Primvar.outputs:result>
                float3 outputs:rgb
            }
            def Shader "Primvar"
            {
                uniform token info:id = "UsdPrimvarReader_float2"
                string inputs:varname = "st"
                float2 outputs:result
            }

        }
        def Material "DarkPolymer"
        {
            token outputs:surface.connect = </DrAnmarCuretteCartridge/Looks/DarkPolymer/Shader.outputs:surface>
            def Shader "Shader"
            {
                uniform token info:id = "UsdPreviewSurface"
                color3f inputs:diffuseColor = (0.06, 0.09, 0.12)
                float inputs:metallic = 0.05
                float inputs:roughness = 0.38
                float inputs:opacity = 1
                token outputs:surface
            }
        }
        def Material "SuctionDark"
        {
            token outputs:surface.connect = </DrAnmarCuretteCartridge/Looks/SuctionDark/Shader.outputs:surface>
            def Shader "Shader"
            {
                uniform token info:id = "UsdPreviewSurface"
                color3f inputs:diffuseColor = (0.025, 0.034, 0.04)
                float inputs:metallic = 0.32
                float inputs:roughness = 0.3
                float inputs:opacity = 1
                token outputs:surface
            }
        }
        def Material "TransparentReservoir"
        {
            token outputs:surface.connect = </DrAnmarCuretteCartridge/Looks/TransparentReservoir/Shader.outputs:surface>
            def Shader "Shader"
            {
                uniform token info:id = "UsdPreviewSurface"
                color3f inputs:diffuseColor = (0.5, 0.78, 0.9)
                float inputs:metallic = 0
                float inputs:roughness = 0.1
                float inputs:opacity = 0.25
                token outputs:surface
            }
        }
        def Material "TransparentWasteCanister"
        {
            token outputs:surface.connect = </DrAnmarCuretteCartridge/Looks/TransparentWasteCanister/Shader.outputs:surface>
            def Shader "Shader"
            {
                uniform token info:id = "UsdPreviewSurface"
                color3f inputs:diffuseColor = (0.56, 0.7, 0.72)
                float inputs:metallic = 0
                float inputs:roughness = 0.12
                float inputs:opacity = 0.28
                token outputs:surface
            }
        }
        def Material "IrrigationFluid"
        {
            token outputs:surface.connect = </DrAnmarCuretteCartridge/Looks/IrrigationFluid/Shader.outputs:surface>
            def Shader "Shader"
            {
                uniform token info:id = "UsdPreviewSurface"
                color3f inputs:diffuseColor = (0.18, 0.67, 0.96)
                float inputs:metallic = 0
                float inputs:roughness = 0.05
                float inputs:opacity = 0.62
                token outputs:surface
            }
        }
        def Material "WasteFluid"
        {
            token outputs:surface.connect = </DrAnmarCuretteCartridge/Looks/WasteFluid/Shader.outputs:surface>
            def Shader "Shader"
            {
                uniform token info:id = "UsdPreviewSurface"
                color3f inputs:diffuseColor = (0.54, 0.14, 0.12)
                float inputs:metallic = 0
                float inputs:roughness = 0.12
                float inputs:opacity = 0.64
                token outputs:surface
            }
        }
        def Material "IrrigationTube"
        {
            token outputs:surface.connect = </DrAnmarCuretteCartridge/Looks/IrrigationTube/Shader.outputs:surface>
            def Shader "Shader"
            {
                uniform token info:id = "UsdPreviewSurface"
                color3f inputs:diffuseColor = (0.12, 0.52, 0.78)
                float inputs:metallic = 0
                float inputs:roughness = 0.2
                float inputs:opacity = 0.78
                token outputs:surface
            }
        }
        def Material "SuctionTube"
        {
            token outputs:surface.connect = </DrAnmarCuretteCartridge/Looks/SuctionTube/Shader.outputs:surface>
            def Shader "Shader"
            {
                uniform token info:id = "UsdPreviewSurface"
                color3f inputs:diffuseColor = (0.12, 0.16, 0.17)
                float inputs:metallic = 0
                float inputs:roughness = 0.34
                float inputs:opacity = 0.88
                token outputs:surface
            }
        }
        def Material "GuardElastomer"
        {
            token outputs:surface.connect = </DrAnmarCuretteCartridge/Looks/GuardElastomer/Shader.outputs:surface>
            def Shader "Shader"
            {
                uniform token info:id = "UsdPreviewSurface"
                color3f inputs:diffuseColor.connect = </DrAnmarCuretteCartridge/Looks/GuardElastomer/Texture.outputs:rgb>
                float inputs:metallic = 0
                float inputs:roughness = 0.72
                float inputs:opacity = 1
                token outputs:surface
            }
            def Shader "Texture"
            {
                uniform token info:id = "UsdUVTexture"
                asset inputs:file = @./textures/guard_elastomer_basecolor.png@
                token inputs:sourceColorSpace = "sRGB"
                token inputs:wrapS = "repeat"
                token inputs:wrapT = "repeat"
                float2 inputs:st.connect = </DrAnmarCuretteCartridge/Looks/GuardElastomer/Primvar.outputs:result>
                float3 outputs:rgb
            }
            def Shader "Primvar"
            {
                uniform token info:id = "UsdPrimvarReader_float2"
                string inputs:varname = "st"
                float2 outputs:result
            }

        }
        def Material "BrushBristle"
        {
            token outputs:surface.connect = </DrAnmarCuretteCartridge/Looks/BrushBristle/Shader.outputs:surface>
            def Shader "Shader"
            {
                uniform token info:id = "UsdPreviewSurface"
                color3f inputs:diffuseColor.connect = </DrAnmarCuretteCartridge/Looks/BrushBristle/Texture.outputs:rgb>
                float inputs:metallic = 0
                float inputs:roughness = 0.68
                float inputs:opacity = 1
                token outputs:surface
            }
            def Shader "Texture"
            {
                uniform token info:id = "UsdUVTexture"
                asset inputs:file = @./textures/brush_bristle_basecolor.png@
                token inputs:sourceColorSpace = "sRGB"
                token inputs:wrapS = "repeat"
                token inputs:wrapT = "repeat"
                float2 inputs:st.connect = </DrAnmarCuretteCartridge/Looks/BrushBristle/Primvar.outputs:result>
                float3 outputs:rgb
            }
            def Shader "Primvar"
            {
                uniform token info:id = "UsdPrimvarReader_float2"
                string inputs:varname = "st"
                float2 outputs:result
            }

        }
        def Material "PadFoam"
        {
            token outputs:surface.connect = </DrAnmarCuretteCartridge/Looks/PadFoam/Shader.outputs:surface>
            def Shader "Shader"
            {
                uniform token info:id = "UsdPreviewSurface"
                color3f inputs:diffuseColor.connect = </DrAnmarCuretteCartridge/Looks/PadFoam/Texture.outputs:rgb>
                float inputs:metallic = 0
                float inputs:roughness = 0.82
                float inputs:opacity = 1
                token outputs:surface
            }
            def Shader "Texture"
            {
                uniform token info:id = "UsdUVTexture"
                asset inputs:file = @./textures/pad_foam_basecolor.png@
                token inputs:sourceColorSpace = "sRGB"
                token inputs:wrapS = "repeat"
                token inputs:wrapT = "repeat"
                float2 inputs:st.connect = </DrAnmarCuretteCartridge/Looks/PadFoam/Primvar.outputs:result>
                float3 outputs:rgb
            }
            def Shader "Primvar"
            {
                uniform token info:id = "UsdPrimvarReader_float2"
                string inputs:varname = "st"
                float2 outputs:result
            }

        }
        def Material "FilterMaterial"
        {
            token outputs:surface.connect = </DrAnmarCuretteCartridge/Looks/FilterMaterial/Shader.outputs:surface>
            def Shader "Shader"
            {
                uniform token info:id = "UsdPreviewSurface"
                color3f inputs:diffuseColor = (0.88, 0.89, 0.86)
                float inputs:metallic = 0
                float inputs:roughness = 0.84
                float inputs:opacity = 1
                token outputs:surface
            }
        }
        def Material "SensorGlass"
        {
            token outputs:surface.connect = </DrAnmarCuretteCartridge/Looks/SensorGlass/Shader.outputs:surface>
            def Shader "Shader"
            {
                uniform token info:id = "UsdPreviewSurface"
                color3f inputs:diffuseColor = (0.04, 0.1, 0.14)
                float inputs:metallic = 0.2
                float inputs:roughness = 0.08
                float inputs:opacity = 0.72
                token outputs:surface
            }
        }
        def Material "SensorBlue"
        {
            token outputs:surface.connect = </DrAnmarCuretteCartridge/Looks/SensorBlue/Shader.outputs:surface>
            def Shader "Shader"
            {
                uniform token info:id = "UsdPreviewSurface"
                color3f inputs:diffuseColor = (0.03, 0.56, 0.95)
                float inputs:metallic = 0.1
                float inputs:roughness = 0.18
                float inputs:opacity = 1
                token outputs:surface
            }
        }
        def Material "IndicatorGreen"
        {
            token outputs:surface.connect = </DrAnmarCuretteCartridge/Looks/IndicatorGreen/Shader.outputs:surface>
            def Shader "Shader"
            {
                uniform token info:id = "UsdPreviewSurface"
                color3f inputs:diffuseColor = (0.12, 0.96, 0.38)
                float inputs:metallic = 0
                float inputs:roughness = 0.18
                float inputs:opacity = 1
                token outputs:surface
            }
        }
        def Material "IndicatorAmber"
        {
            token outputs:surface.connect = </DrAnmarCuretteCartridge/Looks/IndicatorAmber/Shader.outputs:surface>
            def Shader "Shader"
            {
                uniform token info:id = "UsdPreviewSurface"
                color3f inputs:diffuseColor = (0.98, 0.48, 0.08)
                float inputs:metallic = 0
                float inputs:roughness = 0.24
                float inputs:opacity = 1
                token outputs:surface
            }
        }
        def Material "LabelMaterial"
        {
            token outputs:surface.connect = </DrAnmarCuretteCartridge/Looks/LabelMaterial/Shader.outputs:surface>
            def Shader "Shader"
            {
                uniform token info:id = "UsdPreviewSurface"
                color3f inputs:diffuseColor.connect = </DrAnmarCuretteCartridge/Looks/LabelMaterial/Texture.outputs:rgb>
                float inputs:metallic = 0
                float inputs:roughness = 0.48
                float inputs:opacity = 1
                token outputs:surface
            }
            def Shader "Texture"
            {
                uniform token info:id = "UsdUVTexture"
                asset inputs:file = @./textures/dranmar_wound_prep_label.png@
                token inputs:sourceColorSpace = "sRGB"
                token inputs:wrapS = "repeat"
                token inputs:wrapT = "repeat"
                float2 inputs:st.connect = </DrAnmarCuretteCartridge/Looks/LabelMaterial/Primvar.outputs:result>
                float3 outputs:rgb
            }
            def Shader "Primvar"
            {
                uniform token info:id = "UsdPrimvarReader_float2"
                string inputs:varname = "st"
                float2 outputs:result
            }

        }
        def Material "TissueVisual"
        {
            token outputs:surface.connect = </DrAnmarCuretteCartridge/Looks/TissueVisual/Shader.outputs:surface>
            def Shader "Shader"
            {
                uniform token info:id = "UsdPreviewSurface"
                color3f inputs:diffuseColor.connect = </DrAnmarCuretteCartridge/Looks/TissueVisual/Texture.outputs:rgb>
                float inputs:metallic = 0
                float inputs:roughness = 0.66
                float inputs:opacity = 1
                token outputs:surface
            }
            def Shader "Texture"
            {
                uniform token info:id = "UsdUVTexture"
                asset inputs:file = @./textures/tissue_basecolor.png@
                token inputs:sourceColorSpace = "sRGB"
                token inputs:wrapS = "repeat"
                token inputs:wrapT = "repeat"
                float2 inputs:st.connect = </DrAnmarCuretteCartridge/Looks/TissueVisual/Primvar.outputs:result>
                float3 outputs:rgb
            }
            def Shader "Primvar"
            {
                uniform token info:id = "UsdPrimvarReader_float2"
                string inputs:varname = "st"
                float2 outputs:result
            }

        }
        def Material "WoundVisual"
        {
            token outputs:surface.connect = </DrAnmarCuretteCartridge/Looks/WoundVisual/Shader.outputs:surface>
            def Shader "Shader"
            {
                uniform token info:id = "UsdPreviewSurface"
                color3f inputs:diffuseColor.connect = </DrAnmarCuretteCartridge/Looks/WoundVisual/Texture.outputs:rgb>
                float inputs:metallic = 0
                float inputs:roughness = 0.76
                float inputs:opacity = 1
                token outputs:surface
            }
            def Shader "Texture"
            {
                uniform token info:id = "UsdUVTexture"
                asset inputs:file = @./textures/wound_basecolor.png@
                token inputs:sourceColorSpace = "sRGB"
                token inputs:wrapS = "repeat"
                token inputs:wrapT = "repeat"
                float2 inputs:st.connect = </DrAnmarCuretteCartridge/Looks/WoundVisual/Primvar.outputs:result>
                float3 outputs:rgb
            }
            def Shader "Primvar"
            {
                uniform token info:id = "UsdPrimvarReader_float2"
                string inputs:varname = "st"
                float2 outputs:result
            }

        }
        def Material "DebrisVisual"
        {
            token outputs:surface.connect = </DrAnmarCuretteCartridge/Looks/DebrisVisual/Shader.outputs:surface>
            def Shader "Shader"
            {
                uniform token info:id = "UsdPreviewSurface"
                color3f inputs:diffuseColor.connect = </DrAnmarCuretteCartridge/Looks/DebrisVisual/Texture.outputs:rgb>
                float inputs:metallic = 0
                float inputs:roughness = 0.78
                float inputs:opacity = 1
                token outputs:surface
            }
            def Shader "Texture"
            {
                uniform token info:id = "UsdUVTexture"
                asset inputs:file = @./textures/debris_basecolor.png@
                token inputs:sourceColorSpace = "sRGB"
                token inputs:wrapS = "repeat"
                token inputs:wrapT = "repeat"
                float2 inputs:st.connect = </DrAnmarCuretteCartridge/Looks/DebrisVisual/Primvar.outputs:result>
                float3 outputs:rgb
            }
            def Shader "Primvar"
            {
                uniform token info:id = "UsdPrimvarReader_float2"
                string inputs:varname = "st"
                float2 outputs:result
            }

        }
        def Material "WaterVisual"
        {
            token outputs:surface.connect = </DrAnmarCuretteCartridge/Looks/WaterVisual/Shader.outputs:surface>
            def Shader "Shader"
            {
                uniform token info:id = "UsdPreviewSurface"
                color3f inputs:diffuseColor = (0.18, 0.68, 0.98)
                float inputs:metallic = 0
                float inputs:roughness = 0.03
                float inputs:opacity = 0.55
                token outputs:surface
            }
        }
        def Material "BasePad"
        {
            token outputs:surface.connect = </DrAnmarCuretteCartridge/Looks/BasePad/Shader.outputs:surface>
            def Shader "Shader"
            {
                uniform token info:id = "UsdPreviewSurface"
                color3f inputs:diffuseColor = (0.18, 0.2, 0.22)
                float inputs:metallic = 0
                float inputs:roughness = 0.72
                float inputs:opacity = 1
                token outputs:surface
            }
        }
    }
    def Scope "PhysicsMaterials"
    {
        def Material "MountPhysics" (
            prepend apiSchemas = ["PhysicsMaterialAPI", "PhysxMaterialAPI"]
        )
        {
            float physics:staticFriction = 0.42
            float physics:dynamicFriction = 0.32
            float physics:restitution = 0.02
            uniform token physxMaterial:frictionCombineMode = "max"
            uniform token physxMaterial:restitutionCombineMode = "min"
        }
        def Material "PolymerPhysics" (
            prepend apiSchemas = ["PhysicsMaterialAPI", "PhysxMaterialAPI"]
        )
        {
            float physics:staticFriction = 0.56
            float physics:dynamicFriction = 0.44
            float physics:restitution = 0.03
            uniform token physxMaterial:frictionCombineMode = "max"
            uniform token physxMaterial:restitutionCombineMode = "min"
        }
        def Material "SteelPhysics" (
            prepend apiSchemas = ["PhysicsMaterialAPI", "PhysxMaterialAPI"]
        )
        {
            float physics:staticFriction = 0.36
            float physics:dynamicFriction = 0.26
            float physics:restitution = 0.02
            uniform token physxMaterial:frictionCombineMode = "max"
            uniform token physxMaterial:restitutionCombineMode = "min"
        }
        def Material "GuardPhysics" (
            prepend apiSchemas = ["PhysicsMaterialAPI", "PhysxMaterialAPI"]
        )
        {
            float physics:staticFriction = 1.1
            float physics:dynamicFriction = 0.88
            float physics:restitution = 0
            uniform token physxMaterial:frictionCombineMode = "max"
            uniform token physxMaterial:restitutionCombineMode = "min"
        }
        def Material "BrushPhysics" (
            prepend apiSchemas = ["PhysicsMaterialAPI", "PhysxMaterialAPI"]
        )
        {
            float physics:staticFriction = 0.82
            float physics:dynamicFriction = 0.64
            float physics:restitution = 0
            uniform token physxMaterial:frictionCombineMode = "max"
            uniform token physxMaterial:restitutionCombineMode = "min"
        }
        def Material "CurettePhysics" (
            prepend apiSchemas = ["PhysicsMaterialAPI", "PhysxMaterialAPI"]
        )
        {
            float physics:staticFriction = 0.34
            float physics:dynamicFriction = 0.24
            float physics:restitution = 0.01
            uniform token physxMaterial:frictionCombineMode = "max"
            uniform token physxMaterial:restitutionCombineMode = "min"
        }
        def Material "SuctionPhysics" (
            prepend apiSchemas = ["PhysicsMaterialAPI", "PhysxMaterialAPI"]
        )
        {
            float physics:staticFriction = 0.18
            float physics:dynamicFriction = 0.12
            float physics:restitution = 0
            uniform token physxMaterial:frictionCombineMode = "max"
            uniform token physxMaterial:restitutionCombineMode = "min"
        }
        def Material "WaterPhysics" (
            prepend apiSchemas = ["PhysicsMaterialAPI", "PhysxMaterialAPI"]
        )
        {
            float physics:staticFriction = 0.04
            float physics:dynamicFriction = 0.02
            float physics:restitution = 0
            uniform token physxMaterial:frictionCombineMode = "max"
            uniform token physxMaterial:restitutionCombineMode = "min"
        }
        def Material "DebrisPhysics" (
            prepend apiSchemas = ["PhysicsMaterialAPI", "PhysxMaterialAPI"]
        )
        {
            float physics:staticFriction = 0.76
            float physics:dynamicFriction = 0.58
            float physics:restitution = 0
            uniform token physxMaterial:frictionCombineMode = "max"
            uniform token physxMaterial:restitutionCombineMode = "min"
        }
        def Material "TissuePhysics" (
            prepend apiSchemas = ["PhysicsMaterialAPI", "PhysxMaterialAPI"]
        )
        {
            float physics:staticFriction = 0.7
            float physics:dynamicFriction = 0.56
            float physics:restitution = 0
            uniform token physxMaterial:frictionCombineMode = "max"
            uniform token physxMaterial:restitutionCombineMode = "min"
        }
    }
    def Scope "Visuals"
    {
        def Mesh "Visual" (
            prepend apiSchemas = ["MaterialBindingAPI"]
        )
        {
            uniform bool doubleSided = false
            float3[] extent = [(-0.0091, -0.0091, -0.003), (0.0091, 0.0091, 0.0038)]
            int[] faceVertexCounts = [3, 3, 3, 3, 3, 3, 3, 3, 3, 3, 3, 3, 3, 3, 3, 3, 3, 3, 3, 3, 3, 3, 3, 3, 3, 3, 3, 3, 3, 3, 3, 3, 3, 3, 3, 3, 3, 3, 3, 3, 3, 3, 3, 3, 3, 3, 3, 3, 3, 3, 3, 3, 3, 3, 3, 3, 3, 3, 3, 3, 3, 3, 3, 3, 3, 3, 3, 3, 3, 3, 3, 3, 3, 3, 3, 3, 3, 3, 3, 3, 3, 3, 3, 3, 3, 3, 3, 3, 3, 3, 3, 3, 3, 3, 3, 3, 3, 3, 3, 3, 3, 3, 3, 3, 3, 3, 3, 3, 3, 3, 3, 3, 3, 3, 3, 3, 3, 3, 3, 3, 3, 3, 3, 3, 3, 3, 3, 3, 3, 3, 3, 3, 3, 3, 3, 3, 3, 3, 3, 3, 3, 3, 3, 3, 3, 3, 3, 3, 3, 3, 3, 3, 3, 3, 3, 3, 3, 3, 3, 3, 3, 3, 3, 3, 3, 3, 3, 3, 3, 3, 3, 3, 3, 3, 3, 3, 3, 3, 3, 3, 3, 3, 3, 3, 3, 3, 3, 3, 3, 3, 3, 3, 3, 3, 3, 3, 3, 3, 3, 3, 3, 3, 3, 3, 3, 3, 3, 3, 3, 3, 3, 3, 3, 3, 3, 3, 3, 3, 3, 3, 3, 3, 3, 3, 3, 3, 3, 3, 3, 3, 3, 3, 3, 3, 3, 3, 3, 3, 3, 3, 3, 3, 3, 3, 3, 3, 3, 3, 3, 3, 3, 3, 3, 3, 3, 3, 3, 3, 3, 3, 3, 3, 3, 3, 3, 3, 3, 3, 3, 3, 3, 3, 3, 3, 3, 3, 3, 3, 3, 3, 3, 3, 3, 3, 3, 3, 3, 3, 3, 3, 3, 3, 3, 3, 3, 3, 3, 3, 3, 3, 3, 3, 3, 3, 3, 3, 3, 3, 3, 3, 3, 3, 3, 3, 3, 3, 3, 3, 3, 3, 3, 3, 3, 3, 3, 3, 3, 3, 3, 3, 3, 3, 3, 3, 3, 3, 3, 3, 3, 3, 3, 3, 3, 3, 3, 3, 3, 3, 3, 3, 3, 3, 3, 3, 3, 3, 3, 3, 3, 3, 3, 3, 3, 3, 3, 3, 3, 3, 3, 3, 3, 3, 3, 3, 3, 3, 3, 3, 3, 3, 3, 3, 3, 3, 3, 3, 3, 3, 3, 3, 3, 3, 3, 3, 3, 3, 3, 3, 3, 3, 3, 3, 3, 3, 3, 3, 3, 3, 3, 3, 3, 3, 3, 3, 3, 3, 3, 3, 3, 3, 3, 3, 3, 3, 3, 3, 3, 3, 3, 3, 3, 3, 3, 3, 3, 3, 3, 3, 3, 3, 3, 3, 3, 3, 3, 3, 3, 3, 3, 3, 3, 3, 3, 3, 3, 3, 3, 3, 3, 3, 3, 3, 3, 3, 3, 3, 3, 3, 3, 3, 3, 3, 3, 3, 3, 3, 3, 3, 3, 3, 3, 3, 3, 3, 3, 3, 3, 3, 3, 3, 3, 3, 3, 3, 3, 3, 3, 3, 3, 3, 3, 3, 3, 3, 3, 3, 3, 3, 3, 3, 3, 3, 3, 3, 3, 3, 3, 3, 3, 3, 3, 3, 3, 3, 3, 3, 3, 3, 3, 3, 3, 3, 3, 3, 3, 3, 3, 3, 3, 3, 3, 3, 3, 3, 3, 3, 3, 3, 3, 3, 3, 3, 3, 3, 3, 3, 3, 3, 3, 3, 3, 3, 3, 3, 3, 3, 3, 3, 3, 3, 3, 3, 3, 3, 3, 3, 3, 3, 3, 3, 3, 3, 3, 3, 3, 3, 3, 3, 3, 3, 3, 3, 3, 3, 3, 3, 3, 3, 3, 3, 3, 3, 3, 3, 3, 3, 3, 3, 3, 3, 3, 3, 3, 3, 3, 3, 3, 3, 3, 3, 3, 3, 3, 3, 3, 3, 3, 3, 3, 3, 3, 3, 3, 3, 3, 3, 3, 3, 3, 3, 3, 3, 3, 3, 3, 3, 3, 3, 3, 3, 3, 3, 3, 3, 3, 3, 3, 3, 3, 3, 3, 3, 3, 3, 3, 3, 3, 3, 3, 3, 3, 3, 3, 3, 3, 3, 3, 3, 3, 3, 3, 3, 3, 3, 3, 3, 3, 3, 3, 3, 3, 3, 3, 3, 3, 3, 3, 3, 3, 3, 3, 3, 3, 3, 3, 3, 3, 3, 3, 3, 3, 3, 3, 3, 3, 3, 3, 3, 3, 3, 3, 3, 3, 3, 3, 3, 3, 3, 3, 3, 3, 3, 3, 3, 3, 3, 3, 3, 3, 3, 3, 3, 3, 3, 3, 3, 3, 3, 3, 3, 3, 3, 3, 3, 3, 3, 3, 3, 3, 3, 3, 3, 3, 3, 3, 3, 3, 3, 3, 3, 3, 3, 3, 3, 3, 3, 3, 3, 3, 3, 3, 3, 3, 3, 3, 3, 3, 3, 3, 3, 3, 3, 3, 3, 3, 3, 3, 3, 3, 3, 3, 3, 3, 3, 3, 3, 3, 3, 3, 3, 3, 3, 3, 3, 3, 3, 3, 3, 3, 3, 3, 3, 3, 3, 3, 3, 3, 3, 3, 3, 3, 3, 3, 3, 3, 3, 3, 3, 3, 3, 3, 3, 3, 3, 3, 3, 3, 3, 3, 3, 3, 3, 3, 3, 3, 3, 3, 3, 3, 3, 3, 3, 3, 3, 3, 3, 3, 3, 3, 3, 3, 3, 3, 3, 3, 3, 3, 3, 3, 3, 3, 3, 3, 3, 3, 3, 3, 3, 3, 3, 3, 3, 3, 3, 3, 3, 3, 3, 3, 3, 3, 3, 3, 3, 3, 3, 3, 3, 3, 3, 3, 3, 3, 3, 3, 3, 3, 3, 3, 3, 3, 3, 3, 3, 3, 3, 3, 3, 3, 3, 3, 3, 3, 3, 3, 3, 3, 3, 3, 3, 3, 3, 3, 3, 3, 3, 3, 3, 3, 3, 3, 3, 3, 3, 3, 3, 3, 3, 3, 3, 3, 3, 3, 3, 3, 3, 3, 3, 3, 3, 3, 3, 3, 3, 3, 3, 3, 3, 3, 3, 3, 3, 3, 3, 3, 3, 3, 3, 3, 3, 3, 3, 3, 3, 3, 3, 3, 3, 3, 3, 3, 3, 3, 3, 3, 3, 3, 3, 3, 3, 3, 3, 3, 3, 3, 3, 3, 3, 3, 3, 3, 3, 3, 3, 3, 3, 3, 3, 3, 3, 3, 3, 3, 3, 3, 3, 3, 3, 3, 3, 3, 3, 3, 3, 3, 3, 3, 3, 3, 3, 3, 3, 3, 3, 3, 3, 3, 3, 3, 3, 3, 3, 3, 3, 3, 3, 3, 3, 3, 3, 3, 3, 3, 3, 3, 3, 3, 3, 3, 3, 3, 3, 3, 3, 3, 3, 3, 3, 3, 3, 3, 3, 3, 3, 3, 3, 3, 3, 3, 3, 3, 3, 3, 3, 3, 3, 3, 3, 3, 3, 3, 3, 3, 3, 3, 3, 3, 3, 3, 3, 3, 3, 3, 3, 3, 3, 3, 3, 3, 3, 3, 3, 3, 3, 3, 3, 3, 3, 3, 3, 3, 3, 3, 3, 3, 3, 3, 3, 3, 3, 3, 3, 3, 3, 3, 3, 3, 3, 3, 3, 3, 3, 3, 3, 3, 3, 3, 3, 3, 3, 3, 3, 3, 3, 3, 3, 3, 3, 3, 3, 3, 3, 3, 3, 3, 3, 3, 3, 3, 3, 3, 3, 3, 3, 3, 3, 3, 3, 3, 3, 3, 3, 3, 3, 3, 3, 3, 3, 3, 3, 3, 3, 3, 3, 3, 3, 3, 3, 3, 3, 3, 3, 3, 3, 3, 3, 3, 3, 3, 3, 3, 3, 3, 3, 3, 3, 3, 3, 3, 3, 3, 3, 3, 3, 3, 3, 3, 3, 3, 3, 3, 3, 3, 3, 3, 3, 3, 3, 3, 3, 3, 3, 3, 3, 3, 3, 3, 3, 3, 3, 3, 3, 3, 3, 3, 3, 3, 3, 3, 3, 3, 3, 3, 3, 3, 3, 3, 3, 3, 3, 3, 3, 3, 3, 3, 3, 3, 3, 3, 3, 3, 3, 3, 3, 3, 3, 3, 3, 3, 3, 3, 3, 3, 3, 3, 3, 3, 3, 3, 3, 3, 3, 3, 3, 3, 3, 3, 3, 3, 3, 3, 3, 3, 3, 3, 3, 3, 3, 3, 3, 3, 3, 3, 3, 3, 3, 3, 3, 3, 3, 3, 3, 3, 3, 3, 3, 3, 3, 3, 3, 3, 3, 3, 3, 3, 3, 3, 3, 3, 3, 3, 3, 3, 3, 3, 3, 3, 3, 3, 3, 3, 3, 3, 3, 3, 3, 3, 3, 3, 3, 3, 3, 3, 3, 3, 3, 3, 3, 3, 3, 3, 3, 3, 3, 3, 3, 3, 3, 3, 3, 3, 3, 3, 3, 3, 3, 3, 3, 3, 3, 3, 3, 3, 3, 3, 3, 3, 3, 3, 3, 3, 3, 3, 3, 3, 3, 3, 3, 3, 3, 3, 3, 3, 3, 3, 3, 3, 3, 3, 3, 3, 3, 3, 3, 3, 3, 3, 3, 3, 3, 3, 3, 3, 3, 3, 3, 3, 3, 3, 3, 3, 3, 3, 3, 3, 3, 3, 3, 3, 3, 3, 3, 3, 3, 3, 3, 3, 3, 3, 3, 3, 3, 3, 3, 3, 3, 3, 3, 3, 3, 3, 3, 3, 3, 3, 3, 3, 3, 3, 3, 3, 3, 3, 3, 3, 3, 3, 3, 3, 3, 3, 3, 3, 3, 3, 3, 3, 3, 3, 3, 3, 3, 3, 3, 3, 3, 3, 3, 3, 3, 3, 3, 3, 3, 3, 3, 3, 3, 3, 3, 3, 3, 3, 3, 3, 3, 3, 3, 3, 3, 3, 3, 3, 3, 3, 3, 3, 3, 3, 3, 3, 3, 3, 3, 3, 3, 3, 3, 3, 3, 3, 3, 3, 3, 3, 3, 3, 3, 3, 3, 3, 3, 3, 3, 3, 3, 3, 3, 3, 3, 3, 3, 3, 3, 3, 3, 3, 3, 3, 3, 3, 3, 3, 3, 3, 3, 3, 3, 3, 3, 3, 3, 3, 3, 3, 3, 3, 3, 3, 3, 3, 3, 3, 3, 3, 3, 3, 3, 3, 3, 3, 3, 3, 3, 3, 3, 3, 3, 3, 3, 3, 3, 3, 3, 3, 3, 3, 3, 3, 3, 3, 3, 3, 3, 3, 3, 3, 3, 3, 3, 3, 3, 3, 3, 3, 3, 3, 3, 3, 3, 3, 3, 3, 3, 3, 3, 3, 3, 3, 3, 3, 3, 3, 3, 3, 3, 3, 3, 3, 3, 3, 3, 3, 3, 3, 3, 3, 3, 3, 3, 3, 3, 3, 3, 3, 3, 3, 3, 3, 3, 3, 3, 3, 3, 3, 3, 3, 3, 3, 3, 3, 3, 3, 3, 3, 3, 3, 3, 3, 3, 3, 3, 3, 3, 3, 3, 3, 3, 3, 3, 3, 3, 3, 3, 3, 3, 3, 3, 3, 3, 3, 3, 3, 3, 3, 3, 3, 3, 3, 3, 3, 3, 3, 3, 3, 3, 3, 3, 3, 3, 3, 3, 3, 3, 3, 3, 3, 3, 3, 3, 3, 3, 3, 3, 3, 3, 3, 3, 3, 3, 3, 3, 3, 3, 3, 3, 3, 3, 3, 3, 3, 3, 3, 3, 3, 3, 3, 3, 3, 3, 3, 3, 3, 3, 3, 3, 3, 3, 3, 3, 3, 3, 3, 3, 3, 3, 3, 3, 3, 3, 3, 3, 3, 3, 3, 3, 3, 3, 3, 3, 3, 3, 3, 3, 3, 3, 3, 3, 3, 3, 3, 3, 3, 3, 3, 3, 3, 3, 3, 3, 3, 3, 3, 3, 3, 3, 3, 3, 3, 3, 3, 3, 3, 3, 3, 3, 3, 3, 3, 3, 3, 3, 3, 3, 3, 3, 3, 3, 3, 3, 3, 3, 3, 3, 3, 3, 3, 3, 3, 3, 3, 3, 3, 3, 3, 3, 3, 3, 3, 3, 3, 3, 3, 3, 3, 3, 3, 3, 3, 3, 3, 3, 3, 3, 3, 3, 3, 3, 3, 3, 3, 3, 3, 3, 3, 3, 3, 3, 3, 3, 3, 3, 3, 3, 3, 3, 3, 3, 3, 3, 3, 3, 3, 3, 3, 3, 3, 3, 3, 3, 3, 3, 3, 3, 3, 3, 3, 3, 3, 3, 3, 3, 3, 3, 3, 3, 3, 3, 3, 3, 3, 3, 3, 3, 3, 3, 3, 3, 3, 3, 3, 3, 3, 3, 3, 3, 3, 3, 3, 3, 3, 3, 3, 3, 3, 3, 3, 3, 3, 3, 3, 3, 3, 3, 3, 3, 3, 3, 3, 3, 3, 3, 3, 3, 3, 3, 3, 3, 3, 3, 3, 3, 3, 3, 3, 3, 3, 3, 3, 3, 3, 3, 3, 3, 3, 3, 3, 3, 3, 3, 3, 3, 3, 3, 3, 3, 3, 3, 3, 3, 3, 3, 3, 3, 3, 3, 3, 3, 3, 3, 3, 3, 3, 3, 3, 3, 3, 3, 3, 3, 3, 3, 3, 3, 3, 3, 3, 3, 3, 3, 3, 3, 3, 3, 3, 3, 3, 3, 3, 3, 3, 3, 3, 3, 3, 3, 3, 3, 3, 3, 3, 3, 3, 3, 3, 3, 3, 3, 3, 3, 3, 3, 3, 3, 3, 3, 3, 3, 3, 3, 3, 3, 3, 3, 3, 3, 3, 3, 3, 3, 3, 3, 3, 3, 3, 3, 3, 3, 3, 3, 3, 3, 3, 3, 3, 3, 3, 3, 3, 3, 3, 3, 3, 3, 3, 3, 3, 3, 3, 3, 3, 3, 3, 3, 3, 3, 3, 3, 3, 3, 3, 3, 3, 3, 3, 3, 3, 3, 3, 3, 3, 3, 3, 3, 3, 3, 3, 3]
            int[] faceVertexIndices = [0, 12, 1, 1, 12, 13, 1, 13, 2, 2, 13, 14, 2, 14, 3, 3, 14, 15, 3, 15, 4, 4, 15, 16, 4, 16, 5, 5, 16, 17, 5, 17, 6, 6, 17, 18, 6, 18, 7, 7, 18, 19, 7, 19, 8, 8, 19, 20, 8, 20, 9, 9, 20, 21, 9, 21, 10, 10, 21, 22, 10, 22, 11, 11, 22, 23, 11, 23, 0, 0, 23, 12, 12, 24, 13, 13, 24, 25, 13, 25, 14, 14, 25, 26, 14, 26, 15, 15, 26, 27, 15, 27, 16, 16, 27, 28, 16, 28, 17, 17, 28, 29, 17, 29, 18, 18, 29, 30, 18, 30, 19, 19, 30, 31, 19, 31, 20, 20, 31, 32, 20, 32, 21, 21, 32, 33, 21, 33, 22, 22, 33, 34, 22, 34, 23, 23, 34, 35, 23, 35, 12, 12, 35, 24, 24, 36, 25, 25, 36, 37, 25, 37, 26, 26, 37, 38, 26, 38, 27, 27, 38, 39, 27, 39, 28, 28, 39, 40, 28, 40, 29, 29, 40, 41, 29, 41, 30, 30, 41, 42, 30, 42, 31, 31, 42, 43, 31, 43, 32, 32, 43, 44, 32, 44, 33, 33, 44, 45, 33, 45, 34, 34, 45, 46, 34, 46, 35, 35, 46, 47, 35, 47, 24, 24, 47, 36, 36, 48, 37, 37, 48, 49, 37, 49, 38, 38, 49, 50, 38, 50, 39, 39, 50, 51, 39, 51, 40, 40, 51, 52, 40, 52, 41, 41, 52, 53, 41, 53, 42, 42, 53, 54, 42, 54, 43, 43, 54, 55, 43, 55, 44, 44, 55, 56, 44, 56, 45, 45, 56, 57, 45, 57, 46, 46, 57, 58, 46, 58, 47, 47, 58, 59, 47, 59, 36, 36, 59, 48, 48, 60, 49, 49, 60, 61, 49, 61, 50, 50, 61, 62, 50, 62, 51, 51, 62, 63, 51, 63, 52, 52, 63, 64, 52, 64, 53, 53, 64, 65, 53, 65, 54, 54, 65, 66, 54, 66, 55, 55, 66, 67, 55, 67, 56, 56, 67, 68, 56, 68, 57, 57, 68, 69, 57, 69, 58, 58, 69, 70, 58, 70, 59, 59, 70, 71, 59, 71, 48, 48, 71, 60, 60, 72, 61, 61, 72, 73, 61, 73, 62, 62, 73, 74, 62, 74, 63, 63, 74, 75, 63, 75, 64, 64, 75, 76, 64, 76, 65, 65, 76, 77, 65, 77, 66, 66, 77, 78, 66, 78, 67, 67, 78, 79, 67, 79, 68, 68, 79, 80, 68, 80, 69, 69, 80, 81, 69, 81, 70, 70, 81, 82, 70, 82, 71, 71, 82, 83, 71, 83, 60, 60, 83, 72, 72, 84, 73, 73, 84, 85, 73, 85, 74, 74, 85, 86, 74, 86, 75, 75, 86, 87, 75, 87, 76, 76, 87, 88, 76, 88, 77, 77, 88, 89, 77, 89, 78, 78, 89, 90, 78, 90, 79, 79, 90, 91, 79, 91, 80, 80, 91, 92, 80, 92, 81, 81, 92, 93, 81, 93, 82, 82, 93, 94, 82, 94, 83, 83, 94, 95, 83, 95, 72, 72, 95, 84, 84, 96, 85, 85, 96, 97, 85, 97, 86, 86, 97, 98, 86, 98, 87, 87, 98, 99, 87, 99, 88, 88, 99, 100, 88, 100, 89, 89, 100, 101, 89, 101, 90, 90, 101, 102, 90, 102, 91, 91, 102, 103, 91, 103, 92, 92, 103, 104, 92, 104, 93, 93, 104, 105, 93, 105, 94, 94, 105, 106, 94, 106, 95, 95, 106, 107, 95, 107, 84, 84, 107, 96, 96, 108, 97, 97, 108, 109, 97, 109, 98, 98, 109, 110, 98, 110, 99, 99, 110, 111, 99, 111, 100, 100, 111, 112, 100, 112, 101, 101, 112, 113, 101, 113, 102, 102, 113, 114, 102, 114, 103, 103, 114, 115, 103, 115, 104, 104, 115, 116, 104, 116, 105, 105, 116, 117, 105, 117, 106, 106, 117, 118, 106, 118, 107, 107, 118, 119, 107, 119, 96, 96, 119, 108, 108, 120, 109, 109, 120, 121, 109, 121, 110, 110, 121, 122, 110, 122, 111, 111, 122, 123, 111, 123, 112, 112, 123, 124, 112, 124, 113, 113, 124, 125, 113, 125, 114, 114, 125, 126, 114, 126, 115, 115, 126, 127, 115, 127, 116, 116, 127, 128, 116, 128, 117, 117, 128, 129, 117, 129, 118, 118, 129, 130, 118, 130, 119, 119, 130, 131, 119, 131, 108, 108, 131, 120, 120, 132, 121, 121, 132, 133, 121, 133, 122, 122, 133, 134, 122, 134, 123, 123, 134, 135, 123, 135, 124, 124, 135, 136, 124, 136, 125, 125, 136, 137, 125, 137, 126, 126, 137, 138, 126, 138, 127, 127, 138, 139, 127, 139, 128, 128, 139, 140, 128, 140, 129, 129, 140, 141, 129, 141, 130, 130, 141, 142, 130, 142, 131, 131, 142, 143, 131, 143, 120, 120, 143, 132, 132, 144, 133, 133, 144, 145, 133, 145, 134, 134, 145, 146, 134, 146, 135, 135, 146, 147, 135, 147, 136, 136, 147, 148, 136, 148, 137, 137, 148, 149, 137, 149, 138, 138, 149, 150, 138, 150, 139, 139, 150, 151, 139, 151, 140, 140, 151, 152, 140, 152, 141, 141, 152, 153, 141, 153, 142, 142, 153, 154, 142, 154, 143, 143, 154, 155, 143, 155, 132, 132, 155, 144, 144, 156, 145, 145, 156, 157, 145, 157, 146, 146, 157, 158, 146, 158, 147, 147, 158, 159, 147, 159, 148, 148, 159, 160, 148, 160, 149, 149, 160, 161, 149, 161, 150, 150, 161, 162, 150, 162, 151, 151, 162, 163, 151, 163, 152, 152, 163, 164, 152, 164, 153, 153, 164, 165, 153, 165, 154, 154, 165, 166, 154, 166, 155, 155, 166, 167, 155, 167, 144, 144, 167, 156, 156, 168, 157, 157, 168, 169, 157, 169, 158, 158, 169, 170, 158, 170, 159, 159, 170, 171, 159, 171, 160, 160, 171, 172, 160, 172, 161, 161, 172, 173, 161, 173, 162, 162, 173, 174, 162, 174, 163, 163, 174, 175, 163, 175, 164, 164, 175, 176, 164, 176, 165, 165, 176, 177, 165, 177, 166, 166, 177, 178, 166, 178, 167, 167, 178, 179, 167, 179, 156, 156, 179, 168, 168, 180, 169, 169, 180, 181, 169, 181, 170, 170, 181, 182, 170, 182, 171, 171, 182, 183, 171, 183, 172, 172, 183, 184, 172, 184, 173, 173, 184, 185, 173, 185, 174, 174, 185, 186, 174, 186, 175, 175, 186, 187, 175, 187, 176, 176, 187, 188, 176, 188, 177, 177, 188, 189, 177, 189, 178, 178, 189, 190, 178, 190, 179, 179, 190, 191, 179, 191, 168, 168, 191, 180, 180, 192, 181, 181, 192, 193, 181, 193, 182, 182, 193, 194, 182, 194, 183, 183, 194, 195, 183, 195, 184, 184, 195, 196, 184, 196, 185, 185, 196, 197, 185, 197, 186, 186, 197, 198, 186, 198, 187, 187, 198, 199, 187, 199, 188, 188, 199, 200, 188, 200, 189, 189, 200, 201, 189, 201, 190, 190, 201, 202, 190, 202, 191, 191, 202, 203, 191, 203, 180, 180, 203, 192, 192, 204, 193, 193, 204, 205, 193, 205, 194, 194, 205, 206, 194, 206, 195, 195, 206, 207, 195, 207, 196, 196, 207, 208, 196, 208, 197, 197, 208, 209, 197, 209, 198, 198, 209, 210, 198, 210, 199, 199, 210, 211, 199, 211, 200, 200, 211, 212, 200, 212, 201, 201, 212, 213, 201, 213, 202, 202, 213, 214, 202, 214, 203, 203, 214, 215, 203, 215, 192, 192, 215, 204, 204, 216, 205, 205, 216, 217, 205, 217, 206, 206, 217, 218, 206, 218, 207, 207, 218, 219, 207, 219, 208, 208, 219, 220, 208, 220, 209, 209, 220, 221, 209, 221, 210, 210, 221, 222, 210, 222, 211, 211, 222, 223, 211, 223, 212, 212, 223, 224, 212, 224, 213, 213, 224, 225, 213, 225, 214, 214, 225, 226, 214, 226, 215, 215, 226, 227, 215, 227, 204, 204, 227, 216, 216, 228, 217, 217, 228, 229, 217, 229, 218, 218, 229, 230, 218, 230, 219, 219, 230, 231, 219, 231, 220, 220, 231, 232, 220, 232, 221, 221, 232, 233, 221, 233, 222, 222, 233, 234, 222, 234, 223, 223, 234, 235, 223, 235, 224, 224, 235, 236, 224, 236, 225, 225, 236, 237, 225, 237, 226, 226, 237, 238, 226, 238, 227, 227, 238, 239, 227, 239, 216, 216, 239, 228, 228, 240, 229, 229, 240, 241, 229, 241, 230, 230, 241, 242, 230, 242, 231, 231, 242, 243, 231, 243, 232, 232, 243, 244, 232, 244, 233, 233, 244, 245, 233, 245, 234, 234, 245, 246, 234, 246, 235, 235, 246, 247, 235, 247, 236, 236, 247, 248, 236, 248, 237, 237, 248, 249, 237, 249, 238, 238, 249, 250, 238, 250, 239, 239, 250, 251, 239, 251, 228, 228, 251, 240, 240, 252, 241, 241, 252, 253, 241, 253, 242, 242, 253, 254, 242, 254, 243, 243, 254, 255, 243, 255, 244, 244, 255, 256, 244, 256, 245, 245, 256, 257, 245, 257, 246, 246, 257, 258, 246, 258, 247, 247, 258, 259, 247, 259, 248, 248, 259, 260, 248, 260, 249, 249, 260, 261, 249, 261, 250, 250, 261, 262, 250, 262, 251, 251, 262, 263, 251, 263, 240, 240, 263, 252, 252, 264, 253, 253, 264, 265, 253, 265, 254, 254, 265, 266, 254, 266, 255, 255, 266, 267, 255, 267, 256, 256, 267, 268, 256, 268, 257, 257, 268, 269, 257, 269, 258, 258, 269, 270, 258, 270, 259, 259, 270, 271, 259, 271, 260, 260, 271, 272, 260, 272, 261, 261, 272, 273, 261, 273, 262, 262, 273, 274, 262, 274, 263, 263, 274, 275, 263, 275, 252, 252, 275, 264, 264, 276, 265, 265, 276, 277, 265, 277, 266, 266, 277, 278, 266, 278, 267, 267, 278, 279, 267, 279, 268, 268, 279, 280, 268, 280, 269, 269, 280, 281, 269, 281, 270, 270, 281, 282, 270, 282, 271, 271, 282, 283, 271, 283, 272, 272, 283, 284, 272, 284, 273, 273, 284, 285, 273, 285, 274, 274, 285, 286, 274, 286, 275, 275, 286, 287, 275, 287, 264, 264, 287, 276, 276, 288, 277, 277, 288, 289, 277, 289, 278, 278, 289, 290, 278, 290, 279, 279, 290, 291, 279, 291, 280, 280, 291, 292, 280, 292, 281, 281, 292, 293, 281, 293, 282, 282, 293, 294, 282, 294, 283, 283, 294, 295, 283, 295, 284, 284, 295, 296, 284, 296, 285, 285, 296, 297, 285, 297, 286, 286, 297, 298, 286, 298, 287, 287, 298, 299, 287, 299, 276, 276, 299, 288, 288, 300, 289, 289, 300, 301, 289, 301, 290, 290, 301, 302, 290, 302, 291, 291, 302, 303, 291, 303, 292, 292, 303, 304, 292, 304, 293, 293, 304, 305, 293, 305, 294, 294, 305, 306, 294, 306, 295, 295, 306, 307, 295, 307, 296, 296, 307, 308, 296, 308, 297, 297, 308, 309, 297, 309, 298, 298, 309, 310, 298, 310, 299, 299, 310, 311, 299, 311, 288, 288, 311, 300, 300, 312, 301, 301, 312, 313, 301, 313, 302, 302, 313, 314, 302, 314, 303, 303, 314, 315, 303, 315, 304, 304, 315, 316, 304, 316, 305, 305, 316, 317, 305, 317, 306, 306, 317, 318, 306, 318, 307, 307, 318, 319, 307, 319, 308, 308, 319, 320, 308, 320, 309, 309, 320, 321, 309, 321, 310, 310, 321, 322, 310, 322, 311, 311, 322, 323, 311, 323, 300, 300, 323, 312, 312, 324, 313, 313, 324, 325, 313, 325, 314, 314, 325, 326, 314, 326, 315, 315, 326, 327, 315, 327, 316, 316, 327, 328, 316, 328, 317, 317, 328, 329, 317, 329, 318, 318, 329, 330, 318, 330, 319, 319, 330, 331, 319, 331, 320, 320, 331, 332, 320, 332, 321, 321, 332, 333, 321, 333, 322, 322, 333, 334, 322, 334, 323, 323, 334, 335, 323, 335, 312, 312, 335, 324, 324, 336, 325, 325, 336, 337, 325, 337, 326, 326, 337, 338, 326, 338, 327, 327, 338, 339, 327, 339, 328, 328, 339, 340, 328, 340, 329, 329, 340, 341, 329, 341, 330, 330, 341, 342, 330, 342, 331, 331, 342, 343, 331, 343, 332, 332, 343, 344, 332, 344, 333, 333, 344, 345, 333, 345, 334, 334, 345, 346, 334, 346, 335, 335, 346, 347, 335, 347, 324, 324, 347, 336, 336, 348, 337, 337, 348, 349, 337, 349, 338, 338, 349, 350, 338, 350, 339, 339, 350, 351, 339, 351, 340, 340, 351, 352, 340, 352, 341, 341, 352, 353, 341, 353, 342, 342, 353, 354, 342, 354, 343, 343, 354, 355, 343, 355, 344, 344, 355, 356, 344, 356, 345, 345, 356, 357, 345, 357, 346, 346, 357, 358, 346, 358, 347, 347, 358, 359, 347, 359, 336, 336, 359, 348, 348, 360, 349, 349, 360, 361, 349, 361, 350, 350, 361, 362, 350, 362, 351, 351, 362, 363, 351, 363, 352, 352, 363, 364, 352, 364, 353, 353, 364, 365, 353, 365, 354, 354, 365, 366, 354, 366, 355, 355, 366, 367, 355, 367, 356, 356, 367, 368, 356, 368, 357, 357, 368, 369, 357, 369, 358, 358, 369, 370, 358, 370, 359, 359, 370, 371, 359, 371, 348, 348, 371, 360, 360, 372, 361, 361, 372, 373, 361, 373, 362, 362, 373, 374, 362, 374, 363, 363, 374, 375, 363, 375, 364, 364, 375, 376, 364, 376, 365, 365, 376, 377, 365, 377, 366, 366, 377, 378, 366, 378, 367, 367, 378, 379, 367, 379, 368, 368, 379, 380, 368, 380, 369, 369, 380, 381, 369, 381, 370, 370, 381, 382, 370, 382, 371, 371, 382, 383, 371, 383, 360, 360, 383, 372, 372, 384, 373, 373, 384, 385, 373, 385, 374, 374, 385, 386, 374, 386, 375, 375, 386, 387, 375, 387, 376, 376, 387, 388, 376, 388, 377, 377, 388, 389, 377, 389, 378, 378, 389, 390, 378, 390, 379, 379, 390, 391, 379, 391, 380, 380, 391, 392, 380, 392, 381, 381, 392, 393, 381, 393, 382, 382, 393, 394, 382, 394, 383, 383, 394, 395, 383, 395, 372, 372, 395, 384, 384, 396, 385, 385, 396, 397, 385, 397, 386, 386, 397, 398, 386, 398, 387, 387, 398, 399, 387, 399, 388, 388, 399, 400, 388, 400, 389, 389, 400, 401, 389, 401, 390, 390, 401, 402, 390, 402, 391, 391, 402, 403, 391, 403, 392, 392, 403, 404, 392, 404, 393, 393, 404, 405, 393, 405, 394, 394, 405, 406, 394, 406, 395, 395, 406, 407, 395, 407, 384, 384, 407, 396, 396, 408, 397, 397, 408, 409, 397, 409, 398, 398, 409, 410, 398, 410, 399, 399, 410, 411, 399, 411, 400, 400, 411, 412, 400, 412, 401, 401, 412, 413, 401, 413, 402, 402, 413, 414, 402, 414, 403, 403, 414, 415, 403, 415, 404, 404, 415, 416, 404, 416, 405, 405, 416, 417, 405, 417, 406, 406, 417, 418, 406, 418, 407, 407, 418, 419, 407, 419, 396, 396, 419, 408, 408, 420, 409, 409, 420, 421, 409, 421, 410, 410, 421, 422, 410, 422, 411, 411, 422, 423, 411, 423, 412, 412, 423, 424, 412, 424, 413, 413, 424, 425, 413, 425, 414, 414, 425, 426, 414, 426, 415, 415, 426, 427, 415, 427, 416, 416, 427, 428, 416, 428, 417, 417, 428, 429, 417, 429, 418, 418, 429, 430, 418, 430, 419, 419, 430, 431, 419, 431, 408, 408, 431, 420, 420, 432, 421, 421, 432, 433, 421, 433, 422, 422, 433, 434, 422, 434, 423, 423, 434, 435, 423, 435, 424, 424, 435, 436, 424, 436, 425, 425, 436, 437, 425, 437, 426, 426, 437, 438, 426, 438, 427, 427, 438, 439, 427, 439, 428, 428, 439, 440, 428, 440, 429, 429, 440, 441, 429, 441, 430, 430, 441, 442, 430, 442, 431, 431, 442, 443, 431, 443, 420, 420, 443, 432, 432, 444, 433, 433, 444, 445, 433, 445, 434, 434, 445, 446, 434, 446, 435, 435, 446, 447, 435, 447, 436, 436, 447, 448, 436, 448, 437, 437, 448, 449, 437, 449, 438, 438, 449, 450, 438, 450, 439, 439, 450, 451, 439, 451, 440, 440, 451, 452, 440, 452, 441, 441, 452, 453, 441, 453, 442, 442, 453, 454, 442, 454, 443, 443, 454, 455, 443, 455, 432, 432, 455, 444, 444, 456, 445, 445, 456, 457, 445, 457, 446, 446, 457, 458, 446, 458, 447, 447, 458, 459, 447, 459, 448, 448, 459, 460, 448, 460, 449, 449, 460, 461, 449, 461, 450, 450, 461, 462, 450, 462, 451, 451, 462, 463, 451, 463, 452, 452, 463, 464, 452, 464, 453, 453, 464, 465, 453, 465, 454, 454, 465, 466, 454, 466, 455, 455, 466, 467, 455, 467, 444, 444, 467, 456, 456, 468, 457, 457, 468, 469, 457, 469, 458, 458, 469, 470, 458, 470, 459, 459, 470, 471, 459, 471, 460, 460, 471, 472, 460, 472, 461, 461, 472, 473, 461, 473, 462, 462, 473, 474, 462, 474, 463, 463, 474, 475, 463, 475, 464, 464, 475, 476, 464, 476, 465, 465, 476, 477, 465, 477, 466, 466, 477, 478, 466, 478, 467, 467, 478, 479, 467, 479, 456, 456, 479, 468, 468, 480, 469, 469, 480, 481, 469, 481, 470, 470, 481, 482, 470, 482, 471, 471, 482, 483, 471, 483, 472, 472, 483, 484, 472, 484, 473, 473, 484, 485, 473, 485, 474, 474, 485, 486, 474, 486, 475, 475, 486, 487, 475, 487, 476, 476, 487, 488, 476, 488, 477, 477, 488, 489, 477, 489, 478, 478, 489, 490, 478, 490, 479, 479, 490, 491, 479, 491, 468, 468, 491, 480, 480, 492, 481, 481, 492, 493, 481, 493, 482, 482, 493, 494, 482, 494, 483, 483, 494, 495, 483, 495, 484, 484, 495, 496, 484, 496, 485, 485, 496, 497, 485, 497, 486, 486, 497, 498, 486, 498, 487, 487, 498, 499, 487, 499, 488, 488, 499, 500, 488, 500, 489, 489, 500, 501, 489, 501, 490, 490, 501, 502, 490, 502, 491, 491, 502, 503, 491, 503, 480, 480, 503, 492, 492, 504, 493, 493, 504, 505, 493, 505, 494, 494, 505, 506, 494, 506, 495, 495, 506, 507, 495, 507, 496, 496, 507, 508, 496, 508, 497, 497, 508, 509, 497, 509, 498, 498, 509, 510, 498, 510, 499, 499, 510, 511, 499, 511, 500, 500, 511, 512, 500, 512, 501, 501, 512, 513, 501, 513, 502, 502, 513, 514, 502, 514, 503, 503, 514, 515, 503, 515, 492, 492, 515, 504, 504, 516, 505, 505, 516, 517, 505, 517, 506, 506, 517, 518, 506, 518, 507, 507, 518, 519, 507, 519, 508, 508, 519, 520, 508, 520, 509, 509, 520, 521, 509, 521, 510, 510, 521, 522, 510, 522, 511, 511, 522, 523, 511, 523, 512, 512, 523, 524, 512, 524, 513, 513, 524, 525, 513, 525, 514, 514, 525, 526, 514, 526, 515, 515, 526, 527, 515, 527, 504, 504, 527, 516, 516, 528, 517, 517, 528, 529, 517, 529, 518, 518, 529, 530, 518, 530, 519, 519, 530, 531, 519, 531, 520, 520, 531, 532, 520, 532, 521, 521, 532, 533, 521, 533, 522, 522, 533, 534, 522, 534, 523, 523, 534, 535, 523, 535, 524, 524, 535, 536, 524, 536, 525, 525, 536, 537, 525, 537, 526, 526, 537, 538, 526, 538, 527, 527, 538, 539, 527, 539, 516, 516, 539, 528, 528, 540, 529, 529, 540, 541, 529, 541, 530, 530, 541, 542, 530, 542, 531, 531, 542, 543, 531, 543, 532, 532, 543, 544, 532, 544, 533, 533, 544, 545, 533, 545, 534, 534, 545, 546, 534, 546, 535, 535, 546, 547, 535, 547, 536, 536, 547, 548, 536, 548, 537, 537, 548, 549, 537, 549, 538, 538, 549, 550, 538, 550, 539, 539, 550, 551, 539, 551, 528, 528, 551, 540, 540, 552, 541, 541, 552, 553, 541, 553, 542, 542, 553, 554, 542, 554, 543, 543, 554, 555, 543, 555, 544, 544, 555, 556, 544, 556, 545, 545, 556, 557, 545, 557, 546, 546, 557, 558, 546, 558, 547, 547, 558, 559, 547, 559, 548, 548, 559, 560, 548, 560, 549, 549, 560, 561, 549, 561, 550, 550, 561, 562, 550, 562, 551, 551, 562, 563, 551, 563, 540, 540, 563, 552, 552, 564, 553, 553, 564, 565, 553, 565, 554, 554, 565, 566, 554, 566, 555, 555, 566, 567, 555, 567, 556, 556, 567, 568, 556, 568, 557, 557, 568, 569, 557, 569, 558, 558, 569, 570, 558, 570, 559, 559, 570, 571, 559, 571, 560, 560, 571, 572, 560, 572, 561, 561, 572, 573, 561, 573, 562, 562, 573, 574, 562, 574, 563, 563, 574, 575, 563, 575, 552, 552, 575, 564, 564, 576, 565, 565, 576, 577, 565, 577, 566, 566, 577, 578, 566, 578, 567, 567, 578, 579, 567, 579, 568, 568, 579, 580, 568, 580, 569, 569, 580, 581, 569, 581, 570, 570, 581, 582, 570, 582, 571, 571, 582, 583, 571, 583, 572, 572, 583, 584, 572, 584, 573, 573, 584, 585, 573, 585, 574, 574, 585, 586, 574, 586, 575, 575, 586, 587, 575, 587, 564, 564, 587, 576, 576, 588, 577, 577, 588, 589, 577, 589, 578, 578, 589, 590, 578, 590, 579, 579, 590, 591, 579, 591, 580, 580, 591, 592, 580, 592, 581, 581, 592, 593, 581, 593, 582, 582, 593, 594, 582, 594, 583, 583, 594, 595, 583, 595, 584, 584, 595, 596, 584, 596, 585, 585, 596, 597, 585, 597, 586, 586, 597, 598, 586, 598, 587, 587, 598, 599, 587, 599, 576, 576, 599, 588, 588, 600, 589, 589, 600, 601, 589, 601, 590, 590, 601, 602, 590, 602, 591, 591, 602, 603, 591, 603, 592, 592, 603, 604, 592, 604, 593, 593, 604, 605, 593, 605, 594, 594, 605, 606, 594, 606, 595, 595, 606, 607, 595, 607, 596, 596, 607, 608, 596, 608, 597, 597, 608, 609, 597, 609, 598, 598, 609, 610, 598, 610, 599, 599, 610, 611, 599, 611, 588, 588, 611, 600, 600, 612, 601, 601, 612, 613, 601, 613, 602, 602, 613, 614, 602, 614, 603, 603, 614, 615, 603, 615, 604, 604, 615, 616, 604, 616, 605, 605, 616, 617, 605, 617, 606, 606, 617, 618, 606, 618, 607, 607, 618, 619, 607, 619, 608, 608, 619, 620, 608, 620, 609, 609, 620, 621, 609, 621, 610, 610, 621, 622, 610, 622, 611, 611, 622, 623, 611, 623, 600, 600, 623, 612, 612, 624, 613, 613, 624, 625, 613, 625, 614, 614, 625, 626, 614, 626, 615, 615, 626, 627, 615, 627, 616, 616, 627, 628, 616, 628, 617, 617, 628, 629, 617, 629, 618, 618, 629, 630, 618, 630, 619, 619, 630, 631, 619, 631, 620, 620, 631, 632, 620, 632, 621, 621, 632, 633, 621, 633, 622, 622, 633, 634, 622, 634, 623, 623, 634, 635, 623, 635, 612, 612, 635, 624, 624, 636, 625, 625, 636, 637, 625, 637, 626, 626, 637, 638, 626, 638, 627, 627, 638, 639, 627, 639, 628, 628, 639, 640, 628, 640, 629, 629, 640, 641, 629, 641, 630, 630, 641, 642, 630, 642, 631, 631, 642, 643, 631, 643, 632, 632, 643, 644, 632, 644, 633, 633, 644, 645, 633, 645, 634, 634, 645, 646, 634, 646, 635, 635, 646, 647, 635, 647, 624, 624, 647, 636, 636, 648, 637, 637, 648, 649, 637, 649, 638, 638, 649, 650, 638, 650, 639, 639, 650, 651, 639, 651, 640, 640, 651, 652, 640, 652, 641, 641, 652, 653, 641, 653, 642, 642, 653, 654, 642, 654, 643, 643, 654, 655, 643, 655, 644, 644, 655, 656, 644, 656, 645, 645, 656, 657, 645, 657, 646, 646, 657, 658, 646, 658, 647, 647, 658, 659, 647, 659, 636, 636, 659, 648, 648, 660, 649, 649, 660, 661, 649, 661, 650, 650, 661, 662, 650, 662, 651, 651, 662, 663, 651, 663, 652, 652, 663, 664, 652, 664, 653, 653, 664, 665, 653, 665, 654, 654, 665, 666, 654, 666, 655, 655, 666, 667, 655, 667, 656, 656, 667, 668, 656, 668, 657, 657, 668, 669, 657, 669, 658, 658, 669, 670, 658, 670, 659, 659, 670, 671, 659, 671, 648, 648, 671, 660, 660, 672, 661, 661, 672, 673, 661, 673, 662, 662, 673, 674, 662, 674, 663, 663, 674, 675, 663, 675, 664, 664, 675, 676, 664, 676, 665, 665, 676, 677, 665, 677, 666, 666, 677, 678, 666, 678, 667, 667, 678, 679, 667, 679, 668, 668, 679, 680, 668, 680, 669, 669, 680, 681, 669, 681, 670, 670, 681, 682, 670, 682, 671, 671, 682, 683, 671, 683, 660, 660, 683, 672, 672, 684, 673, 673, 684, 685, 673, 685, 674, 674, 685, 686, 674, 686, 675, 675, 686, 687, 675, 687, 676, 676, 687, 688, 676, 688, 677, 677, 688, 689, 677, 689, 678, 678, 689, 690, 678, 690, 679, 679, 690, 691, 679, 691, 680, 680, 691, 692, 680, 692, 681, 681, 692, 693, 681, 693, 682, 682, 693, 694, 682, 694, 683, 683, 694, 695, 683, 695, 672, 672, 695, 684, 684, 696, 685, 685, 696, 697, 685, 697, 686, 686, 697, 698, 686, 698, 687, 687, 698, 699, 687, 699, 688, 688, 699, 700, 688, 700, 689, 689, 700, 701, 689, 701, 690, 690, 701, 702, 690, 702, 691, 691, 702, 703, 691, 703, 692, 692, 703, 704, 692, 704, 693, 693, 704, 705, 693, 705, 694, 694, 705, 706, 694, 706, 695, 695, 706, 707, 695, 707, 684, 684, 707, 696, 696, 708, 697, 697, 708, 709, 697, 709, 698, 698, 709, 710, 698, 710, 699, 699, 710, 711, 699, 711, 700, 700, 711, 712, 700, 712, 701, 701, 712, 713, 701, 713, 702, 702, 713, 714, 702, 714, 703, 703, 714, 715, 703, 715, 704, 704, 715, 716, 704, 716, 705, 705, 716, 717, 705, 717, 706, 706, 717, 718, 706, 718, 707, 707, 718, 719, 707, 719, 696, 696, 719, 708, 708, 720, 709, 709, 720, 721, 709, 721, 710, 710, 721, 722, 710, 722, 711, 711, 722, 723, 711, 723, 712, 712, 723, 724, 712, 724, 713, 713, 724, 725, 713, 725, 714, 714, 725, 726, 714, 726, 715, 715, 726, 727, 715, 727, 716, 716, 727, 728, 716, 728, 717, 717, 728, 729, 717, 729, 718, 718, 729, 730, 718, 730, 719, 719, 730, 731, 719, 731, 708, 708, 731, 720, 720, 732, 721, 721, 732, 733, 721, 733, 722, 722, 733, 734, 722, 734, 723, 723, 734, 735, 723, 735, 724, 724, 735, 736, 724, 736, 725, 725, 736, 737, 725, 737, 726, 726, 737, 738, 726, 738, 727, 727, 738, 739, 727, 739, 728, 728, 739, 740, 728, 740, 729, 729, 740, 741, 729, 741, 730, 730, 741, 742, 730, 742, 731, 731, 742, 743, 731, 743, 720, 720, 743, 732, 732, 744, 733, 733, 744, 745, 733, 745, 734, 734, 745, 746, 734, 746, 735, 735, 746, 747, 735, 747, 736, 736, 747, 748, 736, 748, 737, 737, 748, 749, 737, 749, 738, 738, 749, 750, 738, 750, 739, 739, 750, 751, 739, 751, 740, 740, 751, 752, 740, 752, 741, 741, 752, 753, 741, 753, 742, 742, 753, 754, 742, 754, 743, 743, 754, 755, 743, 755, 732, 732, 755, 744, 744, 756, 745, 745, 756, 757, 745, 757, 746, 746, 757, 758, 746, 758, 747, 747, 758, 759, 747, 759, 748, 748, 759, 760, 748, 760, 749, 749, 760, 761, 749, 761, 750, 750, 761, 762, 750, 762, 751, 751, 762, 763, 751, 763, 752, 752, 763, 764, 752, 764, 753, 753, 764, 765, 753, 765, 754, 754, 765, 766, 754, 766, 755, 755, 766, 767, 755, 767, 744, 744, 767, 756, 756, 768, 757, 757, 768, 769, 757, 769, 758, 758, 769, 770, 758, 770, 759, 759, 770, 771, 759, 771, 760, 760, 771, 772, 760, 772, 761, 761, 772, 773, 761, 773, 762, 762, 773, 774, 762, 774, 763, 763, 774, 775, 763, 775, 764, 764, 775, 776, 764, 776, 765, 765, 776, 777, 765, 777, 766, 766, 777, 778, 766, 778, 767, 767, 778, 779, 767, 779, 756, 756, 779, 768, 768, 780, 769, 769, 780, 781, 769, 781, 770, 770, 781, 782, 770, 782, 771, 771, 782, 783, 771, 783, 772, 772, 783, 784, 772, 784, 773, 773, 784, 785, 773, 785, 774, 774, 785, 786, 774, 786, 775, 775, 786, 787, 775, 787, 776, 776, 787, 788, 776, 788, 777, 777, 788, 789, 777, 789, 778, 778, 789, 790, 778, 790, 779, 779, 790, 791, 779, 791, 768, 768, 791, 780, 780, 792, 781, 781, 792, 793, 781, 793, 782, 782, 793, 794, 782, 794, 783, 783, 794, 795, 783, 795, 784, 784, 795, 796, 784, 796, 785, 785, 796, 797, 785, 797, 786, 786, 797, 798, 786, 798, 787, 787, 798, 799, 787, 799, 788, 788, 799, 800, 788, 800, 789, 789, 800, 801, 789, 801, 790, 790, 801, 802, 790, 802, 791, 791, 802, 803, 791, 803, 780, 780, 803, 792, 792, 804, 793, 793, 804, 805, 793, 805, 794, 794, 805, 806, 794, 806, 795, 795, 806, 807, 795, 807, 796, 796, 807, 808, 796, 808, 797, 797, 808, 809, 797, 809, 798, 798, 809, 810, 798, 810, 799, 799, 810, 811, 799, 811, 800, 800, 811, 812, 800, 812, 801, 801, 812, 813, 801, 813, 802, 802, 813, 814, 802, 814, 803, 803, 814, 815, 803, 815, 792, 792, 815, 804, 804, 816, 805, 805, 816, 817, 805, 817, 806, 806, 817, 818, 806, 818, 807, 807, 818, 819, 807, 819, 808, 808, 819, 820, 808, 820, 809, 809, 820, 821, 809, 821, 810, 810, 821, 822, 810, 822, 811, 811, 822, 823, 811, 823, 812, 812, 823, 824, 812, 824, 813, 813, 824, 825, 813, 825, 814, 814, 825, 826, 814, 826, 815, 815, 826, 827, 815, 827, 804, 804, 827, 816, 816, 828, 817, 817, 828, 829, 817, 829, 818, 818, 829, 830, 818, 830, 819, 819, 830, 831, 819, 831, 820, 820, 831, 832, 820, 832, 821, 821, 832, 833, 821, 833, 822, 822, 833, 834, 822, 834, 823, 823, 834, 835, 823, 835, 824, 824, 835, 836, 824, 836, 825, 825, 836, 837, 825, 837, 826, 826, 837, 838, 826, 838, 827, 827, 838, 839, 827, 839, 816, 816, 839, 828, 828, 840, 829, 829, 840, 841, 829, 841, 830, 830, 841, 842, 830, 842, 831, 831, 842, 843, 831, 843, 832, 832, 843, 844, 832, 844, 833, 833, 844, 845, 833, 845, 834, 834, 845, 846, 834, 846, 835, 835, 846, 847, 835, 847, 836, 836, 847, 848, 836, 848, 837, 837, 848, 849, 837, 849, 838, 838, 849, 850, 838, 850, 839, 839, 850, 851, 839, 851, 828, 828, 851, 840, 840, 852, 841, 841, 852, 853, 841, 853, 842, 842, 853, 854, 842, 854, 843, 843, 854, 855, 843, 855, 844, 844, 855, 856, 844, 856, 845, 845, 856, 857, 845, 857, 846, 846, 857, 858, 846, 858, 847, 847, 858, 859, 847, 859, 848, 848, 859, 860, 848, 860, 849, 849, 860, 861, 849, 861, 850, 850, 861, 862, 850, 862, 851, 851, 862, 863, 851, 863, 840, 840, 863, 852, 852, 0, 853, 853, 0, 1, 853, 1, 854, 854, 1, 2, 854, 2, 855, 855, 2, 3, 855, 3, 856, 856, 3, 4, 856, 4, 857, 857, 4, 5, 857, 5, 858, 858, 5, 6, 858, 6, 859, 859, 6, 7, 859, 7, 860, 860, 7, 8, 860, 8, 861, 861, 8, 9, 861, 9, 862, 862, 9, 10, 862, 10, 863, 863, 10, 11, 863, 11, 852, 852, 11, 0, 865, 864, 868, 865, 868, 866, 866, 868, 869, 866, 869, 867, 868, 864, 870, 868, 870, 869, 869, 870, 871, 869, 871, 867, 870, 864, 872, 870, 872, 871, 871, 872, 873, 871, 873, 867, 872, 864, 874, 872, 874, 873, 873, 874, 875, 873, 875, 867, 874, 864, 876, 874, 876, 875, 875, 876, 877, 875, 877, 867, 876, 864, 878, 876, 878, 877, 877, 878, 879, 877, 879, 867, 878, 864, 880, 878, 880, 879, 879, 880, 881, 879, 881, 867, 880, 864, 882, 880, 882, 881, 881, 882, 883, 881, 883, 867, 882, 864, 884, 882, 884, 883, 883, 884, 885, 883, 885, 867, 884, 864, 886, 884, 886, 885, 885, 886, 887, 885, 887, 867, 886, 864, 888, 886, 888, 887, 887, 888, 889, 887, 889, 867, 888, 864, 890, 888, 890, 889, 889, 890, 891, 889, 891, 867, 890, 864, 892, 890, 892, 891, 891, 892, 893, 891, 893, 867, 892, 864, 894, 892, 894, 893, 893, 894, 895, 893, 895, 867, 894, 864, 896, 894, 896, 895, 895, 896, 897, 895, 897, 867, 896, 864, 898, 896, 898, 897, 897, 898, 899, 897, 899, 867, 898, 864, 900, 898, 900, 899, 899, 900, 901, 899, 901, 867, 900, 864, 902, 900, 902, 901, 901, 902, 903, 901, 903, 867, 902, 864, 904, 902, 904, 903, 903, 904, 905, 903, 905, 867, 904, 864, 906, 904, 906, 905, 905, 906, 907, 905, 907, 867, 906, 864, 908, 906, 908, 907, 907, 908, 909, 907, 909, 867, 908, 864, 910, 908, 910, 909, 909, 910, 911, 909, 911, 867, 910, 864, 912, 910, 912, 911, 911, 912, 913, 911, 913, 867, 912, 864, 914, 912, 914, 913, 913, 914, 915, 913, 915, 867, 914, 864, 916, 914, 916, 915, 915, 916, 917, 915, 917, 867, 916, 864, 918, 916, 918, 917, 917, 918, 919, 917, 919, 867, 918, 864, 920, 918, 920, 919, 919, 920, 921, 919, 921, 867, 920, 864, 922, 920, 922, 921, 921, 922, 923, 921, 923, 867, 922, 864, 924, 922, 924, 923, 923, 924, 925, 923, 925, 867, 924, 864, 926, 924, 926, 925, 925, 926, 927, 925, 927, 867, 926, 864, 928, 926, 928, 927, 927, 928, 929, 927, 929, 867, 928, 864, 930, 928, 930, 929, 929, 930, 931, 929, 931, 867, 930, 864, 932, 930, 932, 931, 931, 932, 933, 931, 933, 867, 932, 864, 934, 932, 934, 933, 933, 934, 935, 933, 935, 867, 934, 864, 936, 934, 936, 935, 935, 936, 937, 935, 937, 867, 936, 864, 938, 936, 938, 937, 937, 938, 939, 937, 939, 867, 938, 864, 940, 938, 940, 939, 939, 940, 941, 939, 941, 867, 940, 864, 942, 940, 942, 941, 941, 942, 943, 941, 943, 867, 942, 864, 944, 942, 944, 943, 943, 944, 945, 943, 945, 867, 944, 864, 946, 944, 946, 945, 945, 946, 947, 945, 947, 867, 946, 864, 948, 946, 948, 947, 947, 948, 949, 947, 949, 867, 948, 864, 950, 948, 950, 949, 949, 950, 951, 949, 951, 867, 950, 864, 952, 950, 952, 951, 951, 952, 953, 951, 953, 867, 952, 864, 954, 952, 954, 953, 953, 954, 955, 953, 955, 867, 954, 864, 956, 954, 956, 955, 955, 956, 957, 955, 957, 867, 956, 864, 958, 956, 958, 957, 957, 958, 959, 957, 959, 867, 958, 864, 960, 958, 960, 959, 959, 960, 961, 959, 961, 867, 960, 864, 865, 960, 865, 961, 961, 865, 866, 961, 866, 867, 962, 964, 963, 963, 964, 965, 964, 966, 965, 965, 966, 967, 966, 968, 967, 967, 968, 969, 968, 970, 969, 969, 970, 971, 970, 972, 971, 971, 972, 973, 972, 974, 973, 973, 974, 975, 974, 976, 975, 975, 976, 977, 976, 978, 977, 977, 978, 979, 978, 980, 979, 979, 980, 981, 980, 982, 981, 981, 982, 983, 982, 984, 983, 983, 984, 985, 984, 986, 985, 985, 986, 987, 986, 988, 987, 987, 988, 989, 988, 990, 989, 989, 990, 991, 990, 992, 991, 991, 992, 993, 992, 994, 993, 993, 994, 995, 994, 996, 995, 995, 996, 997, 996, 998, 997, 997, 998, 999, 998, 1000, 999, 999, 1000, 1001, 1000, 1002, 1001, 1001, 1002, 1003, 1002, 1004, 1003, 1003, 1004, 1005, 1004, 1006, 1005, 1005, 1006, 1007, 1006, 1008, 1007, 1007, 1008, 1009, 1008, 962, 1009, 1009, 962, 963, 1010, 1012, 1011, 1011, 1012, 1013, 1012, 1014, 1013, 1013, 1014, 1015, 1014, 1016, 1015, 1015, 1016, 1017, 1016, 1018, 1017, 1017, 1018, 1019, 1018, 1020, 1019, 1019, 1020, 1021, 1020, 1022, 1021, 1021, 1022, 1023, 1022, 1024, 1023, 1023, 1024, 1025, 1024, 1026, 1025, 1025, 1026, 1027, 1026, 1028, 1027, 1027, 1028, 1029, 1028, 1030, 1029, 1029, 1030, 1031, 1030, 1032, 1031, 1031, 1032, 1033, 1032, 1034, 1033, 1033, 1034, 1035, 1034, 1036, 1035, 1035, 1036, 1037, 1036, 1038, 1037, 1037, 1038, 1039, 1038, 1040, 1039, 1039, 1040, 1041, 1040, 1042, 1041, 1041, 1042, 1043, 1042, 1044, 1043, 1043, 1044, 1045, 1044, 1046, 1045, 1045, 1046, 1047, 1046, 1048, 1047, 1047, 1048, 1049, 1048, 1050, 1049, 1049, 1050, 1051, 1050, 1052, 1051, 1051, 1052, 1053, 1052, 1054, 1053, 1053, 1054, 1055, 1054, 1056, 1055, 1055, 1056, 1057, 1056, 1010, 1057, 1057, 1010, 1011, 1058, 1060, 1059, 1059, 1060, 1061, 1060, 1062, 1061, 1061, 1062, 1063, 1062, 1064, 1063, 1063, 1064, 1065, 1064, 1066, 1065, 1065, 1066, 1067, 1066, 1068, 1067, 1067, 1068, 1069, 1068, 1070, 1069, 1069, 1070, 1071, 1070, 1072, 1071, 1071, 1072, 1073, 1072, 1074, 1073, 1073, 1074, 1075, 1074, 1076, 1075, 1075, 1076, 1077, 1076, 1078, 1077, 1077, 1078, 1079, 1078, 1080, 1079, 1079, 1080, 1081, 1080, 1082, 1081, 1081, 1082, 1083, 1082, 1084, 1083, 1083, 1084, 1085, 1084, 1086, 1085, 1085, 1086, 1087, 1086, 1088, 1087, 1087, 1088, 1089, 1088, 1090, 1089, 1089, 1090, 1091, 1090, 1092, 1091, 1091, 1092, 1093, 1092, 1094, 1093, 1093, 1094, 1095, 1094, 1096, 1095, 1095, 1096, 1097, 1096, 1098, 1097, 1097, 1098, 1099, 1098, 1100, 1099, 1099, 1100, 1101, 1100, 1102, 1101, 1101, 1102, 1103, 1102, 1104, 1103, 1103, 1104, 1105, 1104, 1058, 1105, 1105, 1058, 1059, 1106, 1108, 1107, 1107, 1108, 1109, 1108, 1110, 1109, 1109, 1110, 1111, 1110, 1112, 1111, 1111, 1112, 1113, 1112, 1114, 1113, 1113, 1114, 1115, 1114, 1116, 1115, 1115, 1116, 1117, 1116, 1118, 1117, 1117, 1118, 1119, 1118, 1120, 1119, 1119, 1120, 1121, 1120, 1122, 1121, 1121, 1122, 1123, 1122, 1124, 1123, 1123, 1124, 1125, 1124, 1126, 1125, 1125, 1126, 1127, 1126, 1128, 1127, 1127, 1128, 1129, 1128, 1130, 1129, 1129, 1130, 1131, 1130, 1132, 1131, 1131, 1132, 1133, 1132, 1134, 1133, 1133, 1134, 1135, 1134, 1136, 1135, 1135, 1136, 1137, 1136, 1138, 1137, 1137, 1138, 1139, 1138, 1140, 1139, 1139, 1140, 1141, 1140, 1142, 1141, 1141, 1142, 1143, 1142, 1144, 1143, 1143, 1144, 1145, 1144, 1146, 1145, 1145, 1146, 1147, 1146, 1148, 1147, 1147, 1148, 1149, 1148, 1150, 1149, 1149, 1150, 1151, 1150, 1152, 1151, 1151, 1152, 1153, 1152, 1106, 1153, 1153, 1106, 1107, 1154, 1156, 1155, 1155, 1156, 1157, 1156, 1158, 1157, 1157, 1158, 1159, 1158, 1160, 1159, 1159, 1160, 1161, 1160, 1162, 1161, 1161, 1162, 1163, 1162, 1164, 1163, 1163, 1164, 1165, 1164, 1166, 1165, 1165, 1166, 1167, 1166, 1168, 1167, 1167, 1168, 1169, 1168, 1170, 1169, 1169, 1170, 1171, 1170, 1172, 1171, 1171, 1172, 1173, 1172, 1174, 1173, 1173, 1174, 1175, 1174, 1176, 1175, 1175, 1176, 1177, 1176, 1178, 1177, 1177, 1178, 1179, 1178, 1180, 1179, 1179, 1180, 1181, 1180, 1182, 1181, 1181, 1182, 1183, 1182, 1184, 1183, 1183, 1184, 1185, 1184, 1186, 1185, 1185, 1186, 1187, 1186, 1188, 1187, 1187, 1188, 1189, 1188, 1190, 1189, 1189, 1190, 1191, 1190, 1192, 1191, 1191, 1192, 1193, 1192, 1194, 1193, 1193, 1194, 1195, 1194, 1196, 1195, 1195, 1196, 1197, 1196, 1198, 1197, 1197, 1198, 1199, 1198, 1200, 1199, 1199, 1200, 1201, 1200, 1154, 1201, 1201, 1154, 1155, 1202, 1204, 1203, 1203, 1204, 1205, 1204, 1206, 1205, 1205, 1206, 1207, 1206, 1208, 1207, 1207, 1208, 1209, 1208, 1210, 1209, 1209, 1210, 1211, 1210, 1212, 1211, 1211, 1212, 1213, 1212, 1214, 1213, 1213, 1214, 1215, 1214, 1216, 1215, 1215, 1216, 1217, 1216, 1218, 1217, 1217, 1218, 1219, 1218, 1220, 1219, 1219, 1220, 1221, 1220, 1222, 1221, 1221, 1222, 1223, 1222, 1224, 1223, 1223, 1224, 1225, 1224, 1226, 1225, 1225, 1226, 1227, 1226, 1228, 1227, 1227, 1228, 1229, 1228, 1230, 1229, 1229, 1230, 1231, 1230, 1232, 1231, 1231, 1232, 1233, 1232, 1234, 1233, 1233, 1234, 1235, 1234, 1236, 1235, 1235, 1236, 1237, 1236, 1238, 1237, 1237, 1238, 1239, 1238, 1240, 1239, 1239, 1240, 1241, 1240, 1242, 1241, 1241, 1242, 1243, 1242, 1244, 1243, 1243, 1244, 1245, 1244, 1246, 1245, 1245, 1246, 1247, 1246, 1248, 1247, 1247, 1248, 1249, 1248, 1202, 1249, 1249, 1202, 1203]
            point3f[] points = [
            (0.0091, 0, 0.003),
            (0.008992820323, 0, 0.0034),
            (0.0087, 0, 0.003692820323),
            (0.0083, 0, 0.0038),
            (0.0079, 0, 0.003692820323),
            (0.007607179677, 0, 0.0034),
            (0.0075, 0, 0.003),
            (0.007607179677, 0, 0.0026),
            (0.0079, 0, 0.002307179677),
            (0.0083, 0, 0.0022),
            (0.0087, 0, 0.002307179677),
            (0.008992820323, 0, 0.0026),
            (0.009065371753, 0.000793117259, 0.003),
            (0.008958599927, 0.0007837759346, 0.0034),
            (0.008666893873, 0.0007582549619, 0.003692820323),
            (0.008268415994, 0.0007233926648, 0.0038),
            (0.007869938115, 0.0006885303677, 0.003692820323),
            (0.007578232062, 0.000663009395, 0.0034),
            (0.007471460236, 0.0006536680706, 0.003),
            (0.007578232062, 0.000663009395, 0.0026),
            (0.007869938115, 0.0006885303677, 0.002307179677),
            (0.008268415994, 0.0007233926648, 0.0022),
            (0.008666893873, 0.0007582549619, 0.002307179677),
            (0.008958599927, 0.0007837759346, 0.0026),
            (0.008961750552, 0.001580198417, 0.003),
            (0.008856199176, 0.001561586861, 0.0034),
            (0.008567827451, 0.001510739146, 0.003692820323),
            (0.00817390435, 0.001441279875, 0.0038),
            (0.007779981249, 0.001371820604, 0.003692820323),
            (0.007491609524, 0.001320972888, 0.0034),
            (0.007386058148, 0.001302361333, 0.003),
            (0.007491609524, 0.001320972888, 0.0026),
            (0.007779981249, 0.001371820604, 0.002307179677),
            (0.00817390435, 0.001441279875, 0.0022),
            (0.008567827451, 0.001510739146, 0.002307179677),
            (0.008856199176, 0.001561586861, 0.0026),
            (0.008789925019, 0.00235525331, 0.003),
            (0.008686397401, 0.002327513169, 0.0034),
            (0.008403554689, 0.002251725692, 0.003692820323),
            (0.008017184358, 0.002148198074, 0.0038),
            (0.007630814028, 0.002044670456, 0.003692820323),
            (0.007347971315, 0.00196888298, 0.0034),
            (0.007244443697, 0.001941142838, 0.003),
            (0.007347971315, 0.00196888298, 0.0026),
            (0.007630814028, 0.002044670456, 0.002307179677),
            (0.008017184358, 0.002148198074, 0.0022),
            (0.008403554689, 0.002251725692, 0.002307179677),
            (0.008686397401, 0.002327513169, 0.0026),
            (0.008551202849, 0.003112383304, 0.003),
            (0.008450486898, 0.003075725696, 0.0034),
            (0.008175325801, 0.002975575247, 0.003692820323),
            (0.007799448753, 0.00283876719, 0.0038),
            (0.007423571704, 0.002701959132, 0.003692820323),
            (0.007148410607, 0.002601808683, 0.0034),
            (0.007047694656, 0.002565151075, 0.003),
            (0.007148410607, 0.002601808683, 0.0026),
            (0.007423571704, 0.002701959132, 0.002307179677),
            (0.007799448753, 0.00283876719, 0.0022),
            (0.008175325801, 0.002975575247, 0.002307179677),
            (0.008450486898, 0.003075725696, 0.0026),
            (0.008247400862, 0.003845826182, 0.003),
            (0.008150263086, 0.003800530093, 0.0034),
            (0.007884877747, 0.003676778877, 0.003692820323),
            (0.007522354632, 0.003507731572, 0.0038),
            (0.007159831518, 0.003338684268, 0.003692820323),
            (0.006894446179, 0.003214933052, 0.0034),
            (0.006797308403, 0.003169636963, 0.003),
            (0.006894446179, 0.003214933052, 0.0026),
            (0.007159831518, 0.003338684268, 0.002307179677),
            (0.007522354632, 0.003507731572, 0.0022),
            (0.007884877747, 0.003676778877, 0.002307179677),
            (0.008150263086, 0.003800530093, 0.0026),
            (0.007880831174, 0.00455, 0.003),
            (0.007788010851, 0.004496410162, 0.0034),
            (0.007534421013, 0.00435, 0.003692820323),
            (0.007188010851, 0.00415, 0.0038),
            (0.00684160069, 0.00395, 0.003692820323),
            (0.006588010851, 0.003803589838, 0.0034),
            (0.006495190528, 0.00375, 0.003),
            (0.006588010851, 0.003803589838, 0.0026),
            (0.00684160069, 0.00395, 0.002307179677),
            (0.007188010851, 0.00415, 0.0022),
            (0.007534421013, 0.00435, 0.002307179677),
            (0.007788010851, 0.004496410162, 0.0026),
            (0.007454283603, 0.005219545571, 0.003),
            (0.007366487152, 0.005158069834, 0.0034),
            (0.007126622785, 0.004990114996, 0.003692820323),
            (0.006798961968, 0.004760684422, 0.0038),
            (0.00647130115, 0.004531253847, 0.003692820323),
            (0.006231436784, 0.00436329901, 0.0034),
            (0.006143640332, 0.004301823273, 0.003),
            (0.006231436784, 0.00436329901, 0.0026),
            (0.00647130115, 0.004531253847, 0.002307179677),
            (0.006798961968, 0.004760684422, 0.0022),
            (0.007126622785, 0.004990114996, 0.002307179677),
            (0.007366487152, 0.005158069834, 0.0026),
            (0.006971004432, 0.005849367248, 0.003),
            (0.006888900036, 0.00578047348, 0.0034),
            (0.006664586655, 0.005592252204, 0.003692820323),
            (0.006358168878, 0.00533513716, 0.0038),
            (0.006051751101, 0.005078022117, 0.003692820323),
            (0.005827437719, 0.004889800841, 0.0034),
            (0.005745333323, 0.004820907073, 0.003),
            (0.005827437719, 0.004889800841, 0.0026),
            (0.006051751101, 0.005078022117, 0.002307179677),
            (0.006358168878, 0.00533513716, 0.0022),
            (0.006664586655, 0.005592252204, 0.002307179677),
            (0.006888900036, 0.00578047348, 0.0026),
            (0.006434671709, 0.006434671709, 0.003),
            (0.006358884232, 0.006358884232, 0.0034),
            (0.006151828996, 0.006151828996, 0.003692820323),
            (0.005868986284, 0.005868986284, 0.0038),
            (0.005586143571, 0.005586143571, 0.003692820323),
            (0.005379088335, 0.005379088335, 0.0034),
            (0.005303300859, 0.005303300859, 0.003),
            (0.005379088335, 0.005379088335, 0.0026),
            (0.005586143571, 0.005586143571, 0.002307179677),
            (0.005868986284, 0.005868986284, 0.0022),
            (0.006151828996, 0.006151828996, 0.002307179677),
            (0.006358884232, 0.006358884232, 0.0026),
            (0.005849367248, 0.006971004432, 0.003),
            (0.00578047348, 0.006888900036, 0.0034),
            (0.005592252204, 0.006664586655, 0.003692820323),
            (0.00533513716, 0.006358168878, 0.0038),
            (0.005078022117, 0.006051751101, 0.003692820323),
            (0.004889800841, 0.005827437719, 0.0034),
            (0.004820907073, 0.005745333323, 0.003),
            (0.004889800841, 0.005827437719, 0.0026),
            (0.005078022117, 0.006051751101, 0.002307179677),
            (0.00533513716, 0.006358168878, 0.0022),
            (0.005592252204, 0.006664586655, 0.002307179677),
            (0.00578047348, 0.006888900036, 0.0026),
            (0.005219545571, 0.007454283603, 0.003),
            (0.005158069834, 0.007366487152, 0.0034),
            (0.004990114996, 0.007126622785, 0.003692820323),
            (0.004760684422, 0.006798961968, 0.0038),
            (0.004531253847, 0.00647130115, 0.003692820323),
            (0.00436329901, 0.006231436784, 0.0034),
            (0.004301823273, 0.006143640332, 0.003),
            (0.00436329901, 0.006231436784, 0.0026),
            (0.004531253847, 0.00647130115, 0.002307179677),
            (0.004760684422, 0.006798961968, 0.0022),
            (0.004990114996, 0.007126622785, 0.002307179677),
            (0.005158069834, 0.007366487152, 0.0026),
            (0.00455, 0.007880831174, 0.003),
            (0.004496410162, 0.007788010851, 0.0034),
            (0.00435, 0.007534421013, 0.003692820323),
            (0.00415, 0.007188010851, 0.0038),
            (0.00395, 0.00684160069, 0.003692820323),
            (0.003803589838, 0.006588010851, 0.0034),
            (0.00375, 0.006495190528, 0.003),
            (0.003803589838, 0.006588010851, 0.0026),
            (0.00395, 0.00684160069, 0.002307179677),
            (0.00415, 0.007188010851, 0.0022),
            (0.00435, 0.007534421013, 0.002307179677),
            (0.004496410162, 0.007788010851, 0.0026),
            (0.003845826182, 0.008247400862, 0.003),
            (0.003800530093, 0.008150263086, 0.0034),
            (0.003676778877, 0.007884877747, 0.003692820323),
            (0.003507731572, 0.007522354632, 0.0038),
            (0.003338684268, 0.007159831518, 0.003692820323),
            (0.003214933052, 0.006894446179, 0.0034),
            (0.003169636963, 0.006797308403, 0.003),
            (0.003214933052, 0.006894446179, 0.0026),
            (0.003338684268, 0.007159831518, 0.002307179677),
            (0.003507731572, 0.007522354632, 0.0022),
            (0.003676778877, 0.007884877747, 0.002307179677),
            (0.003800530093, 0.008150263086, 0.0026),
            (0.003112383304, 0.008551202849, 0.003),
            (0.003075725696, 0.008450486898, 0.0034),
            (0.002975575247, 0.008175325801, 0.003692820323),
            (0.00283876719, 0.007799448753, 0.0038),
            (0.002701959132, 0.007423571704, 0.003692820323),
            (0.002601808683, 0.007148410607, 0.0034),
            (0.002565151075, 0.007047694656, 0.003),
            (0.002601808683, 0.007148410607, 0.0026),
            (0.002701959132, 0.007423571704, 0.002307179677),
            (0.00283876719, 0.007799448753, 0.0022),
            (0.002975575247, 0.008175325801, 0.002307179677),
            (0.003075725696, 0.008450486898, 0.0026),
            (0.00235525331, 0.008789925019, 0.003),
            (0.002327513169, 0.008686397401, 0.0034),
            (0.002251725692, 0.008403554689, 0.003692820323),
            (0.002148198074, 0.008017184358, 0.0038),
            (0.002044670456, 0.007630814028, 0.003692820323),
            (0.00196888298, 0.007347971315, 0.0034),
            (0.001941142838, 0.007244443697, 0.003),
            (0.00196888298, 0.007347971315, 0.0026),
            (0.002044670456, 0.007630814028, 0.002307179677),
            (0.002148198074, 0.008017184358, 0.0022),
            (0.002251725692, 0.008403554689, 0.002307179677),
            (0.002327513169, 0.008686397401, 0.0026),
            (0.001580198417, 0.008961750552, 0.003),
            (0.001561586861, 0.008856199176, 0.0034),
            (0.001510739146, 0.008567827451, 0.003692820323),
            (0.001441279875, 0.00817390435, 0.0038),
            (0.001371820604, 0.007779981249, 0.003692820323),
            (0.001320972888, 0.007491609524, 0.0034),
            (0.001302361333, 0.007386058148, 0.003),
            (0.001320972888, 0.007491609524, 0.0026),
            (0.001371820604, 0.007779981249, 0.002307179677),
            (0.001441279875, 0.00817390435, 0.0022),
            (0.001510739146, 0.008567827451, 0.002307179677),
            (0.001561586861, 0.008856199176, 0.0026),
            (0.000793117259, 0.009065371753, 0.003),
            (0.0007837759346, 0.008958599927, 0.0034),
            (0.0007582549619, 0.008666893873, 0.003692820323),
            (0.0007233926648, 0.008268415994, 0.0038),
            (0.0006885303677, 0.007869938115, 0.003692820323),
            (0.000663009395, 0.007578232062, 0.0034),
            (0.0006536680706, 0.007471460236, 0.003),
            (0.000663009395, 0.007578232062, 0.0026),
            (0.0006885303677, 0.007869938115, 0.002307179677),
            (0.0007233926648, 0.008268415994, 0.0022),
            (0.0007582549619, 0.008666893873, 0.002307179677),
            (0.0007837759346, 0.008958599927, 0.0026),
            (0, 0.0091, 0.003),
            (0, 0.008992820323, 0.0034),
            (0, 0.0087, 0.003692820323),
            (0, 0.0083, 0.0038),
            (0, 0.0079, 0.003692820323),
            (0, 0.007607179677, 0.0034),
            (0, 0.0075, 0.003),
            (0, 0.007607179677, 0.0026),
            (0, 0.0079, 0.002307179677),
            (0, 0.0083, 0.0022),
            (0, 0.0087, 0.002307179677),
            (0, 0.008992820323, 0.0026),
            (-0.000793117259, 0.009065371753, 0.003),
            (-0.0007837759346, 0.008958599927, 0.0034),
            (-0.0007582549619, 0.008666893873, 0.003692820323),
            (-0.0007233926648, 0.008268415994, 0.0038),
            (-0.0006885303677, 0.007869938115, 0.003692820323),
            (-0.000663009395, 0.007578232062, 0.0034),
            (-0.0006536680706, 0.007471460236, 0.003),
            (-0.000663009395, 0.007578232062, 0.0026),
            (-0.0006885303677, 0.007869938115, 0.002307179677),
            (-0.0007233926648, 0.008268415994, 0.0022),
            (-0.0007582549619, 0.008666893873, 0.002307179677),
            (-0.0007837759346, 0.008958599927, 0.0026),
            (-0.001580198417, 0.008961750552, 0.003),
            (-0.001561586861, 0.008856199176, 0.0034),
            (-0.001510739146, 0.008567827451, 0.003692820323),
            (-0.001441279875, 0.00817390435, 0.0038),
            (-0.001371820604, 0.007779981249, 0.003692820323),
            (-0.001320972888, 0.007491609524, 0.0034),
            (-0.001302361333, 0.007386058148, 0.003),
            (-0.001320972888, 0.007491609524, 0.0026),
            (-0.001371820604, 0.007779981249, 0.002307179677),
            (-0.001441279875, 0.00817390435, 0.0022),
            (-0.001510739146, 0.008567827451, 0.002307179677),
            (-0.001561586861, 0.008856199176, 0.0026),
            (-0.00235525331, 0.008789925019, 0.003),
            (-0.002327513169, 0.008686397401, 0.0034),
            (-0.002251725692, 0.008403554689, 0.003692820323),
            (-0.002148198074, 0.008017184358, 0.0038),
            (-0.002044670456, 0.007630814028, 0.003692820323),
            (-0.00196888298, 0.007347971315, 0.0034),
            (-0.001941142838, 0.007244443697, 0.003),
            (-0.00196888298, 0.007347971315, 0.0026),
            (-0.002044670456, 0.007630814028, 0.002307179677),
            (-0.002148198074, 0.008017184358, 0.0022),
            (-0.002251725692, 0.008403554689, 0.002307179677),
            (-0.002327513169, 0.008686397401, 0.0026),
            (-0.003112383304, 0.008551202849, 0.003),
            (-0.003075725696, 0.008450486898, 0.0034),
            (-0.002975575247, 0.008175325801, 0.003692820323),
            (-0.00283876719, 0.007799448753, 0.0038),
            (-0.002701959132, 0.007423571704, 0.003692820323),
            (-0.002601808683, 0.007148410607, 0.0034),
            (-0.002565151075, 0.007047694656, 0.003),
            (-0.002601808683, 0.007148410607, 0.0026),
            (-0.002701959132, 0.007423571704, 0.002307179677),
            (-0.00283876719, 0.007799448753, 0.0022),
            (-0.002975575247, 0.008175325801, 0.002307179677),
            (-0.003075725696, 0.008450486898, 0.0026),
            (-0.003845826182, 0.008247400862, 0.003),
            (-0.003800530093, 0.008150263086, 0.0034),
            (-0.003676778877, 0.007884877747, 0.003692820323),
            (-0.003507731572, 0.007522354632, 0.0038),
            (-0.003338684268, 0.007159831518, 0.003692820323),
            (-0.003214933052, 0.006894446179, 0.0034),
            (-0.003169636963, 0.006797308403, 0.003),
            (-0.003214933052, 0.006894446179, 0.0026),
            (-0.003338684268, 0.007159831518, 0.002307179677),
            (-0.003507731572, 0.007522354632, 0.0022),
            (-0.003676778877, 0.007884877747, 0.002307179677),
            (-0.003800530093, 0.008150263086, 0.0026),
            (-0.00455, 0.007880831174, 0.003),
            (-0.004496410162, 0.007788010851, 0.0034),
            (-0.00435, 0.007534421013, 0.003692820323),
            (-0.00415, 0.007188010851, 0.0038),
            (-0.00395, 0.00684160069, 0.003692820323),
            (-0.003803589838, 0.006588010851, 0.0034),
            (-0.00375, 0.006495190528, 0.003),
            (-0.003803589838, 0.006588010851, 0.0026),
            (-0.00395, 0.00684160069, 0.002307179677),
            (-0.00415, 0.007188010851, 0.0022),
            (-0.00435, 0.007534421013, 0.002307179677),
            (-0.004496410162, 0.007788010851, 0.0026),
            (-0.005219545571, 0.007454283603, 0.003),
            (-0.005158069834, 0.007366487152, 0.0034),
            (-0.004990114996, 0.007126622785, 0.003692820323),
            (-0.004760684422, 0.006798961968, 0.0038),
            (-0.004531253847, 0.00647130115, 0.003692820323),
            (-0.00436329901, 0.006231436784, 0.0034),
            (-0.004301823273, 0.006143640332, 0.003),
            (-0.00436329901, 0.006231436784, 0.0026),
            (-0.004531253847, 0.00647130115, 0.002307179677),
            (-0.004760684422, 0.006798961968, 0.0022),
            (-0.004990114996, 0.007126622785, 0.002307179677),
            (-0.005158069834, 0.007366487152, 0.0026),
            (-0.005849367248, 0.006971004432, 0.003),
            (-0.00578047348, 0.006888900036, 0.0034),
            (-0.005592252204, 0.006664586655, 0.003692820323),
            (-0.00533513716, 0.006358168878, 0.0038),
            (-0.005078022117, 0.006051751101, 0.003692820323),
            (-0.004889800841, 0.005827437719, 0.0034),
            (-0.004820907073, 0.005745333323, 0.003),
            (-0.004889800841, 0.005827437719, 0.0026),
            (-0.005078022117, 0.006051751101, 0.002307179677),
            (-0.00533513716, 0.006358168878, 0.0022),
            (-0.005592252204, 0.006664586655, 0.002307179677),
            (-0.00578047348, 0.006888900036, 0.0026),
            (-0.006434671709, 0.006434671709, 0.003),
            (-0.006358884232, 0.006358884232, 0.0034),
            (-0.006151828996, 0.006151828996, 0.003692820323),
            (-0.005868986284, 0.005868986284, 0.0038),
            (-0.005586143571, 0.005586143571, 0.003692820323),
            (-0.005379088335, 0.005379088335, 0.0034),
            (-0.005303300859, 0.005303300859, 0.003),
            (-0.005379088335, 0.005379088335, 0.0026),
            (-0.005586143571, 0.005586143571, 0.002307179677),
            (-0.005868986284, 0.005868986284, 0.0022),
            (-0.006151828996, 0.006151828996, 0.002307179677),
            (-0.006358884232, 0.006358884232, 0.0026),
            (-0.006971004432, 0.005849367248, 0.003),
            (-0.006888900036, 0.00578047348, 0.0034),
            (-0.006664586655, 0.005592252204, 0.003692820323),
            (-0.006358168878, 0.00533513716, 0.0038),
            (-0.006051751101, 0.005078022117, 0.003692820323),
            (-0.005827437719, 0.004889800841, 0.0034),
            (-0.005745333323, 0.004820907073, 0.003),
            (-0.005827437719, 0.004889800841, 0.0026),
            (-0.006051751101, 0.005078022117, 0.002307179677),
            (-0.006358168878, 0.00533513716, 0.0022),
            (-0.006664586655, 0.005592252204, 0.002307179677),
            (-0.006888900036, 0.00578047348, 0.0026),
            (-0.007454283603, 0.005219545571, 0.003),
            (-0.007366487152, 0.005158069834, 0.0034),
            (-0.007126622785, 0.004990114996, 0.003692820323),
            (-0.006798961968, 0.004760684422, 0.0038),
            (-0.00647130115, 0.004531253847, 0.003692820323),
            (-0.006231436784, 0.00436329901, 0.0034),
            (-0.006143640332, 0.004301823273, 0.003),
            (-0.006231436784, 0.00436329901, 0.0026),
            (-0.00647130115, 0.004531253847, 0.002307179677),
            (-0.006798961968, 0.004760684422, 0.0022),
            (-0.007126622785, 0.004990114996, 0.002307179677),
            (-0.007366487152, 0.005158069834, 0.0026),
            (-0.007880831174, 0.00455, 0.003),
            (-0.007788010851, 0.004496410162, 0.0034),
            (-0.007534421013, 0.00435, 0.003692820323),
            (-0.007188010851, 0.00415, 0.0038),
            (-0.00684160069, 0.00395, 0.003692820323),
            (-0.006588010851, 0.003803589838, 0.0034),
            (-0.006495190528, 0.00375, 0.003),
            (-0.006588010851, 0.003803589838, 0.0026),
            (-0.00684160069, 0.00395, 0.002307179677),
            (-0.007188010851, 0.00415, 0.0022),
            (-0.007534421013, 0.00435, 0.002307179677),
            (-0.007788010851, 0.004496410162, 0.0026),
            (-0.008247400862, 0.003845826182, 0.003),
            (-0.008150263086, 0.003800530093, 0.0034),
            (-0.007884877747, 0.003676778877, 0.003692820323),
            (-0.007522354632, 0.003507731572, 0.0038),
            (-0.007159831518, 0.003338684268, 0.003692820323),
            (-0.006894446179, 0.003214933052, 0.0034),
            (-0.006797308403, 0.003169636963, 0.003),
            (-0.006894446179, 0.003214933052, 0.0026),
            (-0.007159831518, 0.003338684268, 0.002307179677),
            (-0.007522354632, 0.003507731572, 0.0022),
            (-0.007884877747, 0.003676778877, 0.002307179677),
            (-0.008150263086, 0.003800530093, 0.0026),
            (-0.008551202849, 0.003112383304, 0.003),
            (-0.008450486898, 0.003075725696, 0.0034),
            (-0.008175325801, 0.002975575247, 0.003692820323),
            (-0.007799448753, 0.00283876719, 0.0038),
            (-0.007423571704, 0.002701959132, 0.003692820323),
            (-0.007148410607, 0.002601808683, 0.0034),
            (-0.007047694656, 0.002565151075, 0.003),
            (-0.007148410607, 0.002601808683, 0.0026),
            (-0.007423571704, 0.002701959132, 0.002307179677),
            (-0.007799448753, 0.00283876719, 0.0022),
            (-0.008175325801, 0.002975575247, 0.002307179677),
            (-0.008450486898, 0.003075725696, 0.0026),
            (-0.008789925019, 0.00235525331, 0.003),
            (-0.008686397401, 0.002327513169, 0.0034),
            (-0.008403554689, 0.002251725692, 0.003692820323),
            (-0.008017184358, 0.002148198074, 0.0038),
            (-0.007630814028, 0.002044670456, 0.003692820323),
            (-0.007347971315, 0.00196888298, 0.0034),
            (-0.007244443697, 0.001941142838, 0.003),
            (-0.007347971315, 0.00196888298, 0.0026),
            (-0.007630814028, 0.002044670456, 0.002307179677),
            (-0.008017184358, 0.002148198074, 0.0022),
            (-0.008403554689, 0.002251725692, 0.002307179677),
            (-0.008686397401, 0.002327513169, 0.0026),
            (-0.008961750552, 0.001580198417, 0.003),
            (-0.008856199176, 0.001561586861, 0.0034),
            (-0.008567827451, 0.001510739146, 0.003692820323),
            (-0.00817390435, 0.001441279875, 0.0038),
            (-0.007779981249, 0.001371820604, 0.003692820323),
            (-0.007491609524, 0.001320972888, 0.0034),
            (-0.007386058148, 0.001302361333, 0.003),
            (-0.007491609524, 0.001320972888, 0.0026),
            (-0.007779981249, 0.001371820604, 0.002307179677),
            (-0.00817390435, 0.001441279875, 0.0022),
            (-0.008567827451, 0.001510739146, 0.002307179677),
            (-0.008856199176, 0.001561586861, 0.0026),
            (-0.009065371753, 0.000793117259, 0.003),
            (-0.008958599927, 0.0007837759346, 0.0034),
            (-0.008666893873, 0.0007582549619, 0.003692820323),
            (-0.008268415994, 0.0007233926648, 0.0038),
            (-0.007869938115, 0.0006885303677, 0.003692820323),
            (-0.007578232062, 0.000663009395, 0.0034),
            (-0.007471460236, 0.0006536680706, 0.003),
            (-0.007578232062, 0.000663009395, 0.0026),
            (-0.007869938115, 0.0006885303677, 0.002307179677),
            (-0.008268415994, 0.0007233926648, 0.0022),
            (-0.008666893873, 0.0007582549619, 0.002307179677),
            (-0.008958599927, 0.0007837759346, 0.0026),
            (-0.0091, 0, 0.003),
            (-0.008992820323, 0, 0.0034),
            (-0.0087, 0, 0.003692820323),
            (-0.0083, 0, 0.0038),
            (-0.0079, 0, 0.003692820323),
            (-0.007607179677, 0, 0.0034),
            (-0.0075, 0, 0.003),
            (-0.007607179677, 0, 0.0026),
            (-0.0079, 0, 0.002307179677),
            (-0.0083, 0, 0.0022),
            (-0.0087, 0, 0.002307179677),
            (-0.008992820323, 0, 0.0026),
            (-0.009065371753, -0.000793117259, 0.003),
            (-0.008958599927, -0.0007837759346, 0.0034),
            (-0.008666893873, -0.0007582549619, 0.003692820323),
            (-0.008268415994, -0.0007233926648, 0.0038),
            (-0.007869938115, -0.0006885303677, 0.003692820323),
            (-0.007578232062, -0.000663009395, 0.0034),
            (-0.007471460236, -0.0006536680706, 0.003),
            (-0.007578232062, -0.000663009395, 0.0026),
            (-0.007869938115, -0.0006885303677, 0.002307179677),
            (-0.008268415994, -0.0007233926648, 0.0022),
            (-0.008666893873, -0.0007582549619, 0.002307179677),
            (-0.008958599927, -0.0007837759346, 0.0026),
            (-0.008961750552, -0.001580198417, 0.003),
            (-0.008856199176, -0.001561586861, 0.0034),
            (-0.008567827451, -0.001510739146, 0.003692820323),
            (-0.00817390435, -0.001441279875, 0.0038),
            (-0.007779981249, -0.001371820604, 0.003692820323),
            (-0.007491609524, -0.001320972888, 0.0034),
            (-0.007386058148, -0.001302361333, 0.003),
            (-0.007491609524, -0.001320972888, 0.0026),
            (-0.007779981249, -0.001371820604, 0.002307179677),
            (-0.00817390435, -0.001441279875, 0.0022),
            (-0.008567827451, -0.001510739146, 0.002307179677),
            (-0.008856199176, -0.001561586861, 0.0026),
            (-0.008789925019, -0.00235525331, 0.003),
            (-0.008686397401, -0.002327513169, 0.0034),
            (-0.008403554689, -0.002251725692, 0.003692820323),
            (-0.008017184358, -0.002148198074, 0.0038),
            (-0.007630814028, -0.002044670456, 0.003692820323),
            (-0.007347971315, -0.00196888298, 0.0034),
            (-0.007244443697, -0.001941142838, 0.003),
            (-0.007347971315, -0.00196888298, 0.0026),
            (-0.007630814028, -0.002044670456, 0.002307179677),
            (-0.008017184358, -0.002148198074, 0.0022),
            (-0.008403554689, -0.002251725692, 0.002307179677),
            (-0.008686397401, -0.002327513169, 0.0026),
            (-0.008551202849, -0.003112383304, 0.003),
            (-0.008450486898, -0.003075725696, 0.0034),
            (-0.008175325801, -0.002975575247, 0.003692820323),
            (-0.007799448753, -0.00283876719, 0.0038),
            (-0.007423571704, -0.002701959132, 0.003692820323),
            (-0.007148410607, -0.002601808683, 0.0034),
            (-0.007047694656, -0.002565151075, 0.003),
            (-0.007148410607, -0.002601808683, 0.0026),
            (-0.007423571704, -0.002701959132, 0.002307179677),
            (-0.007799448753, -0.00283876719, 0.0022),
            (-0.008175325801, -0.002975575247, 0.002307179677),
            (-0.008450486898, -0.003075725696, 0.0026),
            (-0.008247400862, -0.003845826182, 0.003),
            (-0.008150263086, -0.003800530093, 0.0034),
            (-0.007884877747, -0.003676778877, 0.003692820323),
            (-0.007522354632, -0.003507731572, 0.0038),
            (-0.007159831518, -0.003338684268, 0.003692820323),
            (-0.006894446179, -0.003214933052, 0.0034),
            (-0.006797308403, -0.003169636963, 0.003),
            (-0.006894446179, -0.003214933052, 0.0026),
            (-0.007159831518, -0.003338684268, 0.002307179677),
            (-0.007522354632, -0.003507731572, 0.0022),
            (-0.007884877747, -0.003676778877, 0.002307179677),
            (-0.008150263086, -0.003800530093, 0.0026),
            (-0.007880831174, -0.00455, 0.003),
            (-0.007788010851, -0.004496410162, 0.0034),
            (-0.007534421013, -0.00435, 0.003692820323),
            (-0.007188010851, -0.00415, 0.0038),
            (-0.00684160069, -0.00395, 0.003692820323),
            (-0.006588010851, -0.003803589838, 0.0034),
            (-0.006495190528, -0.00375, 0.003),
            (-0.006588010851, -0.003803589838, 0.0026),
            (-0.00684160069, -0.00395, 0.002307179677),
            (-0.007188010851, -0.00415, 0.0022),
            (-0.007534421013, -0.00435, 0.002307179677),
            (-0.007788010851, -0.004496410162, 0.0026),
            (-0.007454283603, -0.005219545571, 0.003),
            (-0.007366487152, -0.005158069834, 0.0034),
            (-0.007126622785, -0.004990114996, 0.003692820323),
            (-0.006798961968, -0.004760684422, 0.0038),
            (-0.00647130115, -0.004531253847, 0.003692820323),
            (-0.006231436784, -0.00436329901, 0.0034),
            (-0.006143640332, -0.004301823273, 0.003),
            (-0.006231436784, -0.00436329901, 0.0026),
            (-0.00647130115, -0.004531253847, 0.002307179677),
            (-0.006798961968, -0.004760684422, 0.0022),
            (-0.007126622785, -0.004990114996, 0.002307179677),
            (-0.007366487152, -0.005158069834, 0.0026),
            (-0.006971004432, -0.005849367248, 0.003),
            (-0.006888900036, -0.00578047348, 0.0034),
            (-0.006664586655, -0.005592252204, 0.003692820323),
            (-0.006358168878, -0.00533513716, 0.0038),
            (-0.006051751101, -0.005078022117, 0.003692820323),
            (-0.005827437719, -0.004889800841, 0.0034),
            (-0.005745333323, -0.004820907073, 0.003),
            (-0.005827437719, -0.004889800841, 0.0026),
            (-0.006051751101, -0.005078022117, 0.002307179677),
            (-0.006358168878, -0.00533513716, 0.0022),
            (-0.006664586655, -0.005592252204, 0.002307179677),
            (-0.006888900036, -0.00578047348, 0.0026),
            (-0.006434671709, -0.006434671709, 0.003),
            (-0.006358884232, -0.006358884232, 0.0034),
            (-0.006151828996, -0.006151828996, 0.003692820323),
            (-0.005868986284, -0.005868986284, 0.0038),
            (-0.005586143571, -0.005586143571, 0.003692820323),
            (-0.005379088335, -0.005379088335, 0.0034),
            (-0.005303300859, -0.005303300859, 0.003),
            (-0.005379088335, -0.005379088335, 0.0026),
            (-0.005586143571, -0.005586143571, 0.002307179677),
            (-0.005868986284, -0.005868986284, 0.0022),
            (-0.006151828996, -0.006151828996, 0.002307179677),
            (-0.006358884232, -0.006358884232, 0.0026),
            (-0.005849367248, -0.006971004432, 0.003),
            (-0.00578047348, -0.006888900036, 0.0034),
            (-0.005592252204, -0.006664586655, 0.003692820323),
            (-0.00533513716, -0.006358168878, 0.0038),
            (-0.005078022117, -0.006051751101, 0.003692820323),
            (-0.004889800841, -0.005827437719, 0.0034),
            (-0.004820907073, -0.005745333323, 0.003),
            (-0.004889800841, -0.005827437719, 0.0026),
            (-0.005078022117, -0.006051751101, 0.002307179677),
            (-0.00533513716, -0.006358168878, 0.0022),
            (-0.005592252204, -0.006664586655, 0.002307179677),
            (-0.00578047348, -0.006888900036, 0.0026),
            (-0.005219545571, -0.007454283603, 0.003),
            (-0.005158069834, -0.007366487152, 0.0034),
            (-0.004990114996, -0.007126622785, 0.003692820323),
            (-0.004760684422, -0.006798961968, 0.0038),
            (-0.004531253847, -0.00647130115, 0.003692820323),
            (-0.00436329901, -0.006231436784, 0.0034),
            (-0.004301823273, -0.006143640332, 0.003),
            (-0.00436329901, -0.006231436784, 0.0026),
            (-0.004531253847, -0.00647130115, 0.002307179677),
            (-0.004760684422, -0.006798961968, 0.0022),
            (-0.004990114996, -0.007126622785, 0.002307179677),
            (-0.005158069834, -0.007366487152, 0.0026),
            (-0.00455, -0.007880831174, 0.003),
            (-0.004496410162, -0.007788010851, 0.0034),
            (-0.00435, -0.007534421013, 0.003692820323),
            (-0.00415, -0.007188010851, 0.0038),
            (-0.00395, -0.00684160069, 0.003692820323),
            (-0.003803589838, -0.006588010851, 0.0034),
            (-0.00375, -0.006495190528, 0.003),
            (-0.003803589838, -0.006588010851, 0.0026),
            (-0.00395, -0.00684160069, 0.002307179677),
            (-0.00415, -0.007188010851, 0.0022),
            (-0.00435, -0.007534421013, 0.002307179677),
            (-0.004496410162, -0.007788010851, 0.0026),
            (-0.003845826182, -0.008247400862, 0.003),
            (-0.003800530093, -0.008150263086, 0.0034),
            (-0.003676778877, -0.007884877747, 0.003692820323),
            (-0.003507731572, -0.007522354632, 0.0038),
            (-0.003338684268, -0.007159831518, 0.003692820323),
            (-0.003214933052, -0.006894446179, 0.0034),
            (-0.003169636963, -0.006797308403, 0.003),
            (-0.003214933052, -0.006894446179, 0.0026),
            (-0.003338684268, -0.007159831518, 0.002307179677),
            (-0.003507731572, -0.007522354632, 0.0022),
            (-0.003676778877, -0.007884877747, 0.002307179677),
            (-0.003800530093, -0.008150263086, 0.0026),
            (-0.003112383304, -0.008551202849, 0.003),
            (-0.003075725696, -0.008450486898, 0.0034),
            (-0.002975575247, -0.008175325801, 0.003692820323),
            (-0.00283876719, -0.007799448753, 0.0038),
            (-0.002701959132, -0.007423571704, 0.003692820323),
            (-0.002601808683, -0.007148410607, 0.0034),
            (-0.002565151075, -0.007047694656, 0.003),
            (-0.002601808683, -0.007148410607, 0.0026),
            (-0.002701959132, -0.007423571704, 0.002307179677),
            (-0.00283876719, -0.007799448753, 0.0022),
            (-0.002975575247, -0.008175325801, 0.002307179677),
            (-0.003075725696, -0.008450486898, 0.0026),
            (-0.00235525331, -0.008789925019, 0.003),
            (-0.002327513169, -0.008686397401, 0.0034),
            (-0.002251725692, -0.008403554689, 0.003692820323),
            (-0.002148198074, -0.008017184358, 0.0038),
            (-0.002044670456, -0.007630814028, 0.003692820323),
            (-0.00196888298, -0.007347971315, 0.0034),
            (-0.001941142838, -0.007244443697, 0.003),
            (-0.00196888298, -0.007347971315, 0.0026),
            (-0.002044670456, -0.007630814028, 0.002307179677),
            (-0.002148198074, -0.008017184358, 0.0022),
            (-0.002251725692, -0.008403554689, 0.002307179677),
            (-0.002327513169, -0.008686397401, 0.0026),
            (-0.001580198417, -0.008961750552, 0.003),
            (-0.001561586861, -0.008856199176, 0.0034),
            (-0.001510739146, -0.008567827451, 0.003692820323),
            (-0.001441279875, -0.00817390435, 0.0038),
            (-0.001371820604, -0.007779981249, 0.003692820323),
            (-0.001320972888, -0.007491609524, 0.0034),
            (-0.001302361333, -0.007386058148, 0.003),
            (-0.001320972888, -0.007491609524, 0.0026),
            (-0.001371820604, -0.007779981249, 0.002307179677),
            (-0.001441279875, -0.00817390435, 0.0022),
            (-0.001510739146, -0.008567827451, 0.002307179677),
            (-0.001561586861, -0.008856199176, 0.0026),
            (-0.000793117259, -0.009065371753, 0.003),
            (-0.0007837759346, -0.008958599927, 0.0034),
            (-0.0007582549619, -0.008666893873, 0.003692820323),
            (-0.0007233926648, -0.008268415994, 0.0038),
            (-0.0006885303677, -0.007869938115, 0.003692820323),
            (-0.000663009395, -0.007578232062, 0.0034),
            (-0.0006536680706, -0.007471460236, 0.003),
            (-0.000663009395, -0.007578232062, 0.0026),
            (-0.0006885303677, -0.007869938115, 0.002307179677),
            (-0.0007233926648, -0.008268415994, 0.0022),
            (-0.0007582549619, -0.008666893873, 0.002307179677),
            (-0.0007837759346, -0.008958599927, 0.0026),
            (0, -0.0091, 0.003),
            (0, -0.008992820323, 0.0034),
            (0, -0.0087, 0.003692820323),
            (0, -0.0083, 0.0038),
            (0, -0.0079, 0.003692820323),
            (0, -0.007607179677, 0.0034),
            (0, -0.0075, 0.003),
            (0, -0.007607179677, 0.0026),
            (0, -0.0079, 0.002307179677),
            (0, -0.0083, 0.0022),
            (0, -0.0087, 0.002307179677),
            (0, -0.008992820323, 0.0026),
            (0.000793117259, -0.009065371753, 0.003),
            (0.0007837759346, -0.008958599927, 0.0034),
            (0.0007582549619, -0.008666893873, 0.003692820323),
            (0.0007233926648, -0.008268415994, 0.0038),
            (0.0006885303677, -0.007869938115, 0.003692820323),
            (0.000663009395, -0.007578232062, 0.0034),
            (0.0006536680706, -0.007471460236, 0.003),
            (0.000663009395, -0.007578232062, 0.0026),
            (0.0006885303677, -0.007869938115, 0.002307179677),
            (0.0007233926648, -0.008268415994, 0.0022),
            (0.0007582549619, -0.008666893873, 0.002307179677),
            (0.0007837759346, -0.008958599927, 0.0026),
            (0.001580198417, -0.008961750552, 0.003),
            (0.001561586861, -0.008856199176, 0.0034),
            (0.001510739146, -0.008567827451, 0.003692820323),
            (0.001441279875, -0.00817390435, 0.0038),
            (0.001371820604, -0.007779981249, 0.003692820323),
            (0.001320972888, -0.007491609524, 0.0034),
            (0.001302361333, -0.007386058148, 0.003),
            (0.001320972888, -0.007491609524, 0.0026),
            (0.001371820604, -0.007779981249, 0.002307179677),
            (0.001441279875, -0.00817390435, 0.0022),
            (0.001510739146, -0.008567827451, 0.002307179677),
            (0.001561586861, -0.008856199176, 0.0026),
            (0.00235525331, -0.008789925019, 0.003),
            (0.002327513169, -0.008686397401, 0.0034),
            (0.002251725692, -0.008403554689, 0.003692820323),
            (0.002148198074, -0.008017184358, 0.0038),
            (0.002044670456, -0.007630814028, 0.003692820323),
            (0.00196888298, -0.007347971315, 0.0034),
            (0.001941142838, -0.007244443697, 0.003),
            (0.00196888298, -0.007347971315, 0.0026),
            (0.002044670456, -0.007630814028, 0.002307179677),
            (0.002148198074, -0.008017184358, 0.0022),
            (0.002251725692, -0.008403554689, 0.002307179677),
            (0.002327513169, -0.008686397401, 0.0026),
            (0.003112383304, -0.008551202849, 0.003),
            (0.003075725696, -0.008450486898, 0.0034),
            (0.002975575247, -0.008175325801, 0.003692820323),
            (0.00283876719, -0.007799448753, 0.0038),
            (0.002701959132, -0.007423571704, 0.003692820323),
            (0.002601808683, -0.007148410607, 0.0034),
            (0.002565151075, -0.007047694656, 0.003),
            (0.002601808683, -0.007148410607, 0.0026),
            (0.002701959132, -0.007423571704, 0.002307179677),
            (0.00283876719, -0.007799448753, 0.0022),
            (0.002975575247, -0.008175325801, 0.002307179677),
            (0.003075725696, -0.008450486898, 0.0026),
            (0.003845826182, -0.008247400862, 0.003),
            (0.003800530093, -0.008150263086, 0.0034),
            (0.003676778877, -0.007884877747, 0.003692820323),
            (0.003507731572, -0.007522354632, 0.0038),
            (0.003338684268, -0.007159831518, 0.003692820323),
            (0.003214933052, -0.006894446179, 0.0034),
            (0.003169636963, -0.006797308403, 0.003),
            (0.003214933052, -0.006894446179, 0.0026),
            (0.003338684268, -0.007159831518, 0.002307179677),
            (0.003507731572, -0.007522354632, 0.0022),
            (0.003676778877, -0.007884877747, 0.002307179677),
            (0.003800530093, -0.008150263086, 0.0026),
            (0.00455, -0.007880831174, 0.003),
            (0.004496410162, -0.007788010851, 0.0034),
            (0.00435, -0.007534421013, 0.003692820323),
            (0.00415, -0.007188010851, 0.0038),
            (0.00395, -0.00684160069, 0.003692820323),
            (0.003803589838, -0.006588010851, 0.0034),
            (0.00375, -0.006495190528, 0.003),
            (0.003803589838, -0.006588010851, 0.0026),
            (0.00395, -0.00684160069, 0.002307179677),
            (0.00415, -0.007188010851, 0.0022),
            (0.00435, -0.007534421013, 0.002307179677),
            (0.004496410162, -0.007788010851, 0.0026),
            (0.005219545571, -0.007454283603, 0.003),
            (0.005158069834, -0.007366487152, 0.0034),
            (0.004990114996, -0.007126622785, 0.003692820323),
            (0.004760684422, -0.006798961968, 0.0038),
            (0.004531253847, -0.00647130115, 0.003692820323),
            (0.00436329901, -0.006231436784, 0.0034),
            (0.004301823273, -0.006143640332, 0.003),
            (0.00436329901, -0.006231436784, 0.0026),
            (0.004531253847, -0.00647130115, 0.002307179677),
            (0.004760684422, -0.006798961968, 0.0022),
            (0.004990114996, -0.007126622785, 0.002307179677),
            (0.005158069834, -0.007366487152, 0.0026),
            (0.005849367248, -0.006971004432, 0.003),
            (0.00578047348, -0.006888900036, 0.0034),
            (0.005592252204, -0.006664586655, 0.003692820323),
            (0.00533513716, -0.006358168878, 0.0038),
            (0.005078022117, -0.006051751101, 0.003692820323),
            (0.004889800841, -0.005827437719, 0.0034),
            (0.004820907073, -0.005745333323, 0.003),
            (0.004889800841, -0.005827437719, 0.0026),
            (0.005078022117, -0.006051751101, 0.002307179677),
            (0.00533513716, -0.006358168878, 0.0022),
            (0.005592252204, -0.006664586655, 0.002307179677),
            (0.00578047348, -0.006888900036, 0.0026),
            (0.006434671709, -0.006434671709, 0.003),
            (0.006358884232, -0.006358884232, 0.0034),
            (0.006151828996, -0.006151828996, 0.003692820323),
            (0.005868986284, -0.005868986284, 0.0038),
            (0.005586143571, -0.005586143571, 0.003692820323),
            (0.005379088335, -0.005379088335, 0.0034),
            (0.005303300859, -0.005303300859, 0.003),
            (0.005379088335, -0.005379088335, 0.0026),
            (0.005586143571, -0.005586143571, 0.002307179677),
            (0.005868986284, -0.005868986284, 0.0022),
            (0.006151828996, -0.006151828996, 0.002307179677),
            (0.006358884232, -0.006358884232, 0.0026),
            (0.006971004432, -0.005849367248, 0.003),
            (0.006888900036, -0.00578047348, 0.0034),
            (0.006664586655, -0.005592252204, 0.003692820323),
            (0.006358168878, -0.00533513716, 0.0038),
            (0.006051751101, -0.005078022117, 0.003692820323),
            (0.005827437719, -0.004889800841, 0.0034),
            (0.005745333323, -0.004820907073, 0.003),
            (0.005827437719, -0.004889800841, 0.0026),
            (0.006051751101, -0.005078022117, 0.002307179677),
            (0.006358168878, -0.00533513716, 0.0022),
            (0.006664586655, -0.005592252204, 0.002307179677),
            (0.006888900036, -0.00578047348, 0.0026),
            (0.007454283603, -0.005219545571, 0.003),
            (0.007366487152, -0.005158069834, 0.0034),
            (0.007126622785, -0.004990114996, 0.003692820323),
            (0.006798961968, -0.004760684422, 0.0038),
            (0.00647130115, -0.004531253847, 0.003692820323),
            (0.006231436784, -0.00436329901, 0.0034),
            (0.006143640332, -0.004301823273, 0.003),
            (0.006231436784, -0.00436329901, 0.0026),
            (0.00647130115, -0.004531253847, 0.002307179677),
            (0.006798961968, -0.004760684422, 0.0022),
            (0.007126622785, -0.004990114996, 0.002307179677),
            (0.007366487152, -0.005158069834, 0.0026),
            (0.007880831174, -0.00455, 0.003),
            (0.007788010851, -0.004496410162, 0.0034),
            (0.007534421013, -0.00435, 0.003692820323),
            (0.007188010851, -0.00415, 0.0038),
            (0.00684160069, -0.00395, 0.003692820323),
            (0.006588010851, -0.003803589838, 0.0034),
            (0.006495190528, -0.00375, 0.003),
            (0.006588010851, -0.003803589838, 0.0026),
            (0.00684160069, -0.00395, 0.002307179677),
            (0.007188010851, -0.00415, 0.0022),
            (0.007534421013, -0.00435, 0.002307179677),
            (0.007788010851, -0.004496410162, 0.0026),
            (0.008247400862, -0.003845826182, 0.003),
            (0.008150263086, -0.003800530093, 0.0034),
            (0.007884877747, -0.003676778877, 0.003692820323),
            (0.007522354632, -0.003507731572, 0.0038),
            (0.007159831518, -0.003338684268, 0.003692820323),
            (0.006894446179, -0.003214933052, 0.0034),
            (0.006797308403, -0.003169636963, 0.003),
            (0.006894446179, -0.003214933052, 0.0026),
            (0.007159831518, -0.003338684268, 0.002307179677),
            (0.007522354632, -0.003507731572, 0.0022),
            (0.007884877747, -0.003676778877, 0.002307179677),
            (0.008150263086, -0.003800530093, 0.0026),
            (0.008551202849, -0.003112383304, 0.003),
            (0.008450486898, -0.003075725696, 0.0034),
            (0.008175325801, -0.002975575247, 0.003692820323),
            (0.007799448753, -0.00283876719, 0.0038),
            (0.007423571704, -0.002701959132, 0.003692820323),
            (0.007148410607, -0.002601808683, 0.0034),
            (0.007047694656, -0.002565151075, 0.003),
            (0.007148410607, -0.002601808683, 0.0026),
            (0.007423571704, -0.002701959132, 0.002307179677),
            (0.007799448753, -0.00283876719, 0.0022),
            (0.008175325801, -0.002975575247, 0.002307179677),
            (0.008450486898, -0.003075725696, 0.0026),
            (0.008789925019, -0.00235525331, 0.003),
            (0.008686397401, -0.002327513169, 0.0034),
            (0.008403554689, -0.002251725692, 0.003692820323),
            (0.008017184358, -0.002148198074, 0.0038),
            (0.007630814028, -0.002044670456, 0.003692820323),
            (0.007347971315, -0.00196888298, 0.0034),
            (0.007244443697, -0.001941142838, 0.003),
            (0.007347971315, -0.00196888298, 0.0026),
            (0.007630814028, -0.002044670456, 0.002307179677),
            (0.008017184358, -0.002148198074, 0.0022),
            (0.008403554689, -0.002251725692, 0.002307179677),
            (0.008686397401, -0.002327513169, 0.0026),
            (0.008961750552, -0.001580198417, 0.003),
            (0.008856199176, -0.001561586861, 0.0034),
            (0.008567827451, -0.001510739146, 0.003692820323),
            (0.00817390435, -0.001441279875, 0.0038),
            (0.007779981249, -0.001371820604, 0.003692820323),
            (0.007491609524, -0.001320972888, 0.0034),
            (0.007386058148, -0.001302361333, 0.003),
            (0.007491609524, -0.001320972888, 0.0026),
            (0.007779981249, -0.001371820604, 0.002307179677),
            (0.00817390435, -0.001441279875, 0.0022),
            (0.008567827451, -0.001510739146, 0.002307179677),
            (0.008856199176, -0.001561586861, 0.0026),
            (0.009065371753, -0.000793117259, 0.003),
            (0.008958599927, -0.0007837759346, 0.0034),
            (0.008666893873, -0.0007582549619, 0.003692820323),
            (0.008268415994, -0.0007233926648, 0.0038),
            (0.007869938115, -0.0006885303677, 0.003692820323),
            (0.007578232062, -0.000663009395, 0.0034),
            (0.007471460236, -0.0006536680706, 0.003),
            (0.007578232062, -0.000663009395, 0.0026),
            (0.007869938115, -0.0006885303677, 0.002307179677),
            (0.008268415994, -0.0007233926648, 0.0022),
            (0.008666893873, -0.0007582549619, 0.002307179677),
            (0.008958599927, -0.0007837759346, 0.0026),
            (0, 0, -0.003),
            (0.004, 0, -0.003),
            (0.004, 0, 0.002),
            (0, 0, 0.002),
            (0.003965779445, 0.0005221047689, -0.003),
            (0.003965779445, 0.0005221047689, 0.002),
            (0.003863703305, 0.00103527618, -0.003),
            (0.003863703305, 0.00103527618, 0.002),
            (0.00369551813, 0.001530733729, -0.003),
            (0.00369551813, 0.001530733729, 0.002),
            (0.003464101615, 0.002, -0.003),
            (0.003464101615, 0.002, 0.002),
            (0.003173413361, 0.002435045716, -0.003),
            (0.003173413361, 0.002435045716, 0.002),
            (0.002828427125, 0.002828427125, -0.003),
            (0.002828427125, 0.002828427125, 0.002),
            (0.002435045716, 0.003173413361, -0.003),
            (0.002435045716, 0.003173413361, 0.002),
            (0.002, 0.003464101615, -0.003),
            (0.002, 0.003464101615, 0.002),
            (0.001530733729, 0.00369551813, -0.003),
            (0.001530733729, 0.00369551813, 0.002),
            (0.00103527618, 0.003863703305, -0.003),
            (0.00103527618, 0.003863703305, 0.002),
            (0.0005221047689, 0.003965779445, -0.003),
            (0.0005221047689, 0.003965779445, 0.002),
            (0, 0.004, -0.003),
            (0, 0.004, 0.002),
            (-0.0005221047689, 0.003965779445, -0.003),
            (-0.0005221047689, 0.003965779445, 0.002),
            (-0.00103527618, 0.003863703305, -0.003),
            (-0.00103527618, 0.003863703305, 0.002),
            (-0.001530733729, 0.00369551813, -0.003),
            (-0.001530733729, 0.00369551813, 0.002),
            (-0.002, 0.003464101615, -0.003),
            (-0.002, 0.003464101615, 0.002),
            (-0.002435045716, 0.003173413361, -0.003),
            (-0.002435045716, 0.003173413361, 0.002),
            (-0.002828427125, 0.002828427125, -0.003),
            (-0.002828427125, 0.002828427125, 0.002),
            (-0.003173413361, 0.002435045716, -0.003),
            (-0.003173413361, 0.002435045716, 0.002),
            (-0.003464101615, 0.002, -0.003),
            (-0.003464101615, 0.002, 0.002),
            (-0.00369551813, 0.001530733729, -0.003),
            (-0.00369551813, 0.001530733729, 0.002),
            (-0.003863703305, 0.00103527618, -0.003),
            (-0.003863703305, 0.00103527618, 0.002),
            (-0.003965779445, 0.0005221047689, -0.003),
            (-0.003965779445, 0.0005221047689, 0.002),
            (-0.004, 0, -0.003),
            (-0.004, 0, 0.002),
            (-0.003965779445, -0.0005221047689, -0.003),
            (-0.003965779445, -0.0005221047689, 0.002),
            (-0.003863703305, -0.00103527618, -0.003),
            (-0.003863703305, -0.00103527618, 0.002),
            (-0.00369551813, -0.001530733729, -0.003),
            (-0.00369551813, -0.001530733729, 0.002),
            (-0.003464101615, -0.002, -0.003),
            (-0.003464101615, -0.002, 0.002),
            (-0.003173413361, -0.002435045716, -0.003),
            (-0.003173413361, -0.002435045716, 0.002),
            (-0.002828427125, -0.002828427125, -0.003),
            (-0.002828427125, -0.002828427125, 0.002),
            (-0.002435045716, -0.003173413361, -0.003),
            (-0.002435045716, -0.003173413361, 0.002),
            (-0.002, -0.003464101615, -0.003),
            (-0.002, -0.003464101615, 0.002),
            (-0.001530733729, -0.00369551813, -0.003),
            (-0.001530733729, -0.00369551813, 0.002),
            (-0.00103527618, -0.003863703305, -0.003),
            (-0.00103527618, -0.003863703305, 0.002),
            (-0.0005221047689, -0.003965779445, -0.003),
            (-0.0005221047689, -0.003965779445, 0.002),
            (0, -0.004, -0.003),
            (0, -0.004, 0.002),
            (0.0005221047689, -0.003965779445, -0.003),
            (0.0005221047689, -0.003965779445, 0.002),
            (0.00103527618, -0.003863703305, -0.003),
            (0.00103527618, -0.003863703305, 0.002),
            (0.001530733729, -0.00369551813, -0.003),
            (0.001530733729, -0.00369551813, 0.002),
            (0.002, -0.003464101615, -0.003),
            (0.002, -0.003464101615, 0.002),
            (0.002435045716, -0.003173413361, -0.003),
            (0.002435045716, -0.003173413361, 0.002),
            (0.002828427125, -0.002828427125, -0.003),
            (0.002828427125, -0.002828427125, 0.002),
            (0.003173413361, -0.002435045716, -0.003),
            (0.003173413361, -0.002435045716, 0.002),
            (0.003464101615, -0.002, -0.003),
            (0.003464101615, -0.002, 0.002),
            (0.00369551813, -0.001530733729, -0.003),
            (0.00369551813, -0.001530733729, 0.002),
            (0.003863703305, -0.00103527618, -0.003),
            (0.003863703305, -0.00103527618, 0.002),
            (0.003965779445, -0.0005221047689, -0.003),
            (0.003965779445, -0.0005221047689, 0.002),
            (0.0006434933574, 0, 0.000613180095),
            (0.006657995401, 0, 0.00233160925),
            (0.0006383568672, 0.000142018623, 0.0006311578105),
            (0.006652858911, 0.000142018623, 0.002349586966),
            (0.00062329744, 0.0002743589115, 0.0006838658057),
            (0.006637799484, 0.0002743589115, 0.002402294961),
            (0.0005993413509, 0.0003880020936, 0.0007677121176),
            (0.006613843395, 0.0003880020936, 0.002486141273),
            (0.0005681211677, 0.0004752035743, 0.0008769827586),
            (0.006582623212, 0.0004752035743, 0.002595411914),
            (0.0005317644944, 0.0005300207166, 0.001004231115),
            (0.006546266538, 0.0005300207166, 0.002722660271),
            (0.0004927489781, 0.0005487178231, 0.001140785422),
            (0.006507251022, 0.0005487178231, 0.002859214578),
            (0.0004537334618, 0.0005300207166, 0.001277339729),
            (0.006468235506, 0.0005300207166, 0.002995768885),
            (0.0004173767885, 0.0004752035743, 0.001404588086),
            (0.006431878832, 0.0004752035743, 0.003123017241),
            (0.0003861566053, 0.0003880020936, 0.001513858727),
            (0.006400658649, 0.0003880020936, 0.003232287882),
            (0.0003622005162, 0.0002743589115, 0.001597705039),
            (0.00637670256, 0.0002743589115, 0.003316134194),
            (0.000347141089, 0.000142018623, 0.001650413034),
            (0.006361643133, 0.000142018623, 0.003368842189),
            (0.0003420045989, 0, 0.00166839075),
            (0.006356506643, 0, 0.003386819905),
            (0.000347141089, -0.000142018623, 0.001650413034),
            (0.006361643133, -0.000142018623, 0.003368842189),
            (0.0003622005162, -0.0002743589115, 0.001597705039),
            (0.00637670256, -0.0002743589115, 0.003316134194),
            (0.0003861566053, -0.0003880020936, 0.001513858727),
            (0.006400658649, -0.0003880020936, 0.003232287882),
            (0.0004173767885, -0.0004752035743, 0.001404588086),
            (0.006431878832, -0.0004752035743, 0.003123017241),
            (0.0004537334618, -0.0005300207166, 0.001277339729),
            (0.006468235506, -0.0005300207166, 0.002995768885),
            (0.0004927489781, -0.0005487178231, 0.001140785422),
            (0.006507251022, -0.0005487178231, 0.002859214578),
            (0.0005317644944, -0.0005300207166, 0.001004231115),
            (0.006546266538, -0.0005300207166, 0.002722660271),
            (0.0005681211677, -0.0004752035743, 0.0008769827586),
            (0.006582623212, -0.0004752035743, 0.002595411914),
            (0.0005993413509, -0.0003880020936, 0.0007677121176),
            (0.006613843395, -0.0003880020936, 0.002486141273),
            (0.00062329744, -0.0002743589115, 0.0006838658057),
            (0.006637799484, -0.0002743589115, 0.002402294961),
            (0.0006383568672, -0.000142018623, 0.0006311578105),
            (0.006652858911, -0.000142018623, 0.002349586966),
            (0.0006955989512, 0.0002544055766, 0.0008769827586),
            (0.003702849973, 0.005463117138, 0.002595411914),
            (0.0006356903453, 0.0003250437886, 0.0007677121176),
            (0.003642941367, 0.00553375535, 0.002486141273),
            (0.0005492505072, 0.0004026119614, 0.0006838658057),
            (0.003556501529, 0.005611323522, 0.002402294961),
            (0.0004421701689, 0.0004818239522, 0.0006311578105),
            (0.003449421191, 0.005690535513, 0.002349586966),
            (0.0003217466787, 0.0005572815946, 0.000613180095),
            (0.003328997701, 0.005765993156, 0.00233160925),
            (0.0001961866983, 0.0006238425752, 0.0006311578105),
            (0.00320343772, 0.005832554136, 0.002349586966),
            (7.404693288e-05, 0.0006769708729, 0.0006838658057),
            (0.003081297955, 0.005885682434, 0.002402294961),
            (-3.634899436e-05, 0.0007130458822, 0.0007677121176),
            (0.002970902028, 0.005921757443, 0.002486141273),
            (-0.0001274777834, 0.0007296091508, 0.0008769827586),
            (0.002879773238, 0.005938320712, 0.002595411914),
            (-0.0001931291579, 0.0007255319193, 0.001004231115),
            (0.002814121864, 0.00593424348, 0.002722660271),
            (-0.0002288290852, 0.0007010920443, 0.001140785422),
            (0.002778421937, 0.005909803605, 0.002859214578),
            (-0.0002321446742, 0.0006579550628, 0.001277339729),
            (0.002775106348, 0.005866666624, 0.002995768885),
            (-0.000202849973, 0.0005990606889, 0.001404588086),
            (0.002804401049, 0.00580777225, 0.003123017241),
            (-0.0001429413671, 0.0005284224769, 0.001513858727),
            (0.002864309655, 0.005737134038, 0.003232287882),
            (-5.650152903e-05, 0.0004508543041, 0.001597705039),
            (0.002950749493, 0.005659565865, 0.003316134194),
            (5.05788092e-05, 0.0003716423133, 0.001650413034),
            (0.003057829831, 0.005580353874, 0.003368842189),
            (0.0001710022994, 0.0002961846708, 0.00166839075),
            (0.003178253321, 0.005504896232, 0.003386819905),
            (0.0002965622798, 0.0002296236903, 0.001650413034),
            (0.003303813302, 0.005438335251, 0.003368842189),
            (0.0004187020452, 0.0001764953925, 0.001597705039),
            (0.003425953067, 0.005385206954, 0.003316134194),
            (0.0005290979725, 0.0001404203832, 0.001513858727),
            (0.003536348994, 0.005349131944, 0.003232287882),
            (0.0006202267615, 0.0001238571147, 0.001404588086),
            (0.003627477783, 0.005332568676, 0.003123017241),
            (0.0006858781361, 0.0001279343462, 0.001277339729),
            (0.003693129158, 0.005336645907, 0.002995768885),
            (0.0007215780633, 0.0001523742212, 0.001140785422),
            (0.003728829085, 0.005361085782, 0.002859214578),
            (0.0007248936523, 0.0001955112027, 0.001004231115),
            (0.003732144674, 0.005404222764, 0.002722660271),
            (0.000202849973, 0.0005990606889, 0.001404588086),
            (-0.002804401049, 0.00580777225, 0.003123017241),
            (0.0002321446742, 0.0006579550628, 0.001277339729),
            (-0.002775106348, 0.005866666624, 0.002995768885),
            (0.0002288290852, 0.0007010920443, 0.001140785422),
            (-0.002778421937, 0.005909803605, 0.002859214578),
            (0.0001931291579, 0.0007255319193, 0.001004231115),
            (-0.002814121864, 0.00593424348, 0.002722660271),
            (0.0001274777834, 0.0007296091508, 0.0008769827586),
            (-0.002879773238, 0.005938320712, 0.002595411914),
            (3.634899436e-05, 0.0007130458822, 0.0007677121176),
            (-0.002970902028, 0.005921757443, 0.002486141273),
            (-7.404693288e-05, 0.0006769708729, 0.0006838658057),
            (-0.003081297955, 0.005885682434, 0.002402294961),
            (-0.0001961866983, 0.0006238425752, 0.0006311578105),
            (-0.00320343772, 0.005832554136, 0.002349586966),
            (-0.0003217466787, 0.0005572815946, 0.000613180095),
            (-0.003328997701, 0.005765993156, 0.00233160925),
            (-0.0004421701689, 0.0004818239522, 0.0006311578105),
            (-0.003449421191, 0.005690535513, 0.002349586966),
            (-0.0005492505072, 0.0004026119614, 0.0006838658057),
            (-0.003556501529, 0.005611323522, 0.002402294961),
            (-0.0006356903453, 0.0003250437886, 0.0007677121176),
            (-0.003642941367, 0.00553375535, 0.002486141273),
            (-0.0006955989512, 0.0002544055766, 0.0008769827586),
            (-0.003702849973, 0.005463117138, 0.002595411914),
            (-0.0007248936523, 0.0001955112027, 0.001004231115),
            (-0.003732144674, 0.005404222764, 0.002722660271),
            (-0.0007215780633, 0.0001523742212, 0.001140785422),
            (-0.003728829085, 0.005361085782, 0.002859214578),
            (-0.0006858781361, 0.0001279343462, 0.001277339729),
            (-0.003693129158, 0.005336645907, 0.002995768885),
            (-0.0006202267615, 0.0001238571147, 0.001404588086),
            (-0.003627477783, 0.005332568676, 0.003123017241),
            (-0.0005290979725, 0.0001404203832, 0.001513858727),
            (-0.003536348994, 0.005349131944, 0.003232287882),
            (-0.0004187020452, 0.0001764953925, 0.001597705039),
            (-0.003425953067, 0.005385206954, 0.003316134194),
            (-0.0002965622798, 0.0002296236903, 0.001650413034),
            (-0.003303813302, 0.005438335251, 0.003368842189),
            (-0.0001710022994, 0.0002961846708, 0.00166839075),
            (-0.003178253321, 0.005504896232, 0.003386819905),
            (-5.05788092e-05, 0.0003716423133, 0.001650413034),
            (-0.003057829831, 0.005580353874, 0.003368842189),
            (5.650152903e-05, 0.0004508543041, 0.001597705039),
            (-0.002950749493, 0.005659565865, 0.003316134194),
            (0.0001429413671, 0.0005284224769, 0.001513858727),
            (-0.002864309655, 0.005737134038, 0.003232287882),
            (-0.0003420045989, 0, 0.00166839075),
            (-0.006356506643, 0, 0.003386819905),
            (-0.000347141089, 0.000142018623, 0.001650413034),
            (-0.006361643133, 0.000142018623, 0.003368842189),
            (-0.0003622005162, 0.0002743589115, 0.001597705039),
            (-0.00637670256, 0.0002743589115, 0.003316134194),
            (-0.0003861566053, 0.0003880020936, 0.001513858727),
            (-0.006400658649, 0.0003880020936, 0.003232287882),
            (-0.0004173767885, 0.0004752035743, 0.001404588086),
            (-0.006431878832, 0.0004752035743, 0.003123017241),
            (-0.0004537334618, 0.0005300207166, 0.001277339729),
            (-0.006468235506, 0.0005300207166, 0.002995768885),
            (-0.0004927489781, 0.0005487178231, 0.001140785422),
            (-0.006507251022, 0.0005487178231, 0.002859214578),
            (-0.0005317644944, 0.0005300207166, 0.001004231115),
            (-0.006546266538, 0.0005300207166, 0.002722660271),
            (-0.0005681211677, 0.0004752035743, 0.0008769827586),
            (-0.006582623212, 0.0004752035743, 0.002595411914),
            (-0.0005993413509, 0.0003880020936, 0.0007677121176),
            (-0.006613843395, 0.0003880020936, 0.002486141273),
            (-0.00062329744, 0.0002743589115, 0.0006838658057),
            (-0.006637799484, 0.0002743589115, 0.002402294961),
            (-0.0006383568672, 0.000142018623, 0.0006311578105),
            (-0.006652858911, 0.000142018623, 0.002349586966),
            (-0.0006434933574, 0, 0.000613180095),
            (-0.006657995401, 0, 0.00233160925),
            (-0.0006383568672, -0.000142018623, 0.0006311578105),
            (-0.006652858911, -0.000142018623, 0.002349586966),
            (-0.00062329744, -0.0002743589115, 0.0006838658057),
            (-0.006637799484, -0.0002743589115, 0.002402294961),
            (-0.0005993413509, -0.0003880020936, 0.0007677121176),
            (-0.006613843395, -0.0003880020936, 0.002486141273),
            (-0.0005681211677, -0.0004752035743, 0.0008769827586),
            (-0.006582623212, -0.0004752035743, 0.002595411914),
            (-0.0005317644944, -0.0005300207166, 0.001004231115),
            (-0.006546266538, -0.0005300207166, 0.002722660271),
            (-0.0004927489781, -0.0005487178231, 0.001140785422),
            (-0.006507251022, -0.0005487178231, 0.002859214578),
            (-0.0004537334618, -0.0005300207166, 0.001277339729),
            (-0.006468235506, -0.0005300207166, 0.002995768885),
            (-0.0004173767885, -0.0004752035743, 0.001404588086),
            (-0.006431878832, -0.0004752035743, 0.003123017241),
            (-0.0003861566053, -0.0003880020936, 0.001513858727),
            (-0.006400658649, -0.0003880020936, 0.003232287882),
            (-0.0003622005162, -0.0002743589115, 0.001597705039),
            (-0.00637670256, -0.0002743589115, 0.003316134194),
            (-0.000347141089, -0.000142018623, 0.001650413034),
            (-0.006361643133, -0.000142018623, 0.003368842189),
            (0.000202849973, -0.0005990606889, 0.001404588086),
            (-0.002804401049, -0.00580777225, 0.003123017241),
            (0.0001429413671, -0.0005284224769, 0.001513858727),
            (-0.002864309655, -0.005737134038, 0.003232287882),
            (5.650152903e-05, -0.0004508543041, 0.001597705039),
            (-0.002950749493, -0.005659565865, 0.003316134194),
            (-5.05788092e-05, -0.0003716423133, 0.001650413034),
            (-0.003057829831, -0.005580353874, 0.003368842189),
            (-0.0001710022994, -0.0002961846708, 0.00166839075),
            (-0.003178253321, -0.005504896232, 0.003386819905),
            (-0.0002965622798, -0.0002296236903, 0.001650413034),
            (-0.003303813302, -0.005438335251, 0.003368842189),
            (-0.0004187020452, -0.0001764953925, 0.001597705039),
            (-0.003425953067, -0.005385206954, 0.003316134194),
            (-0.0005290979725, -0.0001404203832, 0.001513858727),
            (-0.003536348994, -0.005349131944, 0.003232287882),
            (-0.0006202267615, -0.0001238571147, 0.001404588086),
            (-0.003627477783, -0.005332568676, 0.003123017241),
            (-0.0006858781361, -0.0001279343462, 0.001277339729),
            (-0.003693129158, -0.005336645907, 0.002995768885),
            (-0.0007215780633, -0.0001523742212, 0.001140785422),
            (-0.003728829085, -0.005361085782, 0.002859214578),
            (-0.0007248936523, -0.0001955112027, 0.001004231115),
            (-0.003732144674, -0.005404222764, 0.002722660271),
            (-0.0006955989512, -0.0002544055766, 0.0008769827586),
            (-0.003702849973, -0.005463117138, 0.002595411914),
            (-0.0006356903453, -0.0003250437886, 0.0007677121176),
            (-0.003642941367, -0.00553375535, 0.002486141273),
            (-0.0005492505072, -0.0004026119614, 0.0006838658057),
            (-0.003556501529, -0.005611323522, 0.002402294961),
            (-0.0004421701689, -0.0004818239522, 0.0006311578105),
            (-0.003449421191, -0.005690535513, 0.002349586966),
            (-0.0003217466787, -0.0005572815946, 0.000613180095),
            (-0.003328997701, -0.005765993156, 0.00233160925),
            (-0.0001961866983, -0.0006238425752, 0.0006311578105),
            (-0.00320343772, -0.005832554136, 0.002349586966),
            (-7.404693288e-05, -0.0006769708729, 0.0006838658057),
            (-0.003081297955, -0.005885682434, 0.002402294961),
            (3.634899436e-05, -0.0007130458822, 0.0007677121176),
            (-0.002970902028, -0.005921757443, 0.002486141273),
            (0.0001274777834, -0.0007296091508, 0.0008769827586),
            (-0.002879773238, -0.005938320712, 0.002595411914),
            (0.0001931291579, -0.0007255319193, 0.001004231115),
            (-0.002814121864, -0.00593424348, 0.002722660271),
            (0.0002288290852, -0.0007010920443, 0.001140785422),
            (-0.002778421937, -0.005909803605, 0.002859214578),
            (0.0002321446742, -0.0006579550628, 0.001277339729),
            (-0.002775106348, -0.005866666624, 0.002995768885),
            (0.0006955989512, -0.0002544055766, 0.0008769827586),
            (0.003702849973, -0.005463117138, 0.002595411914),
            (0.0007248936523, -0.0001955112027, 0.001004231115),
            (0.003732144674, -0.005404222764, 0.002722660271),
            (0.0007215780633, -0.0001523742212, 0.001140785422),
            (0.003728829085, -0.005361085782, 0.002859214578),
            (0.0006858781361, -0.0001279343462, 0.001277339729),
            (0.003693129158, -0.005336645907, 0.002995768885),
            (0.0006202267615, -0.0001238571147, 0.001404588086),
            (0.003627477783, -0.005332568676, 0.003123017241),
            (0.0005290979725, -0.0001404203832, 0.001513858727),
            (0.003536348994, -0.005349131944, 0.003232287882),
            (0.0004187020452, -0.0001764953925, 0.001597705039),
            (0.003425953067, -0.005385206954, 0.003316134194),
            (0.0002965622798, -0.0002296236903, 0.001650413034),
            (0.003303813302, -0.005438335251, 0.003368842189),
            (0.0001710022994, -0.0002961846708, 0.00166839075),
            (0.003178253321, -0.005504896232, 0.003386819905),
            (5.05788092e-05, -0.0003716423133, 0.001650413034),
            (0.003057829831, -0.005580353874, 0.003368842189),
            (-5.650152903e-05, -0.0004508543041, 0.001597705039),
            (0.002950749493, -0.005659565865, 0.003316134194),
            (-0.0001429413671, -0.0005284224769, 0.001513858727),
            (0.002864309655, -0.005737134038, 0.003232287882),
            (-0.000202849973, -0.0005990606889, 0.001404588086),
            (0.002804401049, -0.00580777225, 0.003123017241),
            (-0.0002321446742, -0.0006579550628, 0.001277339729),
            (0.002775106348, -0.005866666624, 0.002995768885),
            (-0.0002288290852, -0.0007010920443, 0.001140785422),
            (0.002778421937, -0.005909803605, 0.002859214578),
            (-0.0001931291579, -0.0007255319193, 0.001004231115),
            (0.002814121864, -0.00593424348, 0.002722660271),
            (-0.0001274777834, -0.0007296091508, 0.0008769827586),
            (0.002879773238, -0.005938320712, 0.002595411914),
            (-3.634899436e-05, -0.0007130458822, 0.0007677121176),
            (0.002970902028, -0.005921757443, 0.002486141273),
            (7.404693288e-05, -0.0006769708729, 0.0006838658057),
            (0.003081297955, -0.005885682434, 0.002402294961),
            (0.0001961866983, -0.0006238425752, 0.0006311578105),
            (0.00320343772, -0.005832554136, 0.002349586966),
            (0.0003217466787, -0.0005572815946, 0.000613180095),
            (0.003328997701, -0.005765993156, 0.00233160925),
            (0.0004421701689, -0.0004818239522, 0.0006311578105),
            (0.003449421191, -0.005690535513, 0.002349586966),
            (0.0005492505072, -0.0004026119614, 0.0006838658057),
            (0.003556501529, -0.005611323522, 0.002402294961),
            (0.0006356903453, -0.0003250437886, 0.0007677121176),
            (0.003642941367, -0.00553375535, 0.002486141273)
            ]
            normal3f[] normals = [
            (1, 0, 0),
            (0.8678005571, 0, 0.4969126615),
            (0.5053535685, 0, 0.8629123773),
            (0.007189079212, 0, 0.9999741582),
            (-0.4945701626, 0, 0.8691377073),
            (-0.8642062304, 0, 0.5031377458),
            (-1, 0, 0),
            (-0.8642062304, 0, -0.5031377458),
            (-0.4945701626, 0, -0.8691377073),
            (0.007189079212, 0, -0.9999741582),
            (0.5053535685, 0, -0.8629123773),
            (0.8678005571, 0, -0.4969126615),
            (0.9961946981, 0.08715574275, 0),
            (0.8644983139, 0.07563380211, 0.4969126615),
            (0.5034305456, 0.04404446561, 0.8629123773),
            (0.007161722595, 0.0006265695384, 0.9999741582),
            (-0.4926881738, -0.04310462986, 0.8691377073),
            (-0.8609176648, -0.0753205359, 0.5031377458),
            (-0.9961946981, -0.08715574275, 0),
            (-0.8609176648, -0.0753205359, -0.5031377458),
            (-0.4926881738, -0.04310462986, -0.8691377073),
            (0.007161722595, 0.0006265695384, -0.9999741582),
            (0.5034305456, 0.04404446561, -0.8629123773),
            (0.8644983139, 0.07563380211, -0.4969126615),
            (0.984807753, 0.1736481777, 0),
            (0.8546167167, 0.1506919853, 0.4969126615),
            (0.4976761123, 0.08775372624, 0.8629123773),
            (0.007079860945, 0.001248370504, 0.9999741582),
            (-0.4870565305, -0.08588120746, 0.8691377073),
            (-0.8510769959, -0.150067837, 0.5031377458),
            (-0.984807753, -0.1736481777, 0),
            (-0.8510769959, -0.150067837, -0.5031377458),
            (-0.4870565305, -0.08588120746, -0.8691377073),
            (0.007079860945, 0.001248370504, -0.9999741582),
            (0.4976761123, 0.08775372624, -0.8629123773),
            (0.8546167167, 0.1506919853, -0.4969126615),
            (0.9659258263, 0.2588190451, 0),
            (0.8382309701, 0.2246033115, 0.4969126615),
            (0.4881340632, 0.130795128, 0.8629123773),
            (0.006944117278, 0.001860670617, 0.9999741582),
            (-0.4777180929, -0.1280041772, 0.8691377073),
            (-0.8347591172, -0.2236730313, 0.5031377458),
            (-0.9659258263, -0.2588190451, 0),
            (-0.8347591172, -0.2236730313, -0.5031377458),
            (-0.4777180929, -0.1280041772, -0.8691377073),
            (0.006944117278, 0.001860670617, -0.9999741582),
            (0.4881340632, 0.130795128, -0.8629123773),
            (0.8382309701, 0.2246033115, -0.4969126615),
            (0.9396926208, 0.3420201433, 0),
            (0.8154657798, 0.2968052709, 0.4969126615),
            (0.4748770192, 0.1728410999, 0.8629123773),
            (0.006755524686, 0.002458809903, 0.9999741582),
            (-0.4647439322, -0.1691529579, 0.8691377073),
            (-0.8120882176, -0.2955759388, 0.5031377458),
            (-0.9396926208, -0.3420201433, 0),
            (-0.8120882176, -0.2955759388, -0.5031377458),
            (-0.4647439322, -0.1691529579, -0.8691377073),
            (0.006755524686, 0.002458809903, -0.9999741582),
            (0.4748770192, 0.1728410999, -0.8629123773),
            (0.8154657798, 0.2968052709, -0.4969126615),
            (0.906307787, 0.4226182617, 0),
            (0.7864944025, 0.366748363, 0.4969126615),
            (0.4580058743, 0.2135716467, 0.8629123773),
            (0.006515518472, 0.00303823616, 0.9999741582),
            (-0.4482327896, -0.2090143824, 0.8691377073),
            (-0.7832368363, -0.3652293349, 0.5031377458),
            (-0.906307787, -0.4226182617, 0),
            (-0.7832368363, -0.3652293349, -0.5031377458),
            (-0.4482327896, -0.2090143824, -0.8691377073),
            (0.006515518472, 0.00303823616, -0.9999741582),
            (0.4580058743, 0.2135716467, -0.8629123773),
            (0.7864944025, 0.366748363, -0.4969126615),
            (0.8660254038, 0.5, 0),
            (0.7515373278, 0.4339002785, 0.4969126615),
            (0.4376490282, 0.2526767842, 0.8629123773),
            (0.006225925228, 0.003594539606, 0.9999741582),
            (-0.4283103247, -0.2472850813, 0.8691377073),
            (-0.7484245497, -0.4321031152, 0.5031377458),
            (-0.8660254038, -0.5, 0),
            (-0.7484245497, -0.4321031152, -0.5031377458),
            (-0.4283103247, -0.2472850813, -0.8691377073),
            (0.006225925228, 0.003594539606, -0.9999741582),
            (0.4376490282, 0.2526767842, -0.8629123773),
            (0.7515373278, 0.4339002785, -0.4969126615),
            (0.8191520443, 0.5735764364, 0),
            (0.7108606004, 0.497749951, 0.4969126615),
            (0.4139614087, 0.2898588989, 0.8629123773),
            (0.005888948933, 0.004123486435, 0.9999741582),
            (-0.4051281597, -0.2836737914, 0.8691377073),
            (-0.7079163004, -0.4956883299, 0.5031377458),
            (-0.8191520443, -0.5735764364, 0),
            (-0.7079163004, -0.4956883299, -0.5031377458),
            (-0.4051281597, -0.2836737914, -0.8691377073),
            (0.005888948933, 0.004123486435, -0.9999741582),
            (0.4139614087, 0.2898588989, -0.8629123773),
            (0.7108606004, 0.497749951, -0.4969126615),
            (0.7660444431, 0.6427876097, 0),
            (0.6647737945, 0.5578114458, 0.4969126615),
            (0.3871232929, 0.3248350123, 0.8629123773),
            (0.005507154182, 0.004621051043, 0.9999741582),
            (-0.3788627248, -0.3179035726, 0.8691377073),
            (-0.6620203805, -0.5555010571, 0.5031377458),
            (-0.7660444431, -0.6427876097, 0),
            (-0.6620203805, -0.5555010571, -0.5031377458),
            (-0.3788627248, -0.3179035726, -0.8691377073),
            (0.005507154182, 0.004621051043, -0.9999741582),
            (0.3871232929, 0.3248350123, -0.8629123773),
            (0.6647737945, 0.5578114458, -0.4969126615),
            (0.7071067812, 0.7071067812, 0),
            (0.6136276586, 0.6136276586, 0.4969126615),
            (0.3573389352, 0.3573389352, 0.8629123773),
            (0.005083446661, 0.005083446661, 0.9999741582),
            (-0.3497139157, -0.3497139157, 0.8691377073),
            (-0.6110860859, -0.6110860859, 0.5031377458),
            (-0.7071067812, -0.7071067812, 0),
            (-0.6110860859, -0.6110860859, -0.5031377458),
            (-0.3497139157, -0.3497139157, -0.8691377073),
            (0.005083446661, 0.005083446661, -0.9999741582),
            (0.3573389352, 0.3573389352, -0.8629123773),
            (0.6136276586, 0.6136276586, -0.4969126615),
            (0.6427876097, 0.7660444431, 0),
            (0.5578114458, 0.6647737945, 0.4969126615),
            (0.3248350123, 0.3871232929, 0.8629123773),
            (0.004621051043, 0.005507154182, 0.9999741582),
            (-0.3179035726, -0.3788627248, 0.8691377073),
            (-0.5555010571, -0.6620203805, 0.5031377458),
            (-0.6427876097, -0.7660444431, 0),
            (-0.5555010571, -0.6620203805, -0.5031377458),
            (-0.3179035726, -0.3788627248, -0.8691377073),
            (0.004621051043, 0.005507154182, -0.9999741582),
            (0.3248350123, 0.3871232929, -0.8629123773),
            (0.5578114458, 0.6647737945, -0.4969126615),
            (0.5735764364, 0.8191520443, 0),
            (0.497749951, 0.7108606004, 0.4969126615),
            (0.2898588989, 0.4139614087, 0.8629123773),
            (0.004123486435, 0.005888948933, 0.9999741582),
            (-0.2836737914, -0.4051281597, 0.8691377073),
            (-0.4956883299, -0.7079163004, 0.5031377458),
            (-0.5735764364, -0.8191520443, 0),
            (-0.4956883299, -0.7079163004, -0.5031377458),
            (-0.2836737914, -0.4051281597, -0.8691377073),
            (0.004123486435, 0.005888948933, -0.9999741582),
            (0.2898588989, 0.4139614087, -0.8629123773),
            (0.497749951, 0.7108606004, -0.4969126615),
            (0.5, 0.8660254038, 0),
            (0.4339002785, 0.7515373278, 0.4969126615),
            (0.2526767842, 0.4376490282, 0.8629123773),
            (0.003594539606, 0.006225925228, 0.9999741582),
            (-0.2472850813, -0.4283103247, 0.8691377073),
            (-0.4321031152, -0.7484245497, 0.5031377458),
            (-0.5, -0.8660254038, 0),
            (-0.4321031152, -0.7484245497, -0.5031377458),
            (-0.2472850813, -0.4283103247, -0.8691377073),
            (0.003594539606, 0.006225925228, -0.9999741582),
            (0.2526767842, 0.4376490282, -0.8629123773),
            (0.4339002785, 0.7515373278, -0.4969126615),
            (0.4226182617, 0.906307787, 0),
            (0.366748363, 0.7864944025, 0.4969126615),
            (0.2135716467, 0.4580058743, 0.8629123773),
            (0.00303823616, 0.006515518472, 0.9999741582),
            (-0.2090143824, -0.4482327896, 0.8691377073),
            (-0.3652293349, -0.7832368363, 0.5031377458),
            (-0.4226182617, -0.906307787, 0),
            (-0.3652293349, -0.7832368363, -0.5031377458),
            (-0.2090143824, -0.4482327896, -0.8691377073),
            (0.00303823616, 0.006515518472, -0.9999741582),
            (0.2135716467, 0.4580058743, -0.8629123773),
            (0.366748363, 0.7864944025, -0.4969126615),
            (0.3420201433, 0.9396926208, 0),
            (0.2968052709, 0.8154657798, 0.4969126615),
            (0.1728410999, 0.4748770192, 0.8629123773),
            (0.002458809903, 0.006755524686, 0.9999741582),
            (-0.1691529579, -0.4647439322, 0.8691377073),
            (-0.2955759388, -0.8120882176, 0.5031377458),
            (-0.3420201433, -0.9396926208, 0),
            (-0.2955759388, -0.8120882176, -0.5031377458),
            (-0.1691529579, -0.4647439322, -0.8691377073),
            (0.002458809903, 0.006755524686, -0.9999741582),
            (0.1728410999, 0.4748770192, -0.8629123773),
            (0.2968052709, 0.8154657798, -0.4969126615),
            (0.2588190451, 0.9659258263, 0),
            (0.2246033115, 0.8382309701, 0.4969126615),
            (0.130795128, 0.4881340632, 0.8629123773),
            (0.001860670617, 0.006944117278, 0.9999741582),
            (-0.1280041772, -0.4777180929, 0.8691377073),
            (-0.2236730313, -0.8347591172, 0.5031377458),
            (-0.2588190451, -0.9659258263, 0),
            (-0.2236730313, -0.8347591172, -0.5031377458),
            (-0.1280041772, -0.4777180929, -0.8691377073),
            (0.001860670617, 0.006944117278, -0.9999741582),
            (0.130795128, 0.4881340632, -0.8629123773),
            (0.2246033115, 0.8382309701, -0.4969126615),
            (0.1736481777, 0.984807753, 0),
            (0.1506919853, 0.8546167167, 0.4969126615),
            (0.08775372624, 0.4976761123, 0.8629123773),
            (0.001248370504, 0.007079860945, 0.9999741582),
            (-0.08588120746, -0.4870565305, 0.8691377073),
            (-0.150067837, -0.8510769959, 0.5031377458),
            (-0.1736481777, -0.984807753, 0),
            (-0.150067837, -0.8510769959, -0.5031377458),
            (-0.08588120746, -0.4870565305, -0.8691377073),
            (0.001248370504, 0.007079860945, -0.9999741582),
            (0.08775372624, 0.4976761123, -0.8629123773),
            (0.1506919853, 0.8546167167, -0.4969126615),
            (0.08715574275, 0.9961946981, 0),
            (0.07563380211, 0.8644983139, 0.4969126615),
            (0.04404446561, 0.5034305456, 0.8629123773),
            (0.0006265695384, 0.007161722595, 0.9999741582),
            (-0.04310462986, -0.4926881738, 0.8691377073),
            (-0.0753205359, -0.8609176648, 0.5031377458),
            (-0.08715574275, -0.9961946981, 0),
            (-0.0753205359, -0.8609176648, -0.5031377458),
            (-0.04310462986, -0.4926881738, -0.8691377073),
            (0.0006265695384, 0.007161722595, -0.9999741582),
            (0.04404446561, 0.5034305456, -0.8629123773),
            (0.07563380211, 0.8644983139, -0.4969126615),
            (0, 1, 0),
            (0, 0.8678005571, 0.4969126615),
            (0, 0.5053535685, 0.8629123773),
            (0, 0.007189079212, 0.9999741582),
            (0, -0.4945701626, 0.8691377073),
            (0, -0.8642062304, 0.5031377458),
            (0, -1, 0),
            (0, -0.8642062304, -0.5031377458),
            (0, -0.4945701626, -0.8691377073),
            (0, 0.007189079212, -0.9999741582),
            (0, 0.5053535685, -0.8629123773),
            (0, 0.8678005571, -0.4969126615),
            (-0.08715574275, 0.9961946981, 0),
            (-0.07563380211, 0.8644983139, 0.4969126615),
            (-0.04404446561, 0.5034305456, 0.8629123773),
            (-0.0006265695384, 0.007161722595, 0.9999741582),
            (0.04310462986, -0.4926881738, 0.8691377073),
            (0.0753205359, -0.8609176648, 0.5031377458),
            (0.08715574275, -0.9961946981, 0),
            (0.0753205359, -0.8609176648, -0.5031377458),
            (0.04310462986, -0.4926881738, -0.8691377073),
            (-0.0006265695384, 0.007161722595, -0.9999741582),
            (-0.04404446561, 0.5034305456, -0.8629123773),
            (-0.07563380211, 0.8644983139, -0.4969126615),
            (-0.1736481777, 0.984807753, 0),
            (-0.1506919853, 0.8546167167, 0.4969126615),
            (-0.08775372624, 0.4976761123, 0.8629123773),
            (-0.001248370504, 0.007079860945, 0.9999741582),
            (0.08588120746, -0.4870565305, 0.8691377073),
            (0.150067837, -0.8510769959, 0.5031377458),
            (0.1736481777, -0.984807753, 0),
            (0.150067837, -0.8510769959, -0.5031377458),
            (0.08588120746, -0.4870565305, -0.8691377073),
            (-0.001248370504, 0.007079860945, -0.9999741582),
            (-0.08775372624, 0.4976761123, -0.8629123773),
            (-0.1506919853, 0.8546167167, -0.4969126615),
            (-0.2588190451, 0.9659258263, 0),
            (-0.2246033115, 0.8382309701, 0.4969126615),
            (-0.130795128, 0.4881340632, 0.8629123773),
            (-0.001860670617, 0.006944117278, 0.9999741582),
            (0.1280041772, -0.4777180929, 0.8691377073),
            (0.2236730313, -0.8347591172, 0.5031377458),
            (0.2588190451, -0.9659258263, 0),
            (0.2236730313, -0.8347591172, -0.5031377458),
            (0.1280041772, -0.4777180929, -0.8691377073),
            (-0.001860670617, 0.006944117278, -0.9999741582),
            (-0.130795128, 0.4881340632, -0.8629123773),
            (-0.2246033115, 0.8382309701, -0.4969126615),
            (-0.3420201433, 0.9396926208, 0),
            (-0.2968052709, 0.8154657798, 0.4969126615),
            (-0.1728410999, 0.4748770192, 0.8629123773),
            (-0.002458809903, 0.006755524686, 0.9999741582),
            (0.1691529579, -0.4647439322, 0.8691377073),
            (0.2955759388, -0.8120882176, 0.5031377458),
            (0.3420201433, -0.9396926208, 0),
            (0.2955759388, -0.8120882176, -0.5031377458),
            (0.1691529579, -0.4647439322, -0.8691377073),
            (-0.002458809903, 0.006755524686, -0.9999741582),
            (-0.1728410999, 0.4748770192, -0.8629123773),
            (-0.2968052709, 0.8154657798, -0.4969126615),
            (-0.4226182617, 0.906307787, 0),
            (-0.366748363, 0.7864944025, 0.4969126615),
            (-0.2135716467, 0.4580058743, 0.8629123773),
            (-0.00303823616, 0.006515518472, 0.9999741582),
            (0.2090143824, -0.4482327896, 0.8691377073),
            (0.3652293349, -0.7832368363, 0.5031377458),
            (0.4226182617, -0.906307787, 0),
            (0.3652293349, -0.7832368363, -0.5031377458),
            (0.2090143824, -0.4482327896, -0.8691377073),
            (-0.00303823616, 0.006515518472, -0.9999741582),
            (-0.2135716467, 0.4580058743, -0.8629123773),
            (-0.366748363, 0.7864944025, -0.4969126615),
            (-0.5, 0.8660254038, 0),
            (-0.4339002785, 0.7515373278, 0.4969126615),
            (-0.2526767842, 0.4376490282, 0.8629123773),
            (-0.003594539606, 0.006225925228, 0.9999741582),
            (0.2472850813, -0.4283103247, 0.8691377073),
            (0.4321031152, -0.7484245497, 0.5031377458),
            (0.5, -0.8660254038, 0),
            (0.4321031152, -0.7484245497, -0.5031377458),
            (0.2472850813, -0.4283103247, -0.8691377073),
            (-0.003594539606, 0.006225925228, -0.9999741582),
            (-0.2526767842, 0.4376490282, -0.8629123773),
            (-0.4339002785, 0.7515373278, -0.4969126615),
            (-0.5735764364, 0.8191520443, 0),
            (-0.497749951, 0.7108606004, 0.4969126615),
            (-0.2898588989, 0.4139614087, 0.8629123773),
            (-0.004123486435, 0.005888948933, 0.9999741582),
            (0.2836737914, -0.4051281597, 0.8691377073),
            (0.4956883299, -0.7079163004, 0.5031377458),
            (0.5735764364, -0.8191520443, 0),
            (0.4956883299, -0.7079163004, -0.5031377458),
            (0.2836737914, -0.4051281597, -0.8691377073),
            (-0.004123486435, 0.005888948933, -0.9999741582),
            (-0.2898588989, 0.4139614087, -0.8629123773),
            (-0.497749951, 0.7108606004, -0.4969126615),
            (-0.6427876097, 0.7660444431, 0),
            (-0.5578114458, 0.6647737945, 0.4969126615),
            (-0.3248350123, 0.3871232929, 0.8629123773),
            (-0.004621051043, 0.005507154182, 0.9999741582),
            (0.3179035726, -0.3788627248, 0.8691377073),
            (0.5555010571, -0.6620203805, 0.5031377458),
            (0.6427876097, -0.7660444431, 0),
            (0.5555010571, -0.6620203805, -0.5031377458),
            (0.3179035726, -0.3788627248, -0.8691377073),
            (-0.004621051043, 0.005507154182, -0.9999741582),
            (-0.3248350123, 0.3871232929, -0.8629123773),
            (-0.5578114458, 0.6647737945, -0.4969126615),
            (-0.7071067812, 0.7071067812, 0),
            (-0.6136276586, 0.6136276586, 0.4969126615),
            (-0.3573389352, 0.3573389352, 0.8629123773),
            (-0.005083446661, 0.005083446661, 0.9999741582),
            (0.3497139157, -0.3497139157, 0.8691377073),
            (0.6110860859, -0.6110860859, 0.5031377458),
            (0.7071067812, -0.7071067812, 0),
            (0.6110860859, -0.6110860859, -0.5031377458),
            (0.3497139157, -0.3497139157, -0.8691377073),
            (-0.005083446661, 0.005083446661, -0.9999741582),
            (-0.3573389352, 0.3573389352, -0.8629123773),
            (-0.6136276586, 0.6136276586, -0.4969126615),
            (-0.7660444431, 0.6427876097, 0),
            (-0.6647737945, 0.5578114458, 0.4969126615),
            (-0.3871232929, 0.3248350123, 0.8629123773),
            (-0.005507154182, 0.004621051043, 0.9999741582),
            (0.3788627248, -0.3179035726, 0.8691377073),
            (0.6620203805, -0.5555010571, 0.5031377458),
            (0.7660444431, -0.6427876097, 0),
            (0.6620203805, -0.5555010571, -0.5031377458),
            (0.3788627248, -0.3179035726, -0.8691377073),
            (-0.005507154182, 0.004621051043, -0.9999741582),
            (-0.3871232929, 0.3248350123, -0.8629123773),
            (-0.6647737945, 0.5578114458, -0.4969126615),
            (-0.8191520443, 0.5735764364, 0),
            (-0.7108606004, 0.497749951, 0.4969126615),
            (-0.4139614087, 0.2898588989, 0.8629123773),
            (-0.005888948933, 0.004123486435, 0.9999741582),
            (0.4051281597, -0.2836737914, 0.8691377073),
            (0.7079163004, -0.4956883299, 0.5031377458),
            (0.8191520443, -0.5735764364, 0),
            (0.7079163004, -0.4956883299, -0.5031377458),
            (0.4051281597, -0.2836737914, -0.8691377073),
            (-0.005888948933, 0.004123486435, -0.9999741582),
            (-0.4139614087, 0.2898588989, -0.8629123773),
            (-0.7108606004, 0.497749951, -0.4969126615),
            (-0.8660254038, 0.5, 0),
            (-0.7515373278, 0.4339002785, 0.4969126615),
            (-0.4376490282, 0.2526767842, 0.8629123773),
            (-0.006225925228, 0.003594539606, 0.9999741582),
            (0.4283103247, -0.2472850813, 0.8691377073),
            (0.7484245497, -0.4321031152, 0.5031377458),
            (0.8660254038, -0.5, 0),
            (0.7484245497, -0.4321031152, -0.5031377458),
            (0.4283103247, -0.2472850813, -0.8691377073),
            (-0.006225925228, 0.003594539606, -0.9999741582),
            (-0.4376490282, 0.2526767842, -0.8629123773),
            (-0.7515373278, 0.4339002785, -0.4969126615),
            (-0.906307787, 0.4226182617, 0),
            (-0.7864944025, 0.366748363, 0.4969126615),
            (-0.4580058743, 0.2135716467, 0.8629123773),
            (-0.006515518472, 0.00303823616, 0.9999741582),
            (0.4482327896, -0.2090143824, 0.8691377073),
            (0.7832368363, -0.3652293349, 0.5031377458),
            (0.906307787, -0.4226182617, 0),
            (0.7832368363, -0.3652293349, -0.5031377458),
            (0.4482327896, -0.2090143824, -0.8691377073),
            (-0.006515518472, 0.00303823616, -0.9999741582),
            (-0.4580058743, 0.2135716467, -0.8629123773),
            (-0.7864944025, 0.366748363, -0.4969126615),
            (-0.9396926208, 0.3420201433, 0),
            (-0.8154657798, 0.2968052709, 0.4969126615),
            (-0.4748770192, 0.1728410999, 0.8629123773),
            (-0.006755524686, 0.002458809903, 0.9999741582),
            (0.4647439322, -0.1691529579, 0.8691377073),
            (0.8120882176, -0.2955759388, 0.5031377458),
            (0.9396926208, -0.3420201433, 0),
            (0.8120882176, -0.2955759388, -0.5031377458),
            (0.4647439322, -0.1691529579, -0.8691377073),
            (-0.006755524686, 0.002458809903, -0.9999741582),
            (-0.4748770192, 0.1728410999, -0.8629123773),
            (-0.8154657798, 0.2968052709, -0.4969126615),
            (-0.9659258263, 0.2588190451, 0),
            (-0.8382309701, 0.2246033115, 0.4969126615),
            (-0.4881340632, 0.130795128, 0.8629123773),
            (-0.006944117278, 0.001860670617, 0.9999741582),
            (0.4777180929, -0.1280041772, 0.8691377073),
            (0.8347591172, -0.2236730313, 0.5031377458),
            (0.9659258263, -0.2588190451, 0),
            (0.8347591172, -0.2236730313, -0.5031377458),
            (0.4777180929, -0.1280041772, -0.8691377073),
            (-0.006944117278, 0.001860670617, -0.9999741582),
            (-0.4881340632, 0.130795128, -0.8629123773),
            (-0.8382309701, 0.2246033115, -0.4969126615),
            (-0.984807753, 0.1736481777, 0),
            (-0.8546167167, 0.1506919853, 0.4969126615),
            (-0.4976761123, 0.08775372624, 0.8629123773),
            (-0.007079860945, 0.001248370504, 0.9999741582),
            (0.4870565305, -0.08588120746, 0.8691377073),
            (0.8510769959, -0.150067837, 0.5031377458),
            (0.984807753, -0.1736481777, 0),
            (0.8510769959, -0.150067837, -0.5031377458),
            (0.4870565305, -0.08588120746, -0.8691377073),
            (-0.007079860945, 0.001248370504, -0.9999741582),
            (-0.4976761123, 0.08775372624, -0.8629123773),
            (-0.8546167167, 0.1506919853, -0.4969126615),
            (-0.9961946981, 0.08715574275, 0),
            (-0.8644983139, 0.07563380211, 0.4969126615),
            (-0.5034305456, 0.04404446561, 0.8629123773),
            (-0.007161722595, 0.0006265695384, 0.9999741582),
            (0.4926881738, -0.04310462986, 0.8691377073),
            (0.8609176648, -0.0753205359, 0.5031377458),
            (0.9961946981, -0.08715574275, 0),
            (0.8609176648, -0.0753205359, -0.5031377458),
            (0.4926881738, -0.04310462986, -0.8691377073),
            (-0.007161722595, 0.0006265695384, -0.9999741582),
            (-0.5034305456, 0.04404446561, -0.8629123773),
            (-0.8644983139, 0.07563380211, -0.4969126615),
            (-1, 0, 0),
            (-0.8678005571, 0, 0.4969126615),
            (-0.5053535685, 0, 0.8629123773),
            (-0.007189079212, 0, 0.9999741582),
            (0.4945701626, 0, 0.8691377073),
            (0.8642062304, 0, 0.5031377458),
            (1, 0, 0),
            (0.8642062304, 0, -0.5031377458),
            (0.4945701626, 0, -0.8691377073),
            (-0.007189079212, 0, -0.9999741582),
            (-0.5053535685, 0, -0.8629123773),
            (-0.8678005571, 0, -0.4969126615),
            (-0.9961946981, -0.08715574275, 0),
            (-0.8644983139, -0.07563380211, 0.4969126615),
            (-0.5034305456, -0.04404446561, 0.8629123773),
            (-0.007161722595, -0.0006265695384, 0.9999741582),
            (0.4926881738, 0.04310462986, 0.8691377073),
            (0.8609176648, 0.0753205359, 0.5031377458),
            (0.9961946981, 0.08715574275, 0),
            (0.8609176648, 0.0753205359, -0.5031377458),
            (0.4926881738, 0.04310462986, -0.8691377073),
            (-0.007161722595, -0.0006265695384, -0.9999741582),
            (-0.5034305456, -0.04404446561, -0.8629123773),
            (-0.8644983139, -0.07563380211, -0.4969126615),
            (-0.984807753, -0.1736481777, 0),
            (-0.8546167167, -0.1506919853, 0.4969126615),
            (-0.4976761123, -0.08775372624, 0.8629123773),
            (-0.007079860945, -0.001248370504, 0.9999741582),
            (0.4870565305, 0.08588120746, 0.8691377073),
            (0.8510769959, 0.150067837, 0.5031377458),
            (0.984807753, 0.1736481777, 0),
            (0.8510769959, 0.150067837, -0.5031377458),
            (0.4870565305, 0.08588120746, -0.8691377073),
            (-0.007079860945, -0.001248370504, -0.9999741582),
            (-0.4976761123, -0.08775372624, -0.8629123773),
            (-0.8546167167, -0.1506919853, -0.4969126615),
            (-0.9659258263, -0.2588190451, 0),
            (-0.8382309701, -0.2246033115, 0.4969126615),
            (-0.4881340632, -0.130795128, 0.8629123773),
            (-0.006944117278, -0.001860670617, 0.9999741582),
            (0.4777180929, 0.1280041772, 0.8691377073),
            (0.8347591172, 0.2236730313, 0.5031377458),
            (0.9659258263, 0.2588190451, 0),
            (0.8347591172, 0.2236730313, -0.5031377458),
            (0.4777180929, 0.1280041772, -0.8691377073),
            (-0.006944117278, -0.001860670617, -0.9999741582),
            (-0.4881340632, -0.130795128, -0.8629123773),
            (-0.8382309701, -0.2246033115, -0.4969126615),
            (-0.9396926208, -0.3420201433, 0),
            (-0.8154657798, -0.2968052709, 0.4969126615),
            (-0.4748770192, -0.1728410999, 0.8629123773),
            (-0.006755524686, -0.002458809903, 0.9999741582),
            (0.4647439322, 0.1691529579, 0.8691377073),
            (0.8120882176, 0.2955759388, 0.5031377458),
            (0.9396926208, 0.3420201433, 0),
            (0.8120882176, 0.2955759388, -0.5031377458),
            (0.4647439322, 0.1691529579, -0.8691377073),
            (-0.006755524686, -0.002458809903, -0.9999741582),
            (-0.4748770192, -0.1728410999, -0.8629123773),
            (-0.8154657798, -0.2968052709, -0.4969126615),
            (-0.906307787, -0.4226182617, 0),
            (-0.7864944025, -0.366748363, 0.4969126615),
            (-0.4580058743, -0.2135716467, 0.8629123773),
            (-0.006515518472, -0.00303823616, 0.9999741582),
            (0.4482327896, 0.2090143824, 0.8691377073),
            (0.7832368363, 0.3652293349, 0.5031377458),
            (0.906307787, 0.4226182617, 0),
            (0.7832368363, 0.3652293349, -0.5031377458),
            (0.4482327896, 0.2090143824, -0.8691377073),
            (-0.006515518472, -0.00303823616, -0.9999741582),
            (-0.4580058743, -0.2135716467, -0.8629123773),
            (-0.7864944025, -0.366748363, -0.4969126615),
            (-0.8660254038, -0.5, 0),
            (-0.7515373278, -0.4339002785, 0.4969126615),
            (-0.4376490282, -0.2526767842, 0.8629123773),
            (-0.006225925228, -0.003594539606, 0.9999741582),
            (0.4283103247, 0.2472850813, 0.8691377073),
            (0.7484245497, 0.4321031152, 0.5031377458),
            (0.8660254038, 0.5, 0),
            (0.7484245497, 0.4321031152, -0.5031377458),
            (0.4283103247, 0.2472850813, -0.8691377073),
            (-0.006225925228, -0.003594539606, -0.9999741582),
            (-0.4376490282, -0.2526767842, -0.8629123773),
            (-0.7515373278, -0.4339002785, -0.4969126615),
            (-0.8191520443, -0.5735764364, 0),
            (-0.7108606004, -0.497749951, 0.4969126615),
            (-0.4139614087, -0.2898588989, 0.8629123773),
            (-0.005888948933, -0.004123486435, 0.9999741582),
            (0.4051281597, 0.2836737914, 0.8691377073),
            (0.7079163004, 0.4956883299, 0.5031377458),
            (0.8191520443, 0.5735764364, 0),
            (0.7079163004, 0.4956883299, -0.5031377458),
            (0.4051281597, 0.2836737914, -0.8691377073),
            (-0.005888948933, -0.004123486435, -0.9999741582),
            (-0.4139614087, -0.2898588989, -0.8629123773),
            (-0.7108606004, -0.497749951, -0.4969126615),
            (-0.7660444431, -0.6427876097, 0),
            (-0.6647737945, -0.5578114458, 0.4969126615),
            (-0.3871232929, -0.3248350123, 0.8629123773),
            (-0.005507154182, -0.004621051043, 0.9999741582),
            (0.3788627248, 0.3179035726, 0.8691377073),
            (0.6620203805, 0.5555010571, 0.5031377458),
            (0.7660444431, 0.6427876097, 0),
            (0.6620203805, 0.5555010571, -0.5031377458),
            (0.3788627248, 0.3179035726, -0.8691377073),
            (-0.005507154182, -0.004621051043, -0.9999741582),
            (-0.3871232929, -0.3248350123, -0.8629123773),
            (-0.6647737945, -0.5578114458, -0.4969126615),
            (-0.7071067812, -0.7071067812, 0),
            (-0.6136276586, -0.6136276586, 0.4969126615),
            (-0.3573389352, -0.3573389352, 0.8629123773),
            (-0.005083446661, -0.005083446661, 0.9999741582),
            (0.3497139157, 0.3497139157, 0.8691377073),
            (0.6110860859, 0.6110860859, 0.5031377458),
            (0.7071067812, 0.7071067812, 0),
            (0.6110860859, 0.6110860859, -0.5031377458),
            (0.3497139157, 0.3497139157, -0.8691377073),
            (-0.005083446661, -0.005083446661, -0.9999741582),
            (-0.3573389352, -0.3573389352, -0.8629123773),
            (-0.6136276586, -0.6136276586, -0.4969126615),
            (-0.6427876097, -0.7660444431, 0),
            (-0.5578114458, -0.6647737945, 0.4969126615),
            (-0.3248350123, -0.3871232929, 0.8629123773),
            (-0.004621051043, -0.005507154182, 0.9999741582),
            (0.3179035726, 0.3788627248, 0.8691377073),
            (0.5555010571, 0.6620203805, 0.5031377458),
            (0.6427876097, 0.7660444431, 0),
            (0.5555010571, 0.6620203805, -0.5031377458),
            (0.3179035726, 0.3788627248, -0.8691377073),
            (-0.004621051043, -0.005507154182, -0.9999741582),
            (-0.3248350123, -0.3871232929, -0.8629123773),
            (-0.5578114458, -0.6647737945, -0.4969126615),
            (-0.5735764364, -0.8191520443, 0),
            (-0.497749951, -0.7108606004, 0.4969126615),
            (-0.2898588989, -0.4139614087, 0.8629123773),
            (-0.004123486435, -0.005888948933, 0.9999741582),
            (0.2836737914, 0.4051281597, 0.8691377073),
            (0.4956883299, 0.7079163004, 0.5031377458),
            (0.5735764364, 0.8191520443, 0),
            (0.4956883299, 0.7079163004, -0.5031377458),
            (0.2836737914, 0.4051281597, -0.8691377073),
            (-0.004123486435, -0.005888948933, -0.9999741582),
            (-0.2898588989, -0.4139614087, -0.8629123773),
            (-0.497749951, -0.7108606004, -0.4969126615),
            (-0.5, -0.8660254038, 0),
            (-0.4339002785, -0.7515373278, 0.4969126615),
            (-0.2526767842, -0.4376490282, 0.8629123773),
            (-0.003594539606, -0.006225925228, 0.9999741582),
            (0.2472850813, 0.4283103247, 0.8691377073),
            (0.4321031152, 0.7484245497, 0.5031377458),
            (0.5, 0.8660254038, 0),
            (0.4321031152, 0.7484245497, -0.5031377458),
            (0.2472850813, 0.4283103247, -0.8691377073),
            (-0.003594539606, -0.006225925228, -0.9999741582),
            (-0.2526767842, -0.4376490282, -0.8629123773),
            (-0.4339002785, -0.7515373278, -0.4969126615),
            (-0.4226182617, -0.906307787, 0),
            (-0.366748363, -0.7864944025, 0.4969126615),
            (-0.2135716467, -0.4580058743, 0.8629123773),
            (-0.00303823616, -0.006515518472, 0.9999741582),
            (0.2090143824, 0.4482327896, 0.8691377073),
            (0.3652293349, 0.7832368363, 0.5031377458),
            (0.4226182617, 0.906307787, 0),
            (0.3652293349, 0.7832368363, -0.5031377458),
            (0.2090143824, 0.4482327896, -0.8691377073),
            (-0.00303823616, -0.006515518472, -0.9999741582),
            (-0.2135716467, -0.4580058743, -0.8629123773),
            (-0.366748363, -0.7864944025, -0.4969126615),
            (-0.3420201433, -0.9396926208, 0),
            (-0.2968052709, -0.8154657798, 0.4969126615),
            (-0.1728410999, -0.4748770192, 0.8629123773),
            (-0.002458809903, -0.006755524686, 0.9999741582),
            (0.1691529579, 0.4647439322, 0.8691377073),
            (0.2955759388, 0.8120882176, 0.5031377458),
            (0.3420201433, 0.9396926208, 0),
            (0.2955759388, 0.8120882176, -0.5031377458),
            (0.1691529579, 0.4647439322, -0.8691377073),
            (-0.002458809903, -0.006755524686, -0.9999741582),
            (-0.1728410999, -0.4748770192, -0.8629123773),
            (-0.2968052709, -0.8154657798, -0.4969126615),
            (-0.2588190451, -0.9659258263, 0),
            (-0.2246033115, -0.8382309701, 0.4969126615),
            (-0.130795128, -0.4881340632, 0.8629123773),
            (-0.001860670617, -0.006944117278, 0.9999741582),
            (0.1280041772, 0.4777180929, 0.8691377073),
            (0.2236730313, 0.8347591172, 0.5031377458),
            (0.2588190451, 0.9659258263, 0),
            (0.2236730313, 0.8347591172, -0.5031377458),
            (0.1280041772, 0.4777180929, -0.8691377073),
            (-0.001860670617, -0.006944117278, -0.9999741582),
            (-0.130795128, -0.4881340632, -0.8629123773),
            (-0.2246033115, -0.8382309701, -0.4969126615),
            (-0.1736481777, -0.984807753, 0),
            (-0.1506919853, -0.8546167167, 0.4969126615),
            (-0.08775372624, -0.4976761123, 0.8629123773),
            (-0.001248370504, -0.007079860945, 0.9999741582),
            (0.08588120746, 0.4870565305, 0.8691377073),
            (0.150067837, 0.8510769959, 0.5031377458),
            (0.1736481777, 0.984807753, 0),
            (0.150067837, 0.8510769959, -0.5031377458),
            (0.08588120746, 0.4870565305, -0.8691377073),
            (-0.001248370504, -0.007079860945, -0.9999741582),
            (-0.08775372624, -0.4976761123, -0.8629123773),
            (-0.1506919853, -0.8546167167, -0.4969126615),
            (-0.08715574275, -0.9961946981, 0),
            (-0.07563380211, -0.8644983139, 0.4969126615),
            (-0.04404446561, -0.5034305456, 0.8629123773),
            (-0.0006265695384, -0.007161722595, 0.9999741582),
            (0.04310462986, 0.4926881738, 0.8691377073),
            (0.0753205359, 0.8609176648, 0.5031377458),
            (0.08715574275, 0.9961946981, 0),
            (0.0753205359, 0.8609176648, -0.5031377458),
            (0.04310462986, 0.4926881738, -0.8691377073),
            (-0.0006265695384, -0.007161722595, -0.9999741582),
            (-0.04404446561, -0.5034305456, -0.8629123773),
            (-0.07563380211, -0.8644983139, -0.4969126615),
            (0, -1, 0),
            (0, -0.8678005571, 0.4969126615),
            (0, -0.5053535685, 0.8629123773),
            (0, -0.007189079212, 0.9999741582),
            (0, 0.4945701626, 0.8691377073),
            (0, 0.8642062304, 0.5031377458),
            (0, 1, 0),
            (0, 0.8642062304, -0.5031377458),
            (0, 0.4945701626, -0.8691377073),
            (0, -0.007189079212, -0.9999741582),
            (0, -0.5053535685, -0.8629123773),
            (0, -0.8678005571, -0.4969126615),
            (0.08715574275, -0.9961946981, 0),
            (0.07563380211, -0.8644983139, 0.4969126615),
            (0.04404446561, -0.5034305456, 0.8629123773),
            (0.0006265695384, -0.007161722595, 0.9999741582),
            (-0.04310462986, 0.4926881738, 0.8691377073),
            (-0.0753205359, 0.8609176648, 0.5031377458),
            (-0.08715574275, 0.9961946981, 0),
            (-0.0753205359, 0.8609176648, -0.5031377458),
            (-0.04310462986, 0.4926881738, -0.8691377073),
            (0.0006265695384, -0.007161722595, -0.9999741582),
            (0.04404446561, -0.5034305456, -0.8629123773),
            (0.07563380211, -0.8644983139, -0.4969126615),
            (0.1736481777, -0.984807753, 0),
            (0.1506919853, -0.8546167167, 0.4969126615),
            (0.08775372624, -0.4976761123, 0.8629123773),
            (0.001248370504, -0.007079860945, 0.9999741582),
            (-0.08588120746, 0.4870565305, 0.8691377073),
            (-0.150067837, 0.8510769959, 0.5031377458),
            (-0.1736481777, 0.984807753, 0),
            (-0.150067837, 0.8510769959, -0.5031377458),
            (-0.08588120746, 0.4870565305, -0.8691377073),
            (0.001248370504, -0.007079860945, -0.9999741582),
            (0.08775372624, -0.4976761123, -0.8629123773),
            (0.1506919853, -0.8546167167, -0.4969126615),
            (0.2588190451, -0.9659258263, 0),
            (0.2246033115, -0.8382309701, 0.4969126615),
            (0.130795128, -0.4881340632, 0.8629123773),
            (0.001860670617, -0.006944117278, 0.9999741582),
            (-0.1280041772, 0.4777180929, 0.8691377073),
            (-0.2236730313, 0.8347591172, 0.5031377458),
            (-0.2588190451, 0.9659258263, 0),
            (-0.2236730313, 0.8347591172, -0.5031377458),
            (-0.1280041772, 0.4777180929, -0.8691377073),
            (0.001860670617, -0.006944117278, -0.9999741582),
            (0.130795128, -0.4881340632, -0.8629123773),
            (0.2246033115, -0.8382309701, -0.4969126615),
            (0.3420201433, -0.9396926208, 0),
            (0.2968052709, -0.8154657798, 0.4969126615),
            (0.1728410999, -0.4748770192, 0.8629123773),
            (0.002458809903, -0.006755524686, 0.9999741582),
            (-0.1691529579, 0.4647439322, 0.8691377073),
            (-0.2955759388, 0.8120882176, 0.5031377458),
            (-0.3420201433, 0.9396926208, 0),
            (-0.2955759388, 0.8120882176, -0.5031377458),
            (-0.1691529579, 0.4647439322, -0.8691377073),
            (0.002458809903, -0.006755524686, -0.9999741582),
            (0.1728410999, -0.4748770192, -0.8629123773),
            (0.2968052709, -0.8154657798, -0.4969126615),
            (0.4226182617, -0.906307787, 0),
            (0.366748363, -0.7864944025, 0.4969126615),
            (0.2135716467, -0.4580058743, 0.8629123773),
            (0.00303823616, -0.006515518472, 0.9999741582),
            (-0.2090143824, 0.4482327896, 0.8691377073),
            (-0.3652293349, 0.7832368363, 0.5031377458),
            (-0.4226182617, 0.906307787, 0),
            (-0.3652293349, 0.7832368363, -0.5031377458),
            (-0.2090143824, 0.4482327896, -0.8691377073),
            (0.00303823616, -0.006515518472, -0.9999741582),
            (0.2135716467, -0.4580058743, -0.8629123773),
            (0.366748363, -0.7864944025, -0.4969126615),
            (0.5, -0.8660254038, 0),
            (0.4339002785, -0.7515373278, 0.4969126615),
            (0.2526767842, -0.4376490282, 0.8629123773),
            (0.003594539606, -0.006225925228, 0.9999741582),
            (-0.2472850813, 0.4283103247, 0.8691377073),
            (-0.4321031152, 0.7484245497, 0.5031377458),
            (-0.5, 0.8660254038, 0),
            (-0.4321031152, 0.7484245497, -0.5031377458),
            (-0.2472850813, 0.4283103247, -0.8691377073),
            (0.003594539606, -0.006225925228, -0.9999741582),
            (0.2526767842, -0.4376490282, -0.8629123773),
            (0.4339002785, -0.7515373278, -0.4969126615),
            (0.5735764364, -0.8191520443, 0),
            (0.497749951, -0.7108606004, 0.4969126615),
            (0.2898588989, -0.4139614087, 0.8629123773),
            (0.004123486435, -0.005888948933, 0.9999741582),
            (-0.2836737914, 0.4051281597, 0.8691377073),
            (-0.4956883299, 0.7079163004, 0.5031377458),
            (-0.5735764364, 0.8191520443, 0),
            (-0.4956883299, 0.7079163004, -0.5031377458),
            (-0.2836737914, 0.4051281597, -0.8691377073),
            (0.004123486435, -0.005888948933, -0.9999741582),
            (0.2898588989, -0.4139614087, -0.8629123773),
            (0.497749951, -0.7108606004, -0.4969126615),
            (0.6427876097, -0.7660444431, 0),
            (0.5578114458, -0.6647737945, 0.4969126615),
            (0.3248350123, -0.3871232929, 0.8629123773),
            (0.004621051043, -0.005507154182, 0.9999741582),
            (-0.3179035726, 0.3788627248, 0.8691377073),
            (-0.5555010571, 0.6620203805, 0.5031377458),
            (-0.6427876097, 0.7660444431, 0),
            (-0.5555010571, 0.6620203805, -0.5031377458),
            (-0.3179035726, 0.3788627248, -0.8691377073),
            (0.004621051043, -0.005507154182, -0.9999741582),
            (0.3248350123, -0.3871232929, -0.8629123773),
            (0.5578114458, -0.6647737945, -0.4969126615),
            (0.7071067812, -0.7071067812, 0),
            (0.6136276586, -0.6136276586, 0.4969126615),
            (0.3573389352, -0.3573389352, 0.8629123773),
            (0.005083446661, -0.005083446661, 0.9999741582),
            (-0.3497139157, 0.3497139157, 0.8691377073),
            (-0.6110860859, 0.6110860859, 0.5031377458),
            (-0.7071067812, 0.7071067812, 0),
            (-0.6110860859, 0.6110860859, -0.5031377458),
            (-0.3497139157, 0.3497139157, -0.8691377073),
            (0.005083446661, -0.005083446661, -0.9999741582),
            (0.3573389352, -0.3573389352, -0.8629123773),
            (0.6136276586, -0.6136276586, -0.4969126615),
            (0.7660444431, -0.6427876097, 0),
            (0.6647737945, -0.5578114458, 0.4969126615),
            (0.3871232929, -0.3248350123, 0.8629123773),
            (0.005507154182, -0.004621051043, 0.9999741582),
            (-0.3788627248, 0.3179035726, 0.8691377073),
            (-0.6620203805, 0.5555010571, 0.5031377458),
            (-0.7660444431, 0.6427876097, 0),
            (-0.6620203805, 0.5555010571, -0.5031377458),
            (-0.3788627248, 0.3179035726, -0.8691377073),
            (0.005507154182, -0.004621051043, -0.9999741582),
            (0.3871232929, -0.3248350123, -0.8629123773),
            (0.6647737945, -0.5578114458, -0.4969126615),
            (0.8191520443, -0.5735764364, 0),
            (0.7108606004, -0.497749951, 0.4969126615),
            (0.4139614087, -0.2898588989, 0.8629123773),
            (0.005888948933, -0.004123486435, 0.9999741582),
            (-0.4051281597, 0.2836737914, 0.8691377073),
            (-0.7079163004, 0.4956883299, 0.5031377458),
            (-0.8191520443, 0.5735764364, 0),
            (-0.7079163004, 0.4956883299, -0.5031377458),
            (-0.4051281597, 0.2836737914, -0.8691377073),
            (0.005888948933, -0.004123486435, -0.9999741582),
            (0.4139614087, -0.2898588989, -0.8629123773),
            (0.7108606004, -0.497749951, -0.4969126615),
            (0.8660254038, -0.5, 0),
            (0.7515373278, -0.4339002785, 0.4969126615),
            (0.4376490282, -0.2526767842, 0.8629123773),
            (0.006225925228, -0.003594539606, 0.9999741582),
            (-0.4283103247, 0.2472850813, 0.8691377073),
            (-0.7484245497, 0.4321031152, 0.5031377458),
            (-0.8660254038, 0.5, 0),
            (-0.7484245497, 0.4321031152, -0.5031377458),
            (-0.4283103247, 0.2472850813, -0.8691377073),
            (0.006225925228, -0.003594539606, -0.9999741582),
            (0.4376490282, -0.2526767842, -0.8629123773),
            (0.7515373278, -0.4339002785, -0.4969126615),
            (0.906307787, -0.4226182617, 0),
            (0.7864944025, -0.366748363, 0.4969126615),
            (0.4580058743, -0.2135716467, 0.8629123773),
            (0.006515518472, -0.00303823616, 0.9999741582),
            (-0.4482327896, 0.2090143824, 0.8691377073),
            (-0.7832368363, 0.3652293349, 0.5031377458),
            (-0.906307787, 0.4226182617, 0),
            (-0.7832368363, 0.3652293349, -0.5031377458),
            (-0.4482327896, 0.2090143824, -0.8691377073),
            (0.006515518472, -0.00303823616, -0.9999741582),
            (0.4580058743, -0.2135716467, -0.8629123773),
            (0.7864944025, -0.366748363, -0.4969126615),
            (0.9396926208, -0.3420201433, 0),
            (0.8154657798, -0.2968052709, 0.4969126615),
            (0.4748770192, -0.1728410999, 0.8629123773),
            (0.006755524686, -0.002458809903, 0.9999741582),
            (-0.4647439322, 0.1691529579, 0.8691377073),
            (-0.8120882176, 0.2955759388, 0.5031377458),
            (-0.9396926208, 0.3420201433, 0),
            (-0.8120882176, 0.2955759388, -0.5031377458),
            (-0.4647439322, 0.1691529579, -0.8691377073),
            (0.006755524686, -0.002458809903, -0.9999741582),
            (0.4748770192, -0.1728410999, -0.8629123773),
            (0.8154657798, -0.2968052709, -0.4969126615),
            (0.9659258263, -0.2588190451, 0),
            (0.8382309701, -0.2246033115, 0.4969126615),
            (0.4881340632, -0.130795128, 0.8629123773),
            (0.006944117278, -0.001860670617, 0.9999741582),
            (-0.4777180929, 0.1280041772, 0.8691377073),
            (-0.8347591172, 0.2236730313, 0.5031377458),
            (-0.9659258263, 0.2588190451, 0),
            (-0.8347591172, 0.2236730313, -0.5031377458),
            (-0.4777180929, 0.1280041772, -0.8691377073),
            (0.006944117278, -0.001860670617, -0.9999741582),
            (0.4881340632, -0.130795128, -0.8629123773),
            (0.8382309701, -0.2246033115, -0.4969126615),
            (0.984807753, -0.1736481777, 0),
            (0.8546167167, -0.1506919853, 0.4969126615),
            (0.4976761123, -0.08775372624, 0.8629123773),
            (0.007079860945, -0.001248370504, 0.9999741582),
            (-0.4870565305, 0.08588120746, 0.8691377073),
            (-0.8510769959, 0.150067837, 0.5031377458),
            (-0.984807753, 0.1736481777, 0),
            (-0.8510769959, 0.150067837, -0.5031377458),
            (-0.4870565305, 0.08588120746, -0.8691377073),
            (0.007079860945, -0.001248370504, -0.9999741582),
            (0.4976761123, -0.08775372624, -0.8629123773),
            (0.8546167167, -0.1506919853, -0.4969126615),
            (0.9961946981, -0.08715574275, 0),
            (0.8644983139, -0.07563380211, 0.4969126615),
            (0.5034305456, -0.04404446561, 0.8629123773),
            (0.007161722595, -0.0006265695384, 0.9999741582),
            (-0.4926881738, 0.04310462986, 0.8691377073),
            (-0.8609176648, 0.0753205359, 0.5031377458),
            (-0.9961946981, 0.08715574275, 0),
            (-0.8609176648, 0.0753205359, -0.5031377458),
            (-0.4926881738, 0.04310462986, -0.8691377073),
            (0.007161722595, -0.0006265695384, -0.9999741582),
            (0.5034305456, -0.04404446561, -0.8629123773),
            (0.8644983139, -0.07563380211, -0.4969126615),
            (0, 0, -1),
            (0.7212469239, 0, -0.6926780456),
            (0.7212469239, 0, 0.6926780456),
            (0, 0, 1),
            (0.7150765564, 0.09414161462, -0.6926780456),
            (0.7150765564, 0.09414161462, 0.6926780456),
            (0.6966710309, 0.1866724401, -0.6926780456),
            (0.6966710309, 0.1866724401, 0.6926780456),
            (0.6663452708, 0.2760092484, -0.6926780456),
            (0.6663452708, 0.2760092484, 0.6926780456),
            (0.6246181585, 0.3606234619, -0.6926780456),
            (0.6246181585, 0.3606234619, 0.6926780456),
            (0.5722036562, 0.439067308, -0.6926780456),
            (0.5722036562, 0.439067308, 0.6926780456),
            (0.5099985908, 0.5099985908, -0.6926780456),
            (0.5099985908, 0.5099985908, 0.6926780456),
            (0.439067308, 0.5722036562, -0.6926780456),
            (0.439067308, 0.5722036562, 0.6926780456),
            (0.3606234619, 0.6246181585, -0.6926780456),
            (0.3606234619, 0.6246181585, 0.6926780456),
            (0.2760092484, 0.6663452708, -0.6926780456),
            (0.2760092484, 0.6663452708, 0.6926780456),
            (0.1866724401, 0.6966710309, -0.6926780456),
            (0.1866724401, 0.6966710309, 0.6926780456),
            (0.09414161462, 0.7150765564, -0.6926780456),
            (0.09414161462, 0.7150765564, 0.6926780456),
            (0, 0.7212469239, -0.6926780456),
            (0, 0.7212469239, 0.6926780456),
            (-0.09414161462, 0.7150765564, -0.6926780456),
            (-0.09414161462, 0.7150765564, 0.6926780456),
            (-0.1866724401, 0.6966710309, -0.6926780456),
            (-0.1866724401, 0.6966710309, 0.6926780456),
            (-0.2760092484, 0.6663452708, -0.6926780456),
            (-0.2760092484, 0.6663452708, 0.6926780456),
            (-0.3606234619, 0.6246181585, -0.6926780456),
            (-0.3606234619, 0.6246181585, 0.6926780456),
            (-0.439067308, 0.5722036562, -0.6926780456),
            (-0.439067308, 0.5722036562, 0.6926780456),
            (-0.5099985908, 0.5099985908, -0.6926780456),
            (-0.5099985908, 0.5099985908, 0.6926780456),
            (-0.5722036562, 0.439067308, -0.6926780456),
            (-0.5722036562, 0.439067308, 0.6926780456),
            (-0.6246181585, 0.3606234619, -0.6926780456),
            (-0.6246181585, 0.3606234619, 0.6926780456),
            (-0.6663452708, 0.2760092484, -0.6926780456),
            (-0.6663452708, 0.2760092484, 0.6926780456),
            (-0.6966710309, 0.1866724401, -0.6926780456),
            (-0.6966710309, 0.1866724401, 0.6926780456),
            (-0.7150765564, 0.09414161462, -0.6926780456),
            (-0.7150765564, 0.09414161462, 0.6926780456),
            (-0.7212469239, 0, -0.6926780456),
            (-0.7212469239, 0, 0.6926780456),
            (-0.7150765564, -0.09414161462, -0.6926780456),
            (-0.7150765564, -0.09414161462, 0.6926780456),
            (-0.6966710309, -0.1866724401, -0.6926780456),
            (-0.6966710309, -0.1866724401, 0.6926780456),
            (-0.6663452708, -0.2760092484, -0.6926780456),
            (-0.6663452708, -0.2760092484, 0.6926780456),
            (-0.6246181585, -0.3606234619, -0.6926780456),
            (-0.6246181585, -0.3606234619, 0.6926780456),
            (-0.5722036562, -0.439067308, -0.6926780456),
            (-0.5722036562, -0.439067308, 0.6926780456),
            (-0.5099985908, -0.5099985908, -0.6926780456),
            (-0.5099985908, -0.5099985908, 0.6926780456),
            (-0.439067308, -0.5722036562, -0.6926780456),
            (-0.439067308, -0.5722036562, 0.6926780456),
            (-0.3606234619, -0.6246181585, -0.6926780456),
            (-0.3606234619, -0.6246181585, 0.6926780456),
            (-0.2760092484, -0.6663452708, -0.6926780456),
            (-0.2760092484, -0.6663452708, 0.6926780456),
            (-0.1866724401, -0.6966710309, -0.6926780456),
            (-0.1866724401, -0.6966710309, 0.6926780456),
            (-0.09414161462, -0.7150765564, -0.6926780456),
            (-0.09414161462, -0.7150765564, 0.6926780456),
            (0, -0.7212469239, -0.6926780456),
            (0, -0.7212469239, 0.6926780456),
            (0.09414161462, -0.7150765564, -0.6926780456),
            (0.09414161462, -0.7150765564, 0.6926780456),
            (0.1866724401, -0.6966710309, -0.6926780456),
            (0.1866724401, -0.6966710309, 0.6926780456),
            (0.2760092484, -0.6663452708, -0.6926780456),
            (0.2760092484, -0.6663452708, 0.6926780456),
            (0.3606234619, -0.6246181585, -0.6926780456),
            (0.3606234619, -0.6246181585, 0.6926780456),
            (0.439067308, -0.5722036562, -0.6926780456),
            (0.439067308, -0.5722036562, 0.6926780456),
            (0.5099985908, -0.5099985908, -0.6926780456),
            (0.5099985908, -0.5099985908, 0.6926780456),
            (0.5722036562, -0.439067308, -0.6926780456),
            (0.5722036562, -0.439067308, 0.6926780456),
            (0.6246181585, -0.3606234619, -0.6926780456),
            (0.6246181585, -0.3606234619, 0.6926780456),
            (0.6663452708, -0.2760092484, -0.6926780456),
            (0.6663452708, -0.2760092484, 0.6926780456),
            (0.6966710309, -0.1866724401, -0.6926780456),
            (0.6966710309, -0.1866724401, 0.6926780456),
            (0.7150765564, -0.09414161462, -0.6926780456),
            (0.7150765564, -0.09414161462, 0.6926780456),
            (0.2747211279, 0, -0.9615239476),
            (0.2747211279, 0, -0.9615239476),
            (0.2653602325, 0.2588190451, -0.9287608136),
            (0.2653602325, 0.2588190451, -0.9287608136),
            (0.2379154757, 0.5, -0.832704165),
            (0.2379154757, 0.5, -0.832704165),
            (0.1942571725, 0.7071067812, -0.6799001037),
            (0.1942571725, 0.7071067812, -0.6799001037),
            (0.1373605639, 0.8660254038, -0.4807619738),
            (0.1373605639, 0.8660254038, -0.4807619738),
            (0.07110305999, 0.9659258263, -0.24886071),
            (0.07110305999, 0.9659258263, -0.24886071),
            (0, 1, 0),
            (0, 1, 0),
            (-0.07110305999, 0.9659258263, 0.24886071),
            (-0.07110305999, 0.9659258263, 0.24886071),
            (-0.1373605639, 0.8660254038, 0.4807619738),
            (-0.1373605639, 0.8660254038, 0.4807619738),
            (-0.1942571725, 0.7071067812, 0.6799001037),
            (-0.1942571725, 0.7071067812, 0.6799001037),
            (-0.2379154757, 0.5, 0.832704165),
            (-0.2379154757, 0.5, 0.832704165),
            (-0.2653602325, 0.2588190451, 0.9287608136),
            (-0.2653602325, 0.2588190451, 0.9287608136),
            (-0.2747211279, 0, 0.9615239476),
            (-0.2747211279, 0, 0.9615239476),
            (-0.2653602325, -0.2588190451, 0.9287608136),
            (-0.2653602325, -0.2588190451, 0.9287608136),
            (-0.2379154757, -0.5, 0.832704165),
            (-0.2379154757, -0.5, 0.832704165),
            (-0.1942571725, -0.7071067812, 0.6799001037),
            (-0.1942571725, -0.7071067812, 0.6799001037),
            (-0.1373605639, -0.8660254038, 0.4807619738),
            (-0.1373605639, -0.8660254038, 0.4807619738),
            (-0.07110305999, -0.9659258263, 0.24886071),
            (-0.07110305999, -0.9659258263, 0.24886071),
            (0, -1, 0),
            (0, -1, 0),
            (0.07110305999, -0.9659258263, -0.24886071),
            (0.07110305999, -0.9659258263, -0.24886071),
            (0.1373605639, -0.8660254038, -0.4807619738),
            (0.1373605639, -0.8660254038, -0.4807619738),
            (0.1942571725, -0.7071067812, -0.6799001037),
            (0.1942571725, -0.7071067812, -0.6799001037),
            (0.2379154757, -0.5, -0.832704165),
            (0.2379154757, -0.5, -0.832704165),
            (0.2653602325, -0.2588190451, -0.9287608136),
            (0.2653602325, -0.2588190451, -0.9287608136),
            (0.818680282, -0.314054964, -0.4807619738),
            (0.818680282, -0.314054964, -0.4807619738),
            (0.7095010219, -0.1853217444, -0.6799001037),
            (0.7095010219, -0.1853217444, -0.6799001037),
            (0.5519704397, -0.04395915408, -0.832704165),
            (0.5519704397, -0.04395915408, -0.832704165),
            (0.3568239843, 0.1003991799, -0.9287608136),
            (0.3568239843, 0.1003991799, -0.9287608136),
            (0.1373605639, 0.2379154757, -0.9615239476),
            (0.1373605639, 0.2379154757, -0.9615239476),
            (-0.09146375181, 0.359218225, -0.9287608136),
            (-0.09146375181, 0.359218225, -0.9287608136),
            (-0.314054964, 0.4560408459, -0.832704165),
            (-0.314054964, 0.4560408459, -0.832704165),
            (-0.5152438495, 0.5217850368, -0.6799001037),
            (-0.5152438495, 0.5217850368, -0.6799001037),
            (-0.681319718, 0.5519704397, -0.4807619738),
            (-0.681319718, 0.5519704397, -0.4807619738),
            (-0.8009647737, 0.5445399694, -0.24886071),
            (-0.8009647737, 0.5445399694, -0.24886071),
            (-0.8660254038, 0.5, 0),
            (-0.8660254038, 0.5, 0),
            (-0.8720678337, 0.4213858569, 0.24886071),
            (-0.8720678337, 0.4213858569, 0.24886071),
            (-0.818680282, 0.314054964, 0.4807619738),
            (-0.818680282, 0.314054964, 0.4807619738),
            (-0.7095010219, 0.1853217444, 0.6799001037),
            (-0.7095010219, 0.1853217444, 0.6799001037),
            (-0.5519704397, 0.04395915408, 0.832704165),
            (-0.5519704397, 0.04395915408, 0.832704165),
            (-0.3568239843, -0.1003991799, 0.9287608136),
            (-0.3568239843, -0.1003991799, 0.9287608136),
            (-0.1373605639, -0.2379154757, 0.9615239476),
            (-0.1373605639, -0.2379154757, 0.9615239476),
            (0.09146375181, -0.359218225, 0.9287608136),
            (0.09146375181, -0.359218225, 0.9287608136),
            (0.314054964, -0.4560408459, 0.832704165),
            (0.314054964, -0.4560408459, 0.832704165),
            (0.5152438495, -0.5217850368, 0.6799001037),
            (0.5152438495, -0.5217850368, 0.6799001037),
            (0.681319718, -0.5519704397, 0.4807619738),
            (0.681319718, -0.5519704397, 0.4807619738),
            (0.8009647737, -0.5445399694, 0.24886071),
            (0.8009647737, -0.5445399694, 0.24886071),
            (0.8660254038, -0.5, 0),
            (0.8660254038, -0.5, 0),
            (0.8720678337, -0.4213858569, -0.24886071),
            (0.8720678337, -0.4213858569, -0.24886071),
            (0.818680282, 0.314054964, 0.4807619738),
            (0.818680282, 0.314054964, 0.4807619738),
            (0.8720678337, 0.4213858569, 0.24886071),
            (0.8720678337, 0.4213858569, 0.24886071),
            (0.8660254038, 0.5, 0),
            (0.8660254038, 0.5, 0),
            (0.8009647737, 0.5445399694, -0.24886071),
            (0.8009647737, 0.5445399694, -0.24886071),
            (0.681319718, 0.5519704397, -0.4807619738),
            (0.681319718, 0.5519704397, -0.4807619738),
            (0.5152438495, 0.5217850368, -0.6799001037),
            (0.5152438495, 0.5217850368, -0.6799001037),
            (0.314054964, 0.4560408459, -0.832704165),
            (0.314054964, 0.4560408459, -0.832704165),
            (0.09146375181, 0.359218225, -0.9287608136),
            (0.09146375181, 0.359218225, -0.9287608136),
            (-0.1373605639, 0.2379154757, -0.9615239476),
            (-0.1373605639, 0.2379154757, -0.9615239476),
            (-0.3568239843, 0.1003991799, -0.9287608136),
            (-0.3568239843, 0.1003991799, -0.9287608136),
            (-0.5519704397, -0.04395915408, -0.832704165),
            (-0.5519704397, -0.04395915408, -0.832704165),
            (-0.7095010219, -0.1853217444, -0.6799001037),
            (-0.7095010219, -0.1853217444, -0.6799001037),
            (-0.818680282, -0.314054964, -0.4807619738),
            (-0.818680282, -0.314054964, -0.4807619738),
            (-0.8720678337, -0.4213858569, -0.24886071),
            (-0.8720678337, -0.4213858569, -0.24886071),
            (-0.8660254038, -0.5, 0),
            (-0.8660254038, -0.5, 0),
            (-0.8009647737, -0.5445399694, 0.24886071),
            (-0.8009647737, -0.5445399694, 0.24886071),
            (-0.681319718, -0.5519704397, 0.4807619738),
            (-0.681319718, -0.5519704397, 0.4807619738),
            (-0.5152438495, -0.5217850368, 0.6799001037),
            (-0.5152438495, -0.5217850368, 0.6799001037),
            (-0.314054964, -0.4560408459, 0.832704165),
            (-0.314054964, -0.4560408459, 0.832704165),
            (-0.09146375181, -0.359218225, 0.9287608136),
            (-0.09146375181, -0.359218225, 0.9287608136),
            (0.1373605639, -0.2379154757, 0.9615239476),
            (0.1373605639, -0.2379154757, 0.9615239476),
            (0.3568239843, -0.1003991799, 0.9287608136),
            (0.3568239843, -0.1003991799, 0.9287608136),
            (0.5519704397, 0.04395915408, 0.832704165),
            (0.5519704397, 0.04395915408, 0.832704165),
            (0.7095010219, 0.1853217444, 0.6799001037),
            (0.7095010219, 0.1853217444, 0.6799001037),
            (0.2747211279, 0, 0.9615239476),
            (0.2747211279, 0, 0.9615239476),
            (0.2653602325, 0.2588190451, 0.9287608136),
            (0.2653602325, 0.2588190451, 0.9287608136),
            (0.2379154757, 0.5, 0.832704165),
            (0.2379154757, 0.5, 0.832704165),
            (0.1942571725, 0.7071067812, 0.6799001037),
            (0.1942571725, 0.7071067812, 0.6799001037),
            (0.1373605639, 0.8660254038, 0.4807619738),
            (0.1373605639, 0.8660254038, 0.4807619738),
            (0.07110305999, 0.9659258263, 0.24886071),
            (0.07110305999, 0.9659258263, 0.24886071),
            (0, 1, 0),
            (0, 1, 0),
            (-0.07110305999, 0.9659258263, -0.24886071),
            (-0.07110305999, 0.9659258263, -0.24886071),
            (-0.1373605639, 0.8660254038, -0.4807619738),
            (-0.1373605639, 0.8660254038, -0.4807619738),
            (-0.1942571725, 0.7071067812, -0.6799001037),
            (-0.1942571725, 0.7071067812, -0.6799001037),
            (-0.2379154757, 0.5, -0.832704165),
            (-0.2379154757, 0.5, -0.832704165),
            (-0.2653602325, 0.2588190451, -0.9287608136),
            (-0.2653602325, 0.2588190451, -0.9287608136),
            (-0.2747211279, 0, -0.9615239476),
            (-0.2747211279, 0, -0.9615239476),
            (-0.2653602325, -0.2588190451, -0.9287608136),
            (-0.2653602325, -0.2588190451, -0.9287608136),
            (-0.2379154757, -0.5, -0.832704165),
            (-0.2379154757, -0.5, -0.832704165),
            (-0.1942571725, -0.7071067812, -0.6799001037),
            (-0.1942571725, -0.7071067812, -0.6799001037),
            (-0.1373605639, -0.8660254038, -0.4807619738),
            (-0.1373605639, -0.8660254038, -0.4807619738),
            (-0.07110305999, -0.9659258263, -0.24886071),
            (-0.07110305999, -0.9659258263, -0.24886071),
            (0, -1, 0),
            (0, -1, 0),
            (0.07110305999, -0.9659258263, 0.24886071),
            (0.07110305999, -0.9659258263, 0.24886071),
            (0.1373605639, -0.8660254038, 0.4807619738),
            (0.1373605639, -0.8660254038, 0.4807619738),
            (0.1942571725, -0.7071067812, 0.6799001037),
            (0.1942571725, -0.7071067812, 0.6799001037),
            (0.2379154757, -0.5, 0.832704165),
            (0.2379154757, -0.5, 0.832704165),
            (0.2653602325, -0.2588190451, 0.9287608136),
            (0.2653602325, -0.2588190451, 0.9287608136),
            (0.818680282, -0.314054964, 0.4807619738),
            (0.818680282, -0.314054964, 0.4807619738),
            (0.7095010219, -0.1853217444, 0.6799001037),
            (0.7095010219, -0.1853217444, 0.6799001037),
            (0.5519704397, -0.04395915408, 0.832704165),
            (0.5519704397, -0.04395915408, 0.832704165),
            (0.3568239843, 0.1003991799, 0.9287608136),
            (0.3568239843, 0.1003991799, 0.9287608136),
            (0.1373605639, 0.2379154757, 0.9615239476),
            (0.1373605639, 0.2379154757, 0.9615239476),
            (-0.09146375181, 0.359218225, 0.9287608136),
            (-0.09146375181, 0.359218225, 0.9287608136),
            (-0.314054964, 0.4560408459, 0.832704165),
            (-0.314054964, 0.4560408459, 0.832704165),
            (-0.5152438495, 0.5217850368, 0.6799001037),
            (-0.5152438495, 0.5217850368, 0.6799001037),
            (-0.681319718, 0.5519704397, 0.4807619738),
            (-0.681319718, 0.5519704397, 0.4807619738),
            (-0.8009647737, 0.5445399694, 0.24886071),
            (-0.8009647737, 0.5445399694, 0.24886071),
            (-0.8660254038, 0.5, 0),
            (-0.8660254038, 0.5, 0),
            (-0.8720678337, 0.4213858569, -0.24886071),
            (-0.8720678337, 0.4213858569, -0.24886071),
            (-0.818680282, 0.314054964, -0.4807619738),
            (-0.818680282, 0.314054964, -0.4807619738),
            (-0.7095010219, 0.1853217444, -0.6799001037),
            (-0.7095010219, 0.1853217444, -0.6799001037),
            (-0.5519704397, 0.04395915408, -0.832704165),
            (-0.5519704397, 0.04395915408, -0.832704165),
            (-0.3568239843, -0.1003991799, -0.9287608136),
            (-0.3568239843, -0.1003991799, -0.9287608136),
            (-0.1373605639, -0.2379154757, -0.9615239476),
            (-0.1373605639, -0.2379154757, -0.9615239476),
            (0.09146375181, -0.359218225, -0.9287608136),
            (0.09146375181, -0.359218225, -0.9287608136),
            (0.314054964, -0.4560408459, -0.832704165),
            (0.314054964, -0.4560408459, -0.832704165),
            (0.5152438495, -0.5217850368, -0.6799001037),
            (0.5152438495, -0.5217850368, -0.6799001037),
            (0.681319718, -0.5519704397, -0.4807619738),
            (0.681319718, -0.5519704397, -0.4807619738),
            (0.8009647737, -0.5445399694, -0.24886071),
            (0.8009647737, -0.5445399694, -0.24886071),
            (0.8660254038, -0.5, 0),
            (0.8660254038, -0.5, 0),
            (0.8720678337, -0.4213858569, 0.24886071),
            (0.8720678337, -0.4213858569, 0.24886071),
            (0.818680282, 0.314054964, -0.4807619738),
            (0.818680282, 0.314054964, -0.4807619738),
            (0.8720678337, 0.4213858569, -0.24886071),
            (0.8720678337, 0.4213858569, -0.24886071),
            (0.8660254038, 0.5, 0),
            (0.8660254038, 0.5, 0),
            (0.8009647737, 0.5445399694, 0.24886071),
            (0.8009647737, 0.5445399694, 0.24886071),
            (0.681319718, 0.5519704397, 0.4807619738),
            (0.681319718, 0.5519704397, 0.4807619738),
            (0.5152438495, 0.5217850368, 0.6799001037),
            (0.5152438495, 0.5217850368, 0.6799001037),
            (0.314054964, 0.4560408459, 0.832704165),
            (0.314054964, 0.4560408459, 0.832704165),
            (0.09146375181, 0.359218225, 0.9287608136),
            (0.09146375181, 0.359218225, 0.9287608136),
            (-0.1373605639, 0.2379154757, 0.9615239476),
            (-0.1373605639, 0.2379154757, 0.9615239476),
            (-0.3568239843, 0.1003991799, 0.9287608136),
            (-0.3568239843, 0.1003991799, 0.9287608136),
            (-0.5519704397, -0.04395915408, 0.832704165),
            (-0.5519704397, -0.04395915408, 0.832704165),
            (-0.7095010219, -0.1853217444, 0.6799001037),
            (-0.7095010219, -0.1853217444, 0.6799001037),
            (-0.818680282, -0.314054964, 0.4807619738),
            (-0.818680282, -0.314054964, 0.4807619738),
            (-0.8720678337, -0.4213858569, 0.24886071),
            (-0.8720678337, -0.4213858569, 0.24886071),
            (-0.8660254038, -0.5, 0),
            (-0.8660254038, -0.5, 0),
            (-0.8009647737, -0.5445399694, -0.24886071),
            (-0.8009647737, -0.5445399694, -0.24886071),
            (-0.681319718, -0.5519704397, -0.4807619738),
            (-0.681319718, -0.5519704397, -0.4807619738),
            (-0.5152438495, -0.5217850368, -0.6799001037),
            (-0.5152438495, -0.5217850368, -0.6799001037),
            (-0.314054964, -0.4560408459, -0.832704165),
            (-0.314054964, -0.4560408459, -0.832704165),
            (-0.09146375181, -0.359218225, -0.9287608136),
            (-0.09146375181, -0.359218225, -0.9287608136),
            (0.1373605639, -0.2379154757, -0.9615239476),
            (0.1373605639, -0.2379154757, -0.9615239476),
            (0.3568239843, -0.1003991799, -0.9287608136),
            (0.3568239843, -0.1003991799, -0.9287608136),
            (0.5519704397, 0.04395915408, -0.832704165),
            (0.5519704397, 0.04395915408, -0.832704165),
            (0.7095010219, 0.1853217444, -0.6799001037),
            (0.7095010219, 0.1853217444, -0.6799001037)
            ] (
                interpolation = "vertex"
            )
            texCoord2f[] primvars:st = [
            (1, 0.5),
            (0.9941110068, 0.5),
            (0.978021978, 0.5),
            (0.956043956, 0.5),
            (0.9340659341, 0.5),
            (0.9179769053, 0.5),
            (0.9120879121, 0.5),
            (0.9179769053, 0.5),
            (0.9340659341, 0.5),
            (0.956043956, 0.5),
            (0.978021978, 0.5),
            (0.9941110068, 0.5),
            (0.998097349, 0.5435778714),
            (0.9922307652, 0.5430646118),
            (0.9762029601, 0.5416623605),
            (0.9543085711, 0.5397468497),
            (0.9324141821, 0.5378313389),
            (0.916386377, 0.5364290876),
            (0.9105197932, 0.5359158281),
            (0.916386377, 0.5364290876),
            (0.9324141821, 0.5378313389),
            (0.9543085711, 0.5397468497),
            (0.9762029601, 0.5416623605),
            (0.9922307652, 0.5430646118),
            (0.9924038765, 0.5868240888),
            (0.9866043503, 0.5858014759),
            (0.9707597501, 0.5830076454),
            (0.9491156236, 0.5791912019),
            (0.9274714972, 0.5753747584),
            (0.9116268969, 0.5725809279),
            (0.9058273707, 0.571558315),
            (0.9116268969, 0.5725809279),
            (0.9274714972, 0.5753747584),
            (0.9491156236, 0.5791912019),
            (0.9707597501, 0.5830076454),
            (0.9866043503, 0.5858014759),
            (0.9829629131, 0.6294095226),
            (0.9772745825, 0.6278853389),
            (0.9617337741, 0.6237211919),
            (0.9405046351, 0.6180328612),
            (0.919275496, 0.6123445306),
            (0.9037346876, 0.6081803835),
            (0.898046357, 0.6066561999),
            (0.9037346876, 0.6081803835),
            (0.919275496, 0.6123445306),
            (0.9405046351, 0.6180328612),
            (0.9617337741, 0.6237211919),
            (0.9772745825, 0.6278853389),
            (0.9698463104, 0.6710100717),
            (0.9643124669, 0.6689959174),
            (0.9491937253, 0.6634931454),
            (0.9285411402, 0.6559762192),
            (0.9078885552, 0.648459293),
            (0.8927698136, 0.6429565211),
            (0.8872359701, 0.6409423668),
            (0.8927698136, 0.6429565211),
            (0.9078885552, 0.648459293),
            (0.9285411402, 0.6559762192),
            (0.9491937253, 0.6634931454),
            (0.9643124669, 0.6689959174),
            (0.9531538935, 0.7113091309),
            (0.9478166531, 0.7088203348),
            (0.9332350411, 0.7020208174),
            (0.9133161886, 0.692732504),
            (0.8933973361, 0.6834441905),
            (0.8788157241, 0.6766446732),
            (0.8734784837, 0.6741558771),
            (0.8788157241, 0.6766446732),
            (0.8933973361, 0.6834441905),
            (0.9133161886, 0.692732504),
            (0.9332350411, 0.7020208174),
            (0.9478166531, 0.7088203348),
            (0.9330127019, 0.75),
            (0.9279126841, 0.7470555034),
            (0.9139791765, 0.739010989),
            (0.8949456512, 0.728021978),
            (0.8759121258, 0.717032967),
            (0.8619786182, 0.7089884527),
            (0.8568786005, 0.706043956),
            (0.8619786182, 0.7089884527),
            (0.8759121258, 0.717032967),
            (0.8949456512, 0.728021978),
            (0.9139791765, 0.739010989),
            (0.9279126841, 0.7470555034),
            (0.9095760221, 0.7867882182),
            (0.9047520413, 0.7834104304),
            (0.8915726805, 0.7741821427),
            (0.8735693389, 0.7615760671),
            (0.8555659972, 0.7489699916),
            (0.8423866365, 0.7397417038),
            (0.8375626556, 0.7363639161),
            (0.8423866365, 0.7397417038),
            (0.8555659972, 0.7489699916),
            (0.8735693389, 0.7615760671),
            (0.8915726805, 0.7741821427),
            (0.9047520413, 0.7834104304),
            (0.8830222216, 0.8213938048),
            (0.878510991, 0.817608433),
            (0.86618608, 0.8072666046),
            (0.8493499383, 0.7931394044),
            (0.8325137967, 0.7790122042),
            (0.8201888857, 0.7686703759),
            (0.8156776551, 0.764885004),
            (0.8201888857, 0.7686703759),
            (0.8325137967, 0.7790122042),
            (0.8493499383, 0.7931394044),
            (0.86618608, 0.8072666046),
            (0.878510991, 0.817608433),
            (0.8535533906, 0.8535533906),
            (0.8493892435, 0.8493892435),
            (0.8380125822, 0.8380125822),
            (0.8224717738, 0.8224717738),
            (0.8069309655, 0.8069309655),
            (0.7955543041, 0.7955543041),
            (0.7913901571, 0.7913901571),
            (0.7955543041, 0.7955543041),
            (0.8069309655, 0.8069309655),
            (0.8224717738, 0.8224717738),
            (0.8380125822, 0.8380125822),
            (0.8493892435, 0.8493892435),
            (0.8213938048, 0.8830222216),
            (0.817608433, 0.878510991),
            (0.8072666046, 0.86618608),
            (0.7931394044, 0.8493499383),
            (0.7790122042, 0.8325137967),
            (0.7686703759, 0.8201888857),
            (0.764885004, 0.8156776551),
            (0.7686703759, 0.8201888857),
            (0.7790122042, 0.8325137967),
            (0.7931394044, 0.8493499383),
            (0.8072666046, 0.86618608),
            (0.817608433, 0.878510991),
            (0.7867882182, 0.9095760221),
            (0.7834104304, 0.9047520413),
            (0.7741821427, 0.8915726805),
            (0.7615760671, 0.8735693389),
            (0.7489699916, 0.8555659972),
            (0.7397417038, 0.8423866365),
            (0.7363639161, 0.8375626556),
            (0.7397417038, 0.8423866365),
            (0.7489699916, 0.8555659972),
            (0.7615760671, 0.8735693389),
            (0.7741821427, 0.8915726805),
            (0.7834104304, 0.9047520413),
            (0.75, 0.9330127019),
            (0.7470555034, 0.9279126841),
            (0.739010989, 0.9139791765),
            (0.728021978, 0.8949456512),
            (0.717032967, 0.8759121258),
            (0.7089884527, 0.8619786182),
            (0.706043956, 0.8568786005),
            (0.7089884527, 0.8619786182),
            (0.717032967, 0.8759121258),
            (0.728021978, 0.8949456512),
            (0.739010989, 0.9139791765),
            (0.7470555034, 0.9279126841),
            (0.7113091309, 0.9531538935),
            (0.7088203348, 0.9478166531),
            (0.7020208174, 0.9332350411),
            (0.692732504, 0.9133161886),
            (0.6834441905, 0.8933973361),
            (0.6766446732, 0.8788157241),
            (0.6741558771, 0.8734784837),
            (0.6766446732, 0.8788157241),
            (0.6834441905, 0.8933973361),
            (0.692732504, 0.9133161886),
            (0.7020208174, 0.9332350411),
            (0.7088203348, 0.9478166531),
            (0.6710100717, 0.9698463104),
            (0.6689959174, 0.9643124669),
            (0.6634931454, 0.9491937253),
            (0.6559762192, 0.9285411402),
            (0.648459293, 0.9078885552),
            (0.6429565211, 0.8927698136),
            (0.6409423668, 0.8872359701),
            (0.6429565211, 0.8927698136),
            (0.648459293, 0.9078885552),
            (0.6559762192, 0.9285411402),
            (0.6634931454, 0.9491937253),
            (0.6689959174, 0.9643124669),
            (0.6294095226, 0.9829629131),
            (0.6278853389, 0.9772745825),
            (0.6237211919, 0.9617337741),
            (0.6180328612, 0.9405046351),
            (0.6123445306, 0.919275496),
            (0.6081803835, 0.9037346876),
            (0.6066561999, 0.898046357),
            (0.6081803835, 0.9037346876),
            (0.6123445306, 0.919275496),
            (0.6180328612, 0.9405046351),
            (0.6237211919, 0.9617337741),
            (0.6278853389, 0.9772745825),
            (0.5868240888, 0.9924038765),
            (0.5858014759, 0.9866043503),
            (0.5830076454, 0.9707597501),
            (0.5791912019, 0.9491156236),
            (0.5753747584, 0.9274714972),
            (0.5725809279, 0.9116268969),
            (0.571558315, 0.9058273707),
            (0.5725809279, 0.9116268969),
            (0.5753747584, 0.9274714972),
            (0.5791912019, 0.9491156236),
            (0.5830076454, 0.9707597501),
            (0.5858014759, 0.9866043503),
            (0.5435778714, 0.998097349),
            (0.5430646118, 0.9922307652),
            (0.5416623605, 0.9762029601),
            (0.5397468497, 0.9543085711),
            (0.5378313389, 0.9324141821),
            (0.5364290876, 0.916386377),
            (0.5359158281, 0.9105197932),
            (0.5364290876, 0.916386377),
            (0.5378313389, 0.9324141821),
            (0.5397468497, 0.9543085711),
            (0.5416623605, 0.9762029601),
            (0.5430646118, 0.9922307652),
            (0.5, 1),
            (0.5, 0.9941110068),
            (0.5, 0.978021978),
            (0.5, 0.956043956),
            (0.5, 0.9340659341),
            (0.5, 0.9179769053),
            (0.5, 0.9120879121),
            (0.5, 0.9179769053),
            (0.5, 0.9340659341),
            (0.5, 0.956043956),
            (0.5, 0.978021978),
            (0.5, 0.9941110068),
            (0.4564221286, 0.998097349),
            (0.4569353882, 0.9922307652),
            (0.4583376395, 0.9762029601),
            (0.4602531503, 0.9543085711),
            (0.4621686611, 0.9324141821),
            (0.4635709124, 0.916386377),
            (0.4640841719, 0.9105197932),
            (0.4635709124, 0.916386377),
            (0.4621686611, 0.9324141821),
            (0.4602531503, 0.9543085711),
            (0.4583376395, 0.9762029601),
            (0.4569353882, 0.9922307652),
            (0.4131759112, 0.9924038765),
            (0.4141985241, 0.9866043503),
            (0.4169923546, 0.9707597501),
            (0.4208087981, 0.9491156236),
            (0.4246252416, 0.9274714972),
            (0.4274190721, 0.9116268969),
            (0.428441685, 0.9058273707),
            (0.4274190721, 0.9116268969),
            (0.4246252416, 0.9274714972),
            (0.4208087981, 0.9491156236),
            (0.4169923546, 0.9707597501),
            (0.4141985241, 0.9866043503),
            (0.3705904774, 0.9829629131),
            (0.3721146611, 0.9772745825),
            (0.3762788081, 0.9617337741),
            (0.3819671388, 0.9405046351),
            (0.3876554694, 0.919275496),
            (0.3918196165, 0.9037346876),
            (0.3933438001, 0.898046357),
            (0.3918196165, 0.9037346876),
            (0.3876554694, 0.919275496),
            (0.3819671388, 0.9405046351),
            (0.3762788081, 0.9617337741),
            (0.3721146611, 0.9772745825),
            (0.3289899283, 0.9698463104),
            (0.3310040826, 0.9643124669),
            (0.3365068546, 0.9491937253),
            (0.3440237808, 0.9285411402),
            (0.351540707, 0.9078885552),
            (0.3570434789, 0.8927698136),
            (0.3590576332, 0.8872359701),
            (0.3570434789, 0.8927698136),
            (0.351540707, 0.9078885552),
            (0.3440237808, 0.9285411402),
            (0.3365068546, 0.9491937253),
            (0.3310040826, 0.9643124669),
            (0.2886908691, 0.9531538935),
            (0.2911796652, 0.9478166531),
            (0.2979791826, 0.9332350411),
            (0.307267496, 0.9133161886),
            (0.3165558095, 0.8933973361),
            (0.3233553268, 0.8788157241),
            (0.3258441229, 0.8734784837),
            (0.3233553268, 0.8788157241),
            (0.3165558095, 0.8933973361),
            (0.307267496, 0.9133161886),
            (0.2979791826, 0.9332350411),
            (0.2911796652, 0.9478166531),
            (0.25, 0.9330127019),
            (0.2529444966, 0.9279126841),
            (0.260989011, 0.9139791765),
            (0.271978022, 0.8949456512),
            (0.282967033, 0.8759121258),
            (0.2910115473, 0.8619786182),
            (0.293956044, 0.8568786005),
            (0.2910115473, 0.8619786182),
            (0.282967033, 0.8759121258),
            (0.271978022, 0.8949456512),
            (0.260989011, 0.9139791765),
            (0.2529444966, 0.9279126841),
            (0.2132117818, 0.9095760221),
            (0.2165895696, 0.9047520413),
            (0.2258178573, 0.8915726805),
            (0.2384239329, 0.8735693389),
            (0.2510300084, 0.8555659972),
            (0.2602582962, 0.8423866365),
            (0.2636360839, 0.8375626556),
            (0.2602582962, 0.8423866365),
            (0.2510300084, 0.8555659972),
            (0.2384239329, 0.8735693389),
            (0.2258178573, 0.8915726805),
            (0.2165895696, 0.9047520413),
            (0.1786061952, 0.8830222216),
            (0.182391567, 0.878510991),
            (0.1927333954, 0.86618608),
            (0.2068605956, 0.8493499383),
            (0.2209877958, 0.8325137967),
            (0.2313296241, 0.8201888857),
            (0.235114996, 0.8156776551),
            (0.2313296241, 0.8201888857),
            (0.2209877958, 0.8325137967),
            (0.2068605956, 0.8493499383),
            (0.1927333954, 0.86618608),
            (0.182391567, 0.878510991),
            (0.1464466094, 0.8535533906),
            (0.1506107565, 0.8493892435),
            (0.1619874178, 0.8380125822),
            (0.1775282262, 0.8224717738),
            (0.1930690345, 0.8069309655),
            (0.2044456959, 0.7955543041),
            (0.2086098429, 0.7913901571),
            (0.2044456959, 0.7955543041),
            (0.1930690345, 0.8069309655),
            (0.1775282262, 0.8224717738),
            (0.1619874178, 0.8380125822),
            (0.1506107565, 0.8493892435),
            (0.1169777784, 0.8213938048),
            (0.121489009, 0.817608433),
            (0.13381392, 0.8072666046),
            (0.1506500617, 0.7931394044),
            (0.1674862033, 0.7790122042),
            (0.1798111143, 0.7686703759),
            (0.1843223449, 0.764885004),
            (0.1798111143, 0.7686703759),
            (0.1674862033, 0.7790122042),
            (0.1506500617, 0.7931394044),
            (0.13381392, 0.8072666046),
            (0.121489009, 0.817608433),
            (0.09042397786, 0.7867882182),
            (0.09524795871, 0.7834104304),
            (0.1084273195, 0.7741821427),
            (0.1264306611, 0.7615760671),
            (0.1444340028, 0.7489699916),
            (0.1576133635, 0.7397417038),
            (0.1624373444, 0.7363639161),
            (0.1576133635, 0.7397417038),
            (0.1444340028, 0.7489699916),
            (0.1264306611, 0.7615760671),
            (0.1084273195, 0.7741821427),
            (0.09524795871, 0.7834104304),
            (0.06698729811, 0.75),
            (0.07208731586, 0.7470555034),
            (0.08602082347, 0.739010989),
            (0.1050543488, 0.728021978),
            (0.1240878742, 0.717032967),
            (0.1380213818, 0.7089884527),
            (0.1431213995, 0.706043956),
            (0.1380213818, 0.7089884527),
            (0.1240878742, 0.717032967),
            (0.1050543488, 0.728021978),
            (0.08602082347, 0.739010989),
            (0.07208731586, 0.7470555034),
            (0.04684610648, 0.7113091309),
            (0.05218334691, 0.7088203348),
            (0.06676495894, 0.7020208174),
            (0.08668381141, 0.692732504),
            (0.1066026639, 0.6834441905),
            (0.1211842759, 0.6766446732),
            (0.1265215163, 0.6741558771),
            (0.1211842759, 0.6766446732),
            (0.1066026639, 0.6834441905),
            (0.08668381141, 0.692732504),
            (0.06676495894, 0.7020208174),
            (0.05218334691, 0.7088203348),
            (0.03015368961, 0.6710100717),
            (0.0356875331, 0.6689959174),
            (0.05080627468, 0.6634931454),
            (0.07145885975, 0.6559762192),
            (0.09211144482, 0.648459293),
            (0.1072301864, 0.6429565211),
            (0.1127640299, 0.6409423668),
            (0.1072301864, 0.6429565211),
            (0.09211144482, 0.648459293),
            (0.07145885975, 0.6559762192),
            (0.05080627468, 0.6634931454),
            (0.0356875331, 0.6689959174),
            (0.01703708686, 0.6294095226),
            (0.02272541752, 0.6278853389),
            (0.03826622589, 0.6237211919),
            (0.05949536493, 0.6180328612),
            (0.08072450397, 0.6123445306),
            (0.09626531235, 0.6081803835),
            (0.101953643, 0.6066561999),
            (0.09626531235, 0.6081803835),
            (0.08072450397, 0.6123445306),
            (0.05949536493, 0.6180328612),
            (0.03826622589, 0.6237211919),
            (0.02272541752, 0.6278853389),
            (0.007596123494, 0.5868240888),
            (0.01339564969, 0.5858014759),
            (0.02924024993, 0.5830076454),
            (0.05088437637, 0.5791912019),
            (0.07252850281, 0.5753747584),
            (0.08837310305, 0.5725809279),
            (0.09417262925, 0.571558315),
            (0.08837310305, 0.5725809279),
            (0.07252850281, 0.5753747584),
            (0.05088437637, 0.5791912019),
            (0.02924024993, 0.5830076454),
            (0.01339564969, 0.5858014759),
            (0.001902650954, 0.5435778714),
            (0.007769234797, 0.5430646118),
            (0.02379703992, 0.5416623605),
            (0.04569142889, 0.5397468497),
            (0.06758581786, 0.5378313389),
            (0.08361362299, 0.5364290876),
            (0.08948020683, 0.5359158281),
            (0.08361362299, 0.5364290876),
            (0.06758581786, 0.5378313389),
            (0.04569142889, 0.5397468497),
            (0.02379703992, 0.5416623605),
            (0.007769234797, 0.5430646118),
            (0, 0.5),
            (0.00588899324, 0.5),
            (0.02197802198, 0.5),
            (0.04395604396, 0.5),
            (0.06593406593, 0.5),
            (0.08202309467, 0.5),
            (0.08791208791, 0.5),
            (0.08202309467, 0.5),
            (0.06593406593, 0.5),
            (0.04395604396, 0.5),
            (0.02197802198, 0.5),
            (0.00588899324, 0.5),
            (0.001902650954, 0.4564221286),
            (0.007769234797, 0.4569353882),
            (0.02379703992, 0.4583376395),
            (0.04569142889, 0.4602531503),
            (0.06758581786, 0.4621686611),
            (0.08361362299, 0.4635709124),
            (0.08948020683, 0.4640841719),
            (0.08361362299, 0.4635709124),
            (0.06758581786, 0.4621686611),
            (0.04569142889, 0.4602531503),
            (0.02379703992, 0.4583376395),
            (0.007769234797, 0.4569353882),
            (0.007596123494, 0.4131759112),
            (0.01339564969, 0.4141985241),
            (0.02924024993, 0.4169923546),
            (0.05088437637, 0.4208087981),
            (0.07252850281, 0.4246252416),
            (0.08837310305, 0.4274190721),
            (0.09417262925, 0.428441685),
            (0.08837310305, 0.4274190721),
            (0.07252850281, 0.4246252416),
            (0.05088437637, 0.4208087981),
            (0.02924024993, 0.4169923546),
            (0.01339564969, 0.4141985241),
            (0.01703708686, 0.3705904774),
            (0.02272541752, 0.3721146611),
            (0.03826622589, 0.3762788081),
            (0.05949536493, 0.3819671388),
            (0.08072450397, 0.3876554694),
            (0.09626531235, 0.3918196165),
            (0.101953643, 0.3933438001),
            (0.09626531235, 0.3918196165),
            (0.08072450397, 0.3876554694),
            (0.05949536493, 0.3819671388),
            (0.03826622589, 0.3762788081),
            (0.02272541752, 0.3721146611),
            (0.03015368961, 0.3289899283),
            (0.0356875331, 0.3310040826),
            (0.05080627468, 0.3365068546),
            (0.07145885975, 0.3440237808),
            (0.09211144482, 0.351540707),
            (0.1072301864, 0.3570434789),
            (0.1127640299, 0.3590576332),
            (0.1072301864, 0.3570434789),
            (0.09211144482, 0.351540707),
            (0.07145885975, 0.3440237808),
            (0.05080627468, 0.3365068546),
            (0.0356875331, 0.3310040826),
            (0.04684610648, 0.2886908691),
            (0.05218334691, 0.2911796652),
            (0.06676495894, 0.2979791826),
            (0.08668381141, 0.307267496),
            (0.1066026639, 0.3165558095),
            (0.1211842759, 0.3233553268),
            (0.1265215163, 0.3258441229),
            (0.1211842759, 0.3233553268),
            (0.1066026639, 0.3165558095),
            (0.08668381141, 0.307267496),
            (0.06676495894, 0.2979791826),
            (0.05218334691, 0.2911796652),
            (0.06698729811, 0.25),
            (0.07208731586, 0.2529444966),
            (0.08602082347, 0.260989011),
            (0.1050543488, 0.271978022),
            (0.1240878742, 0.282967033),
            (0.1380213818, 0.2910115473),
            (0.1431213995, 0.293956044),
            (0.1380213818, 0.2910115473),
            (0.1240878742, 0.282967033),
            (0.1050543488, 0.271978022),
            (0.08602082347, 0.260989011),
            (0.07208731586, 0.2529444966),
            (0.09042397786, 0.2132117818),
            (0.09524795871, 0.2165895696),
            (0.1084273195, 0.2258178573),
            (0.1264306611, 0.2384239329),
            (0.1444340028, 0.2510300084),
            (0.1576133635, 0.2602582962),
            (0.1624373444, 0.2636360839),
            (0.1576133635, 0.2602582962),
            (0.1444340028, 0.2510300084),
            (0.1264306611, 0.2384239329),
            (0.1084273195, 0.2258178573),
            (0.09524795871, 0.2165895696),
            (0.1169777784, 0.1786061952),
            (0.121489009, 0.182391567),
            (0.13381392, 0.1927333954),
            (0.1506500617, 0.2068605956),
            (0.1674862033, 0.2209877958),
            (0.1798111143, 0.2313296241),
            (0.1843223449, 0.235114996),
            (0.1798111143, 0.2313296241),
            (0.1674862033, 0.2209877958),
            (0.1506500617, 0.2068605956),
            (0.13381392, 0.1927333954),
            (0.121489009, 0.182391567),
            (0.1464466094, 0.1464466094),
            (0.1506107565, 0.1506107565),
            (0.1619874178, 0.1619874178),
            (0.1775282262, 0.1775282262),
            (0.1930690345, 0.1930690345),
            (0.2044456959, 0.2044456959),
            (0.2086098429, 0.2086098429),
            (0.2044456959, 0.2044456959),
            (0.1930690345, 0.1930690345),
            (0.1775282262, 0.1775282262),
            (0.1619874178, 0.1619874178),
            (0.1506107565, 0.1506107565),
            (0.1786061952, 0.1169777784),
            (0.182391567, 0.121489009),
            (0.1927333954, 0.13381392),
            (0.2068605956, 0.1506500617),
            (0.2209877958, 0.1674862033),
            (0.2313296241, 0.1798111143),
            (0.235114996, 0.1843223449),
            (0.2313296241, 0.1798111143),
            (0.2209877958, 0.1674862033),
            (0.2068605956, 0.1506500617),
            (0.1927333954, 0.13381392),
            (0.182391567, 0.121489009),
            (0.2132117818, 0.09042397786),
            (0.2165895696, 0.09524795871),
            (0.2258178573, 0.1084273195),
            (0.2384239329, 0.1264306611),
            (0.2510300084, 0.1444340028),
            (0.2602582962, 0.1576133635),
            (0.2636360839, 0.1624373444),
            (0.2602582962, 0.1576133635),
            (0.2510300084, 0.1444340028),
            (0.2384239329, 0.1264306611),
            (0.2258178573, 0.1084273195),
            (0.2165895696, 0.09524795871),
            (0.25, 0.06698729811),
            (0.2529444966, 0.07208731586),
            (0.260989011, 0.08602082347),
            (0.271978022, 0.1050543488),
            (0.282967033, 0.1240878742),
            (0.2910115473, 0.1380213818),
            (0.293956044, 0.1431213995),
            (0.2910115473, 0.1380213818),
            (0.282967033, 0.1240878742),
            (0.271978022, 0.1050543488),
            (0.260989011, 0.08602082347),
            (0.2529444966, 0.07208731586),
            (0.2886908691, 0.04684610648),
            (0.2911796652, 0.05218334691),
            (0.2979791826, 0.06676495894),
            (0.307267496, 0.08668381141),
            (0.3165558095, 0.1066026639),
            (0.3233553268, 0.1211842759),
            (0.3258441229, 0.1265215163),
            (0.3233553268, 0.1211842759),
            (0.3165558095, 0.1066026639),
            (0.307267496, 0.08668381141),
            (0.2979791826, 0.06676495894),
            (0.2911796652, 0.05218334691),
            (0.3289899283, 0.03015368961),
            (0.3310040826, 0.0356875331),
            (0.3365068546, 0.05080627468),
            (0.3440237808, 0.07145885975),
            (0.351540707, 0.09211144482),
            (0.3570434789, 0.1072301864),
            (0.3590576332, 0.1127640299),
            (0.3570434789, 0.1072301864),
            (0.351540707, 0.09211144482),
            (0.3440237808, 0.07145885975),
            (0.3365068546, 0.05080627468),
            (0.3310040826, 0.0356875331),
            (0.3705904774, 0.01703708686),
            (0.3721146611, 0.02272541752),
            (0.3762788081, 0.03826622589),
            (0.3819671388, 0.05949536493),
            (0.3876554694, 0.08072450397),
            (0.3918196165, 0.09626531235),
            (0.3933438001, 0.101953643),
            (0.3918196165, 0.09626531235),
            (0.3876554694, 0.08072450397),
            (0.3819671388, 0.05949536493),
            (0.3762788081, 0.03826622589),
            (0.3721146611, 0.02272541752),
            (0.4131759112, 0.007596123494),
            (0.4141985241, 0.01339564969),
            (0.4169923546, 0.02924024993),
            (0.4208087981, 0.05088437637),
            (0.4246252416, 0.07252850281),
            (0.4274190721, 0.08837310305),
            (0.428441685, 0.09417262925),
            (0.4274190721, 0.08837310305),
            (0.4246252416, 0.07252850281),
            (0.4208087981, 0.05088437637),
            (0.4169923546, 0.02924024993),
            (0.4141985241, 0.01339564969),
            (0.4564221286, 0.001902650954),
            (0.4569353882, 0.007769234797),
            (0.4583376395, 0.02379703992),
            (0.4602531503, 0.04569142889),
            (0.4621686611, 0.06758581786),
            (0.4635709124, 0.08361362299),
            (0.4640841719, 0.08948020683),
            (0.4635709124, 0.08361362299),
            (0.4621686611, 0.06758581786),
            (0.4602531503, 0.04569142889),
            (0.4583376395, 0.02379703992),
            (0.4569353882, 0.007769234797),
            (0.5, 0),
            (0.5, 0.00588899324),
            (0.5, 0.02197802198),
            (0.5, 0.04395604396),
            (0.5, 0.06593406593),
            (0.5, 0.08202309467),
            (0.5, 0.08791208791),
            (0.5, 0.08202309467),
            (0.5, 0.06593406593),
            (0.5, 0.04395604396),
            (0.5, 0.02197802198),
            (0.5, 0.00588899324),
            (0.5435778714, 0.001902650954),
            (0.5430646118, 0.007769234797),
            (0.5416623605, 0.02379703992),
            (0.5397468497, 0.04569142889),
            (0.5378313389, 0.06758581786),
            (0.5364290876, 0.08361362299),
            (0.5359158281, 0.08948020683),
            (0.5364290876, 0.08361362299),
            (0.5378313389, 0.06758581786),
            (0.5397468497, 0.04569142889),
            (0.5416623605, 0.02379703992),
            (0.5430646118, 0.007769234797),
            (0.5868240888, 0.007596123494),
            (0.5858014759, 0.01339564969),
            (0.5830076454, 0.02924024993),
            (0.5791912019, 0.05088437637),
            (0.5753747584, 0.07252850281),
            (0.5725809279, 0.08837310305),
            (0.571558315, 0.09417262925),
            (0.5725809279, 0.08837310305),
            (0.5753747584, 0.07252850281),
            (0.5791912019, 0.05088437637),
            (0.5830076454, 0.02924024993),
            (0.5858014759, 0.01339564969),
            (0.6294095226, 0.01703708686),
            (0.6278853389, 0.02272541752),
            (0.6237211919, 0.03826622589),
            (0.6180328612, 0.05949536493),
            (0.6123445306, 0.08072450397),
            (0.6081803835, 0.09626531235),
            (0.6066561999, 0.101953643),
            (0.6081803835, 0.09626531235),
            (0.6123445306, 0.08072450397),
            (0.6180328612, 0.05949536493),
            (0.6237211919, 0.03826622589),
            (0.6278853389, 0.02272541752),
            (0.6710100717, 0.03015368961),
            (0.6689959174, 0.0356875331),
            (0.6634931454, 0.05080627468),
            (0.6559762192, 0.07145885975),
            (0.648459293, 0.09211144482),
            (0.6429565211, 0.1072301864),
            (0.6409423668, 0.1127640299),
            (0.6429565211, 0.1072301864),
            (0.648459293, 0.09211144482),
            (0.6559762192, 0.07145885975),
            (0.6634931454, 0.05080627468),
            (0.6689959174, 0.0356875331),
            (0.7113091309, 0.04684610648),
            (0.7088203348, 0.05218334691),
            (0.7020208174, 0.06676495894),
            (0.692732504, 0.08668381141),
            (0.6834441905, 0.1066026639),
            (0.6766446732, 0.1211842759),
            (0.6741558771, 0.1265215163),
            (0.6766446732, 0.1211842759),
            (0.6834441905, 0.1066026639),
            (0.692732504, 0.08668381141),
            (0.7020208174, 0.06676495894),
            (0.7088203348, 0.05218334691),
            (0.75, 0.06698729811),
            (0.7470555034, 0.07208731586),
            (0.739010989, 0.08602082347),
            (0.728021978, 0.1050543488),
            (0.717032967, 0.1240878742),
            (0.7089884527, 0.1380213818),
            (0.706043956, 0.1431213995),
            (0.7089884527, 0.1380213818),
            (0.717032967, 0.1240878742),
            (0.728021978, 0.1050543488),
            (0.739010989, 0.08602082347),
            (0.7470555034, 0.07208731586),
            (0.7867882182, 0.09042397786),
            (0.7834104304, 0.09524795871),
            (0.7741821427, 0.1084273195),
            (0.7615760671, 0.1264306611),
            (0.7489699916, 0.1444340028),
            (0.7397417038, 0.1576133635),
            (0.7363639161, 0.1624373444),
            (0.7397417038, 0.1576133635),
            (0.7489699916, 0.1444340028),
            (0.7615760671, 0.1264306611),
            (0.7741821427, 0.1084273195),
            (0.7834104304, 0.09524795871),
            (0.8213938048, 0.1169777784),
            (0.817608433, 0.121489009),
            (0.8072666046, 0.13381392),
            (0.7931394044, 0.1506500617),
            (0.7790122042, 0.1674862033),
            (0.7686703759, 0.1798111143),
            (0.764885004, 0.1843223449),
            (0.7686703759, 0.1798111143),
            (0.7790122042, 0.1674862033),
            (0.7931394044, 0.1506500617),
            (0.8072666046, 0.13381392),
            (0.817608433, 0.121489009),
            (0.8535533906, 0.1464466094),
            (0.8493892435, 0.1506107565),
            (0.8380125822, 0.1619874178),
            (0.8224717738, 0.1775282262),
            (0.8069309655, 0.1930690345),
            (0.7955543041, 0.2044456959),
            (0.7913901571, 0.2086098429),
            (0.7955543041, 0.2044456959),
            (0.8069309655, 0.1930690345),
            (0.8224717738, 0.1775282262),
            (0.8380125822, 0.1619874178),
            (0.8493892435, 0.1506107565),
            (0.8830222216, 0.1786061952),
            (0.878510991, 0.182391567),
            (0.86618608, 0.1927333954),
            (0.8493499383, 0.2068605956),
            (0.8325137967, 0.2209877958),
            (0.8201888857, 0.2313296241),
            (0.8156776551, 0.235114996),
            (0.8201888857, 0.2313296241),
            (0.8325137967, 0.2209877958),
            (0.8493499383, 0.2068605956),
            (0.86618608, 0.1927333954),
            (0.878510991, 0.182391567),
            (0.9095760221, 0.2132117818),
            (0.9047520413, 0.2165895696),
            (0.8915726805, 0.2258178573),
            (0.8735693389, 0.2384239329),
            (0.8555659972, 0.2510300084),
            (0.8423866365, 0.2602582962),
            (0.8375626556, 0.2636360839),
            (0.8423866365, 0.2602582962),
            (0.8555659972, 0.2510300084),
            (0.8735693389, 0.2384239329),
            (0.8915726805, 0.2258178573),
            (0.9047520413, 0.2165895696),
            (0.9330127019, 0.25),
            (0.9279126841, 0.2529444966),
            (0.9139791765, 0.260989011),
            (0.8949456512, 0.271978022),
            (0.8759121258, 0.282967033),
            (0.8619786182, 0.2910115473),
            (0.8568786005, 0.293956044),
            (0.8619786182, 0.2910115473),
            (0.8759121258, 0.282967033),
            (0.8949456512, 0.271978022),
            (0.9139791765, 0.260989011),
            (0.9279126841, 0.2529444966),
            (0.9531538935, 0.2886908691),
            (0.9478166531, 0.2911796652),
            (0.9332350411, 0.2979791826),
            (0.9133161886, 0.307267496),
            (0.8933973361, 0.3165558095),
            (0.8788157241, 0.3233553268),
            (0.8734784837, 0.3258441229),
            (0.8788157241, 0.3233553268),
            (0.8933973361, 0.3165558095),
            (0.9133161886, 0.307267496),
            (0.9332350411, 0.2979791826),
            (0.9478166531, 0.2911796652),
            (0.9698463104, 0.3289899283),
            (0.9643124669, 0.3310040826),
            (0.9491937253, 0.3365068546),
            (0.9285411402, 0.3440237808),
            (0.9078885552, 0.351540707),
            (0.8927698136, 0.3570434789),
            (0.8872359701, 0.3590576332),
            (0.8927698136, 0.3570434789),
            (0.9078885552, 0.351540707),
            (0.9285411402, 0.3440237808),
            (0.9491937253, 0.3365068546),
            (0.9643124669, 0.3310040826),
            (0.9829629131, 0.3705904774),
            (0.9772745825, 0.3721146611),
            (0.9617337741, 0.3762788081),
            (0.9405046351, 0.3819671388),
            (0.919275496, 0.3876554694),
            (0.9037346876, 0.3918196165),
            (0.898046357, 0.3933438001),
            (0.9037346876, 0.3918196165),
            (0.919275496, 0.3876554694),
            (0.9405046351, 0.3819671388),
            (0.9617337741, 0.3762788081),
            (0.9772745825, 0.3721146611),
            (0.9924038765, 0.4131759112),
            (0.9866043503, 0.4141985241),
            (0.9707597501, 0.4169923546),
            (0.9491156236, 0.4208087981),
            (0.9274714972, 0.4246252416),
            (0.9116268969, 0.4274190721),
            (0.9058273707, 0.428441685),
            (0.9116268969, 0.4274190721),
            (0.9274714972, 0.4246252416),
            (0.9491156236, 0.4208087981),
            (0.9707597501, 0.4169923546),
            (0.9866043503, 0.4141985241),
            (0.998097349, 0.4564221286),
            (0.9922307652, 0.4569353882),
            (0.9762029601, 0.4583376395),
            (0.9543085711, 0.4602531503),
            (0.9324141821, 0.4621686611),
            (0.916386377, 0.4635709124),
            (0.9105197932, 0.4640841719),
            (0.916386377, 0.4635709124),
            (0.9324141821, 0.4621686611),
            (0.9543085711, 0.4602531503),
            (0.9762029601, 0.4583376395),
            (0.9922307652, 0.4569353882),
            (0.5, 0.5),
            (0.7197802198, 0.5),
            (0.7197802198, 0.5),
            (0.5, 0.5),
            (0.7178999695, 0.5286870752),
            (0.7178999695, 0.5286870752),
            (0.7122913904, 0.5568833066),
            (0.7122913904, 0.5568833066),
            (0.7030504467, 0.5841062489),
            (0.7030504467, 0.5841062489),
            (0.6903352536, 0.6098901099),
            (0.6903352536, 0.6098901099),
            (0.6743633715, 0.6337937207),
            (0.6743633715, 0.6337937207),
            (0.6554080838, 0.6554080838),
            (0.6554080838, 0.6554080838),
            (0.6337937207, 0.6743633715),
            (0.6337937207, 0.6743633715),
            (0.6098901099, 0.6903352536),
            (0.6098901099, 0.6903352536),
            (0.5841062489, 0.7030504467),
            (0.5841062489, 0.7030504467),
            (0.5568833066, 0.7122913904),
            (0.5568833066, 0.7122913904),
            (0.5286870752, 0.7178999695),
            (0.5286870752, 0.7178999695),
            (0.5, 0.7197802198),
            (0.5, 0.7197802198),
            (0.4713129248, 0.7178999695),
            (0.4713129248, 0.7178999695),
            (0.4431166934, 0.7122913904),
            (0.4431166934, 0.7122913904),
            (0.4158937511, 0.7030504467),
            (0.4158937511, 0.7030504467),
            (0.3901098901, 0.6903352536),
            (0.3901098901, 0.6903352536),
            (0.3662062793, 0.6743633715),
            (0.3662062793, 0.6743633715),
            (0.3445919162, 0.6554080838),
            (0.3445919162, 0.6554080838),
            (0.3256366285, 0.6337937207),
            (0.3256366285, 0.6337937207),
            (0.3096647464, 0.6098901099),
            (0.3096647464, 0.6098901099),
            (0.2969495533, 0.5841062489),
            (0.2969495533, 0.5841062489),
            (0.2877086096, 0.5568833066),
            (0.2877086096, 0.5568833066),
            (0.2821000305, 0.5286870752),
            (0.2821000305, 0.5286870752),
            (0.2802197802, 0.5),
            (0.2802197802, 0.5),
            (0.2821000305, 0.4713129248),
            (0.2821000305, 0.4713129248),
            (0.2877086096, 0.4431166934),
            (0.2877086096, 0.4431166934),
            (0.2969495533, 0.4158937511),
            (0.2969495533, 0.4158937511),
            (0.3096647464, 0.3901098901),
            (0.3096647464, 0.3901098901),
            (0.3256366285, 0.3662062793),
            (0.3256366285, 0.3662062793),
            (0.3445919162, 0.3445919162),
            (0.3445919162, 0.3445919162),
            (0.3662062793, 0.3256366285),
            (0.3662062793, 0.3256366285),
            (0.3901098901, 0.3096647464),
            (0.3901098901, 0.3096647464),
            (0.4158937511, 0.2969495533),
            (0.4158937511, 0.2969495533),
            (0.4431166934, 0.2877086096),
            (0.4431166934, 0.2877086096),
            (0.4713129248, 0.2821000305),
            (0.4713129248, 0.2821000305),
            (0.5, 0.2802197802),
            (0.5, 0.2802197802),
            (0.5286870752, 0.2821000305),
            (0.5286870752, 0.2821000305),
            (0.5568833066, 0.2877086096),
            (0.5568833066, 0.2877086096),
            (0.5841062489, 0.2969495533),
            (0.5841062489, 0.2969495533),
            (0.6098901099, 0.3096647464),
            (0.6098901099, 0.3096647464),
            (0.6337937207, 0.3256366285),
            (0.6337937207, 0.3256366285),
            (0.6554080838, 0.3445919162),
            (0.6554080838, 0.3445919162),
            (0.6743633715, 0.3662062793),
            (0.6743633715, 0.3662062793),
            (0.6903352536, 0.3901098901),
            (0.6903352536, 0.3901098901),
            (0.7030504467, 0.4158937511),
            (0.7030504467, 0.4158937511),
            (0.7122913904, 0.4431166934),
            (0.7122913904, 0.4431166934),
            (0.7178999695, 0.4713129248),
            (0.7178999695, 0.4713129248),
            (0.5353567779, 0.5),
            (0.8658239231, 0.5),
            (0.5350745531, 0.507803221),
            (0.8655416984, 0.507803221),
            (0.5342471121, 0.5150746655),
            (0.8647142574, 0.5150746655),
            (0.5329308435, 0.5213187964),
            (0.8633979887, 0.5213187964),
            (0.5312154488, 0.5261100865),
            (0.861682594, 0.5261100865),
            (0.5292178294, 0.5291220174),
            (0.8596849746, 0.5291220174),
            (0.5270741197, 0.5301493309),
            (0.8575412649, 0.5301493309),
            (0.52493041, 0.5291220174),
            (0.8553975553, 0.5291220174),
            (0.5229327906, 0.5261100865),
            (0.8533999358, 0.5261100865),
            (0.5212173959, 0.5213187964),
            (0.8516845412, 0.5213187964),
            (0.5199011273, 0.5150746655),
            (0.8503682725, 0.5150746655),
            (0.5190736862, 0.507803221),
            (0.8495408315, 0.507803221),
            (0.5187914615, 0.5),
            (0.8492586067, 0.5),
            (0.5190736862, 0.492196779),
            (0.8495408315, 0.492196779),
            (0.5199011273, 0.4849253345),
            (0.8503682725, 0.4849253345),
            (0.5212173959, 0.4786812036),
            (0.8516845412, 0.4786812036),
            (0.5229327906, 0.4738899135),
            (0.8533999358, 0.4738899135),
            (0.52493041, 0.4708779826),
            (0.8553975553, 0.4708779826),
            (0.5270741197, 0.4698506691),
            (0.8575412649, 0.4698506691),
            (0.5292178294, 0.4708779826),
            (0.8596849746, 0.4708779826),
            (0.5312154488, 0.4738899135),
            (0.861682594, 0.4738899135),
            (0.5329308435, 0.4786812036),
            (0.8633979887, 0.4786812036),
            (0.5342471121, 0.4849253345),
            (0.8647142574, 0.4849253345),
            (0.5350745531, 0.492196779),
            (0.8655416984, 0.492196779),
            (0.5382197226, 0.5139783284),
            (0.7034532952, 0.8001712713),
            (0.5349280409, 0.5178595488),
            (0.7001616136, 0.8040524917),
            (0.5301785993, 0.5221215363),
            (0.6954121719, 0.8083144793),
            (0.5242950642, 0.5264738435),
            (0.6895286369, 0.8126667864),
            (0.5176783889, 0.5306198678),
            (0.6829119616, 0.8168128108),
            (0.5107794889, 0.5342770646),
            (0.6760130615, 0.8204700075),
            (0.5040685128, 0.5371962018),
            (0.6693020854, 0.8233891447),
            (0.4980028025, 0.5391783452),
            (0.6632363751, 0.8253712881),
            (0.4929957262, 0.5400884149),
            (0.6582292988, 0.8262813578),
            (0.4893885078, 0.5398643912),
            (0.6546220804, 0.8260573341),
            (0.4874269733, 0.5385215409),
            (0.652660546, 0.8247144838),
            (0.4872447981, 0.5361513771),
            (0.6524783708, 0.82234432),
            (0.4888543971, 0.5329154225),
            (0.6540879697, 0.8191083654),
            (0.4921460787, 0.529034202),
            (0.6573796514, 0.8152271449),
            (0.4968955204, 0.5247722145),
            (0.662129093, 0.8109651574),
            (0.5027790555, 0.5204199073),
            (0.6680126281, 0.8066128502),
            (0.5093957307, 0.516273883),
            (0.6746293034, 0.8024668259),
            (0.5162946308, 0.5126166863),
            (0.6815282034, 0.7988096292),
            (0.5230056069, 0.509697549),
            (0.6882391795, 0.795890492),
            (0.5290713172, 0.5077154057),
            (0.6943048898, 0.7939083486),
            (0.5340783935, 0.506805336),
            (0.6993119661, 0.7929982789),
            (0.5376856119, 0.5070293597),
            (0.7029191845, 0.7932223026),
            (0.5396471463, 0.50837221),
            (0.704880719, 0.7945651529),
            (0.5398293216, 0.5107423738),
            (0.7050628942, 0.7969353167),
            (0.5111456029, 0.5329154225),
            (0.3459120303, 0.8191083654),
            (0.5127552019, 0.5361513771),
            (0.3475216292, 0.82234432),
            (0.5125730267, 0.5385215409),
            (0.347339454, 0.8247144838),
            (0.5106114922, 0.5398643912),
            (0.3453779196, 0.8260573341),
            (0.5070042738, 0.5400884149),
            (0.3417707012, 0.8262813578),
            (0.5019971975, 0.5391783452),
            (0.3367636249, 0.8253712881),
            (0.4959314872, 0.5371962018),
            (0.3306979146, 0.8233891447),
            (0.4892205111, 0.5342770646),
            (0.3239869385, 0.8204700075),
            (0.4823216111, 0.5306198678),
            (0.3170880384, 0.8168128108),
            (0.4757049358, 0.5264738435),
            (0.3104713631, 0.8126667864),
            (0.4698214007, 0.5221215363),
            (0.3045878281, 0.8083144793),
            (0.4650719591, 0.5178595488),
            (0.2998383864, 0.8040524917),
            (0.4617802774, 0.5139783284),
            (0.2965467048, 0.8001712713),
            (0.4601706784, 0.5107423738),
            (0.2949371058, 0.7969353167),
            (0.4603528537, 0.50837221),
            (0.295119281, 0.7945651529),
            (0.4623143881, 0.5070293597),
            (0.2970808155, 0.7932223026),
            (0.4659216065, 0.506805336),
            (0.3006880339, 0.7929982789),
            (0.4709286828, 0.5077154057),
            (0.3056951102, 0.7939083486),
            (0.4769943931, 0.509697549),
            (0.3117608205, 0.795890492),
            (0.4837053692, 0.5126166863),
            (0.3184717966, 0.7988096292),
            (0.4906042693, 0.516273883),
            (0.3253706966, 0.8024668259),
            (0.4972209445, 0.5204199073),
            (0.3319873719, 0.8066128502),
            (0.5031044796, 0.5247722145),
            (0.337870907, 0.8109651574),
            (0.5078539213, 0.529034202),
            (0.3426203486, 0.8152271449),
            (0.4812085385, 0.5),
            (0.1507413933, 0.5),
            (0.4809263138, 0.507803221),
            (0.1504591685, 0.507803221),
            (0.4800988727, 0.5150746655),
            (0.1496317275, 0.5150746655),
            (0.4787826041, 0.5213187964),
            (0.1483154588, 0.5213187964),
            (0.4770672094, 0.5261100865),
            (0.1466000642, 0.5261100865),
            (0.47506959, 0.5291220174),
            (0.1446024447, 0.5291220174),
            (0.4729258803, 0.5301493309),
            (0.1424587351, 0.5301493309),
            (0.4707821706, 0.5291220174),
            (0.1403150254, 0.5291220174),
            (0.4687845512, 0.5261100865),
            (0.138317406, 0.5261100865),
            (0.4670691565, 0.5213187964),
            (0.1366020113, 0.5213187964),
            (0.4657528879, 0.5150746655),
            (0.1352857426, 0.5150746655),
            (0.4649254469, 0.507803221),
            (0.1344583016, 0.507803221),
            (0.4646432221, 0.5),
            (0.1341760769, 0.5),
            (0.4649254469, 0.492196779),
            (0.1344583016, 0.492196779),
            (0.4657528879, 0.4849253345),
            (0.1352857426, 0.4849253345),
            (0.4670691565, 0.4786812036),
            (0.1366020113, 0.4786812036),
            (0.4687845512, 0.4738899135),
            (0.138317406, 0.4738899135),
            (0.4707821706, 0.4708779826),
            (0.1403150254, 0.4708779826),
            (0.4729258803, 0.4698506691),
            (0.1424587351, 0.4698506691),
            (0.47506959, 0.4708779826),
            (0.1446024447, 0.4708779826),
            (0.4770672094, 0.4738899135),
            (0.1466000642, 0.4738899135),
            (0.4787826041, 0.4786812036),
            (0.1483154588, 0.4786812036),
            (0.4800988727, 0.4849253345),
            (0.1496317275, 0.4849253345),
            (0.4809263138, 0.492196779),
            (0.1504591685, 0.492196779),
            (0.5111456029, 0.4670845775),
            (0.3459120303, 0.1808916346),
            (0.5078539213, 0.470965798),
            (0.3426203486, 0.1847728551),
            (0.5031044796, 0.4752277855),
            (0.337870907, 0.1890348426),
            (0.4972209445, 0.4795800927),
            (0.3319873719, 0.1933871498),
            (0.4906042693, 0.483726117),
            (0.3253706966, 0.1975331741),
            (0.4837053692, 0.4873833137),
            (0.3184717966, 0.2011903708),
            (0.4769943931, 0.490302451),
            (0.3117608205, 0.204109508),
            (0.4709286828, 0.4922845943),
            (0.3056951102, 0.2060916514),
            (0.4659216065, 0.493194664),
            (0.3006880339, 0.2070017211),
            (0.4623143881, 0.4929706403),
            (0.2970808155, 0.2067776974),
            (0.4603528537, 0.49162779),
            (0.295119281, 0.2054348471),
            (0.4601706784, 0.4892576262),
            (0.2949371058, 0.2030646833),
            (0.4617802774, 0.4860216716),
            (0.2965467048, 0.1998287287),
            (0.4650719591, 0.4821404512),
            (0.2998383864, 0.1959475083),
            (0.4698214007, 0.4778784637),
            (0.3045878281, 0.1916855207),
            (0.4757049358, 0.4735261565),
            (0.3104713631, 0.1873332136),
            (0.4823216111, 0.4693801322),
            (0.3170880384, 0.1831871892),
            (0.4892205111, 0.4657229354),
            (0.3239869385, 0.1795299925),
            (0.4959314872, 0.4628037982),
            (0.3306979146, 0.1766108553),
            (0.5019971975, 0.4608216548),
            (0.3367636249, 0.1746287119),
            (0.5070042738, 0.4599115851),
            (0.3417707012, 0.1737186422),
            (0.5106114922, 0.4601356088),
            (0.3453779196, 0.1739426659),
            (0.5125730267, 0.4614784591),
            (0.347339454, 0.1752855162),
            (0.5127552019, 0.4638486229),
            (0.3475216292, 0.17765568),
            (0.5382197226, 0.4860216716),
            (0.7034532952, 0.1998287287),
            (0.5398293216, 0.4892576262),
            (0.7050628942, 0.2030646833),
            (0.5396471463, 0.49162779),
            (0.704880719, 0.2054348471),
            (0.5376856119, 0.4929706403),
            (0.7029191845, 0.2067776974),
            (0.5340783935, 0.493194664),
            (0.6993119661, 0.2070017211),
            (0.5290713172, 0.4922845943),
            (0.6943048898, 0.2060916514),
            (0.5230056069, 0.490302451),
            (0.6882391795, 0.204109508),
            (0.5162946308, 0.4873833137),
            (0.6815282034, 0.2011903708),
            (0.5093957307, 0.483726117),
            (0.6746293034, 0.1975331741),
            (0.5027790555, 0.4795800927),
            (0.6680126281, 0.1933871498),
            (0.4968955204, 0.4752277855),
            (0.662129093, 0.1890348426),
            (0.4921460787, 0.470965798),
            (0.6573796514, 0.1847728551),
            (0.4888543971, 0.4670845775),
            (0.6540879697, 0.1808916346),
            (0.4872447981, 0.4638486229),
            (0.6524783708, 0.17765568),
            (0.4874269733, 0.4614784591),
            (0.652660546, 0.1752855162),
            (0.4893885078, 0.4601356088),
            (0.6546220804, 0.1739426659),
            (0.4929957262, 0.4599115851),
            (0.6582292988, 0.1737186422),
            (0.4980028025, 0.4608216548),
            (0.6632363751, 0.1746287119),
            (0.5040685128, 0.4628037982),
            (0.6693020854, 0.1766108553),
            (0.5107794889, 0.4657229354),
            (0.6760130615, 0.1795299925),
            (0.5176783889, 0.4693801322),
            (0.6829119616, 0.1831871892),
            (0.5242950642, 0.4735261565),
            (0.6895286369, 0.1873332136),
            (0.5301785993, 0.4778784637),
            (0.6954121719, 0.1916855207),
            (0.5349280409, 0.4821404512),
            (0.7001616136, 0.1959475083)
            ] (
                interpolation = "vertex"
            )
            rel material:binding = </DrAnmarCuretteCartridge/Looks/CuretteSteel>
            uniform token subdivisionScheme = "none"
            custom token[] drAnmar:labels = ["ring_curette"]
        }
    }
    def Scope "Collisions"
    {
        def Cylinder "ContactCollider" (
            prepend apiSchemas = ["PhysicsCollisionAPI", "MaterialBindingAPI", "PhysxCollisionAPI"]
        )
        {
            bool physics:collisionEnabled = true
            rel material:binding:physics = </DrAnmarCuretteCartridge/PhysicsMaterials/CurettePhysics>
            custom token drAnmar:role = "debridement_contact_surface"
            quatf xformOp:orient = (1, 0, 0, 0)
            double3 xformOp:translate = (0, 0, 0.003)
            float physxCollision:contactOffset = 0.0005
            float physxCollision:restOffset = 0
            uniform token axis = "Z"
            double radius = 0.0094
            double height = 0.003
            uniform token[] xformOpOrder = ["xformOp:translate", "xformOp:orient"]
        }
    }
    def Scope "Frames"
    {
        def Xform "cartridge_mount"
        {
            double3 xformOp:translate = (0, 0, -0.003)
            quatf xformOp:orient = (1, 0, 0, 0)
            uniform token[] xformOpOrder = ["xformOp:translate", "xformOp:orient"]
            custom token drAnmar:role = "cartridge_mount"
            custom token drAnmar:parentLink = "DrAnmarCuretteCartridge"
        }
        def Xform "contact_reference"
        {
            double3 xformOp:translate = (0, 0, 0.005)
            quatf xformOp:orient = (1, 0, 0, 0)
            uniform token[] xformOpOrder = ["xformOp:translate", "xformOp:orient"]
            custom token drAnmar:role = "debridement_contact"
            custom token drAnmar:parentLink = "DrAnmarCuretteCartridge"
        }
    }
}
