#usda 1.0
(
    defaultPrim = "DrAnmarClosureTissueDemo"
    kilogramsPerUnit = 1
    metersPerUnit = 1
    upAxis = "Z"
)

def Xform "DrAnmarClosureTissueDemo" (
    prepend apiSchemas = ["SemanticsLabelsAPI:class"]
    kind = "component"
)
{
    token[] semantics:labels:class = ["wound_closure_tissue_demo"]
    def Scope "Looks"
    {
        def Material "TissueVisual"
        {
            token outputs:surface.connect = </DrAnmarClosureTissueDemo/Looks/TissueVisual/Shader.outputs:surface>
            def Shader "Shader"
            {
                uniform token info:id = "UsdPreviewSurface"
                color3f inputs:diffuseColor.connect = </DrAnmarClosureTissueDemo/Looks/TissueVisual/Texture.outputs:rgb>
                float inputs:metallic = 0
                float inputs:roughness = 0.62
                float inputs:opacity = 1
                token outputs:surface
            }
            def Shader "Texture"
            {
                uniform token info:id = "UsdUVTexture"
                asset inputs:file = @./textures/tissue_basecolor.png@
                token inputs:sourceColorSpace = "sRGB"
                token inputs:wrapS = "repeat"
                token inputs:wrapT = "repeat"
                float2 inputs:st.connect = </DrAnmarClosureTissueDemo/Looks/TissueVisual/Primvar.outputs:result>
                float3 outputs:rgb
            }
            def Shader "Primvar"
            {
                uniform token info:id = "UsdPrimvarReader_float2"
                token inputs:varname = "st"
                float2 outputs:result
            }

        }
    }
    def Xform "LeftTissue" (
        prepend apiSchemas = ["SemanticsLabelsAPI:class"]
    )
    {
        token[] semantics:labels:class = ["skin_tissue", "wound_edge"]
        def Mesh "SimulationMesh" (
            prepend apiSchemas = ["MaterialBindingAPI"]
        )
        {
            uniform bool doubleSided = false
            float3[] extent = [(-0.053, -0.055, 0.0002746333737), (-0.003, 0.055, 0.001699799993)]
            int[] faceVertexCounts = [3, 3, 3, 3, 3, 3, 3, 3, 3, 3, 3, 3, 3, 3, 3, 3, 3, 3, 3, 3, 3, 3, 3, 3, 3, 3, 3, 3, 3, 3, 3, 3, 3, 3, 3, 3, 3, 3, 3, 3, 3, 3, 3, 3, 3, 3, 3, 3, 3, 3, 3, 3, 3, 3, 3, 3, 3, 3, 3, 3, 3, 3, 3, 3, 3, 3, 3, 3, 3, 3, 3, 3, 3, 3, 3, 3, 3, 3, 3, 3, 3, 3, 3, 3, 3, 3, 3, 3, 3, 3, 3, 3, 3, 3, 3, 3, 3, 3, 3, 3, 3, 3, 3, 3, 3, 3, 3, 3, 3, 3, 3, 3, 3, 3, 3, 3, 3, 3, 3, 3, 3, 3, 3, 3, 3, 3, 3, 3, 3, 3, 3, 3, 3, 3, 3, 3, 3, 3, 3, 3, 3, 3, 3, 3, 3, 3, 3, 3, 3, 3, 3, 3, 3, 3, 3, 3, 3, 3, 3, 3, 3, 3, 3, 3, 3, 3, 3, 3, 3, 3, 3, 3, 3, 3, 3, 3, 3, 3, 3, 3, 3, 3, 3, 3, 3, 3, 3, 3, 3, 3, 3, 3, 3, 3, 3, 3, 3, 3, 3, 3, 3, 3, 3, 3, 3, 3, 3, 3, 3, 3, 3, 3, 3, 3, 3, 3, 3, 3, 3, 3, 3, 3, 3, 3, 3, 3, 3, 3, 3, 3, 3, 3, 3, 3, 3, 3, 3, 3, 3, 3, 3, 3, 3, 3, 3, 3, 3, 3, 3, 3, 3, 3, 3, 3, 3, 3, 3, 3, 3, 3, 3, 3, 3, 3, 3, 3, 3, 3, 3, 3, 3, 3, 3, 3, 3, 3, 3, 3, 3, 3, 3, 3, 3, 3, 3, 3, 3, 3, 3, 3, 3, 3, 3, 3, 3, 3, 3, 3, 3, 3, 3, 3, 3, 3, 3, 3, 3, 3, 3, 3, 3, 3, 3, 3, 3, 3, 3, 3, 3, 3, 3, 3, 3, 3, 3, 3, 3, 3, 3, 3, 3, 3, 3, 3, 3, 3, 3, 3, 3, 3, 3, 3, 3, 3, 3, 3, 3, 3, 3, 3, 3, 3, 3, 3, 3, 3, 3, 3, 3, 3, 3, 3, 3, 3, 3, 3, 3, 3, 3, 3, 3, 3, 3, 3, 3, 3, 3, 3, 3, 3, 3, 3, 3, 3, 3, 3, 3, 3, 3, 3, 3, 3, 3, 3, 3, 3, 3, 3, 3, 3, 3, 3, 3, 3, 3, 3, 3, 3, 3, 3, 3, 3, 3, 3, 3, 3, 3, 3, 3, 3, 3, 3, 3, 3, 3, 3, 3, 3, 3, 3, 3, 3, 3, 3, 3, 3, 3, 3, 3, 3, 3, 3, 3, 3, 3, 3, 3, 3, 3, 3, 3, 3, 3, 3, 3, 3, 3, 3, 3, 3, 3, 3, 3, 3, 3, 3, 3, 3, 3, 3, 3, 3, 3, 3, 3, 3, 3, 3, 3, 3, 3, 3, 3, 3, 3, 3, 3, 3, 3, 3, 3, 3, 3, 3, 3, 3, 3, 3, 3, 3, 3, 3, 3, 3, 3, 3, 3, 3, 3, 3, 3, 3, 3, 3, 3, 3, 3, 3, 3, 3, 3, 3, 3, 3, 3, 3, 3, 3, 3, 3, 3, 3, 3, 3, 3, 3, 3, 3, 3, 3, 3, 3, 3, 3, 3, 3, 3, 3, 3, 3, 3, 3, 3, 3, 3, 3, 3, 3, 3, 3, 3, 3, 3, 3, 3, 3, 3, 3, 3, 3, 3, 3, 3, 3, 3, 3, 3, 3, 3, 3, 3, 3, 3, 3, 3, 3, 3, 3, 3, 3, 3, 3, 3, 3, 3, 3, 3, 3, 3, 3, 3, 3, 3, 3, 3, 3, 3, 3, 3, 3, 3, 3, 3, 3, 3, 3, 3, 3, 3, 3, 3, 3, 3, 3, 3, 3, 3, 3, 3, 3, 3, 3, 3, 3, 3, 3, 3, 3, 3, 3, 3, 3, 3, 3, 3, 3, 3, 3, 3, 3, 3, 3, 3, 3, 3, 3, 3, 3, 3, 3, 3, 3, 3, 3, 3, 3, 3, 3, 3, 3, 3, 3, 3, 3, 3, 3, 3, 3, 3, 3, 3, 3, 3, 3, 3, 3, 3, 3, 3, 3, 3, 3, 3, 3, 3, 3, 3, 3, 3, 3, 3, 3, 3, 3, 3, 3, 3, 3, 3, 3, 3, 3, 3, 3, 3, 3, 3, 3, 3, 3, 3, 3, 3, 3, 3, 3, 3, 3, 3, 3, 3, 3, 3, 3, 3, 3, 3, 3, 3, 3, 3, 3, 3, 3, 3, 3, 3, 3, 3, 3, 3, 3, 3, 3, 3, 3, 3, 3, 3, 3, 3, 3, 3, 3, 3, 3, 3, 3, 3, 3, 3, 3, 3, 3, 3, 3, 3, 3, 3, 3, 3, 3, 3, 3, 3, 3, 3, 3, 3, 3, 3, 3, 3, 3, 3, 3, 3, 3, 3, 3, 3, 3, 3, 3, 3, 3, 3, 3, 3, 3, 3, 3, 3, 3, 3, 3, 3, 3, 3, 3, 3, 3, 3, 3, 3, 3, 3, 3, 3, 3, 3, 3, 3, 3, 3, 3, 3, 3, 3, 3, 3, 3, 3, 3, 3, 3, 3, 3, 3, 3, 3, 3, 3, 3, 3, 3, 3, 3, 3, 3, 3, 3, 3, 3, 3, 3, 3, 3, 3, 3, 3, 3, 3, 3, 3, 3, 3, 3, 3, 3, 3, 3, 3, 3, 3, 3, 3, 3, 3, 3, 3, 3, 3, 3, 3, 3, 3, 3, 3, 3, 3, 3, 3, 3, 3, 3, 3, 3, 3, 3, 3, 3, 3, 3, 3, 3, 3, 3, 3, 3, 3, 3, 3, 3, 3, 3, 3, 3, 3, 3, 3, 3, 3, 3, 3, 3, 3, 3, 3, 3, 3, 3, 3, 3, 3, 3, 3, 3, 3, 3, 3, 3, 3, 3, 3, 3, 3, 3, 3, 3, 3, 3, 3, 3, 3, 3, 3, 3, 3, 3, 3, 3, 3, 3, 3, 3, 3, 3, 3, 3, 3, 3, 3, 3, 3, 3, 3, 3, 3, 3, 3, 3, 3, 3, 3, 3, 3, 3, 3, 3, 3, 3, 3, 3, 3, 3, 3, 3, 3, 3, 3, 3, 3, 3, 3, 3, 3, 3, 3, 3, 3, 3, 3, 3, 3, 3, 3, 3, 3, 3, 3, 3, 3, 3, 3, 3, 3, 3, 3, 3, 3, 3, 3, 3, 3, 3, 3, 3, 3, 3, 3, 3, 3, 3, 3, 3, 3, 3, 3, 3, 3, 3, 3, 3, 3, 3, 3, 3, 3, 3, 3, 3, 3, 3, 3, 3, 3, 3, 3, 3, 3, 3, 3, 3, 3, 3, 3, 3, 3, 3, 3, 3, 3, 3, 3, 3, 3, 3, 3, 3, 3, 3, 3, 3, 3, 3, 3, 3, 3, 3, 3, 3, 3, 3, 3, 3, 3, 3, 3, 3, 3, 3, 3, 3, 3, 3, 3, 3, 3, 3, 3, 3, 3, 3, 3, 3, 3, 3, 3, 3, 3, 3, 3, 3, 3, 3, 3, 3, 3, 3, 3, 3, 3, 3, 3, 3, 3, 3, 3, 3, 3, 3, 3, 3, 3, 3, 3, 3, 3, 3, 3, 3, 3, 3, 3, 3, 3, 3, 3, 3, 3, 3, 3, 3, 3, 3, 3, 3, 3, 3]
            int[] faceVertexIndices = [0, 1, 19, 0, 19, 18, 1, 2, 20, 1, 20, 19, 2, 3, 21, 2, 21, 20, 3, 4, 22, 3, 22, 21, 4, 5, 23, 4, 23, 22, 5, 6, 24, 5, 24, 23, 6, 7, 25, 6, 25, 24, 7, 8, 26, 7, 26, 25, 8, 9, 27, 8, 27, 26, 9, 10, 28, 9, 28, 27, 10, 11, 29, 10, 29, 28, 11, 12, 30, 11, 30, 29, 12, 13, 31, 12, 31, 30, 13, 14, 32, 13, 32, 31, 14, 15, 33, 14, 33, 32, 15, 16, 34, 15, 34, 33, 16, 17, 35, 16, 35, 34, 18, 19, 37, 18, 37, 36, 19, 20, 38, 19, 38, 37, 20, 21, 39, 20, 39, 38, 21, 22, 40, 21, 40, 39, 22, 23, 41, 22, 41, 40, 23, 24, 42, 23, 42, 41, 24, 25, 43, 24, 43, 42, 25, 26, 44, 25, 44, 43, 26, 27, 45, 26, 45, 44, 27, 28, 46, 27, 46, 45, 28, 29, 47, 28, 47, 46, 29, 30, 48, 29, 48, 47, 30, 31, 49, 30, 49, 48, 31, 32, 50, 31, 50, 49, 32, 33, 51, 32, 51, 50, 33, 34, 52, 33, 52, 51, 34, 35, 53, 34, 53, 52, 36, 37, 55, 36, 55, 54, 37, 38, 56, 37, 56, 55, 38, 39, 57, 38, 57, 56, 39, 40, 58, 39, 58, 57, 40, 41, 59, 40, 59, 58, 41, 42, 60, 41, 60, 59, 42, 43, 61, 42, 61, 60, 43, 44, 62, 43, 62, 61, 44, 45, 63, 44, 63, 62, 45, 46, 64, 45, 64, 63, 46, 47, 65, 46, 65, 64, 47, 48, 66, 47, 66, 65, 48, 49, 67, 48, 67, 66, 49, 50, 68, 49, 68, 67, 50, 51, 69, 50, 69, 68, 51, 52, 70, 51, 70, 69, 52, 53, 71, 52, 71, 70, 54, 55, 73, 54, 73, 72, 55, 56, 74, 55, 74, 73, 56, 57, 75, 56, 75, 74, 57, 58, 76, 57, 76, 75, 58, 59, 77, 58, 77, 76, 59, 60, 78, 59, 78, 77, 60, 61, 79, 60, 79, 78, 61, 62, 80, 61, 80, 79, 62, 63, 81, 62, 81, 80, 63, 64, 82, 63, 82, 81, 64, 65, 83, 64, 83, 82, 65, 66, 84, 65, 84, 83, 66, 67, 85, 66, 85, 84, 67, 68, 86, 67, 86, 85, 68, 69, 87, 68, 87, 86, 69, 70, 88, 69, 88, 87, 70, 71, 89, 70, 89, 88, 72, 73, 91, 72, 91, 90, 73, 74, 92, 73, 92, 91, 74, 75, 93, 74, 93, 92, 75, 76, 94, 75, 94, 93, 76, 77, 95, 76, 95, 94, 77, 78, 96, 77, 96, 95, 78, 79, 97, 78, 97, 96, 79, 80, 98, 79, 98, 97, 80, 81, 99, 80, 99, 98, 81, 82, 100, 81, 100, 99, 82, 83, 101, 82, 101, 100, 83, 84, 102, 83, 102, 101, 84, 85, 103, 84, 103, 102, 85, 86, 104, 85, 104, 103, 86, 87, 105, 86, 105, 104, 87, 88, 106, 87, 106, 105, 88, 89, 107, 88, 107, 106, 90, 91, 109, 90, 109, 108, 91, 92, 110, 91, 110, 109, 92, 93, 111, 92, 111, 110, 93, 94, 112, 93, 112, 111, 94, 95, 113, 94, 113, 112, 95, 96, 114, 95, 114, 113, 96, 97, 115, 96, 115, 114, 97, 98, 116, 97, 116, 115, 98, 99, 117, 98, 117, 116, 99, 100, 118, 99, 118, 117, 100, 101, 119, 100, 119, 118, 101, 102, 120, 101, 120, 119, 102, 103, 121, 102, 121, 120, 103, 104, 122, 103, 122, 121, 104, 105, 123, 104, 123, 122, 105, 106, 124, 105, 124, 123, 106, 107, 125, 106, 125, 124, 108, 109, 127, 108, 127, 126, 109, 110, 128, 109, 128, 127, 110, 111, 129, 110, 129, 128, 111, 112, 130, 111, 130, 129, 112, 113, 131, 112, 131, 130, 113, 114, 132, 113, 132, 131, 114, 115, 133, 114, 133, 132, 115, 116, 134, 115, 134, 133, 116, 117, 135, 116, 135, 134, 117, 118, 136, 117, 136, 135, 118, 119, 137, 118, 137, 136, 119, 120, 138, 119, 138, 137, 120, 121, 139, 120, 139, 138, 121, 122, 140, 121, 140, 139, 122, 123, 141, 122, 141, 140, 123, 124, 142, 123, 142, 141, 124, 125, 143, 124, 143, 142, 126, 127, 145, 126, 145, 144, 127, 128, 146, 127, 146, 145, 128, 129, 147, 128, 147, 146, 129, 130, 148, 129, 148, 147, 130, 131, 149, 130, 149, 148, 131, 132, 150, 131, 150, 149, 132, 133, 151, 132, 151, 150, 133, 134, 152, 133, 152, 151, 134, 135, 153, 134, 153, 152, 135, 136, 154, 135, 154, 153, 136, 137, 155, 136, 155, 154, 137, 138, 156, 137, 156, 155, 138, 139, 157, 138, 157, 156, 139, 140, 158, 139, 158, 157, 140, 141, 159, 140, 159, 158, 141, 142, 160, 141, 160, 159, 142, 143, 161, 142, 161, 160, 144, 145, 163, 144, 163, 162, 145, 146, 164, 145, 164, 163, 146, 147, 165, 146, 165, 164, 147, 148, 166, 147, 166, 165, 148, 149, 167, 148, 167, 166, 149, 150, 168, 149, 168, 167, 150, 151, 169, 150, 169, 168, 151, 152, 170, 151, 170, 169, 152, 153, 171, 152, 171, 170, 153, 154, 172, 153, 172, 171, 154, 155, 173, 154, 173, 172, 155, 156, 174, 155, 174, 173, 156, 157, 175, 156, 175, 174, 157, 158, 176, 157, 176, 175, 158, 159, 177, 158, 177, 176, 159, 160, 178, 159, 178, 177, 160, 161, 179, 160, 179, 178, 162, 163, 181, 162, 181, 180, 163, 164, 182, 163, 182, 181, 164, 165, 183, 164, 183, 182, 165, 166, 184, 165, 184, 183, 166, 167, 185, 166, 185, 184, 167, 168, 186, 167, 186, 185, 168, 169, 187, 168, 187, 186, 169, 170, 188, 169, 188, 187, 170, 171, 189, 170, 189, 188, 171, 172, 190, 171, 190, 189, 172, 173, 191, 172, 191, 190, 173, 174, 192, 173, 192, 191, 174, 175, 193, 174, 193, 192, 175, 176, 194, 175, 194, 193, 176, 177, 195, 176, 195, 194, 177, 178, 196, 177, 196, 195, 178, 179, 197, 178, 197, 196, 180, 181, 199, 180, 199, 198, 181, 182, 200, 181, 200, 199, 182, 183, 201, 182, 201, 200, 183, 184, 202, 183, 202, 201, 184, 185, 203, 184, 203, 202, 185, 186, 204, 185, 204, 203, 186, 187, 205, 186, 205, 204, 187, 188, 206, 187, 206, 205, 188, 189, 207, 188, 207, 206, 189, 190, 208, 189, 208, 207, 190, 191, 209, 190, 209, 208, 191, 192, 210, 191, 210, 209, 192, 193, 211, 192, 211, 210, 193, 194, 212, 193, 212, 211, 194, 195, 213, 194, 213, 212, 195, 196, 214, 195, 214, 213, 196, 197, 215, 196, 215, 214, 198, 199, 217, 198, 217, 216, 199, 200, 218, 199, 218, 217, 200, 201, 219, 200, 219, 218, 201, 202, 220, 201, 220, 219, 202, 203, 221, 202, 221, 220, 203, 204, 222, 203, 222, 221, 204, 205, 223, 204, 223, 222, 205, 206, 224, 205, 224, 223, 206, 207, 225, 206, 225, 224, 207, 208, 226, 207, 226, 225, 208, 209, 227, 208, 227, 226, 209, 210, 228, 209, 228, 227, 210, 211, 229, 210, 229, 228, 211, 212, 230, 211, 230, 229, 212, 213, 231, 212, 231, 230, 213, 214, 232, 213, 232, 231, 214, 215, 233, 214, 233, 232, 216, 217, 235, 216, 235, 234, 217, 218, 236, 217, 236, 235, 218, 219, 237, 218, 237, 236, 219, 220, 238, 219, 238, 237, 220, 221, 239, 220, 239, 238, 221, 222, 240, 221, 240, 239, 222, 223, 241, 222, 241, 240, 223, 224, 242, 223, 242, 241, 224, 225, 243, 224, 243, 242, 225, 226, 244, 225, 244, 243, 226, 227, 245, 226, 245, 244, 227, 228, 246, 227, 246, 245, 228, 229, 247, 228, 247, 246, 229, 230, 248, 229, 248, 247, 230, 231, 249, 230, 249, 248, 231, 232, 250, 231, 250, 249, 232, 233, 251, 232, 251, 250, 234, 235, 253, 234, 253, 252, 235, 236, 254, 235, 254, 253, 236, 237, 255, 236, 255, 254, 237, 238, 256, 237, 256, 255, 238, 239, 257, 238, 257, 256, 239, 240, 258, 239, 258, 257, 240, 241, 259, 240, 259, 258, 241, 242, 260, 241, 260, 259, 242, 243, 261, 242, 261, 260, 243, 244, 262, 243, 262, 261, 244, 245, 263, 244, 263, 262, 245, 246, 264, 245, 264, 263, 246, 247, 265, 246, 265, 264, 247, 248, 266, 247, 266, 265, 248, 249, 267, 248, 267, 266, 249, 250, 268, 249, 268, 267, 250, 251, 269, 250, 269, 268, 252, 253, 271, 252, 271, 270, 253, 254, 272, 253, 272, 271, 254, 255, 273, 254, 273, 272, 255, 256, 274, 255, 274, 273, 256, 257, 275, 256, 275, 274, 257, 258, 276, 257, 276, 275, 258, 259, 277, 258, 277, 276, 259, 260, 278, 259, 278, 277, 260, 261, 279, 260, 279, 278, 261, 262, 280, 261, 280, 279, 262, 263, 281, 262, 281, 280, 263, 264, 282, 263, 282, 281, 264, 265, 283, 264, 283, 282, 265, 266, 284, 265, 284, 283, 266, 267, 285, 266, 285, 284, 267, 268, 286, 267, 286, 285, 268, 269, 287, 268, 287, 286, 270, 271, 289, 270, 289, 288, 271, 272, 290, 271, 290, 289, 272, 273, 291, 272, 291, 290, 273, 274, 292, 273, 292, 291, 274, 275, 293, 274, 293, 292, 275, 276, 294, 275, 294, 293, 276, 277, 295, 276, 295, 294, 277, 278, 296, 277, 296, 295, 278, 279, 297, 278, 297, 296, 279, 280, 298, 279, 298, 297, 280, 281, 299, 280, 299, 298, 281, 282, 300, 281, 300, 299, 282, 283, 301, 282, 301, 300, 283, 284, 302, 283, 302, 301, 284, 285, 303, 284, 303, 302, 285, 286, 304, 285, 304, 303, 286, 287, 305, 286, 305, 304, 288, 289, 307, 288, 307, 306, 289, 290, 308, 289, 308, 307, 290, 291, 309, 290, 309, 308, 291, 292, 310, 291, 310, 309, 292, 293, 311, 292, 311, 310, 293, 294, 312, 293, 312, 311, 294, 295, 313, 294, 313, 312, 295, 296, 314, 295, 314, 313, 296, 297, 315, 296, 315, 314, 297, 298, 316, 297, 316, 315, 298, 299, 317, 298, 317, 316, 299, 300, 318, 299, 318, 317, 300, 301, 319, 300, 319, 318, 301, 302, 320, 301, 320, 319, 302, 303, 321, 302, 321, 320, 303, 304, 322, 303, 322, 321, 304, 305, 323, 304, 323, 322, 306, 307, 325, 306, 325, 324, 307, 308, 326, 307, 326, 325, 308, 309, 327, 308, 327, 326, 309, 310, 328, 309, 328, 327, 310, 311, 329, 310, 329, 328, 311, 312, 330, 311, 330, 329, 312, 313, 331, 312, 331, 330, 313, 314, 332, 313, 332, 331, 314, 315, 333, 314, 333, 332, 315, 316, 334, 315, 334, 333, 316, 317, 335, 316, 335, 334, 317, 318, 336, 317, 336, 335, 318, 319, 337, 318, 337, 336, 319, 320, 338, 319, 338, 337, 320, 321, 339, 320, 339, 338, 321, 322, 340, 321, 340, 339, 322, 323, 341, 322, 341, 340, 324, 325, 343, 324, 343, 342, 325, 326, 344, 325, 344, 343, 326, 327, 345, 326, 345, 344, 327, 328, 346, 327, 346, 345, 328, 329, 347, 328, 347, 346, 329, 330, 348, 329, 348, 347, 330, 331, 349, 330, 349, 348, 331, 332, 350, 331, 350, 349, 332, 333, 351, 332, 351, 350, 333, 334, 352, 333, 352, 351, 334, 335, 353, 334, 353, 352, 335, 336, 354, 335, 354, 353, 336, 337, 355, 336, 355, 354, 337, 338, 356, 337, 356, 355, 338, 339, 357, 338, 357, 356, 339, 340, 358, 339, 358, 357, 340, 341, 359, 340, 359, 358, 342, 343, 361, 342, 361, 360, 343, 344, 362, 343, 362, 361, 344, 345, 363, 344, 363, 362, 345, 346, 364, 345, 364, 363, 346, 347, 365, 346, 365, 364, 347, 348, 366, 347, 366, 365, 348, 349, 367, 348, 367, 366, 349, 350, 368, 349, 368, 367, 350, 351, 369, 350, 369, 368, 351, 352, 370, 351, 370, 369, 352, 353, 371, 352, 371, 370, 353, 354, 372, 353, 372, 371, 354, 355, 373, 354, 373, 372, 355, 356, 374, 355, 374, 373, 356, 357, 375, 356, 375, 374, 357, 358, 376, 357, 376, 375, 358, 359, 377, 358, 377, 376, 360, 361, 379, 360, 379, 378, 361, 362, 380, 361, 380, 379, 362, 363, 381, 362, 381, 380, 363, 364, 382, 363, 382, 381, 364, 365, 383, 364, 383, 382, 365, 366, 384, 365, 384, 383, 366, 367, 385, 366, 385, 384, 367, 368, 386, 367, 386, 385, 368, 369, 387, 368, 387, 386, 369, 370, 388, 369, 388, 387, 370, 371, 389, 370, 389, 388, 371, 372, 390, 371, 390, 389, 372, 373, 391, 372, 391, 390, 373, 374, 392, 373, 392, 391, 374, 375, 393, 374, 393, 392, 375, 376, 394, 375, 394, 393, 376, 377, 395, 376, 395, 394, 378, 379, 397, 378, 397, 396, 379, 380, 398, 379, 398, 397, 380, 381, 399, 380, 399, 398, 381, 382, 400, 381, 400, 399, 382, 383, 401, 382, 401, 400, 383, 384, 402, 383, 402, 401, 384, 385, 403, 384, 403, 402, 385, 386, 404, 385, 404, 403, 386, 387, 405, 386, 405, 404, 387, 388, 406, 387, 406, 405, 388, 389, 407, 388, 407, 406, 389, 390, 408, 389, 408, 407, 390, 391, 409, 390, 409, 408, 391, 392, 410, 391, 410, 409, 392, 393, 411, 392, 411, 410, 393, 394, 412, 393, 412, 411, 394, 395, 413, 394, 413, 412, 396, 397, 415, 396, 415, 414, 397, 398, 416, 397, 416, 415, 398, 399, 417, 398, 417, 416, 399, 400, 418, 399, 418, 417, 400, 401, 419, 400, 419, 418, 401, 402, 420, 401, 420, 419, 402, 403, 421, 402, 421, 420, 403, 404, 422, 403, 422, 421, 404, 405, 423, 404, 423, 422, 405, 406, 424, 405, 424, 423, 406, 407, 425, 406, 425, 424, 407, 408, 426, 407, 426, 425, 408, 409, 427, 408, 427, 426, 409, 410, 428, 409, 428, 427, 410, 411, 429, 410, 429, 428, 411, 412, 430, 411, 430, 429, 412, 413, 431, 412, 431, 430, 414, 415, 433, 414, 433, 432, 415, 416, 434, 415, 434, 433, 416, 417, 435, 416, 435, 434, 417, 418, 436, 417, 436, 435, 418, 419, 437, 418, 437, 436, 419, 420, 438, 419, 438, 437, 420, 421, 439, 420, 439, 438, 421, 422, 440, 421, 440, 439, 422, 423, 441, 422, 441, 440, 423, 424, 442, 423, 442, 441, 424, 425, 443, 424, 443, 442, 425, 426, 444, 425, 444, 443, 426, 427, 445, 426, 445, 444, 427, 428, 446, 427, 446, 445, 428, 429, 447, 428, 447, 446, 429, 430, 448, 429, 448, 447, 430, 431, 449, 430, 449, 448, 432, 433, 451, 432, 451, 450, 433, 434, 452, 433, 452, 451, 434, 435, 453, 434, 453, 452, 435, 436, 454, 435, 454, 453, 436, 437, 455, 436, 455, 454, 437, 438, 456, 437, 456, 455, 438, 439, 457, 438, 457, 456, 439, 440, 458, 439, 458, 457, 440, 441, 459, 440, 459, 458, 441, 442, 460, 441, 460, 459, 442, 443, 461, 442, 461, 460, 443, 444, 462, 443, 462, 461, 444, 445, 463, 444, 463, 462, 445, 446, 464, 445, 464, 463, 446, 447, 465, 446, 465, 464, 447, 448, 466, 447, 466, 465, 448, 449, 467, 448, 467, 466, 450, 451, 469, 450, 469, 468, 451, 452, 470, 451, 470, 469, 452, 453, 471, 452, 471, 470, 453, 454, 472, 453, 472, 471, 454, 455, 473, 454, 473, 472, 455, 456, 474, 455, 474, 473, 456, 457, 475, 456, 475, 474, 457, 458, 476, 457, 476, 475, 458, 459, 477, 458, 477, 476, 459, 460, 478, 459, 478, 477, 460, 461, 479, 460, 479, 478, 461, 462, 480, 461, 480, 479, 462, 463, 481, 462, 481, 480, 463, 464, 482, 463, 482, 481, 464, 465, 483, 464, 483, 482, 465, 466, 484, 465, 484, 483, 466, 467, 485, 466, 485, 484, 468, 469, 487, 468, 487, 486, 469, 470, 488, 469, 488, 487, 470, 471, 489, 470, 489, 488, 471, 472, 490, 471, 490, 489, 472, 473, 491, 472, 491, 490, 473, 474, 492, 473, 492, 491, 474, 475, 493, 474, 493, 492, 475, 476, 494, 475, 494, 493, 476, 477, 495, 476, 495, 494, 477, 478, 496, 477, 496, 495, 478, 479, 497, 478, 497, 496, 479, 480, 498, 479, 498, 497, 480, 481, 499, 480, 499, 498, 481, 482, 500, 481, 500, 499, 482, 483, 501, 482, 501, 500, 483, 484, 502, 483, 502, 501, 484, 485, 503, 484, 503, 502, 486, 487, 505, 486, 505, 504, 487, 488, 506, 487, 506, 505, 488, 489, 507, 488, 507, 506, 489, 490, 508, 489, 508, 507, 490, 491, 509, 490, 509, 508, 491, 492, 510, 491, 510, 509, 492, 493, 511, 492, 511, 510, 493, 494, 512, 493, 512, 511, 494, 495, 513, 494, 513, 512, 495, 496, 514, 495, 514, 513, 496, 497, 515, 496, 515, 514, 497, 498, 516, 497, 516, 515, 498, 499, 517, 498, 517, 516, 499, 500, 518, 499, 518, 517, 500, 501, 519, 500, 519, 518, 501, 502, 520, 501, 520, 519, 502, 503, 521, 502, 521, 520, 504, 505, 523, 504, 523, 522, 505, 506, 524, 505, 524, 523, 506, 507, 525, 506, 525, 524, 507, 508, 526, 507, 526, 525, 508, 509, 527, 508, 527, 526, 509, 510, 528, 509, 528, 527, 510, 511, 529, 510, 529, 528, 511, 512, 530, 511, 530, 529, 512, 513, 531, 512, 531, 530, 513, 514, 532, 513, 532, 531, 514, 515, 533, 514, 533, 532, 515, 516, 534, 515, 534, 533, 516, 517, 535, 516, 535, 534, 517, 518, 536, 517, 536, 535, 518, 519, 537, 518, 537, 536, 519, 520, 538, 519, 538, 537, 520, 521, 539, 520, 539, 538, 522, 523, 541, 522, 541, 540, 523, 524, 542, 523, 542, 541, 524, 525, 543, 524, 543, 542, 525, 526, 544, 525, 544, 543, 526, 527, 545, 526, 545, 544, 527, 528, 546, 527, 546, 545, 528, 529, 547, 528, 547, 546, 529, 530, 548, 529, 548, 547, 530, 531, 549, 530, 549, 548, 531, 532, 550, 531, 550, 549, 532, 533, 551, 532, 551, 550, 533, 534, 552, 533, 552, 551, 534, 535, 553, 534, 553, 552, 535, 536, 554, 535, 554, 553, 536, 537, 555, 536, 555, 554, 537, 538, 556, 537, 556, 555, 538, 539, 557, 538, 557, 556, 540, 541, 559, 540, 559, 558, 541, 542, 560, 541, 560, 559, 542, 543, 561, 542, 561, 560, 543, 544, 562, 543, 562, 561, 544, 545, 563, 544, 563, 562, 545, 546, 564, 545, 564, 563, 546, 547, 565, 546, 565, 564, 547, 548, 566, 547, 566, 565, 548, 549, 567, 548, 567, 566, 549, 550, 568, 549, 568, 567, 550, 551, 569, 550, 569, 568, 551, 552, 570, 551, 570, 569, 552, 553, 571, 552, 571, 570, 553, 554, 572, 553, 572, 571, 554, 555, 573, 554, 573, 572, 555, 556, 574, 555, 574, 573, 556, 557, 575, 556, 575, 574, 558, 559, 577, 558, 577, 576, 559, 560, 578, 559, 578, 577, 560, 561, 579, 560, 579, 578, 561, 562, 580, 561, 580, 579, 562, 563, 581, 562, 581, 580, 563, 564, 582, 563, 582, 581, 564, 565, 583, 564, 583, 582, 565, 566, 584, 565, 584, 583, 566, 567, 585, 566, 585, 584, 567, 568, 586, 567, 586, 585, 568, 569, 587, 568, 587, 586, 569, 570, 588, 569, 588, 587, 570, 571, 589, 570, 589, 588, 571, 572, 590, 571, 590, 589, 572, 573, 591, 572, 591, 590, 573, 574, 592, 573, 592, 591, 574, 575, 593, 574, 593, 592, 576, 577, 595, 576, 595, 594, 577, 578, 596, 577, 596, 595, 578, 579, 597, 578, 597, 596, 579, 580, 598, 579, 598, 597, 580, 581, 599, 580, 599, 598, 581, 582, 600, 581, 600, 599, 582, 583, 601, 582, 601, 600, 583, 584, 602, 583, 602, 601, 584, 585, 603, 584, 603, 602, 585, 586, 604, 585, 604, 603, 586, 587, 605, 586, 605, 604, 587, 588, 606, 587, 606, 605, 588, 589, 607, 588, 607, 606, 589, 590, 608, 589, 608, 607, 590, 591, 609, 590, 609, 608, 591, 592, 610, 591, 610, 609, 592, 593, 611, 592, 611, 610, 594, 595, 613, 594, 613, 612, 595, 596, 614, 595, 614, 613, 596, 597, 615, 596, 615, 614, 597, 598, 616, 597, 616, 615, 598, 599, 617, 598, 617, 616, 599, 600, 618, 599, 618, 617, 600, 601, 619, 600, 619, 618, 601, 602, 620, 601, 620, 619, 602, 603, 621, 602, 621, 620, 603, 604, 622, 603, 622, 621, 604, 605, 623, 604, 623, 622, 605, 606, 624, 605, 624, 623, 606, 607, 625, 606, 625, 624, 607, 608, 626, 607, 626, 625, 608, 609, 627, 608, 627, 626, 609, 610, 628, 609, 628, 627, 610, 611, 629, 610, 629, 628, 612, 613, 631, 612, 631, 630, 613, 614, 632, 613, 632, 631, 614, 615, 633, 614, 633, 632, 615, 616, 634, 615, 634, 633, 616, 617, 635, 616, 635, 634, 617, 618, 636, 617, 636, 635, 618, 619, 637, 618, 637, 636, 619, 620, 638, 619, 638, 637, 620, 621, 639, 620, 639, 638, 621, 622, 640, 621, 640, 639, 622, 623, 641, 622, 641, 640, 623, 624, 642, 623, 642, 641, 624, 625, 643, 624, 643, 642, 625, 626, 644, 625, 644, 643, 626, 627, 645, 626, 645, 644, 627, 628, 646, 627, 646, 645, 628, 629, 647, 628, 647, 646]
            point3f[] points = [
            (-0.053, -0.055, 0.0002746333737),
            (-0.05005882353, -0.055, 0.0002748158534),
            (-0.04711764706, -0.055, 0.0002751137765),
            (-0.04417647059, -0.055, 0.0002756001765),
            (-0.04123529412, -0.055, 0.0002763942908),
            (-0.03829411765, -0.055, 0.0002776907907),
            (-0.03535294118, -0.055, 0.0002798075036),
            (-0.03241176471, -0.055, 0.0002832633258),
            (-0.02947058824, -0.055, 0.0002889054266),
            (-0.02652941176, -0.055, 0.0002981169253),
            (-0.02358823529, -0.055, 0.0003131559526),
            (-0.02064705882, -0.055, 0.0003377092147),
            (-0.01770588235, -0.055, 0.000377795762),
            (-0.01476470588, -0.055, 0.0004432425147),
            (-0.01182352941, -0.055, 0.0005500932599),
            (-0.008882352941, -0.055, 0.0007245416666),
            (-0.005941176471, -0.055, 0.00100935247),
            (-0.003, -0.055, 0.00147434493),
            (-0.053, -0.05185714286, 0.0002978294747),
            (-0.05005882353, -0.05185714286, 0.0002980119544),
            (-0.04711764706, -0.05185714286, 0.0002983098775),
            (-0.04417647059, -0.05185714286, 0.0002987962775),
            (-0.04123529412, -0.05185714286, 0.0002995903919),
            (-0.03829411765, -0.05185714286, 0.0003008868918),
            (-0.03535294118, -0.05185714286, 0.0003030036046),
            (-0.03241176471, -0.05185714286, 0.0003064594268),
            (-0.02947058824, -0.05185714286, 0.0003121015276),
            (-0.02652941176, -0.05185714286, 0.0003213130264),
            (-0.02358823529, -0.05185714286, 0.0003363520536),
            (-0.02064705882, -0.05185714286, 0.0003609053157),
            (-0.01770588235, -0.05185714286, 0.000400991863),
            (-0.01476470588, -0.05185714286, 0.0004664386158),
            (-0.01182352941, -0.05185714286, 0.0005732893609),
            (-0.008882352941, -0.05185714286, 0.0007477377676),
            (-0.005941176471, -0.05185714286, 0.001032548571),
            (-0.003, -0.05185714286, 0.001497541031),
            (-0.053, -0.04871428571, 0.0003200736012),
            (-0.05005882353, -0.04871428571, 0.000320256081),
            (-0.04711764706, -0.04871428571, 0.000320554004),
            (-0.04417647059, -0.04871428571, 0.000321040404),
            (-0.04123529412, -0.04871428571, 0.0003218345184),
            (-0.03829411765, -0.04871428571, 0.0003231310183),
            (-0.03535294118, -0.04871428571, 0.0003252477311),
            (-0.03241176471, -0.04871428571, 0.0003287035533),
            (-0.02947058824, -0.04871428571, 0.0003343456541),
            (-0.02652941176, -0.04871428571, 0.0003435571529),
            (-0.02358823529, -0.04871428571, 0.0003585961802),
            (-0.02064705882, -0.04871428571, 0.0003831494422),
            (-0.01770588235, -0.04871428571, 0.0004232359895),
            (-0.01476470588, -0.04871428571, 0.0004886827423),
            (-0.01182352941, -0.04871428571, 0.0005955334874),
            (-0.008882352941, -0.04871428571, 0.0007699818941),
            (-0.005941176471, -0.04871428571, 0.001054792698),
            (-0.003, -0.04871428571, 0.001519785158),
            (-0.053, -0.04557142857, 0.0003412945837),
            (-0.05005882353, -0.04557142857, 0.0003414770634),
            (-0.04711764706, -0.04557142857, 0.0003417749865),
            (-0.04417647059, -0.04557142857, 0.0003422613865),
            (-0.04123529412, -0.04557142857, 0.0003430555009),
            (-0.03829411765, -0.04557142857, 0.0003443520008),
            (-0.03535294118, -0.04557142857, 0.0003464687136),
            (-0.03241176471, -0.04557142857, 0.0003499245358),
            (-0.02947058824, -0.04557142857, 0.0003555666366),
            (-0.02652941176, -0.04557142857, 0.0003647781353),
            (-0.02358823529, -0.04557142857, 0.0003798171626),
            (-0.02064705882, -0.04557142857, 0.0004043704247),
            (-0.01770588235, -0.04557142857, 0.000444456972),
            (-0.01476470588, -0.04557142857, 0.0005099037248),
            (-0.01182352941, -0.04557142857, 0.0006167544699),
            (-0.008882352941, -0.04557142857, 0.0007912028766),
            (-0.005941176471, -0.04557142857, 0.00107601368),
            (-0.003, -0.04557142857, 0.00154100614),
            (-0.053, -0.04242857143, 0.0003614245262),
            (-0.05005882353, -0.04242857143, 0.000361607006),
            (-0.04711764706, -0.04242857143, 0.000361904929),
            (-0.04417647059, -0.04242857143, 0.000362391329),
            (-0.04123529412, -0.04242857143, 0.0003631854434),
            (-0.03829411765, -0.04242857143, 0.0003644819433),
            (-0.03535294118, -0.04242857143, 0.0003665986561),
            (-0.03241176471, -0.04242857143, 0.0003700544783),
            (-0.02947058824, -0.04242857143, 0.0003756965791),
            (-0.02652941176, -0.04242857143, 0.0003849080779),
            (-0.02358823529, -0.04242857143, 0.0003999471052),
            (-0.02064705882, -0.04242857143, 0.0004245003672),
            (-0.01770588235, -0.04242857143, 0.0004645869145),
            (-0.01476470588, -0.04242857143, 0.0005300336673),
            (-0.01182352941, -0.04242857143, 0.0006368844124),
            (-0.008882352941, -0.04242857143, 0.0008113328191),
            (-0.005941176471, -0.04242857143, 0.001096143623),
            (-0.003, -0.04242857143, 0.001561136083),
            (-0.053, -0.03928571429, 0.0003803990235),
            (-0.05005882353, -0.03928571429, 0.0003805815033),
            (-0.04711764706, -0.03928571429, 0.0003808794263),
            (-0.04417647059, -0.03928571429, 0.0003813658264),
            (-0.04123529412, -0.03928571429, 0.0003821599407),
            (-0.03829411765, -0.03928571429, 0.0003834564406),
            (-0.03535294118, -0.03928571429, 0.0003855731534),
            (-0.03241176471, -0.03928571429, 0.0003890289756),
            (-0.02947058824, -0.03928571429, 0.0003946710765),
            (-0.02652941176, -0.03928571429, 0.0004038825752),
            (-0.02358823529, -0.03928571429, 0.0004189216025),
            (-0.02064705882, -0.03928571429, 0.0004434748646),
            (-0.01770588235, -0.03928571429, 0.0004835614118),
            (-0.01476470588, -0.03928571429, 0.0005490081646),
            (-0.01182352941, -0.03928571429, 0.0006558589098),
            (-0.008882352941, -0.03928571429, 0.0008303073164),
            (-0.005941176471, -0.03928571429, 0.00111511812),
            (-0.003, -0.03928571429, 0.00158011058),
            (-0.053, -0.03614285714, 0.0003981573673),
            (-0.05005882353, -0.03614285714, 0.000398339847),
            (-0.04711764706, -0.03614285714, 0.0003986377701),
            (-0.04417647059, -0.03614285714, 0.0003991241701),
            (-0.04123529412, -0.03614285714, 0.0003999182844),
            (-0.03829411765, -0.03614285714, 0.0004012147843),
            (-0.03535294118, -0.03614285714, 0.0004033314972),
            (-0.03241176471, -0.03614285714, 0.0004067873194),
            (-0.02947058824, -0.03614285714, 0.0004124294202),
            (-0.02652941176, -0.03614285714, 0.0004216409189),
            (-0.02358823529, -0.03614285714, 0.0004366799462),
            (-0.02064705882, -0.03614285714, 0.0004612332083),
            (-0.01770588235, -0.03614285714, 0.0005013197556),
            (-0.01476470588, -0.03614285714, 0.0005667665083),
            (-0.01182352941, -0.03614285714, 0.0006736172535),
            (-0.008882352941, -0.03614285714, 0.0008480656602),
            (-0.005941176471, -0.03614285714, 0.001132876464),
            (-0.003, -0.03614285714, 0.001597868924),
            (-0.053, -0.033, 0.0004146427401),
            (-0.05005882353, -0.033, 0.0004148252198),
            (-0.04711764706, -0.033, 0.0004151231429),
            (-0.04417647059, -0.033, 0.0004156095429),
            (-0.04123529412, -0.033, 0.0004164036573),
            (-0.03829411765, -0.033, 0.0004177001572),
            (-0.03535294118, -0.033, 0.00041981687),
            (-0.03241176471, -0.033, 0.0004232726922),
            (-0.02947058824, -0.033, 0.000428914793),
            (-0.02652941176, -0.033, 0.0004381262917),
            (-0.02358823529, -0.033, 0.000453165319),
            (-0.02064705882, -0.033, 0.0004777185811),
            (-0.01770588235, -0.033, 0.0005178051284),
            (-0.01476470588, -0.033, 0.0005832518812),
            (-0.01182352941, -0.033, 0.0006901026263),
            (-0.008882352941, -0.033, 0.000864551033),
            (-0.005941176471, -0.033, 0.001149361836),
            (-0.003, -0.033, 0.001614354297),
            (-0.053, -0.02985714286, 0.0004298023975),
            (-0.05005882353, -0.02985714286, 0.0004299848772),
            (-0.04711764706, -0.02985714286, 0.0004302828003),
            (-0.04417647059, -0.02985714286, 0.0004307692003),
            (-0.04123529412, -0.02985714286, 0.0004315633146),
            (-0.03829411765, -0.02985714286, 0.0004328598145),
            (-0.03535294118, -0.02985714286, 0.0004349765274),
            (-0.03241176471, -0.02985714286, 0.0004384323496),
            (-0.02947058824, -0.02985714286, 0.0004440744504),
            (-0.02652941176, -0.02985714286, 0.0004532859491),
            (-0.02358823529, -0.02985714286, 0.0004683249764),
            (-0.02064705882, -0.02985714286, 0.0004928782385),
            (-0.01770588235, -0.02985714286, 0.0005329647858),
            (-0.01476470588, -0.02985714286, 0.0005984115385),
            (-0.01182352941, -0.02985714286, 0.0007052622837),
            (-0.008882352941, -0.02985714286, 0.0008797106904),
            (-0.005941176471, -0.02985714286, 0.001164521494),
            (-0.003, -0.02985714286, 0.001629513954),
            (-0.053, -0.02671428571, 0.0004435878365),
            (-0.05005882353, -0.02671428571, 0.0004437703163),
            (-0.04711764706, -0.02671428571, 0.0004440682393),
            (-0.04417647059, -0.02671428571, 0.0004445546393),
            (-0.04123529412, -0.02671428571, 0.0004453487537),
            (-0.03829411765, -0.02671428571, 0.0004466452536),
            (-0.03535294118, -0.02671428571, 0.0004487619664),
            (-0.03241176471, -0.02671428571, 0.0004522177886),
            (-0.02947058824, -0.02671428571, 0.0004578598895),
            (-0.02652941176, -0.02671428571, 0.0004670713882),
            (-0.02358823529, -0.02671428571, 0.0004821104155),
            (-0.02064705882, -0.02671428571, 0.0005066636775),
            (-0.01770588235, -0.02671428571, 0.0005467502248),
            (-0.01476470588, -0.02671428571, 0.0006121969776),
            (-0.01182352941, -0.02671428571, 0.0007190477227),
            (-0.008882352941, -0.02671428571, 0.0008934961294),
            (-0.005941176471, -0.02671428571, 0.001178306933),
            (-0.003, -0.02671428571, 0.001643299393),
            (-0.053, -0.02357142857, 0.0004559549511),
            (-0.05005882353, -0.02357142857, 0.0004561374308),
            (-0.04711764706, -0.02357142857, 0.0004564353539),
            (-0.04417647059, -0.02357142857, 0.0004569217539),
            (-0.04123529412, -0.02357142857, 0.0004577158682),
            (-0.03829411765, -0.02357142857, 0.0004590123681),
            (-0.03535294118, -0.02357142857, 0.0004611290809),
            (-0.03241176471, -0.02357142857, 0.0004645849032),
            (-0.02947058824, -0.02357142857, 0.000470227004),
            (-0.02652941176, -0.02357142857, 0.0004794385027),
            (-0.02358823529, -0.02357142857, 0.00049447753),
            (-0.02064705882, -0.02357142857, 0.0005190307921),
            (-0.01770588235, -0.02357142857, 0.0005591173394),
            (-0.01476470588, -0.02357142857, 0.0006245640921),
            (-0.01182352941, -0.02357142857, 0.0007314148373),
            (-0.008882352941, -0.02357142857, 0.0009058632439),
            (-0.005941176471, -0.02357142857, 0.001190674047),
            (-0.003, -0.02357142857, 0.001655666508),
            (-0.053, -0.02042857143, 0.0004668641729),
            (-0.05005882353, -0.02042857143, 0.0004670466526),
            (-0.04711764706, -0.02042857143, 0.0004673445757),
            (-0.04417647059, -0.02042857143, 0.0004678309757),
            (-0.04123529412, -0.02042857143, 0.00046862509),
            (-0.03829411765, -0.02042857143, 0.0004699215899),
            (-0.03535294118, -0.02042857143, 0.0004720383028),
            (-0.03241176471, -0.02042857143, 0.000475494125),
            (-0.02947058824, -0.02042857143, 0.0004811362258),
            (-0.02652941176, -0.02042857143, 0.0004903477245),
            (-0.02358823529, -0.02042857143, 0.0005053867518),
            (-0.02064705882, -0.02042857143, 0.0005299400139),
            (-0.01770588235, -0.02042857143, 0.0005700265612),
            (-0.01476470588, -0.02042857143, 0.0006354733139),
            (-0.01182352941, -0.02042857143, 0.0007423240591),
            (-0.008882352941, -0.02042857143, 0.0009167724657),
            (-0.005941176471, -0.02042857143, 0.001201583269),
            (-0.003, -0.02042857143, 0.001666575729),
            (-0.053, -0.01728571429, 0.0004762805982),
            (-0.05005882353, -0.01728571429, 0.0004764630779),
            (-0.04711764706, -0.01728571429, 0.000476761001),
            (-0.04417647059, -0.01728571429, 0.000477247401),
            (-0.04123529412, -0.01728571429, 0.0004780415153),
            (-0.03829411765, -0.01728571429, 0.0004793380152),
            (-0.03535294118, -0.01728571429, 0.0004814547281),
            (-0.03241176471, -0.01728571429, 0.0004849105503),
            (-0.02947058824, -0.01728571429, 0.0004905526511),
            (-0.02652941176, -0.01728571429, 0.0004997641498),
            (-0.02358823529, -0.01728571429, 0.0005148031771),
            (-0.02064705882, -0.01728571429, 0.0005393564392),
            (-0.01770588235, -0.01728571429, 0.0005794429865),
            (-0.01476470588, -0.01728571429, 0.0006448897392),
            (-0.01182352941, -0.01728571429, 0.0007517404844),
            (-0.008882352941, -0.01728571429, 0.0009261888911),
            (-0.005941176471, -0.01728571429, 0.001210999695),
            (-0.003, -0.01728571429, 0.001675992155),
            (-0.053, -0.01414285714, 0.0004841740994),
            (-0.05005882353, -0.01414285714, 0.0004843565791),
            (-0.04711764706, -0.01414285714, 0.0004846545022),
            (-0.04417647059, -0.01414285714, 0.0004851409022),
            (-0.04123529412, -0.01414285714, 0.0004859350165),
            (-0.03829411765, -0.01414285714, 0.0004872315164),
            (-0.03535294118, -0.01414285714, 0.0004893482293),
            (-0.03241176471, -0.01414285714, 0.0004928040515),
            (-0.02947058824, -0.01414285714, 0.0004984461523),
            (-0.02652941176, -0.01414285714, 0.000507657651),
            (-0.02358823529, -0.01414285714, 0.0005226966783),
            (-0.02064705882, -0.01414285714, 0.0005472499404),
            (-0.01770588235, -0.01414285714, 0.0005873364877),
            (-0.01476470588, -0.01414285714, 0.0006527832404),
            (-0.01182352941, -0.01414285714, 0.0007596339856),
            (-0.008882352941, -0.01414285714, 0.0009340823923),
            (-0.005941176471, -0.01414285714, 0.001218893196),
            (-0.003, -0.01414285714, 0.001683885656),
            (-0.053, -0.011, 0.0004905194214),
            (-0.05005882353, -0.011, 0.0004907019012),
            (-0.04711764706, -0.011, 0.0004909998242),
            (-0.04417647059, -0.011, 0.0004914862243),
            (-0.04123529412, -0.011, 0.0004922803386),
            (-0.03829411765, -0.011, 0.0004935768385),
            (-0.03535294118, -0.011, 0.0004956935513),
            (-0.03241176471, -0.011, 0.0004991493735),
            (-0.02947058824, -0.011, 0.0005047914744),
            (-0.02652941176, -0.011, 0.0005140029731),
            (-0.02358823529, -0.011, 0.0005290420004),
            (-0.02064705882, -0.011, 0.0005535952625),
            (-0.01770588235, -0.011, 0.0005936818097),
            (-0.01476470588, -0.011, 0.0006591285625),
            (-0.01182352941, -0.011, 0.0007659793077),
            (-0.008882352941, -0.011, 0.0009404277143),
            (-0.005941176471, -0.011, 0.001225238518),
            (-0.003, -0.011, 0.001690230978),
            (-0.053, -0.007857142857, 0.0004952962626),
            (-0.05005882353, -0.007857142857, 0.0004954787424),
            (-0.04711764706, -0.007857142857, 0.0004957766655),
            (-0.04417647059, -0.007857142857, 0.0004962630655),
            (-0.04123529412, -0.007857142857, 0.0004970571798),
            (-0.03829411765, -0.007857142857, 0.0004983536797),
            (-0.03535294118, -0.007857142857, 0.0005004703925),
            (-0.03241176471, -0.007857142857, 0.0005039262148),
            (-0.02947058824, -0.007857142857, 0.0005095683156),
            (-0.02652941176, -0.007857142857, 0.0005187798143),
            (-0.02358823529, -0.007857142857, 0.0005338188416),
            (-0.02064705882, -0.007857142857, 0.0005583721037),
            (-0.01770588235, -0.007857142857, 0.000598458651),
            (-0.01476470588, -0.007857142857, 0.0006639054037),
            (-0.01182352941, -0.007857142857, 0.0007707561489),
            (-0.008882352941, -0.007857142857, 0.0009452045555),
            (-0.005941176471, -0.007857142857, 0.001230015359),
            (-0.003, -0.007857142857, 0.001695007819),
            (-0.053, -0.004714285714, 0.0004984893397),
            (-0.05005882353, -0.004714285714, 0.0004986718194),
            (-0.04711764706, -0.004714285714, 0.0004989697425),
            (-0.04417647059, -0.004714285714, 0.0004994561425),
            (-0.04123529412, -0.004714285714, 0.0005002502568),
            (-0.03829411765, -0.004714285714, 0.0005015467567),
            (-0.03535294118, -0.004714285714, 0.0005036634696),
            (-0.03241176471, -0.004714285714, 0.0005071192918),
            (-0.02947058824, -0.004714285714, 0.0005127613926),
            (-0.02652941176, -0.004714285714, 0.0005219728913),
            (-0.02358823529, -0.004714285714, 0.0005370119186),
            (-0.02064705882, -0.004714285714, 0.0005615651807),
            (-0.01770588235, -0.004714285714, 0.000601651728),
            (-0.01476470588, -0.004714285714, 0.0006670984807),
            (-0.01182352941, -0.004714285714, 0.0007739492259),
            (-0.008882352941, -0.004714285714, 0.0009483976325),
            (-0.005941176471, -0.004714285714, 0.001233208436),
            (-0.003, -0.004714285714, 0.001698200896),
            (-0.053, -0.001571428571, 0.0005000884363),
            (-0.05005882353, -0.001571428571, 0.0005002709161),
            (-0.04711764706, -0.001571428571, 0.0005005688391),
            (-0.04417647059, -0.001571428571, 0.0005010552391),
            (-0.04123529412, -0.001571428571, 0.0005018493535),
            (-0.03829411765, -0.001571428571, 0.0005031458534),
            (-0.03535294118, -0.001571428571, 0.0005052625662),
            (-0.03241176471, -0.001571428571, 0.0005087183884),
            (-0.02947058824, -0.001571428571, 0.0005143604892),
            (-0.02652941176, -0.001571428571, 0.000523571988),
            (-0.02358823529, -0.001571428571, 0.0005386110152),
            (-0.02064705882, -0.001571428571, 0.0005631642773),
            (-0.01770588235, -0.001571428571, 0.0006032508246),
            (-0.01476470588, -0.001571428571, 0.0006686975774),
            (-0.01182352941, -0.001571428571, 0.0007755483225),
            (-0.008882352941, -0.001571428571, 0.0009499967292),
            (-0.005941176471, -0.001571428571, 0.001234807533),
            (-0.003, -0.001571428571, 0.001699799993),
            (-0.053, 0.001571428571, 0.0005000884363),
            (-0.05005882353, 0.001571428571, 0.0005002709161),
            (-0.04711764706, 0.001571428571, 0.0005005688391),
            (-0.04417647059, 0.001571428571, 0.0005010552391),
            (-0.04123529412, 0.001571428571, 0.0005018493535),
            (-0.03829411765, 0.001571428571, 0.0005031458534),
            (-0.03535294118, 0.001571428571, 0.0005052625662),
            (-0.03241176471, 0.001571428571, 0.0005087183884),
            (-0.02947058824, 0.001571428571, 0.0005143604892),
            (-0.02652941176, 0.001571428571, 0.000523571988),
            (-0.02358823529, 0.001571428571, 0.0005386110152),
            (-0.02064705882, 0.001571428571, 0.0005631642773),
            (-0.01770588235, 0.001571428571, 0.0006032508246),
            (-0.01476470588, 0.001571428571, 0.0006686975774),
            (-0.01182352941, 0.001571428571, 0.0007755483225),
            (-0.008882352941, 0.001571428571, 0.0009499967292),
            (-0.005941176471, 0.001571428571, 0.001234807533),
            (-0.003, 0.001571428571, 0.001699799993),
            (-0.053, 0.004714285714, 0.0004984893397),
            (-0.05005882353, 0.004714285714, 0.0004986718194),
            (-0.04711764706, 0.004714285714, 0.0004989697425),
            (-0.04417647059, 0.004714285714, 0.0004994561425),
            (-0.04123529412, 0.004714285714, 0.0005002502568),
            (-0.03829411765, 0.004714285714, 0.0005015467567),
            (-0.03535294118, 0.004714285714, 0.0005036634696),
            (-0.03241176471, 0.004714285714, 0.0005071192918),
            (-0.02947058824, 0.004714285714, 0.0005127613926),
            (-0.02652941176, 0.004714285714, 0.0005219728913),
            (-0.02358823529, 0.004714285714, 0.0005370119186),
            (-0.02064705882, 0.004714285714, 0.0005615651807),
            (-0.01770588235, 0.004714285714, 0.000601651728),
            (-0.01476470588, 0.004714285714, 0.0006670984807),
            (-0.01182352941, 0.004714285714, 0.0007739492259),
            (-0.008882352941, 0.004714285714, 0.0009483976325),
            (-0.005941176471, 0.004714285714, 0.001233208436),
            (-0.003, 0.004714285714, 0.001698200896),
            (-0.053, 0.007857142857, 0.0004952962626),
            (-0.05005882353, 0.007857142857, 0.0004954787424),
            (-0.04711764706, 0.007857142857, 0.0004957766655),
            (-0.04417647059, 0.007857142857, 0.0004962630655),
            (-0.04123529412, 0.007857142857, 0.0004970571798),
            (-0.03829411765, 0.007857142857, 0.0004983536797),
            (-0.03535294118, 0.007857142857, 0.0005004703925),
            (-0.03241176471, 0.007857142857, 0.0005039262148),
            (-0.02947058824, 0.007857142857, 0.0005095683156),
            (-0.02652941176, 0.007857142857, 0.0005187798143),
            (-0.02358823529, 0.007857142857, 0.0005338188416),
            (-0.02064705882, 0.007857142857, 0.0005583721037),
            (-0.01770588235, 0.007857142857, 0.000598458651),
            (-0.01476470588, 0.007857142857, 0.0006639054037),
            (-0.01182352941, 0.007857142857, 0.0007707561489),
            (-0.008882352941, 0.007857142857, 0.0009452045555),
            (-0.005941176471, 0.007857142857, 0.001230015359),
            (-0.003, 0.007857142857, 0.001695007819),
            (-0.053, 0.011, 0.0004905194214),
            (-0.05005882353, 0.011, 0.0004907019012),
            (-0.04711764706, 0.011, 0.0004909998242),
            (-0.04417647059, 0.011, 0.0004914862243),
            (-0.04123529412, 0.011, 0.0004922803386),
            (-0.03829411765, 0.011, 0.0004935768385),
            (-0.03535294118, 0.011, 0.0004956935513),
            (-0.03241176471, 0.011, 0.0004991493735),
            (-0.02947058824, 0.011, 0.0005047914744),
            (-0.02652941176, 0.011, 0.0005140029731),
            (-0.02358823529, 0.011, 0.0005290420004),
            (-0.02064705882, 0.011, 0.0005535952625),
            (-0.01770588235, 0.011, 0.0005936818097),
            (-0.01476470588, 0.011, 0.0006591285625),
            (-0.01182352941, 0.011, 0.0007659793077),
            (-0.008882352941, 0.011, 0.0009404277143),
            (-0.005941176471, 0.011, 0.001225238518),
            (-0.003, 0.011, 0.001690230978),
            (-0.053, 0.01414285714, 0.0004841740994),
            (-0.05005882353, 0.01414285714, 0.0004843565791),
            (-0.04711764706, 0.01414285714, 0.0004846545022),
            (-0.04417647059, 0.01414285714, 0.0004851409022),
            (-0.04123529412, 0.01414285714, 0.0004859350165),
            (-0.03829411765, 0.01414285714, 0.0004872315164),
            (-0.03535294118, 0.01414285714, 0.0004893482293),
            (-0.03241176471, 0.01414285714, 0.0004928040515),
            (-0.02947058824, 0.01414285714, 0.0004984461523),
            (-0.02652941176, 0.01414285714, 0.000507657651),
            (-0.02358823529, 0.01414285714, 0.0005226966783),
            (-0.02064705882, 0.01414285714, 0.0005472499404),
            (-0.01770588235, 0.01414285714, 0.0005873364877),
            (-0.01476470588, 0.01414285714, 0.0006527832404),
            (-0.01182352941, 0.01414285714, 0.0007596339856),
            (-0.008882352941, 0.01414285714, 0.0009340823923),
            (-0.005941176471, 0.01414285714, 0.001218893196),
            (-0.003, 0.01414285714, 0.001683885656),
            (-0.053, 0.01728571429, 0.0004762805982),
            (-0.05005882353, 0.01728571429, 0.0004764630779),
            (-0.04711764706, 0.01728571429, 0.000476761001),
            (-0.04417647059, 0.01728571429, 0.000477247401),
            (-0.04123529412, 0.01728571429, 0.0004780415153),
            (-0.03829411765, 0.01728571429, 0.0004793380152),
            (-0.03535294118, 0.01728571429, 0.0004814547281),
            (-0.03241176471, 0.01728571429, 0.0004849105503),
            (-0.02947058824, 0.01728571429, 0.0004905526511),
            (-0.02652941176, 0.01728571429, 0.0004997641498),
            (-0.02358823529, 0.01728571429, 0.0005148031771),
            (-0.02064705882, 0.01728571429, 0.0005393564392),
            (-0.01770588235, 0.01728571429, 0.0005794429865),
            (-0.01476470588, 0.01728571429, 0.0006448897392),
            (-0.01182352941, 0.01728571429, 0.0007517404844),
            (-0.008882352941, 0.01728571429, 0.0009261888911),
            (-0.005941176471, 0.01728571429, 0.001210999695),
            (-0.003, 0.01728571429, 0.001675992155),
            (-0.053, 0.02042857143, 0.0004668641729),
            (-0.05005882353, 0.02042857143, 0.0004670466526),
            (-0.04711764706, 0.02042857143, 0.0004673445757),
            (-0.04417647059, 0.02042857143, 0.0004678309757),
            (-0.04123529412, 0.02042857143, 0.00046862509),
            (-0.03829411765, 0.02042857143, 0.0004699215899),
            (-0.03535294118, 0.02042857143, 0.0004720383028),
            (-0.03241176471, 0.02042857143, 0.000475494125),
            (-0.02947058824, 0.02042857143, 0.0004811362258),
            (-0.02652941176, 0.02042857143, 0.0004903477245),
            (-0.02358823529, 0.02042857143, 0.0005053867518),
            (-0.02064705882, 0.02042857143, 0.0005299400139),
            (-0.01770588235, 0.02042857143, 0.0005700265612),
            (-0.01476470588, 0.02042857143, 0.0006354733139),
            (-0.01182352941, 0.02042857143, 0.0007423240591),
            (-0.008882352941, 0.02042857143, 0.0009167724657),
            (-0.005941176471, 0.02042857143, 0.001201583269),
            (-0.003, 0.02042857143, 0.001666575729),
            (-0.053, 0.02357142857, 0.0004559549511),
            (-0.05005882353, 0.02357142857, 0.0004561374308),
            (-0.04711764706, 0.02357142857, 0.0004564353539),
            (-0.04417647059, 0.02357142857, 0.0004569217539),
            (-0.04123529412, 0.02357142857, 0.0004577158682),
            (-0.03829411765, 0.02357142857, 0.0004590123681),
            (-0.03535294118, 0.02357142857, 0.0004611290809),
            (-0.03241176471, 0.02357142857, 0.0004645849032),
            (-0.02947058824, 0.02357142857, 0.000470227004),
            (-0.02652941176, 0.02357142857, 0.0004794385027),
            (-0.02358823529, 0.02357142857, 0.00049447753),
            (-0.02064705882, 0.02357142857, 0.0005190307921),
            (-0.01770588235, 0.02357142857, 0.0005591173394),
            (-0.01476470588, 0.02357142857, 0.0006245640921),
            (-0.01182352941, 0.02357142857, 0.0007314148373),
            (-0.008882352941, 0.02357142857, 0.0009058632439),
            (-0.005941176471, 0.02357142857, 0.001190674047),
            (-0.003, 0.02357142857, 0.001655666508),
            (-0.053, 0.02671428571, 0.0004435878365),
            (-0.05005882353, 0.02671428571, 0.0004437703163),
            (-0.04711764706, 0.02671428571, 0.0004440682393),
            (-0.04417647059, 0.02671428571, 0.0004445546393),
            (-0.04123529412, 0.02671428571, 0.0004453487537),
            (-0.03829411765, 0.02671428571, 0.0004466452536),
            (-0.03535294118, 0.02671428571, 0.0004487619664),
            (-0.03241176471, 0.02671428571, 0.0004522177886),
            (-0.02947058824, 0.02671428571, 0.0004578598895),
            (-0.02652941176, 0.02671428571, 0.0004670713882),
            (-0.02358823529, 0.02671428571, 0.0004821104155),
            (-0.02064705882, 0.02671428571, 0.0005066636775),
            (-0.01770588235, 0.02671428571, 0.0005467502248),
            (-0.01476470588, 0.02671428571, 0.0006121969776),
            (-0.01182352941, 0.02671428571, 0.0007190477227),
            (-0.008882352941, 0.02671428571, 0.0008934961294),
            (-0.005941176471, 0.02671428571, 0.001178306933),
            (-0.003, 0.02671428571, 0.001643299393),
            (-0.053, 0.02985714286, 0.0004298023975),
            (-0.05005882353, 0.02985714286, 0.0004299848772),
            (-0.04711764706, 0.02985714286, 0.0004302828003),
            (-0.04417647059, 0.02985714286, 0.0004307692003),
            (-0.04123529412, 0.02985714286, 0.0004315633146),
            (-0.03829411765, 0.02985714286, 0.0004328598145),
            (-0.03535294118, 0.02985714286, 0.0004349765274),
            (-0.03241176471, 0.02985714286, 0.0004384323496),
            (-0.02947058824, 0.02985714286, 0.0004440744504),
            (-0.02652941176, 0.02985714286, 0.0004532859491),
            (-0.02358823529, 0.02985714286, 0.0004683249764),
            (-0.02064705882, 0.02985714286, 0.0004928782385),
            (-0.01770588235, 0.02985714286, 0.0005329647858),
            (-0.01476470588, 0.02985714286, 0.0005984115385),
            (-0.01182352941, 0.02985714286, 0.0007052622837),
            (-0.008882352941, 0.02985714286, 0.0008797106904),
            (-0.005941176471, 0.02985714286, 0.001164521494),
            (-0.003, 0.02985714286, 0.001629513954),
            (-0.053, 0.033, 0.0004146427401),
            (-0.05005882353, 0.033, 0.0004148252198),
            (-0.04711764706, 0.033, 0.0004151231429),
            (-0.04417647059, 0.033, 0.0004156095429),
            (-0.04123529412, 0.033, 0.0004164036573),
            (-0.03829411765, 0.033, 0.0004177001572),
            (-0.03535294118, 0.033, 0.00041981687),
            (-0.03241176471, 0.033, 0.0004232726922),
            (-0.02947058824, 0.033, 0.000428914793),
            (-0.02652941176, 0.033, 0.0004381262917),
            (-0.02358823529, 0.033, 0.000453165319),
            (-0.02064705882, 0.033, 0.0004777185811),
            (-0.01770588235, 0.033, 0.0005178051284),
            (-0.01476470588, 0.033, 0.0005832518812),
            (-0.01182352941, 0.033, 0.0006901026263),
            (-0.008882352941, 0.033, 0.000864551033),
            (-0.005941176471, 0.033, 0.001149361836),
            (-0.003, 0.033, 0.001614354297),
            (-0.053, 0.03614285714, 0.0003981573673),
            (-0.05005882353, 0.03614285714, 0.000398339847),
            (-0.04711764706, 0.03614285714, 0.0003986377701),
            (-0.04417647059, 0.03614285714, 0.0003991241701),
            (-0.04123529412, 0.03614285714, 0.0003999182844),
            (-0.03829411765, 0.03614285714, 0.0004012147843),
            (-0.03535294118, 0.03614285714, 0.0004033314972),
            (-0.03241176471, 0.03614285714, 0.0004067873194),
            (-0.02947058824, 0.03614285714, 0.0004124294202),
            (-0.02652941176, 0.03614285714, 0.0004216409189),
            (-0.02358823529, 0.03614285714, 0.0004366799462),
            (-0.02064705882, 0.03614285714, 0.0004612332083),
            (-0.01770588235, 0.03614285714, 0.0005013197556),
            (-0.01476470588, 0.03614285714, 0.0005667665083),
            (-0.01182352941, 0.03614285714, 0.0006736172535),
            (-0.008882352941, 0.03614285714, 0.0008480656602),
            (-0.005941176471, 0.03614285714, 0.001132876464),
            (-0.003, 0.03614285714, 0.001597868924),
            (-0.053, 0.03928571429, 0.0003803990235),
            (-0.05005882353, 0.03928571429, 0.0003805815033),
            (-0.04711764706, 0.03928571429, 0.0003808794263),
            (-0.04417647059, 0.03928571429, 0.0003813658264),
            (-0.04123529412, 0.03928571429, 0.0003821599407),
            (-0.03829411765, 0.03928571429, 0.0003834564406),
            (-0.03535294118, 0.03928571429, 0.0003855731534),
            (-0.03241176471, 0.03928571429, 0.0003890289756),
            (-0.02947058824, 0.03928571429, 0.0003946710765),
            (-0.02652941176, 0.03928571429, 0.0004038825752),
            (-0.02358823529, 0.03928571429, 0.0004189216025),
            (-0.02064705882, 0.03928571429, 0.0004434748646),
            (-0.01770588235, 0.03928571429, 0.0004835614118),
            (-0.01476470588, 0.03928571429, 0.0005490081646),
            (-0.01182352941, 0.03928571429, 0.0006558589098),
            (-0.008882352941, 0.03928571429, 0.0008303073164),
            (-0.005941176471, 0.03928571429, 0.00111511812),
            (-0.003, 0.03928571429, 0.00158011058),
            (-0.053, 0.04242857143, 0.0003614245262),
            (-0.05005882353, 0.04242857143, 0.000361607006),
            (-0.04711764706, 0.04242857143, 0.000361904929),
            (-0.04417647059, 0.04242857143, 0.000362391329),
            (-0.04123529412, 0.04242857143, 0.0003631854434),
            (-0.03829411765, 0.04242857143, 0.0003644819433),
            (-0.03535294118, 0.04242857143, 0.0003665986561),
            (-0.03241176471, 0.04242857143, 0.0003700544783),
            (-0.02947058824, 0.04242857143, 0.0003756965791),
            (-0.02652941176, 0.04242857143, 0.0003849080779),
            (-0.02358823529, 0.04242857143, 0.0003999471052),
            (-0.02064705882, 0.04242857143, 0.0004245003672),
            (-0.01770588235, 0.04242857143, 0.0004645869145),
            (-0.01476470588, 0.04242857143, 0.0005300336673),
            (-0.01182352941, 0.04242857143, 0.0006368844124),
            (-0.008882352941, 0.04242857143, 0.0008113328191),
            (-0.005941176471, 0.04242857143, 0.001096143623),
            (-0.003, 0.04242857143, 0.001561136083),
            (-0.053, 0.04557142857, 0.0003412945837),
            (-0.05005882353, 0.04557142857, 0.0003414770634),
            (-0.04711764706, 0.04557142857, 0.0003417749865),
            (-0.04417647059, 0.04557142857, 0.0003422613865),
            (-0.04123529412, 0.04557142857, 0.0003430555009),
            (-0.03829411765, 0.04557142857, 0.0003443520008),
            (-0.03535294118, 0.04557142857, 0.0003464687136),
            (-0.03241176471, 0.04557142857, 0.0003499245358),
            (-0.02947058824, 0.04557142857, 0.0003555666366),
            (-0.02652941176, 0.04557142857, 0.0003647781353),
            (-0.02358823529, 0.04557142857, 0.0003798171626),
            (-0.02064705882, 0.04557142857, 0.0004043704247),
            (-0.01770588235, 0.04557142857, 0.000444456972),
            (-0.01476470588, 0.04557142857, 0.0005099037248),
            (-0.01182352941, 0.04557142857, 0.0006167544699),
            (-0.008882352941, 0.04557142857, 0.0007912028766),
            (-0.005941176471, 0.04557142857, 0.00107601368),
            (-0.003, 0.04557142857, 0.00154100614),
            (-0.053, 0.04871428571, 0.0003200736012),
            (-0.05005882353, 0.04871428571, 0.000320256081),
            (-0.04711764706, 0.04871428571, 0.000320554004),
            (-0.04417647059, 0.04871428571, 0.000321040404),
            (-0.04123529412, 0.04871428571, 0.0003218345184),
            (-0.03829411765, 0.04871428571, 0.0003231310183),
            (-0.03535294118, 0.04871428571, 0.0003252477311),
            (-0.03241176471, 0.04871428571, 0.0003287035533),
            (-0.02947058824, 0.04871428571, 0.0003343456541),
            (-0.02652941176, 0.04871428571, 0.0003435571529),
            (-0.02358823529, 0.04871428571, 0.0003585961802),
            (-0.02064705882, 0.04871428571, 0.0003831494422),
            (-0.01770588235, 0.04871428571, 0.0004232359895),
            (-0.01476470588, 0.04871428571, 0.0004886827423),
            (-0.01182352941, 0.04871428571, 0.0005955334874),
            (-0.008882352941, 0.04871428571, 0.0007699818941),
            (-0.005941176471, 0.04871428571, 0.001054792698),
            (-0.003, 0.04871428571, 0.001519785158),
            (-0.053, 0.05185714286, 0.0002978294747),
            (-0.05005882353, 0.05185714286, 0.0002980119544),
            (-0.04711764706, 0.05185714286, 0.0002983098775),
            (-0.04417647059, 0.05185714286, 0.0002987962775),
            (-0.04123529412, 0.05185714286, 0.0002995903919),
            (-0.03829411765, 0.05185714286, 0.0003008868918),
            (-0.03535294118, 0.05185714286, 0.0003030036046),
            (-0.03241176471, 0.05185714286, 0.0003064594268),
            (-0.02947058824, 0.05185714286, 0.0003121015276),
            (-0.02652941176, 0.05185714286, 0.0003213130264),
            (-0.02358823529, 0.05185714286, 0.0003363520536),
            (-0.02064705882, 0.05185714286, 0.0003609053157),
            (-0.01770588235, 0.05185714286, 0.000400991863),
            (-0.01476470588, 0.05185714286, 0.0004664386158),
            (-0.01182352941, 0.05185714286, 0.0005732893609),
            (-0.008882352941, 0.05185714286, 0.0007477377676),
            (-0.005941176471, 0.05185714286, 0.001032548571),
            (-0.003, 0.05185714286, 0.001497541031),
            (-0.053, 0.055, 0.0002746333737),
            (-0.05005882353, 0.055, 0.0002748158534),
            (-0.04711764706, 0.055, 0.0002751137765),
            (-0.04417647059, 0.055, 0.0002756001765),
            (-0.04123529412, 0.055, 0.0002763942908),
            (-0.03829411765, 0.055, 0.0002776907907),
            (-0.03535294118, 0.055, 0.0002798075036),
            (-0.03241176471, 0.055, 0.0002832633258),
            (-0.02947058824, 0.055, 0.0002889054266),
            (-0.02652941176, 0.055, 0.0002981169253),
            (-0.02358823529, 0.055, 0.0003131559526),
            (-0.02064705882, 0.055, 0.0003377092147),
            (-0.01770588235, 0.055, 0.000377795762),
            (-0.01476470588, 0.055, 0.0004432425147),
            (-0.01182352941, 0.055, 0.0005500932599),
            (-0.008882352941, 0.055, 0.0007245416666),
            (-0.005941176471, 0.055, 0.00100935247),
            (-0.003, 0.055, 0.00147434493)
            ]
            normal3f[] normals = [
            (-6.204142555e-05, -0.007380376575, 0.9999727627),
            (-8.166624724e-05, -0.007380376565, 0.9999727613),
            (-0.0001333312722, -0.007380376524, 0.9999727558),
            (-0.0002176814524, -0.007380376414, 0.999972741),
            (-0.000355394573, -0.007380376123, 0.9999727015),
            (-0.0005802298701, -0.007380375347, 0.9999725963),
            (-0.0009473036671, -0.007380373278, 0.999972316),
            (-0.001546600031, -0.007380367762, 0.9999715687),
            (-0.002525026973, -0.007380353061, 0.9999695769),
            (-0.004122418877, -0.007380313877, 0.9999642677),
            (-0.006730284693, -0.007380209434, 0.9999501166),
            (-0.01098759206, -0.00737993107, 0.9999124009),
            (-0.01793658974, -0.007379189282, 0.9998118955),
            (-0.02927480647, -0.007377213367, 0.9995441773),
            (-0.04775612468, -0.007371955767, 0.9988318211),
            (-0.07780123631, -0.007358005856, 0.9969417372),
            (-0.1263075927, -0.007321268075, 0.9919641078),
            (-0.156153764, -0.007289839726, 0.9877058571),
            (-6.204149418e-05, -0.007228938081, 0.999973869),
            (-8.166634527e-05, -0.007228938041, 0.9999738676),
            (-0.0001333314402, -0.00722893801, 0.999973862),
            (-0.0002176817478, -0.007228937917, 0.9999738472),
            (-0.0003553951117, -0.007228937655, 0.9999738077),
            (-0.0005802308999, -0.007228936932, 0.9999737026),
            (-0.0009473057491, -0.007228934967, 0.9999734222),
            (-0.001546604498, -0.007228929665, 0.9999726749),
            (-0.002525037113, -0.00722891543, 0.9999706831),
            (-0.004122443019, -0.007228877316, 0.9999653738),
            (-0.006730344331, -0.007228775451, 0.9999512224),
            (-0.01098774331, -0.007228503502, 0.9999135054),
            (-0.01793698019, -0.007227778058, 0.9998129945),
            (-0.02927582562, -0.007225844413, 0.9995452532),
            (-0.0477587999, -0.007220697046, 0.9988327981),
            (-0.07780825731, -0.007207035222, 0.9969422921),
            (-0.1263258352, -0.007171045928, 0.9919628821),
            (-0.1561539327, -0.007140151235, 0.9877069239),
            (-6.204163205e-05, -0.006914738236, 0.999976091),
            (-8.166652675e-05, -0.006914738196, 0.9999760896),
            (-0.0001333317365, -0.006914738167, 0.999976084),
            (-0.0002176822316, -0.006914738079, 0.9999760692),
            (-0.0003553959017, -0.00691473783, 0.9999760298),
            (-0.0005802321898, -0.006914737141, 0.9999759246),
            (-0.0009473078557, -0.006914735266, 0.9999756442),
            (-0.001546607939, -0.006914730201, 0.9999748969),
            (-0.002525042734, -0.006914716596, 0.9999729051),
            (-0.004122452209, -0.006914680158, 0.9999675958),
            (-0.006730359364, -0.006914582751, 0.9999534443),
            (-0.01098776794, -0.006914322672, 0.999915727),
            (-0.01793702059, -0.006913628839, 0.9998152154),
            (-0.02927589209, -0.006911779366, 0.9995474723),
            (-0.0477589097, -0.006906855921, 0.9988350123),
            (-0.07780843947, -0.006893788184, 0.9969444932),
            (-0.1263261382, -0.006859363502, 0.9919650477),
            (-0.1561542712, -0.006829802377, 0.9877090652),
            (-6.204177283e-05, -0.006578413738, 0.9999783601),
            (-8.166671208e-05, -0.006578413697, 0.9999783587),
            (-0.0001333320391, -0.00657841367, 0.9999783531),
            (-0.0002176827256, -0.006578413587, 0.9999783383),
            (-0.0003553967083, -0.006578413352, 0.9999782989),
            (-0.000580233507, -0.006578412699, 0.9999781937),
            (-0.0009473100067, -0.006578410919, 0.9999779133),
            (-0.001546611452, -0.006578406107, 0.999977166),
            (-0.002525048475, -0.006578393175, 0.9999751741),
            (-0.004122461591, -0.006578358526, 0.9999698648),
            (-0.006730374711, -0.006578265885, 0.9999557133),
            (-0.01098779306, -0.006578018501, 0.9999179957),
            (-0.01793706181, -0.006577358487, 0.9998174834),
            (-0.02927595987, -0.006575599085, 0.9995497385),
            (-0.04775902156, -0.006570915287, 0.9988372735),
            (-0.07780862478, -0.006558483406, 0.9969467409),
            (-0.1263264457, -0.006525733423, 0.9919672595),
            (-0.1561546169, -0.006497601716, 0.9877112517),
            (-6.204191473e-05, -0.006221040321, 0.9999806472),
            (-8.166689887e-05, -0.006221040281, 0.9999806458),
            (-0.0001333323441, -0.006221040256, 0.9999806403),
            (-0.0002176832236, -0.006221040179, 0.9999806254),
            (-0.0003553975214, -0.006221039957, 0.999980586),
            (-0.0005802348346, -0.006221039342, 0.9999804808),
            (-0.0009473121748, -0.006221037662, 0.9999802004),
            (-0.001546614993, -0.006221033118, 0.9999794532),
            (-0.00252505426, -0.006221020897, 0.9999774612),
            (-0.004122471047, -0.006220988146, 0.9999721519),
            (-0.006730390174, -0.006220900563, 0.9999580002),
            (-0.01098781838, -0.006220666658, 0.9999202824),
            (-0.01793710333, -0.006220042565, 0.9998197695),
            (-0.02927602811, -0.006218378845, 0.9995520226),
            (-0.04775913408, -0.006213949652, 0.9988395527),
            (-0.07780881098, -0.006202193363, 0.9969490066),
            (-0.1263267541, -0.00617122281, 0.991969489),
            (-0.1561549653, -0.006144611822, 0.9877134557),
            (-6.204205594e-05, -0.00584376111, 0.9999829232),
            (-8.166708476e-05, -0.005843761071, 0.9999829217),
            (-0.0001333326476, -0.005843761048, 0.9999829162),
            (-0.0002176837191, -0.005843760976, 0.9999829014),
            (-0.0003553983304, -0.005843760769, 0.9999828619),
            (-0.0005802361557, -0.005843760193, 0.9999827567),
            (-0.0009473143322, -0.005843758618, 0.9999824764),
            (-0.001546618517, -0.005843754355, 0.9999817291),
            (-0.002525060016, -0.005843742884, 0.9999797372),
            (-0.004122480454, -0.005843712132, 0.9999744278),
            (-0.006730405559, -0.005843629883, 0.999960276),
            (-0.01098784356, -0.005843410199, 0.9999225579),
            (-0.01793714461, -0.005842824012, 0.9998220443),
            (-0.02927609595, -0.005841261279, 0.9995542956),
            (-0.04775924587, -0.005837100836, 0.9988418207),
            (-0.07780899577, -0.005826057714, 0.9969512612),
            (-0.1263270598, -0.005796965635, 0.9919717078),
            (-0.1561553121, -0.005771961804, 0.9877156488),
            (-6.204219464e-05, -0.005447782965, 0.9999851588),
            (-8.166726735e-05, -0.005447782928, 0.9999851574),
            (-0.0001333329457, -0.005447782906, 0.9999851518),
            (-0.0002176842058, -0.00544778284, 0.999985137),
            (-0.0003553991252, -0.005447782648, 0.9999850976),
            (-0.0005802374534, -0.005447782113, 0.9999849924),
            (-0.0009473164513, -0.005447780648, 0.999984712),
            (-0.001546621978, -0.005447776678, 0.9999839647),
            (-0.00252506567, -0.005447765991, 0.9999819728),
            (-0.004122489694, -0.005447737336, 0.9999766633),
            (-0.006730420668, -0.005447660678, 0.9999625115),
            (-0.01098786829, -0.005447455912, 0.9999247932),
            (-0.01793718515, -0.005446909495, 0.9998242788),
            (-0.02927616252, -0.005445452733, 0.9995565283),
            (-0.04775935552, -0.005441574324, 0.9988440485),
            (-0.07780917688, -0.005431279665, 0.9969534759),
            (-0.1263273589, -0.005404159096, 0.9919738875),
            (-0.1561556526, -0.00538084371, 0.9877178032),
            (-6.204232907e-05, -0.005034372632, 0.9999873255),
            (-8.166744431e-05, -0.005034372597, 0.9999873241),
            (-0.0001333332346, -0.005034372577, 0.9999873186),
            (-0.0002176846776, -0.005034372516, 0.9999873038),
            (-0.0003553998954, -0.00503437234, 0.9999872643),
            (-0.0005802387111, -0.005034371847, 0.9999871591),
            (-0.0009473185051, -0.005034370495, 0.9999868788),
            (-0.001546625332, -0.00503436683, 0.9999861315),
            (-0.00252507115, -0.005034356961, 0.9999841395),
            (-0.004122498648, -0.00503433049, 0.99997883),
            (-0.006730435309, -0.005034259667, 0.9999646781),
            (-0.01098789225, -0.005034070466, 0.9999269595),
            (-0.01793722441, -0.005033565557, 0.9998264445),
            (-0.02927622699, -0.005032219409, 0.9995586923),
            (-0.04775946166, -0.00502863542, 0.9988462077),
            (-0.07780935207, -0.005019122126, 0.9969556225),
            (-0.126327648, -0.004994059801, 0.9919760001),
            (-0.1561559827, -0.004972508715, 0.9877198911),
            (-6.204245751e-05, -0.004604852691, 0.9999893957),
            (-8.166761338e-05, -0.004604852658, 0.9999893943),
            (-0.0001333335106, -0.00460485264, 0.9999893887),
            (-0.0002176851283, -0.004604852585, 0.9999893739),
            (-0.0003554006313, -0.004604852424, 0.9999893345),
            (-0.0005802399127, -0.004604851975, 0.9999892293),
            (-0.0009473204673, -0.00460485074, 0.9999889489),
            (-0.001546628537, -0.004604847391, 0.9999882016),
            (-0.002525076384, -0.004604838369, 0.9999862096),
            (-0.004122507202, -0.004604814165, 0.9999809001),
            (-0.006730449294, -0.004604749398, 0.9999667481),
            (-0.01098791514, -0.004604576362, 0.9999290293),
            (-0.01793726191, -0.004604114566, 0.9998285137),
            (-0.02927628855, -0.004602883325, 0.9995607597),
            (-0.04775956297, -0.004599605198, 0.9988482706),
            (-0.07780951917, -0.004590903675, 0.9969576733),
            (-0.1263279234, -0.004567979746, 0.9919780186),
            (-0.1561562981, -0.004548263126, 0.9877218859),
            (-6.204257831e-05, -0.00416059733, 0.9999913428),
            (-8.16677724e-05, -0.004160597299, 0.9999913413),
            (-0.0001333337703, -0.004160597283, 0.9999913358),
            (-0.0002176855522, -0.004160597234, 0.999991321),
            (-0.0003554013234, -0.00416059709, 0.9999912815),
            (-0.0005802410428, -0.004160596684, 0.9999911763),
            (-0.0009473223127, -0.00416059557, 0.999990896),
            (-0.001546631551, -0.004160592547, 0.9999901487),
            (-0.002525081308, -0.0041605844, 0.9999881567),
            (-0.004122515247, -0.004160562538, 0.9999828471),
            (-0.006730462447, -0.004160504031, 0.9999686951),
            (-0.01098793666, -0.004160347707, 0.999930976),
            (-0.01793729717, -0.004159930493, 0.9998304598),
            (-0.02927634642, -0.004158818082, 0.9995627043),
            (-0.04775965817, -0.004155856283, 0.9988502109),
            (-0.07780967611, -0.004147994342, 0.9969596022),
            (-0.1263281819, -0.004127282124, 0.9919799171),
            (-0.1561565947, -0.004109464207, 0.9877237621),
            (-6.204268993e-05, -0.003703027949, 0.9999931418),
            (-8.166791934e-05, -0.003703027921, 0.9999931404),
            (-0.0001333340102, -0.003703027907, 0.9999931349),
            (-0.0002176859439, -0.003703027864, 0.9999931201),
            (-0.0003554019629, -0.003703027735, 0.9999930806),
            (-0.0005802420871, -0.003703027376, 0.9999929754),
            (-0.0009473240179, -0.003703026386, 0.9999926951),
            (-0.001546634336, -0.003703023697, 0.9999919477),
            (-0.002525085857, -0.003703016449, 0.9999899558),
            (-0.004122522681, -0.003702996997, 0.9999846462),
            (-0.006730474599, -0.003702944934, 0.999970494),
            (-0.01098795654, -0.003702805816, 0.9999327748),
            (-0.01793732974, -0.003702434509, 0.999832258),
            (-0.02927639987, -0.003701444474, 0.999564501),
            (-0.04775974606, -0.003698808461, 0.9988520038),
            (-0.07780982095, -0.003691811229, 0.9969613846),
            (-0.1263284203, -0.003673376964, 0.9919816715),
            (-0.1561568688, -0.003657515836, 0.9877254957),
            (-6.204279095e-05, -0.003233608613, 0.9999947699),
            (-8.166805231e-05, -0.003233608587, 0.9999947685),
            (-0.0001333342273, -0.003233608576, 0.999994763),
            (-0.0002176862983, -0.003233608538, 0.9999947482),
            (-0.0003554025417, -0.003233608426, 0.9999947087),
            (-0.0005802430321, -0.003233608112, 0.9999946035),
            (-0.0009473255611, -0.003233607249, 0.9999943232),
            (-0.001546636856, -0.003233604903, 0.9999935758),
            (-0.002525089973, -0.003233598576, 0.9999915838),
            (-0.004122529407, -0.003233581595, 0.9999862743),
            (-0.006730485595, -0.003233536138, 0.999972122),
            (-0.01098797453, -0.003233414667, 0.9999344026),
            (-0.0179373592, -0.003233090448, 0.9998338853),
            (-0.02927644822, -0.003232225944, 0.999566127),
            (-0.04775982556, -0.003229924131, 0.9988536262),
            (-0.0778099519, -0.003223813972, 0.9969629975),
            (-0.1263286356, -0.003207716619, 0.9919832591),
            (-0.1561571169, -0.003193864013, 0.9877270646),
            (-6.204288006e-05, -0.002753841362, 0.9999962062),
            (-8.166816962e-05, -0.00275384134, 0.9999962048),
            (-0.0001333344188, -0.00275384133, 0.9999961993),
            (-0.000217686611, -0.002753841298, 0.9999961845),
            (-0.0003554030522, -0.002753841203, 0.999996145),
            (-0.0005802438657, -0.002753840936, 0.9999960398),
            (-0.0009473269224, -0.002753840202, 0.9999957595),
            (-0.001546639079, -0.002753838205, 0.9999950121),
            (-0.002525093605, -0.002753832819, 0.9999930201),
            (-0.00412253534, -0.00275381836, 0.9999877105),
            (-0.006730495295, -0.002753779653, 0.9999735582),
            (-0.0109879904, -0.002753676213, 0.9999358386),
            (-0.0179373852, -0.00275340011, 0.9998353209),
            (-0.02927649085, -0.002752663893, 0.9995675615),
            (-0.04775989565, -0.002750703629, 0.9988550576),
            (-0.07781006732, -0.002745500071, 0.9969644205),
            (-0.1263288254, -0.002731791115, 0.9919846598),
            (-0.1561573357, -0.002719992236, 0.9877284486),
            (-6.204295613e-05, -0.002265261405, 0.9999974324),
            (-8.166826975e-05, -0.002265261387, 0.999997431),
            (-0.0001333345823, -0.002265261378, 0.9999974254),
            (-0.000217686878, -0.002265261352, 0.9999974106),
            (-0.0003554034881, -0.002265261274, 0.9999973711),
            (-0.0005802445774, -0.002265261055, 0.999997266),
            (-0.0009473280845, -0.002265260452, 0.9999969856),
            (-0.001546640977, -0.00226525881, 0.9999962382),
            (-0.002525096705, -0.002265254381, 0.9999942462),
            (-0.004122540405, -0.00226524249, 0.9999889366),
            (-0.006730503575, -0.002265210653, 0.9999747843),
            (-0.01098800395, -0.002265125571, 0.9999370645),
            (-0.01793740738, -0.002264898463, 0.9998365465),
            (-0.02927652724, -0.002264292878, 0.999568786),
            (-0.04775995546, -0.00226268042, 0.9988562794),
            (-0.07781016578, -0.002258400095, 0.9969656352),
            (-0.1263289872, -0.002247123382, 0.9919858555),
            (-0.1561575225, -0.002237416749, 0.9877296301),
            (-6.204301819e-05, -0.001769432201, 0.9999984326),
            (-8.166835145e-05, -0.001769432186, 0.9999984312),
            (-0.0001333347157, -0.00176943218, 0.9999984257),
            (-0.0002176870957, -0.00176943216, 0.9999984109),
            (-0.0003554038436, -0.001769432099, 0.9999983714),
            (-0.0005802451579, -0.001769431928, 0.9999982662),
            (-0.0009473290325, -0.001769431457, 0.9999979858),
            (-0.001546642525, -0.001769430175, 0.9999972385),
            (-0.002525099234, -0.001769426716, 0.9999952465),
            (-0.004122544537, -0.001769417429, 0.9999899368),
            (-0.006730510329, -0.001769392564, 0.9999757844),
            (-0.010988015, -0.001769326108, 0.9999380646),
            (-0.01793742547, -0.001769148716, 0.9998375462),
            (-0.02927655692, -0.001768675693, 0.999569785),
            (-0.04776000424, -0.001767416189, 0.9988572762),
            (-0.07781024606, -0.001764072777, 0.9969666261),
            (-0.1263291191, -0.001755264375, 0.9919868309),
            (-0.1561576748, -0.001747681687, 0.9877305939),
            (-6.204306544e-05, -0.001267940448, 0.9999991942),
            (-8.166841365e-05, -0.001267940437, 0.9999991928),
            (-0.0001333348172, -0.001267940433, 0.9999991873),
            (-0.0002176872615, -0.001267940418, 0.9999991725),
            (-0.0003554041144, -0.001267940375, 0.999999133),
            (-0.0005802456, -0.001267940253, 0.9999990278),
            (-0.0009473297543, -0.001267939915, 0.9999987474),
            (-0.001546643704, -0.001267938997, 0.9999980001),
            (-0.002525101159, -0.001267936519, 0.9999960081),
            (-0.004122547683, -0.001267929865, 0.9999906984),
            (-0.006730515472, -0.001267912048, 0.999976546),
            (-0.01098802341, -0.001267864429, 0.9999388261),
            (-0.01793743925, -0.001267737316, 0.9998383075),
            (-0.02927657952, -0.001267398362, 0.9995705456),
            (-0.04776004137, -0.001266495834, 0.9988580352),
            (-0.07781030716, -0.00126410002, 0.9969673807),
            (-0.1263292194, -0.001257788103, 0.9919875737),
            (-0.1561577909, -0.00125235413, 0.9877313278),
            (-6.204309729e-05, -0.0007623909985, 0.9999997075),
            (-8.166845556e-05, -0.0007623909922, 0.999999706),
            (-0.0001333348857, -0.0007623909895, 0.9999997005),
            (-0.0002176873733, -0.0007623909807, 0.9999996857),
            (-0.0003554042968, -0.0007623909547, 0.9999996462),
            (-0.0005802458979, -0.0007623908812, 0.999999541),
            (-0.0009473302407, -0.0007623906783, 0.9999992607),
            (-0.001546644498, -0.0007623901262, 0.9999985133),
            (-0.002525102457, -0.0007623886365, 0.9999965213),
            (-0.004122549803, -0.0007623846357, 0.9999912116),
            (-0.006730518937, -0.0007623739231, 0.9999770592),
            (-0.01098802908, -0.0007623452915, 0.9999393392),
            (-0.01793744853, -0.0007622688622, 0.9998388205),
            (-0.02927659474, -0.0007620650565, 0.9995710581),
            (-0.04776006638, -0.0007615223846, 0.9988585466),
            (-0.07781034832, -0.0007600818265, 0.9969678891),
            (-0.126329287, -0.0007562865826, 0.9919880742),
            (-0.156157869, -0.0007530190797, 0.9877318224),
            (-6.204311331e-05, -0.0002544017155, 0.9999999657),
            (-8.166847666e-05, -0.0002544017134, 0.9999999643),
            (-0.0001333349201, -0.0002544017125, 0.9999999588),
            (-0.0002176874295, -0.0002544017096, 0.9999999439),
            (-0.0003554043886, -0.0002544017009, 0.9999999045),
            (-0.0005802460478, -0.0002544016764, 0.9999997993),
            (-0.0009473304855, -0.0002544016087, 0.9999995189),
            (-0.001546644898, -0.0002544014245, 0.9999987716),
            (-0.00252510311, -0.0002544009274, 0.9999967796),
            (-0.00412255087, -0.0002543995924, 0.9999914699),
            (-0.006730520681, -0.0002543960178, 0.9999773174),
            (-0.01098803193, -0.0002543864639, 0.9999395974),
            (-0.0179374532, -0.0002543609605, 0.9998390786),
            (-0.0292766024, -0.000254292953, 0.9995713161),
            (-0.04776007897, -0.0002541118697, 0.998858804),
            (-0.07781036903, -0.0002536311716, 0.996968145),
            (-0.126329321, -0.00025236474, 0.991988326),
            (-0.1561579084, -0.0002512743846, 0.9877320712),
            (-6.204311331e-05, 0.0002544017155, 0.9999999657),
            (-8.166847666e-05, 0.0002544017134, 0.9999999643),
            (-0.0001333349201, 0.0002544017125, 0.9999999588),
            (-0.0002176874295, 0.0002544017096, 0.9999999439),
            (-0.0003554043886, 0.0002544017009, 0.9999999045),
            (-0.0005802460478, 0.0002544016764, 0.9999997993),
            (-0.0009473304855, 0.0002544016087, 0.9999995189),
            (-0.001546644898, 0.0002544014245, 0.9999987716),
            (-0.00252510311, 0.0002544009274, 0.9999967796),
            (-0.00412255087, 0.0002543995924, 0.9999914699),
            (-0.006730520681, 0.0002543960178, 0.9999773174),
            (-0.01098803193, 0.0002543864639, 0.9999395974),
            (-0.0179374532, 0.0002543609605, 0.9998390786),
            (-0.0292766024, 0.000254292953, 0.9995713161),
            (-0.04776007897, 0.0002541118697, 0.998858804),
            (-0.07781036903, 0.0002536311716, 0.996968145),
            (-0.126329321, 0.00025236474, 0.991988326),
            (-0.1561579084, 0.0002512743846, 0.9877320712),
            (-6.204309729e-05, 0.0007623909985, 0.9999997075),
            (-8.166845556e-05, 0.0007623909922, 0.999999706),
            (-0.0001333348857, 0.0007623909895, 0.9999997005),
            (-0.0002176873733, 0.0007623909807, 0.9999996857),
            (-0.0003554042968, 0.0007623909547, 0.9999996462),
            (-0.0005802458979, 0.0007623908812, 0.999999541),
            (-0.0009473302407, 0.0007623906783, 0.9999992607),
            (-0.001546644498, 0.0007623901262, 0.9999985133),
            (-0.002525102457, 0.0007623886365, 0.9999965213),
            (-0.004122549803, 0.0007623846357, 0.9999912116),
            (-0.006730518937, 0.0007623739231, 0.9999770592),
            (-0.01098802908, 0.0007623452915, 0.9999393392),
            (-0.01793744853, 0.0007622688622, 0.9998388205),
            (-0.02927659474, 0.0007620650565, 0.9995710581),
            (-0.04776006638, 0.0007615223846, 0.9988585466),
            (-0.07781034832, 0.0007600818265, 0.9969678891),
            (-0.126329287, 0.0007562865826, 0.9919880742),
            (-0.156157869, 0.0007530190797, 0.9877318224),
            (-6.204306544e-05, 0.001267940448, 0.9999991942),
            (-8.166841365e-05, 0.001267940437, 0.9999991928),
            (-0.0001333348172, 0.001267940433, 0.9999991873),
            (-0.0002176872615, 0.001267940418, 0.9999991725),
            (-0.0003554041144, 0.001267940375, 0.999999133),
            (-0.0005802456, 0.001267940253, 0.9999990278),
            (-0.0009473297543, 0.001267939915, 0.9999987474),
            (-0.001546643704, 0.001267938997, 0.9999980001),
            (-0.002525101159, 0.001267936519, 0.9999960081),
            (-0.004122547683, 0.001267929865, 0.9999906984),
            (-0.006730515472, 0.001267912048, 0.999976546),
            (-0.01098802341, 0.001267864429, 0.9999388261),
            (-0.01793743925, 0.001267737316, 0.9998383075),
            (-0.02927657952, 0.001267398362, 0.9995705456),
            (-0.04776004137, 0.001266495834, 0.9988580352),
            (-0.07781030716, 0.00126410002, 0.9969673807),
            (-0.1263292194, 0.001257788103, 0.9919875737),
            (-0.1561577909, 0.00125235413, 0.9877313278),
            (-6.204301819e-05, 0.001769432201, 0.9999984326),
            (-8.166835145e-05, 0.001769432186, 0.9999984312),
            (-0.0001333347157, 0.00176943218, 0.9999984257),
            (-0.0002176870957, 0.00176943216, 0.9999984109),
            (-0.0003554038436, 0.001769432099, 0.9999983714),
            (-0.0005802451579, 0.001769431928, 0.9999982662),
            (-0.0009473290325, 0.001769431457, 0.9999979858),
            (-0.001546642525, 0.001769430175, 0.9999972385),
            (-0.002525099234, 0.001769426716, 0.9999952465),
            (-0.004122544537, 0.001769417429, 0.9999899368),
            (-0.006730510329, 0.001769392564, 0.9999757844),
            (-0.010988015, 0.001769326108, 0.9999380646),
            (-0.01793742547, 0.001769148716, 0.9998375462),
            (-0.02927655692, 0.001768675693, 0.999569785),
            (-0.04776000424, 0.001767416189, 0.9988572762),
            (-0.07781024606, 0.001764072777, 0.9969666261),
            (-0.1263291191, 0.001755264375, 0.9919868309),
            (-0.1561576748, 0.001747681687, 0.9877305939),
            (-6.204295613e-05, 0.002265261405, 0.9999974324),
            (-8.166826975e-05, 0.002265261387, 0.999997431),
            (-0.0001333345823, 0.002265261378, 0.9999974254),
            (-0.000217686878, 0.002265261352, 0.9999974106),
            (-0.0003554034881, 0.002265261274, 0.9999973711),
            (-0.0005802445774, 0.002265261055, 0.999997266),
            (-0.0009473280845, 0.002265260452, 0.9999969856),
            (-0.001546640977, 0.00226525881, 0.9999962382),
            (-0.002525096705, 0.002265254381, 0.9999942462),
            (-0.004122540405, 0.00226524249, 0.9999889366),
            (-0.006730503575, 0.002265210653, 0.9999747843),
            (-0.01098800395, 0.002265125571, 0.9999370645),
            (-0.01793740738, 0.002264898463, 0.9998365465),
            (-0.02927652724, 0.002264292878, 0.999568786),
            (-0.04775995546, 0.00226268042, 0.9988562794),
            (-0.07781016578, 0.002258400095, 0.9969656352),
            (-0.1263289872, 0.002247123382, 0.9919858555),
            (-0.1561575225, 0.002237416749, 0.9877296301),
            (-6.204288006e-05, 0.002753841362, 0.9999962062),
            (-8.166816962e-05, 0.00275384134, 0.9999962048),
            (-0.0001333344188, 0.00275384133, 0.9999961993),
            (-0.000217686611, 0.002753841298, 0.9999961845),
            (-0.0003554030522, 0.002753841203, 0.999996145),
            (-0.0005802438657, 0.002753840936, 0.9999960398),
            (-0.0009473269224, 0.002753840202, 0.9999957595),
            (-0.001546639079, 0.002753838205, 0.9999950121),
            (-0.002525093605, 0.002753832819, 0.9999930201),
            (-0.00412253534, 0.00275381836, 0.9999877105),
            (-0.006730495295, 0.002753779653, 0.9999735582),
            (-0.0109879904, 0.002753676213, 0.9999358386),
            (-0.0179373852, 0.00275340011, 0.9998353209),
            (-0.02927649085, 0.002752663893, 0.9995675615),
            (-0.04775989565, 0.002750703629, 0.9988550576),
            (-0.07781006732, 0.002745500071, 0.9969644205),
            (-0.1263288254, 0.002731791115, 0.9919846598),
            (-0.1561573357, 0.002719992236, 0.9877284486),
            (-6.204279095e-05, 0.003233608613, 0.9999947699),
            (-8.166805231e-05, 0.003233608587, 0.9999947685),
            (-0.0001333342273, 0.003233608576, 0.999994763),
            (-0.0002176862983, 0.003233608538, 0.9999947482),
            (-0.0003554025417, 0.003233608426, 0.9999947087),
            (-0.0005802430321, 0.003233608112, 0.9999946035),
            (-0.0009473255611, 0.003233607249, 0.9999943232),
            (-0.001546636856, 0.003233604903, 0.9999935758),
            (-0.002525089973, 0.003233598576, 0.9999915838),
            (-0.004122529407, 0.003233581595, 0.9999862743),
            (-0.006730485595, 0.003233536138, 0.999972122),
            (-0.01098797453, 0.003233414667, 0.9999344026),
            (-0.0179373592, 0.003233090448, 0.9998338853),
            (-0.02927644822, 0.003232225944, 0.999566127),
            (-0.04775982556, 0.003229924131, 0.9988536262),
            (-0.0778099519, 0.003223813972, 0.9969629975),
            (-0.1263286356, 0.003207716619, 0.9919832591),
            (-0.1561571169, 0.003193864013, 0.9877270646),
            (-6.204268993e-05, 0.003703027949, 0.9999931418),
            (-8.166791934e-05, 0.003703027921, 0.9999931404),
            (-0.0001333340102, 0.003703027907, 0.9999931349),
            (-0.0002176859439, 0.003703027864, 0.9999931201),
            (-0.0003554019629, 0.003703027735, 0.9999930806),
            (-0.0005802420871, 0.003703027376, 0.9999929754),
            (-0.0009473240179, 0.003703026386, 0.9999926951),
            (-0.001546634336, 0.003703023697, 0.9999919477),
            (-0.002525085857, 0.003703016449, 0.9999899558),
            (-0.004122522681, 0.003702996997, 0.9999846462),
            (-0.006730474599, 0.003702944934, 0.999970494),
            (-0.01098795654, 0.003702805816, 0.9999327748),
            (-0.01793732974, 0.003702434509, 0.999832258),
            (-0.02927639987, 0.003701444474, 0.999564501),
            (-0.04775974606, 0.003698808461, 0.9988520038),
            (-0.07780982095, 0.003691811229, 0.9969613846),
            (-0.1263284203, 0.003673376964, 0.9919816715),
            (-0.1561568688, 0.003657515836, 0.9877254957),
            (-6.204257831e-05, 0.00416059733, 0.9999913428),
            (-8.16677724e-05, 0.004160597299, 0.9999913413),
            (-0.0001333337703, 0.004160597283, 0.9999913358),
            (-0.0002176855522, 0.004160597234, 0.999991321),
            (-0.0003554013234, 0.00416059709, 0.9999912815),
            (-0.0005802410428, 0.004160596684, 0.9999911763),
            (-0.0009473223127, 0.00416059557, 0.999990896),
            (-0.001546631551, 0.004160592547, 0.9999901487),
            (-0.002525081308, 0.0041605844, 0.9999881567),
            (-0.004122515247, 0.004160562538, 0.9999828471),
            (-0.006730462447, 0.004160504031, 0.9999686951),
            (-0.01098793666, 0.004160347707, 0.999930976),
            (-0.01793729717, 0.004159930493, 0.9998304598),
            (-0.02927634642, 0.004158818082, 0.9995627043),
            (-0.04775965817, 0.004155856283, 0.9988502109),
            (-0.07780967611, 0.004147994342, 0.9969596022),
            (-0.1263281819, 0.004127282124, 0.9919799171),
            (-0.1561565947, 0.004109464207, 0.9877237621),
            (-6.204245751e-05, 0.004604852691, 0.9999893957),
            (-8.166761338e-05, 0.004604852658, 0.9999893943),
            (-0.0001333335106, 0.00460485264, 0.9999893887),
            (-0.0002176851283, 0.004604852585, 0.9999893739),
            (-0.0003554006313, 0.004604852424, 0.9999893345),
            (-0.0005802399127, 0.004604851975, 0.9999892293),
            (-0.0009473204673, 0.00460485074, 0.9999889489),
            (-0.001546628537, 0.004604847391, 0.9999882016),
            (-0.002525076384, 0.004604838369, 0.9999862096),
            (-0.004122507202, 0.004604814165, 0.9999809001),
            (-0.006730449294, 0.004604749398, 0.9999667481),
            (-0.01098791514, 0.004604576362, 0.9999290293),
            (-0.01793726191, 0.004604114566, 0.9998285137),
            (-0.02927628855, 0.004602883325, 0.9995607597),
            (-0.04775956297, 0.004599605198, 0.9988482706),
            (-0.07780951917, 0.004590903675, 0.9969576733),
            (-0.1263279234, 0.004567979746, 0.9919780186),
            (-0.1561562981, 0.004548263126, 0.9877218859),
            (-6.204232907e-05, 0.005034372632, 0.9999873255),
            (-8.166744431e-05, 0.005034372597, 0.9999873241),
            (-0.0001333332346, 0.005034372577, 0.9999873186),
            (-0.0002176846776, 0.005034372516, 0.9999873038),
            (-0.0003553998954, 0.00503437234, 0.9999872643),
            (-0.0005802387111, 0.005034371847, 0.9999871591),
            (-0.0009473185051, 0.005034370495, 0.9999868788),
            (-0.001546625332, 0.00503436683, 0.9999861315),
            (-0.00252507115, 0.005034356961, 0.9999841395),
            (-0.004122498648, 0.00503433049, 0.99997883),
            (-0.006730435309, 0.005034259667, 0.9999646781),
            (-0.01098789225, 0.005034070466, 0.9999269595),
            (-0.01793722441, 0.005033565557, 0.9998264445),
            (-0.02927622699, 0.005032219409, 0.9995586923),
            (-0.04775946166, 0.00502863542, 0.9988462077),
            (-0.07780935207, 0.005019122126, 0.9969556225),
            (-0.126327648, 0.004994059801, 0.9919760001),
            (-0.1561559827, 0.004972508715, 0.9877198911),
            (-6.204219464e-05, 0.005447782965, 0.9999851588),
            (-8.166726735e-05, 0.005447782928, 0.9999851574),
            (-0.0001333329457, 0.005447782906, 0.9999851518),
            (-0.0002176842058, 0.00544778284, 0.999985137),
            (-0.0003553991252, 0.005447782648, 0.9999850976),
            (-0.0005802374534, 0.005447782113, 0.9999849924),
            (-0.0009473164513, 0.005447780648, 0.999984712),
            (-0.001546621978, 0.005447776678, 0.9999839647),
            (-0.00252506567, 0.005447765991, 0.9999819728),
            (-0.004122489694, 0.005447737336, 0.9999766633),
            (-0.006730420668, 0.005447660678, 0.9999625115),
            (-0.01098786829, 0.005447455912, 0.9999247932),
            (-0.01793718515, 0.005446909495, 0.9998242788),
            (-0.02927616252, 0.005445452733, 0.9995565283),
            (-0.04775935552, 0.005441574324, 0.9988440485),
            (-0.07780917688, 0.005431279665, 0.9969534759),
            (-0.1263273589, 0.005404159096, 0.9919738875),
            (-0.1561556526, 0.00538084371, 0.9877178032),
            (-6.204205594e-05, 0.00584376111, 0.9999829232),
            (-8.166708476e-05, 0.005843761071, 0.9999829217),
            (-0.0001333326476, 0.005843761048, 0.9999829162),
            (-0.0002176837191, 0.005843760976, 0.9999829014),
            (-0.0003553983304, 0.005843760769, 0.9999828619),
            (-0.0005802361557, 0.005843760193, 0.9999827567),
            (-0.0009473143322, 0.005843758618, 0.9999824764),
            (-0.001546618517, 0.005843754355, 0.9999817291),
            (-0.002525060016, 0.005843742884, 0.9999797372),
            (-0.004122480454, 0.005843712132, 0.9999744278),
            (-0.006730405559, 0.005843629883, 0.999960276),
            (-0.01098784356, 0.005843410199, 0.9999225579),
            (-0.01793714461, 0.005842824012, 0.9998220443),
            (-0.02927609595, 0.005841261279, 0.9995542956),
            (-0.04775924587, 0.005837100836, 0.9988418207),
            (-0.07780899577, 0.005826057714, 0.9969512612),
            (-0.1263270598, 0.005796965635, 0.9919717078),
            (-0.1561553121, 0.005771961804, 0.9877156488),
            (-6.204191473e-05, 0.006221040321, 0.9999806472),
            (-8.166689887e-05, 0.006221040281, 0.9999806458),
            (-0.0001333323441, 0.006221040256, 0.9999806403),
            (-0.0002176832236, 0.006221040179, 0.9999806254),
            (-0.0003553975214, 0.006221039957, 0.999980586),
            (-0.0005802348346, 0.006221039342, 0.9999804808),
            (-0.0009473121748, 0.006221037662, 0.9999802004),
            (-0.001546614993, 0.006221033118, 0.9999794532),
            (-0.00252505426, 0.006221020897, 0.9999774612),
            (-0.004122471047, 0.006220988146, 0.9999721519),
            (-0.006730390174, 0.006220900563, 0.9999580002),
            (-0.01098781838, 0.006220666658, 0.9999202824),
            (-0.01793710333, 0.006220042565, 0.9998197695),
            (-0.02927602811, 0.006218378845, 0.9995520226),
            (-0.04775913408, 0.006213949652, 0.9988395527),
            (-0.07780881098, 0.006202193363, 0.9969490066),
            (-0.1263267541, 0.00617122281, 0.991969489),
            (-0.1561549653, 0.006144611822, 0.9877134557),
            (-6.204177283e-05, 0.006578413738, 0.9999783601),
            (-8.166671208e-05, 0.006578413697, 0.9999783587),
            (-0.0001333320391, 0.00657841367, 0.9999783531),
            (-0.0002176827256, 0.006578413587, 0.9999783383),
            (-0.0003553967083, 0.006578413352, 0.9999782989),
            (-0.000580233507, 0.006578412699, 0.9999781937),
            (-0.0009473100067, 0.006578410919, 0.9999779133),
            (-0.001546611452, 0.006578406107, 0.999977166),
            (-0.002525048475, 0.006578393175, 0.9999751741),
            (-0.004122461591, 0.006578358526, 0.9999698648),
            (-0.006730374711, 0.006578265885, 0.9999557133),
            (-0.01098779306, 0.006578018501, 0.9999179957),
            (-0.01793706181, 0.006577358487, 0.9998174834),
            (-0.02927595987, 0.006575599085, 0.9995497385),
            (-0.04775902156, 0.006570915287, 0.9988372735),
            (-0.07780862478, 0.006558483406, 0.9969467409),
            (-0.1263264457, 0.006525733423, 0.9919672595),
            (-0.1561546169, 0.006497601716, 0.9877112517),
            (-6.204163205e-05, 0.006914738236, 0.999976091),
            (-8.166652675e-05, 0.006914738196, 0.9999760896),
            (-0.0001333317365, 0.006914738167, 0.999976084),
            (-0.0002176822316, 0.006914738079, 0.9999760692),
            (-0.0003553959017, 0.00691473783, 0.9999760298),
            (-0.0005802321898, 0.006914737141, 0.9999759246),
            (-0.0009473078557, 0.006914735266, 0.9999756442),
            (-0.001546607939, 0.006914730201, 0.9999748969),
            (-0.002525042734, 0.006914716596, 0.9999729051),
            (-0.004122452209, 0.006914680158, 0.9999675958),
            (-0.006730359364, 0.006914582751, 0.9999534443),
            (-0.01098776794, 0.006914322672, 0.999915727),
            (-0.01793702059, 0.006913628839, 0.9998152154),
            (-0.02927589209, 0.006911779366, 0.9995474723),
            (-0.0477589097, 0.006906855921, 0.9988350123),
            (-0.07780843947, 0.006893788184, 0.9969444932),
            (-0.1263261382, 0.006859363502, 0.9919650477),
            (-0.1561542712, 0.006829802377, 0.9877090652),
            (-6.204149418e-05, 0.007228938081, 0.999973869),
            (-8.166634527e-05, 0.007228938041, 0.9999738676),
            (-0.0001333314402, 0.00722893801, 0.999973862),
            (-0.0002176817478, 0.007228937917, 0.9999738472),
            (-0.0003553951117, 0.007228937655, 0.9999738077),
            (-0.0005802308999, 0.007228936932, 0.9999737026),
            (-0.0009473057491, 0.007228934967, 0.9999734222),
            (-0.001546604498, 0.007228929665, 0.9999726749),
            (-0.002525037113, 0.00722891543, 0.9999706831),
            (-0.004122443019, 0.007228877316, 0.9999653738),
            (-0.006730344331, 0.007228775451, 0.9999512224),
            (-0.01098774331, 0.007228503502, 0.9999135054),
            (-0.01793698019, 0.007227778058, 0.9998129945),
            (-0.02927582562, 0.007225844413, 0.9995452532),
            (-0.0477587999, 0.007220697046, 0.9988327981),
            (-0.07780825731, 0.007207035222, 0.9969422921),
            (-0.1263258352, 0.007171045928, 0.9919628821),
            (-0.1561539327, 0.007140151235, 0.9877069239),
            (-6.204142555e-05, 0.007380376575, 0.9999727627),
            (-8.166624724e-05, 0.007380376565, 0.9999727613),
            (-0.0001333312722, 0.007380376524, 0.9999727558),
            (-0.0002176814524, 0.007380376414, 0.999972741),
            (-0.000355394573, 0.007380376123, 0.9999727015),
            (-0.0005802298701, 0.007380375347, 0.9999725963),
            (-0.0009473036671, 0.007380373278, 0.999972316),
            (-0.001546600031, 0.007380367762, 0.9999715687),
            (-0.002525026973, 0.007380353061, 0.9999695769),
            (-0.004122418877, 0.007380313877, 0.9999642677),
            (-0.006730284693, 0.007380209434, 0.9999501166),
            (-0.01098759206, 0.00737993107, 0.9999124009),
            (-0.01793658974, 0.007379189282, 0.9998118955),
            (-0.02927480647, 0.007377213367, 0.9995441773),
            (-0.04775612468, 0.007371955767, 0.9988318211),
            (-0.07780123631, 0.007358005856, 0.9969417372),
            (-0.1263075927, 0.007321268075, 0.9919641078),
            (-0.156153764, 0.007289839726, 0.9877058571)
            ] (
                interpolation = "vertex"
            )
            texCoord2f[] primvars:st = [
            (0, 0),
            (0.05882352941, 0),
            (0.1176470588, 0),
            (0.1764705882, 0),
            (0.2352941176, 0),
            (0.2941176471, 0),
            (0.3529411765, 0),
            (0.4117647059, 0),
            (0.4705882353, 0),
            (0.5294117647, 0),
            (0.5882352941, 0),
            (0.6470588235, 0),
            (0.7058823529, 0),
            (0.7647058824, 0),
            (0.8235294118, 0),
            (0.8823529412, 0),
            (0.9411764706, 0),
            (1, 0),
            (0, 0.02857142857),
            (0.05882352941, 0.02857142857),
            (0.1176470588, 0.02857142857),
            (0.1764705882, 0.02857142857),
            (0.2352941176, 0.02857142857),
            (0.2941176471, 0.02857142857),
            (0.3529411765, 0.02857142857),
            (0.4117647059, 0.02857142857),
            (0.4705882353, 0.02857142857),
            (0.5294117647, 0.02857142857),
            (0.5882352941, 0.02857142857),
            (0.6470588235, 0.02857142857),
            (0.7058823529, 0.02857142857),
            (0.7647058824, 0.02857142857),
            (0.8235294118, 0.02857142857),
            (0.8823529412, 0.02857142857),
            (0.9411764706, 0.02857142857),
            (1, 0.02857142857),
            (0, 0.05714285714),
            (0.05882352941, 0.05714285714),
            (0.1176470588, 0.05714285714),
            (0.1764705882, 0.05714285714),
            (0.2352941176, 0.05714285714),
            (0.2941176471, 0.05714285714),
            (0.3529411765, 0.05714285714),
            (0.4117647059, 0.05714285714),
            (0.4705882353, 0.05714285714),
            (0.5294117647, 0.05714285714),
            (0.5882352941, 0.05714285714),
            (0.6470588235, 0.05714285714),
            (0.7058823529, 0.05714285714),
            (0.7647058824, 0.05714285714),
            (0.8235294118, 0.05714285714),
            (0.8823529412, 0.05714285714),
            (0.9411764706, 0.05714285714),
            (1, 0.05714285714),
            (0, 0.08571428571),
            (0.05882352941, 0.08571428571),
            (0.1176470588, 0.08571428571),
            (0.1764705882, 0.08571428571),
            (0.2352941176, 0.08571428571),
            (0.2941176471, 0.08571428571),
            (0.3529411765, 0.08571428571),
            (0.4117647059, 0.08571428571),
            (0.4705882353, 0.08571428571),
            (0.5294117647, 0.08571428571),
            (0.5882352941, 0.08571428571),
            (0.6470588235, 0.08571428571),
            (0.7058823529, 0.08571428571),
            (0.7647058824, 0.08571428571),
            (0.8235294118, 0.08571428571),
            (0.8823529412, 0.08571428571),
            (0.9411764706, 0.08571428571),
            (1, 0.08571428571),
            (0, 0.1142857143),
            (0.05882352941, 0.1142857143),
            (0.1176470588, 0.1142857143),
            (0.1764705882, 0.1142857143),
            (0.2352941176, 0.1142857143),
            (0.2941176471, 0.1142857143),
            (0.3529411765, 0.1142857143),
            (0.4117647059, 0.1142857143),
            (0.4705882353, 0.1142857143),
            (0.5294117647, 0.1142857143),
            (0.5882352941, 0.1142857143),
            (0.6470588235, 0.1142857143),
            (0.7058823529, 0.1142857143),
            (0.7647058824, 0.1142857143),
            (0.8235294118, 0.1142857143),
            (0.8823529412, 0.1142857143),
            (0.9411764706, 0.1142857143),
            (1, 0.1142857143),
            (0, 0.1428571429),
            (0.05882352941, 0.1428571429),
            (0.1176470588, 0.1428571429),
            (0.1764705882, 0.1428571429),
            (0.2352941176, 0.1428571429),
            (0.2941176471, 0.1428571429),
            (0.3529411765, 0.1428571429),
            (0.4117647059, 0.1428571429),
            (0.4705882353, 0.1428571429),
            (0.5294117647, 0.1428571429),
            (0.5882352941, 0.1428571429),
            (0.6470588235, 0.1428571429),
            (0.7058823529, 0.1428571429),
            (0.7647058824, 0.1428571429),
            (0.8235294118, 0.1428571429),
            (0.8823529412, 0.1428571429),
            (0.9411764706, 0.1428571429),
            (1, 0.1428571429),
            (0, 0.1714285714),
            (0.05882352941, 0.1714285714),
            (0.1176470588, 0.1714285714),
            (0.1764705882, 0.1714285714),
            (0.2352941176, 0.1714285714),
            (0.2941176471, 0.1714285714),
            (0.3529411765, 0.1714285714),
            (0.4117647059, 0.1714285714),
            (0.4705882353, 0.1714285714),
            (0.5294117647, 0.1714285714),
            (0.5882352941, 0.1714285714),
            (0.6470588235, 0.1714285714),
            (0.7058823529, 0.1714285714),
            (0.7647058824, 0.1714285714),
            (0.8235294118, 0.1714285714),
            (0.8823529412, 0.1714285714),
            (0.9411764706, 0.1714285714),
            (1, 0.1714285714),
            (0, 0.2),
            (0.05882352941, 0.2),
            (0.1176470588, 0.2),
            (0.1764705882, 0.2),
            (0.2352941176, 0.2),
            (0.2941176471, 0.2),
            (0.3529411765, 0.2),
            (0.4117647059, 0.2),
            (0.4705882353, 0.2),
            (0.5294117647, 0.2),
            (0.5882352941, 0.2),
            (0.6470588235, 0.2),
            (0.7058823529, 0.2),
            (0.7647058824, 0.2),
            (0.8235294118, 0.2),
            (0.8823529412, 0.2),
            (0.9411764706, 0.2),
            (1, 0.2),
            (0, 0.2285714286),
            (0.05882352941, 0.2285714286),
            (0.1176470588, 0.2285714286),
            (0.1764705882, 0.2285714286),
            (0.2352941176, 0.2285714286),
            (0.2941176471, 0.2285714286),
            (0.3529411765, 0.2285714286),
            (0.4117647059, 0.2285714286),
            (0.4705882353, 0.2285714286),
            (0.5294117647, 0.2285714286),
            (0.5882352941, 0.2285714286),
            (0.6470588235, 0.2285714286),
            (0.7058823529, 0.2285714286),
            (0.7647058824, 0.2285714286),
            (0.8235294118, 0.2285714286),
            (0.8823529412, 0.2285714286),
            (0.9411764706, 0.2285714286),
            (1, 0.2285714286),
            (0, 0.2571428571),
            (0.05882352941, 0.2571428571),
            (0.1176470588, 0.2571428571),
            (0.1764705882, 0.2571428571),
            (0.2352941176, 0.2571428571),
            (0.2941176471, 0.2571428571),
            (0.3529411765, 0.2571428571),
            (0.4117647059, 0.2571428571),
            (0.4705882353, 0.2571428571),
            (0.5294117647, 0.2571428571),
            (0.5882352941, 0.2571428571),
            (0.6470588235, 0.2571428571),
            (0.7058823529, 0.2571428571),
            (0.7647058824, 0.2571428571),
            (0.8235294118, 0.2571428571),
            (0.8823529412, 0.2571428571),
            (0.9411764706, 0.2571428571),
            (1, 0.2571428571),
            (0, 0.2857142857),
            (0.05882352941, 0.2857142857),
            (0.1176470588, 0.2857142857),
            (0.1764705882, 0.2857142857),
            (0.2352941176, 0.2857142857),
            (0.2941176471, 0.2857142857),
            (0.3529411765, 0.2857142857),
            (0.4117647059, 0.2857142857),
            (0.4705882353, 0.2857142857),
            (0.5294117647, 0.2857142857),
            (0.5882352941, 0.2857142857),
            (0.6470588235, 0.2857142857),
            (0.7058823529, 0.2857142857),
            (0.7647058824, 0.2857142857),
            (0.8235294118, 0.2857142857),
            (0.8823529412, 0.2857142857),
            (0.9411764706, 0.2857142857),
            (1, 0.2857142857),
            (0, 0.3142857143),
            (0.05882352941, 0.3142857143),
            (0.1176470588, 0.3142857143),
            (0.1764705882, 0.3142857143),
            (0.2352941176, 0.3142857143),
            (0.2941176471, 0.3142857143),
            (0.3529411765, 0.3142857143),
            (0.4117647059, 0.3142857143),
            (0.4705882353, 0.3142857143),
            (0.5294117647, 0.3142857143),
            (0.5882352941, 0.3142857143),
            (0.6470588235, 0.3142857143),
            (0.7058823529, 0.3142857143),
            (0.7647058824, 0.3142857143),
            (0.8235294118, 0.3142857143),
            (0.8823529412, 0.3142857143),
            (0.9411764706, 0.3142857143),
            (1, 0.3142857143),
            (0, 0.3428571429),
            (0.05882352941, 0.3428571429),
            (0.1176470588, 0.3428571429),
            (0.1764705882, 0.3428571429),
            (0.2352941176, 0.3428571429),
            (0.2941176471, 0.3428571429),
            (0.3529411765, 0.3428571429),
            (0.4117647059, 0.3428571429),
            (0.4705882353, 0.3428571429),
            (0.5294117647, 0.3428571429),
            (0.5882352941, 0.3428571429),
            (0.6470588235, 0.3428571429),
            (0.7058823529, 0.3428571429),
            (0.7647058824, 0.3428571429),
            (0.8235294118, 0.3428571429),
            (0.8823529412, 0.3428571429),
            (0.9411764706, 0.3428571429),
            (1, 0.3428571429),
            (0, 0.3714285714),
            (0.05882352941, 0.3714285714),
            (0.1176470588, 0.3714285714),
            (0.1764705882, 0.3714285714),
            (0.2352941176, 0.3714285714),
            (0.2941176471, 0.3714285714),
            (0.3529411765, 0.3714285714),
            (0.4117647059, 0.3714285714),
            (0.4705882353, 0.3714285714),
            (0.5294117647, 0.3714285714),
            (0.5882352941, 0.3714285714),
            (0.6470588235, 0.3714285714),
            (0.7058823529, 0.3714285714),
            (0.7647058824, 0.3714285714),
            (0.8235294118, 0.3714285714),
            (0.8823529412, 0.3714285714),
            (0.9411764706, 0.3714285714),
            (1, 0.3714285714),
            (0, 0.4),
            (0.05882352941, 0.4),
            (0.1176470588, 0.4),
            (0.1764705882, 0.4),
            (0.2352941176, 0.4),
            (0.2941176471, 0.4),
            (0.3529411765, 0.4),
            (0.4117647059, 0.4),
            (0.4705882353, 0.4),
            (0.5294117647, 0.4),
            (0.5882352941, 0.4),
            (0.6470588235, 0.4),
            (0.7058823529, 0.4),
            (0.7647058824, 0.4),
            (0.8235294118, 0.4),
            (0.8823529412, 0.4),
            (0.9411764706, 0.4),
            (1, 0.4),
            (0, 0.4285714286),
            (0.05882352941, 0.4285714286),
            (0.1176470588, 0.4285714286),
            (0.1764705882, 0.4285714286),
            (0.2352941176, 0.4285714286),
            (0.2941176471, 0.4285714286),
            (0.3529411765, 0.4285714286),
            (0.4117647059, 0.4285714286),
            (0.4705882353, 0.4285714286),
            (0.5294117647, 0.4285714286),
            (0.5882352941, 0.4285714286),
            (0.6470588235, 0.4285714286),
            (0.7058823529, 0.4285714286),
            (0.7647058824, 0.4285714286),
            (0.8235294118, 0.4285714286),
            (0.8823529412, 0.4285714286),
            (0.9411764706, 0.4285714286),
            (1, 0.4285714286),
            (0, 0.4571428571),
            (0.05882352941, 0.4571428571),
            (0.1176470588, 0.4571428571),
            (0.1764705882, 0.4571428571),
            (0.2352941176, 0.4571428571),
            (0.2941176471, 0.4571428571),
            (0.3529411765, 0.4571428571),
            (0.4117647059, 0.4571428571),
            (0.4705882353, 0.4571428571),
            (0.5294117647, 0.4571428571),
            (0.5882352941, 0.4571428571),
            (0.6470588235, 0.4571428571),
            (0.7058823529, 0.4571428571),
            (0.7647058824, 0.4571428571),
            (0.8235294118, 0.4571428571),
            (0.8823529412, 0.4571428571),
            (0.9411764706, 0.4571428571),
            (1, 0.4571428571),
            (0, 0.4857142857),
            (0.05882352941, 0.4857142857),
            (0.1176470588, 0.4857142857),
            (0.1764705882, 0.4857142857),
            (0.2352941176, 0.4857142857),
            (0.2941176471, 0.4857142857),
            (0.3529411765, 0.4857142857),
            (0.4117647059, 0.4857142857),
            (0.4705882353, 0.4857142857),
            (0.5294117647, 0.4857142857),
            (0.5882352941, 0.4857142857),
            (0.6470588235, 0.4857142857),
            (0.7058823529, 0.4857142857),
            (0.7647058824, 0.4857142857),
            (0.8235294118, 0.4857142857),
            (0.8823529412, 0.4857142857),
            (0.9411764706, 0.4857142857),
            (1, 0.4857142857),
            (0, 0.5142857143),
            (0.05882352941, 0.5142857143),
            (0.1176470588, 0.5142857143),
            (0.1764705882, 0.5142857143),
            (0.2352941176, 0.5142857143),
            (0.2941176471, 0.5142857143),
            (0.3529411765, 0.5142857143),
            (0.4117647059, 0.5142857143),
            (0.4705882353, 0.5142857143),
            (0.5294117647, 0.5142857143),
            (0.5882352941, 0.5142857143),
            (0.6470588235, 0.5142857143),
            (0.7058823529, 0.5142857143),
            (0.7647058824, 0.5142857143),
            (0.8235294118, 0.5142857143),
            (0.8823529412, 0.5142857143),
            (0.9411764706, 0.5142857143),
            (1, 0.5142857143),
            (0, 0.5428571429),
            (0.05882352941, 0.5428571429),
            (0.1176470588, 0.5428571429),
            (0.1764705882, 0.5428571429),
            (0.2352941176, 0.5428571429),
            (0.2941176471, 0.5428571429),
            (0.3529411765, 0.5428571429),
            (0.4117647059, 0.5428571429),
            (0.4705882353, 0.5428571429),
            (0.5294117647, 0.5428571429),
            (0.5882352941, 0.5428571429),
            (0.6470588235, 0.5428571429),
            (0.7058823529, 0.5428571429),
            (0.7647058824, 0.5428571429),
            (0.8235294118, 0.5428571429),
            (0.8823529412, 0.5428571429),
            (0.9411764706, 0.5428571429),
            (1, 0.5428571429),
            (0, 0.5714285714),
            (0.05882352941, 0.5714285714),
            (0.1176470588, 0.5714285714),
            (0.1764705882, 0.5714285714),
            (0.2352941176, 0.5714285714),
            (0.2941176471, 0.5714285714),
            (0.3529411765, 0.5714285714),
            (0.4117647059, 0.5714285714),
            (0.4705882353, 0.5714285714),
            (0.5294117647, 0.5714285714),
            (0.5882352941, 0.5714285714),
            (0.6470588235, 0.5714285714),
            (0.7058823529, 0.5714285714),
            (0.7647058824, 0.5714285714),
            (0.8235294118, 0.5714285714),
            (0.8823529412, 0.5714285714),
            (0.9411764706, 0.5714285714),
            (1, 0.5714285714),
            (0, 0.6),
            (0.05882352941, 0.6),
            (0.1176470588, 0.6),
            (0.1764705882, 0.6),
            (0.2352941176, 0.6),
            (0.2941176471, 0.6),
            (0.3529411765, 0.6),
            (0.4117647059, 0.6),
            (0.4705882353, 0.6),
            (0.5294117647, 0.6),
            (0.5882352941, 0.6),
            (0.6470588235, 0.6),
            (0.7058823529, 0.6),
            (0.7647058824, 0.6),
            (0.8235294118, 0.6),
            (0.8823529412, 0.6),
            (0.9411764706, 0.6),
            (1, 0.6),
            (0, 0.6285714286),
            (0.05882352941, 0.6285714286),
            (0.1176470588, 0.6285714286),
            (0.1764705882, 0.6285714286),
            (0.2352941176, 0.6285714286),
            (0.2941176471, 0.6285714286),
            (0.3529411765, 0.6285714286),
            (0.4117647059, 0.6285714286),
            (0.4705882353, 0.6285714286),
            (0.5294117647, 0.6285714286),
            (0.5882352941, 0.6285714286),
            (0.6470588235, 0.6285714286),
            (0.7058823529, 0.6285714286),
            (0.7647058824, 0.6285714286),
            (0.8235294118, 0.6285714286),
            (0.8823529412, 0.6285714286),
            (0.9411764706, 0.6285714286),
            (1, 0.6285714286),
            (0, 0.6571428571),
            (0.05882352941, 0.6571428571),
            (0.1176470588, 0.6571428571),
            (0.1764705882, 0.6571428571),
            (0.2352941176, 0.6571428571),
            (0.2941176471, 0.6571428571),
            (0.3529411765, 0.6571428571),
            (0.4117647059, 0.6571428571),
            (0.4705882353, 0.6571428571),
            (0.5294117647, 0.6571428571),
            (0.5882352941, 0.6571428571),
            (0.6470588235, 0.6571428571),
            (0.7058823529, 0.6571428571),
            (0.7647058824, 0.6571428571),
            (0.8235294118, 0.6571428571),
            (0.8823529412, 0.6571428571),
            (0.9411764706, 0.6571428571),
            (1, 0.6571428571),
            (0, 0.6857142857),
            (0.05882352941, 0.6857142857),
            (0.1176470588, 0.6857142857),
            (0.1764705882, 0.6857142857),
            (0.2352941176, 0.6857142857),
            (0.2941176471, 0.6857142857),
            (0.3529411765, 0.6857142857),
            (0.4117647059, 0.6857142857),
            (0.4705882353, 0.6857142857),
            (0.5294117647, 0.6857142857),
            (0.5882352941, 0.6857142857),
            (0.6470588235, 0.6857142857),
            (0.7058823529, 0.6857142857),
            (0.7647058824, 0.6857142857),
            (0.8235294118, 0.6857142857),
            (0.8823529412, 0.6857142857),
            (0.9411764706, 0.6857142857),
            (1, 0.6857142857),
            (0, 0.7142857143),
            (0.05882352941, 0.7142857143),
            (0.1176470588, 0.7142857143),
            (0.1764705882, 0.7142857143),
            (0.2352941176, 0.7142857143),
            (0.2941176471, 0.7142857143),
            (0.3529411765, 0.7142857143),
            (0.4117647059, 0.7142857143),
            (0.4705882353, 0.7142857143),
            (0.5294117647, 0.7142857143),
            (0.5882352941, 0.7142857143),
            (0.6470588235, 0.7142857143),
            (0.7058823529, 0.7142857143),
            (0.7647058824, 0.7142857143),
            (0.8235294118, 0.7142857143),
            (0.8823529412, 0.7142857143),
            (0.9411764706, 0.7142857143),
            (1, 0.7142857143),
            (0, 0.7428571429),
            (0.05882352941, 0.7428571429),
            (0.1176470588, 0.7428571429),
            (0.1764705882, 0.7428571429),
            (0.2352941176, 0.7428571429),
            (0.2941176471, 0.7428571429),
            (0.3529411765, 0.7428571429),
            (0.4117647059, 0.7428571429),
            (0.4705882353, 0.7428571429),
            (0.5294117647, 0.7428571429),
            (0.5882352941, 0.7428571429),
            (0.6470588235, 0.7428571429),
            (0.7058823529, 0.7428571429),
            (0.7647058824, 0.7428571429),
            (0.8235294118, 0.7428571429),
            (0.8823529412, 0.7428571429),
            (0.9411764706, 0.7428571429),
            (1, 0.7428571429),
            (0, 0.7714285714),
            (0.05882352941, 0.7714285714),
            (0.1176470588, 0.7714285714),
            (0.1764705882, 0.7714285714),
            (0.2352941176, 0.7714285714),
            (0.2941176471, 0.7714285714),
            (0.3529411765, 0.7714285714),
            (0.4117647059, 0.7714285714),
            (0.4705882353, 0.7714285714),
            (0.5294117647, 0.7714285714),
            (0.5882352941, 0.7714285714),
            (0.6470588235, 0.7714285714),
            (0.7058823529, 0.7714285714),
            (0.7647058824, 0.7714285714),
            (0.8235294118, 0.7714285714),
            (0.8823529412, 0.7714285714),
            (0.9411764706, 0.7714285714),
            (1, 0.7714285714),
            (0, 0.8),
            (0.05882352941, 0.8),
            (0.1176470588, 0.8),
            (0.1764705882, 0.8),
            (0.2352941176, 0.8),
            (0.2941176471, 0.8),
            (0.3529411765, 0.8),
            (0.4117647059, 0.8),
            (0.4705882353, 0.8),
            (0.5294117647, 0.8),
            (0.5882352941, 0.8),
            (0.6470588235, 0.8),
            (0.7058823529, 0.8),
            (0.7647058824, 0.8),
            (0.8235294118, 0.8),
            (0.8823529412, 0.8),
            (0.9411764706, 0.8),
            (1, 0.8),
            (0, 0.8285714286),
            (0.05882352941, 0.8285714286),
            (0.1176470588, 0.8285714286),
            (0.1764705882, 0.8285714286),
            (0.2352941176, 0.8285714286),
            (0.2941176471, 0.8285714286),
            (0.3529411765, 0.8285714286),
            (0.4117647059, 0.8285714286),
            (0.4705882353, 0.8285714286),
            (0.5294117647, 0.8285714286),
            (0.5882352941, 0.8285714286),
            (0.6470588235, 0.8285714286),
            (0.7058823529, 0.8285714286),
            (0.7647058824, 0.8285714286),
            (0.8235294118, 0.8285714286),
            (0.8823529412, 0.8285714286),
            (0.9411764706, 0.8285714286),
            (1, 0.8285714286),
            (0, 0.8571428571),
            (0.05882352941, 0.8571428571),
            (0.1176470588, 0.8571428571),
            (0.1764705882, 0.8571428571),
            (0.2352941176, 0.8571428571),
            (0.2941176471, 0.8571428571),
            (0.3529411765, 0.8571428571),
            (0.4117647059, 0.8571428571),
            (0.4705882353, 0.8571428571),
            (0.5294117647, 0.8571428571),
            (0.5882352941, 0.8571428571),
            (0.6470588235, 0.8571428571),
            (0.7058823529, 0.8571428571),
            (0.7647058824, 0.8571428571),
            (0.8235294118, 0.8571428571),
            (0.8823529412, 0.8571428571),
            (0.9411764706, 0.8571428571),
            (1, 0.8571428571),
            (0, 0.8857142857),
            (0.05882352941, 0.8857142857),
            (0.1176470588, 0.8857142857),
            (0.1764705882, 0.8857142857),
            (0.2352941176, 0.8857142857),
            (0.2941176471, 0.8857142857),
            (0.3529411765, 0.8857142857),
            (0.4117647059, 0.8857142857),
            (0.4705882353, 0.8857142857),
            (0.5294117647, 0.8857142857),
            (0.5882352941, 0.8857142857),
            (0.6470588235, 0.8857142857),
            (0.7058823529, 0.8857142857),
            (0.7647058824, 0.8857142857),
            (0.8235294118, 0.8857142857),
            (0.8823529412, 0.8857142857),
            (0.9411764706, 0.8857142857),
            (1, 0.8857142857),
            (0, 0.9142857143),
            (0.05882352941, 0.9142857143),
            (0.1176470588, 0.9142857143),
            (0.1764705882, 0.9142857143),
            (0.2352941176, 0.9142857143),
            (0.2941176471, 0.9142857143),
            (0.3529411765, 0.9142857143),
            (0.4117647059, 0.9142857143),
            (0.4705882353, 0.9142857143),
            (0.5294117647, 0.9142857143),
            (0.5882352941, 0.9142857143),
            (0.6470588235, 0.9142857143),
            (0.7058823529, 0.9142857143),
            (0.7647058824, 0.9142857143),
            (0.8235294118, 0.9142857143),
            (0.8823529412, 0.9142857143),
            (0.9411764706, 0.9142857143),
            (1, 0.9142857143),
            (0, 0.9428571429),
            (0.05882352941, 0.9428571429),
            (0.1176470588, 0.9428571429),
            (0.1764705882, 0.9428571429),
            (0.2352941176, 0.9428571429),
            (0.2941176471, 0.9428571429),
            (0.3529411765, 0.9428571429),
            (0.4117647059, 0.9428571429),
            (0.4705882353, 0.9428571429),
            (0.5294117647, 0.9428571429),
            (0.5882352941, 0.9428571429),
            (0.6470588235, 0.9428571429),
            (0.7058823529, 0.9428571429),
            (0.7647058824, 0.9428571429),
            (0.8235294118, 0.9428571429),
            (0.8823529412, 0.9428571429),
            (0.9411764706, 0.9428571429),
            (1, 0.9428571429),
            (0, 0.9714285714),
            (0.05882352941, 0.9714285714),
            (0.1176470588, 0.9714285714),
            (0.1764705882, 0.9714285714),
            (0.2352941176, 0.9714285714),
            (0.2941176471, 0.9714285714),
            (0.3529411765, 0.9714285714),
            (0.4117647059, 0.9714285714),
            (0.4705882353, 0.9714285714),
            (0.5294117647, 0.9714285714),
            (0.5882352941, 0.9714285714),
            (0.6470588235, 0.9714285714),
            (0.7058823529, 0.9714285714),
            (0.7647058824, 0.9714285714),
            (0.8235294118, 0.9714285714),
            (0.8823529412, 0.9714285714),
            (0.9411764706, 0.9714285714),
            (1, 0.9714285714),
            (0, 1),
            (0.05882352941, 1),
            (0.1176470588, 1),
            (0.1764705882, 1),
            (0.2352941176, 1),
            (0.2941176471, 1),
            (0.3529411765, 1),
            (0.4117647059, 1),
            (0.4705882353, 1),
            (0.5294117647, 1),
            (0.5882352941, 1),
            (0.6470588235, 1),
            (0.7058823529, 1),
            (0.7647058824, 1),
            (0.8235294118, 1),
            (0.8823529412, 1),
            (0.9411764706, 1),
            (1, 1)
            ] (
                interpolation = "vertex"
            )
            rel material:binding = </DrAnmarClosureTissueDemo/Looks/TissueVisual>
            uniform token subdivisionScheme = "none"
        custom token[] drAnmar:labels = ["skin_tissue", "lefttissue"]
        }
        def Xform "OuterAnchor"
        {
            custom token drAnmar:role = "world_anchor_region"
        }
    }
    def Xform "RightTissue" (
        prepend apiSchemas = ["SemanticsLabelsAPI:class"]
    )
    {
        token[] semantics:labels:class = ["skin_tissue", "wound_edge"]
        def Mesh "SimulationMesh" (
            prepend apiSchemas = ["MaterialBindingAPI"]
        )
        {
            uniform bool doubleSided = false
            float3[] extent = [(0.003, -0.055, 0.0002746333737), (0.053, 0.055, 0.001699799993)]
            int[] faceVertexCounts = [3, 3, 3, 3, 3, 3, 3, 3, 3, 3, 3, 3, 3, 3, 3, 3, 3, 3, 3, 3, 3, 3, 3, 3, 3, 3, 3, 3, 3, 3, 3, 3, 3, 3, 3, 3, 3, 3, 3, 3, 3, 3, 3, 3, 3, 3, 3, 3, 3, 3, 3, 3, 3, 3, 3, 3, 3, 3, 3, 3, 3, 3, 3, 3, 3, 3, 3, 3, 3, 3, 3, 3, 3, 3, 3, 3, 3, 3, 3, 3, 3, 3, 3, 3, 3, 3, 3, 3, 3, 3, 3, 3, 3, 3, 3, 3, 3, 3, 3, 3, 3, 3, 3, 3, 3, 3, 3, 3, 3, 3, 3, 3, 3, 3, 3, 3, 3, 3, 3, 3, 3, 3, 3, 3, 3, 3, 3, 3, 3, 3, 3, 3, 3, 3, 3, 3, 3, 3, 3, 3, 3, 3, 3, 3, 3, 3, 3, 3, 3, 3, 3, 3, 3, 3, 3, 3, 3, 3, 3, 3, 3, 3, 3, 3, 3, 3, 3, 3, 3, 3, 3, 3, 3, 3, 3, 3, 3, 3, 3, 3, 3, 3, 3, 3, 3, 3, 3, 3, 3, 3, 3, 3, 3, 3, 3, 3, 3, 3, 3, 3, 3, 3, 3, 3, 3, 3, 3, 3, 3, 3, 3, 3, 3, 3, 3, 3, 3, 3, 3, 3, 3, 3, 3, 3, 3, 3, 3, 3, 3, 3, 3, 3, 3, 3, 3, 3, 3, 3, 3, 3, 3, 3, 3, 3, 3, 3, 3, 3, 3, 3, 3, 3, 3, 3, 3, 3, 3, 3, 3, 3, 3, 3, 3, 3, 3, 3, 3, 3, 3, 3, 3, 3, 3, 3, 3, 3, 3, 3, 3, 3, 3, 3, 3, 3, 3, 3, 3, 3, 3, 3, 3, 3, 3, 3, 3, 3, 3, 3, 3, 3, 3, 3, 3, 3, 3, 3, 3, 3, 3, 3, 3, 3, 3, 3, 3, 3, 3, 3, 3, 3, 3, 3, 3, 3, 3, 3, 3, 3, 3, 3, 3, 3, 3, 3, 3, 3, 3, 3, 3, 3, 3, 3, 3, 3, 3, 3, 3, 3, 3, 3, 3, 3, 3, 3, 3, 3, 3, 3, 3, 3, 3, 3, 3, 3, 3, 3, 3, 3, 3, 3, 3, 3, 3, 3, 3, 3, 3, 3, 3, 3, 3, 3, 3, 3, 3, 3, 3, 3, 3, 3, 3, 3, 3, 3, 3, 3, 3, 3, 3, 3, 3, 3, 3, 3, 3, 3, 3, 3, 3, 3, 3, 3, 3, 3, 3, 3, 3, 3, 3, 3, 3, 3, 3, 3, 3, 3, 3, 3, 3, 3, 3, 3, 3, 3, 3, 3, 3, 3, 3, 3, 3, 3, 3, 3, 3, 3, 3, 3, 3, 3, 3, 3, 3, 3, 3, 3, 3, 3, 3, 3, 3, 3, 3, 3, 3, 3, 3, 3, 3, 3, 3, 3, 3, 3, 3, 3, 3, 3, 3, 3, 3, 3, 3, 3, 3, 3, 3, 3, 3, 3, 3, 3, 3, 3, 3, 3, 3, 3, 3, 3, 3, 3, 3, 3, 3, 3, 3, 3, 3, 3, 3, 3, 3, 3, 3, 3, 3, 3, 3, 3, 3, 3, 3, 3, 3, 3, 3, 3, 3, 3, 3, 3, 3, 3, 3, 3, 3, 3, 3, 3, 3, 3, 3, 3, 3, 3, 3, 3, 3, 3, 3, 3, 3, 3, 3, 3, 3, 3, 3, 3, 3, 3, 3, 3, 3, 3, 3, 3, 3, 3, 3, 3, 3, 3, 3, 3, 3, 3, 3, 3, 3, 3, 3, 3, 3, 3, 3, 3, 3, 3, 3, 3, 3, 3, 3, 3, 3, 3, 3, 3, 3, 3, 3, 3, 3, 3, 3, 3, 3, 3, 3, 3, 3, 3, 3, 3, 3, 3, 3, 3, 3, 3, 3, 3, 3, 3, 3, 3, 3, 3, 3, 3, 3, 3, 3, 3, 3, 3, 3, 3, 3, 3, 3, 3, 3, 3, 3, 3, 3, 3, 3, 3, 3, 3, 3, 3, 3, 3, 3, 3, 3, 3, 3, 3, 3, 3, 3, 3, 3, 3, 3, 3, 3, 3, 3, 3, 3, 3, 3, 3, 3, 3, 3, 3, 3, 3, 3, 3, 3, 3, 3, 3, 3, 3, 3, 3, 3, 3, 3, 3, 3, 3, 3, 3, 3, 3, 3, 3, 3, 3, 3, 3, 3, 3, 3, 3, 3, 3, 3, 3, 3, 3, 3, 3, 3, 3, 3, 3, 3, 3, 3, 3, 3, 3, 3, 3, 3, 3, 3, 3, 3, 3, 3, 3, 3, 3, 3, 3, 3, 3, 3, 3, 3, 3, 3, 3, 3, 3, 3, 3, 3, 3, 3, 3, 3, 3, 3, 3, 3, 3, 3, 3, 3, 3, 3, 3, 3, 3, 3, 3, 3, 3, 3, 3, 3, 3, 3, 3, 3, 3, 3, 3, 3, 3, 3, 3, 3, 3, 3, 3, 3, 3, 3, 3, 3, 3, 3, 3, 3, 3, 3, 3, 3, 3, 3, 3, 3, 3, 3, 3, 3, 3, 3, 3, 3, 3, 3, 3, 3, 3, 3, 3, 3, 3, 3, 3, 3, 3, 3, 3, 3, 3, 3, 3, 3, 3, 3, 3, 3, 3, 3, 3, 3, 3, 3, 3, 3, 3, 3, 3, 3, 3, 3, 3, 3, 3, 3, 3, 3, 3, 3, 3, 3, 3, 3, 3, 3, 3, 3, 3, 3, 3, 3, 3, 3, 3, 3, 3, 3, 3, 3, 3, 3, 3, 3, 3, 3, 3, 3, 3, 3, 3, 3, 3, 3, 3, 3, 3, 3, 3, 3, 3, 3, 3, 3, 3, 3, 3, 3, 3, 3, 3, 3, 3, 3, 3, 3, 3, 3, 3, 3, 3, 3, 3, 3, 3, 3, 3, 3, 3, 3, 3, 3, 3, 3, 3, 3, 3, 3, 3, 3, 3, 3, 3, 3, 3, 3, 3, 3, 3, 3, 3, 3, 3, 3, 3, 3, 3, 3, 3, 3, 3, 3, 3, 3, 3, 3, 3, 3, 3, 3, 3, 3, 3, 3, 3, 3, 3, 3, 3, 3, 3, 3, 3, 3, 3, 3, 3, 3, 3, 3, 3, 3, 3, 3, 3, 3, 3, 3, 3, 3, 3, 3, 3, 3, 3, 3, 3, 3, 3, 3, 3, 3, 3, 3, 3, 3, 3, 3, 3, 3, 3, 3, 3, 3, 3, 3, 3, 3, 3, 3, 3, 3, 3, 3, 3, 3, 3, 3, 3, 3, 3, 3, 3, 3, 3, 3, 3, 3, 3, 3, 3, 3, 3, 3, 3, 3, 3, 3, 3, 3, 3, 3, 3, 3, 3, 3, 3, 3, 3, 3, 3, 3, 3, 3, 3, 3, 3, 3, 3, 3, 3, 3, 3, 3, 3, 3, 3, 3, 3, 3, 3, 3, 3, 3, 3, 3, 3, 3, 3, 3, 3, 3, 3, 3, 3, 3, 3, 3, 3, 3, 3, 3, 3, 3, 3, 3, 3, 3, 3, 3, 3, 3, 3, 3, 3, 3, 3, 3, 3, 3, 3, 3, 3, 3, 3, 3, 3, 3, 3, 3, 3, 3, 3, 3, 3, 3, 3, 3, 3, 3, 3, 3, 3, 3, 3, 3, 3, 3, 3, 3, 3, 3, 3, 3, 3, 3, 3, 3, 3, 3, 3, 3, 3, 3, 3, 3, 3, 3, 3]
            int[] faceVertexIndices = [0, 1, 19, 0, 19, 18, 1, 2, 20, 1, 20, 19, 2, 3, 21, 2, 21, 20, 3, 4, 22, 3, 22, 21, 4, 5, 23, 4, 23, 22, 5, 6, 24, 5, 24, 23, 6, 7, 25, 6, 25, 24, 7, 8, 26, 7, 26, 25, 8, 9, 27, 8, 27, 26, 9, 10, 28, 9, 28, 27, 10, 11, 29, 10, 29, 28, 11, 12, 30, 11, 30, 29, 12, 13, 31, 12, 31, 30, 13, 14, 32, 13, 32, 31, 14, 15, 33, 14, 33, 32, 15, 16, 34, 15, 34, 33, 16, 17, 35, 16, 35, 34, 18, 19, 37, 18, 37, 36, 19, 20, 38, 19, 38, 37, 20, 21, 39, 20, 39, 38, 21, 22, 40, 21, 40, 39, 22, 23, 41, 22, 41, 40, 23, 24, 42, 23, 42, 41, 24, 25, 43, 24, 43, 42, 25, 26, 44, 25, 44, 43, 26, 27, 45, 26, 45, 44, 27, 28, 46, 27, 46, 45, 28, 29, 47, 28, 47, 46, 29, 30, 48, 29, 48, 47, 30, 31, 49, 30, 49, 48, 31, 32, 50, 31, 50, 49, 32, 33, 51, 32, 51, 50, 33, 34, 52, 33, 52, 51, 34, 35, 53, 34, 53, 52, 36, 37, 55, 36, 55, 54, 37, 38, 56, 37, 56, 55, 38, 39, 57, 38, 57, 56, 39, 40, 58, 39, 58, 57, 40, 41, 59, 40, 59, 58, 41, 42, 60, 41, 60, 59, 42, 43, 61, 42, 61, 60, 43, 44, 62, 43, 62, 61, 44, 45, 63, 44, 63, 62, 45, 46, 64, 45, 64, 63, 46, 47, 65, 46, 65, 64, 47, 48, 66, 47, 66, 65, 48, 49, 67, 48, 67, 66, 49, 50, 68, 49, 68, 67, 50, 51, 69, 50, 69, 68, 51, 52, 70, 51, 70, 69, 52, 53, 71, 52, 71, 70, 54, 55, 73, 54, 73, 72, 55, 56, 74, 55, 74, 73, 56, 57, 75, 56, 75, 74, 57, 58, 76, 57, 76, 75, 58, 59, 77, 58, 77, 76, 59, 60, 78, 59, 78, 77, 60, 61, 79, 60, 79, 78, 61, 62, 80, 61, 80, 79, 62, 63, 81, 62, 81, 80, 63, 64, 82, 63, 82, 81, 64, 65, 83, 64, 83, 82, 65, 66, 84, 65, 84, 83, 66, 67, 85, 66, 85, 84, 67, 68, 86, 67, 86, 85, 68, 69, 87, 68, 87, 86, 69, 70, 88, 69, 88, 87, 70, 71, 89, 70, 89, 88, 72, 73, 91, 72, 91, 90, 73, 74, 92, 73, 92, 91, 74, 75, 93, 74, 93, 92, 75, 76, 94, 75, 94, 93, 76, 77, 95, 76, 95, 94, 77, 78, 96, 77, 96, 95, 78, 79, 97, 78, 97, 96, 79, 80, 98, 79, 98, 97, 80, 81, 99, 80, 99, 98, 81, 82, 100, 81, 100, 99, 82, 83, 101, 82, 101, 100, 83, 84, 102, 83, 102, 101, 84, 85, 103, 84, 103, 102, 85, 86, 104, 85, 104, 103, 86, 87, 105, 86, 105, 104, 87, 88, 106, 87, 106, 105, 88, 89, 107, 88, 107, 106, 90, 91, 109, 90, 109, 108, 91, 92, 110, 91, 110, 109, 92, 93, 111, 92, 111, 110, 93, 94, 112, 93, 112, 111, 94, 95, 113, 94, 113, 112, 95, 96, 114, 95, 114, 113, 96, 97, 115, 96, 115, 114, 97, 98, 116, 97, 116, 115, 98, 99, 117, 98, 117, 116, 99, 100, 118, 99, 118, 117, 100, 101, 119, 100, 119, 118, 101, 102, 120, 101, 120, 119, 102, 103, 121, 102, 121, 120, 103, 104, 122, 103, 122, 121, 104, 105, 123, 104, 123, 122, 105, 106, 124, 105, 124, 123, 106, 107, 125, 106, 125, 124, 108, 109, 127, 108, 127, 126, 109, 110, 128, 109, 128, 127, 110, 111, 129, 110, 129, 128, 111, 112, 130, 111, 130, 129, 112, 113, 131, 112, 131, 130, 113, 114, 132, 113, 132, 131, 114, 115, 133, 114, 133, 132, 115, 116, 134, 115, 134, 133, 116, 117, 135, 116, 135, 134, 117, 118, 136, 117, 136, 135, 118, 119, 137, 118, 137, 136, 119, 120, 138, 119, 138, 137, 120, 121, 139, 120, 139, 138, 121, 122, 140, 121, 140, 139, 122, 123, 141, 122, 141, 140, 123, 124, 142, 123, 142, 141, 124, 125, 143, 124, 143, 142, 126, 127, 145, 126, 145, 144, 127, 128, 146, 127, 146, 145, 128, 129, 147, 128, 147, 146, 129, 130, 148, 129, 148, 147, 130, 131, 149, 130, 149, 148, 131, 132, 150, 131, 150, 149, 132, 133, 151, 132, 151, 150, 133, 134, 152, 133, 152, 151, 134, 135, 153, 134, 153, 152, 135, 136, 154, 135, 154, 153, 136, 137, 155, 136, 155, 154, 137, 138, 156, 137, 156, 155, 138, 139, 157, 138, 157, 156, 139, 140, 158, 139, 158, 157, 140, 141, 159, 140, 159, 158, 141, 142, 160, 141, 160, 159, 142, 143, 161, 142, 161, 160, 144, 145, 163, 144, 163, 162, 145, 146, 164, 145, 164, 163, 146, 147, 165, 146, 165, 164, 147, 148, 166, 147, 166, 165, 148, 149, 167, 148, 167, 166, 149, 150, 168, 149, 168, 167, 150, 151, 169, 150, 169, 168, 151, 152, 170, 151, 170, 169, 152, 153, 171, 152, 171, 170, 153, 154, 172, 153, 172, 171, 154, 155, 173, 154, 173, 172, 155, 156, 174, 155, 174, 173, 156, 157, 175, 156, 175, 174, 157, 158, 176, 157, 176, 175, 158, 159, 177, 158, 177, 176, 159, 160, 178, 159, 178, 177, 160, 161, 179, 160, 179, 178, 162, 163, 181, 162, 181, 180, 163, 164, 182, 163, 182, 181, 164, 165, 183, 164, 183, 182, 165, 166, 184, 165, 184, 183, 166, 167, 185, 166, 185, 184, 167, 168, 186, 167, 186, 185, 168, 169, 187, 168, 187, 186, 169, 170, 188, 169, 188, 187, 170, 171, 189, 170, 189, 188, 171, 172, 190, 171, 190, 189, 172, 173, 191, 172, 191, 190, 173, 174, 192, 173, 192, 191, 174, 175, 193, 174, 193, 192, 175, 176, 194, 175, 194, 193, 176, 177, 195, 176, 195, 194, 177, 178, 196, 177, 196, 195, 178, 179, 197, 178, 197, 196, 180, 181, 199, 180, 199, 198, 181, 182, 200, 181, 200, 199, 182, 183, 201, 182, 201, 200, 183, 184, 202, 183, 202, 201, 184, 185, 203, 184, 203, 202, 185, 186, 204, 185, 204, 203, 186, 187, 205, 186, 205, 204, 187, 188, 206, 187, 206, 205, 188, 189, 207, 188, 207, 206, 189, 190, 208, 189, 208, 207, 190, 191, 209, 190, 209, 208, 191, 192, 210, 191, 210, 209, 192, 193, 211, 192, 211, 210, 193, 194, 212, 193, 212, 211, 194, 195, 213, 194, 213, 212, 195, 196, 214, 195, 214, 213, 196, 197, 215, 196, 215, 214, 198, 199, 217, 198, 217, 216, 199, 200, 218, 199, 218, 217, 200, 201, 219, 200, 219, 218, 201, 202, 220, 201, 220, 219, 202, 203, 221, 202, 221, 220, 203, 204, 222, 203, 222, 221, 204, 205, 223, 204, 223, 222, 205, 206, 224, 205, 224, 223, 206, 207, 225, 206, 225, 224, 207, 208, 226, 207, 226, 225, 208, 209, 227, 208, 227, 226, 209, 210, 228, 209, 228, 227, 210, 211, 229, 210, 229, 228, 211, 212, 230, 211, 230, 229, 212, 213, 231, 212, 231, 230, 213, 214, 232, 213, 232, 231, 214, 215, 233, 214, 233, 232, 216, 217, 235, 216, 235, 234, 217, 218, 236, 217, 236, 235, 218, 219, 237, 218, 237, 236, 219, 220, 238, 219, 238, 237, 220, 221, 239, 220, 239, 238, 221, 222, 240, 221, 240, 239, 222, 223, 241, 222, 241, 240, 223, 224, 242, 223, 242, 241, 224, 225, 243, 224, 243, 242, 225, 226, 244, 225, 244, 243, 226, 227, 245, 226, 245, 244, 227, 228, 246, 227, 246, 245, 228, 229, 247, 228, 247, 246, 229, 230, 248, 229, 248, 247, 230, 231, 249, 230, 249, 248, 231, 232, 250, 231, 250, 249, 232, 233, 251, 232, 251, 250, 234, 235, 253, 234, 253, 252, 235, 236, 254, 235, 254, 253, 236, 237, 255, 236, 255, 254, 237, 238, 256, 237, 256, 255, 238, 239, 257, 238, 257, 256, 239, 240, 258, 239, 258, 257, 240, 241, 259, 240, 259, 258, 241, 242, 260, 241, 260, 259, 242, 243, 261, 242, 261, 260, 243, 244, 262, 243, 262, 261, 244, 245, 263, 244, 263, 262, 245, 246, 264, 245, 264, 263, 246, 247, 265, 246, 265, 264, 247, 248, 266, 247, 266, 265, 248, 249, 267, 248, 267, 266, 249, 250, 268, 249, 268, 267, 250, 251, 269, 250, 269, 268, 252, 253, 271, 252, 271, 270, 253, 254, 272, 253, 272, 271, 254, 255, 273, 254, 273, 272, 255, 256, 274, 255, 274, 273, 256, 257, 275, 256, 275, 274, 257, 258, 276, 257, 276, 275, 258, 259, 277, 258, 277, 276, 259, 260, 278, 259, 278, 277, 260, 261, 279, 260, 279, 278, 261, 262, 280, 261, 280, 279, 262, 263, 281, 262, 281, 280, 263, 264, 282, 263, 282, 281, 264, 265, 283, 264, 283, 282, 265, 266, 284, 265, 284, 283, 266, 267, 285, 266, 285, 284, 267, 268, 286, 267, 286, 285, 268, 269, 287, 268, 287, 286, 270, 271, 289, 270, 289, 288, 271, 272, 290, 271, 290, 289, 272, 273, 291, 272, 291, 290, 273, 274, 292, 273, 292, 291, 274, 275, 293, 274, 293, 292, 275, 276, 294, 275, 294, 293, 276, 277, 295, 276, 295, 294, 277, 278, 296, 277, 296, 295, 278, 279, 297, 278, 297, 296, 279, 280, 298, 279, 298, 297, 280, 281, 299, 280, 299, 298, 281, 282, 300, 281, 300, 299, 282, 283, 301, 282, 301, 300, 283, 284, 302, 283, 302, 301, 284, 285, 303, 284, 303, 302, 285, 286, 304, 285, 304, 303, 286, 287, 305, 286, 305, 304, 288, 289, 307, 288, 307, 306, 289, 290, 308, 289, 308, 307, 290, 291, 309, 290, 309, 308, 291, 292, 310, 291, 310, 309, 292, 293, 311, 292, 311, 310, 293, 294, 312, 293, 312, 311, 294, 295, 313, 294, 313, 312, 295, 296, 314, 295, 314, 313, 296, 297, 315, 296, 315, 314, 297, 298, 316, 297, 316, 315, 298, 299, 317, 298, 317, 316, 299, 300, 318, 299, 318, 317, 300, 301, 319, 300, 319, 318, 301, 302, 320, 301, 320, 319, 302, 303, 321, 302, 321, 320, 303, 304, 322, 303, 322, 321, 304, 305, 323, 304, 323, 322, 306, 307, 325, 306, 325, 324, 307, 308, 326, 307, 326, 325, 308, 309, 327, 308, 327, 326, 309, 310, 328, 309, 328, 327, 310, 311, 329, 310, 329, 328, 311, 312, 330, 311, 330, 329, 312, 313, 331, 312, 331, 330, 313, 314, 332, 313, 332, 331, 314, 315, 333, 314, 333, 332, 315, 316, 334, 315, 334, 333, 316, 317, 335, 316, 335, 334, 317, 318, 336, 317, 336, 335, 318, 319, 337, 318, 337, 336, 319, 320, 338, 319, 338, 337, 320, 321, 339, 320, 339, 338, 321, 322, 340, 321, 340, 339, 322, 323, 341, 322, 341, 340, 324, 325, 343, 324, 343, 342, 325, 326, 344, 325, 344, 343, 326, 327, 345, 326, 345, 344, 327, 328, 346, 327, 346, 345, 328, 329, 347, 328, 347, 346, 329, 330, 348, 329, 348, 347, 330, 331, 349, 330, 349, 348, 331, 332, 350, 331, 350, 349, 332, 333, 351, 332, 351, 350, 333, 334, 352, 333, 352, 351, 334, 335, 353, 334, 353, 352, 335, 336, 354, 335, 354, 353, 336, 337, 355, 336, 355, 354, 337, 338, 356, 337, 356, 355, 338, 339, 357, 338, 357, 356, 339, 340, 358, 339, 358, 357, 340, 341, 359, 340, 359, 358, 342, 343, 361, 342, 361, 360, 343, 344, 362, 343, 362, 361, 344, 345, 363, 344, 363, 362, 345, 346, 364, 345, 364, 363, 346, 347, 365, 346, 365, 364, 347, 348, 366, 347, 366, 365, 348, 349, 367, 348, 367, 366, 349, 350, 368, 349, 368, 367, 350, 351, 369, 350, 369, 368, 351, 352, 370, 351, 370, 369, 352, 353, 371, 352, 371, 370, 353, 354, 372, 353, 372, 371, 354, 355, 373, 354, 373, 372, 355, 356, 374, 355, 374, 373, 356, 357, 375, 356, 375, 374, 357, 358, 376, 357, 376, 375, 358, 359, 377, 358, 377, 376, 360, 361, 379, 360, 379, 378, 361, 362, 380, 361, 380, 379, 362, 363, 381, 362, 381, 380, 363, 364, 382, 363, 382, 381, 364, 365, 383, 364, 383, 382, 365, 366, 384, 365, 384, 383, 366, 367, 385, 366, 385, 384, 367, 368, 386, 367, 386, 385, 368, 369, 387, 368, 387, 386, 369, 370, 388, 369, 388, 387, 370, 371, 389, 370, 389, 388, 371, 372, 390, 371, 390, 389, 372, 373, 391, 372, 391, 390, 373, 374, 392, 373, 392, 391, 374, 375, 393, 374, 393, 392, 375, 376, 394, 375, 394, 393, 376, 377, 395, 376, 395, 394, 378, 379, 397, 378, 397, 396, 379, 380, 398, 379, 398, 397, 380, 381, 399, 380, 399, 398, 381, 382, 400, 381, 400, 399, 382, 383, 401, 382, 401, 400, 383, 384, 402, 383, 402, 401, 384, 385, 403, 384, 403, 402, 385, 386, 404, 385, 404, 403, 386, 387, 405, 386, 405, 404, 387, 388, 406, 387, 406, 405, 388, 389, 407, 388, 407, 406, 389, 390, 408, 389, 408, 407, 390, 391, 409, 390, 409, 408, 391, 392, 410, 391, 410, 409, 392, 393, 411, 392, 411, 410, 393, 394, 412, 393, 412, 411, 394, 395, 413, 394, 413, 412, 396, 397, 415, 396, 415, 414, 397, 398, 416, 397, 416, 415, 398, 399, 417, 398, 417, 416, 399, 400, 418, 399, 418, 417, 400, 401, 419, 400, 419, 418, 401, 402, 420, 401, 420, 419, 402, 403, 421, 402, 421, 420, 403, 404, 422, 403, 422, 421, 404, 405, 423, 404, 423, 422, 405, 406, 424, 405, 424, 423, 406, 407, 425, 406, 425, 424, 407, 408, 426, 407, 426, 425, 408, 409, 427, 408, 427, 426, 409, 410, 428, 409, 428, 427, 410, 411, 429, 410, 429, 428, 411, 412, 430, 411, 430, 429, 412, 413, 431, 412, 431, 430, 414, 415, 433, 414, 433, 432, 415, 416, 434, 415, 434, 433, 416, 417, 435, 416, 435, 434, 417, 418, 436, 417, 436, 435, 418, 419, 437, 418, 437, 436, 419, 420, 438, 419, 438, 437, 420, 421, 439, 420, 439, 438, 421, 422, 440, 421, 440, 439, 422, 423, 441, 422, 441, 440, 423, 424, 442, 423, 442, 441, 424, 425, 443, 424, 443, 442, 425, 426, 444, 425, 444, 443, 426, 427, 445, 426, 445, 444, 427, 428, 446, 427, 446, 445, 428, 429, 447, 428, 447, 446, 429, 430, 448, 429, 448, 447, 430, 431, 449, 430, 449, 448, 432, 433, 451, 432, 451, 450, 433, 434, 452, 433, 452, 451, 434, 435, 453, 434, 453, 452, 435, 436, 454, 435, 454, 453, 436, 437, 455, 436, 455, 454, 437, 438, 456, 437, 456, 455, 438, 439, 457, 438, 457, 456, 439, 440, 458, 439, 458, 457, 440, 441, 459, 440, 459, 458, 441, 442, 460, 441, 460, 459, 442, 443, 461, 442, 461, 460, 443, 444, 462, 443, 462, 461, 444, 445, 463, 444, 463, 462, 445, 446, 464, 445, 464, 463, 446, 447, 465, 446, 465, 464, 447, 448, 466, 447, 466, 465, 448, 449, 467, 448, 467, 466, 450, 451, 469, 450, 469, 468, 451, 452, 470, 451, 470, 469, 452, 453, 471, 452, 471, 470, 453, 454, 472, 453, 472, 471, 454, 455, 473, 454, 473, 472, 455, 456, 474, 455, 474, 473, 456, 457, 475, 456, 475, 474, 457, 458, 476, 457, 476, 475, 458, 459, 477, 458, 477, 476, 459, 460, 478, 459, 478, 477, 460, 461, 479, 460, 479, 478, 461, 462, 480, 461, 480, 479, 462, 463, 481, 462, 481, 480, 463, 464, 482, 463, 482, 481, 464, 465, 483, 464, 483, 482, 465, 466, 484, 465, 484, 483, 466, 467, 485, 466, 485, 484, 468, 469, 487, 468, 487, 486, 469, 470, 488, 469, 488, 487, 470, 471, 489, 470, 489, 488, 471, 472, 490, 471, 490, 489, 472, 473, 491, 472, 491, 490, 473, 474, 492, 473, 492, 491, 474, 475, 493, 474, 493, 492, 475, 476, 494, 475, 494, 493, 476, 477, 495, 476, 495, 494, 477, 478, 496, 477, 496, 495, 478, 479, 497, 478, 497, 496, 479, 480, 498, 479, 498, 497, 480, 481, 499, 480, 499, 498, 481, 482, 500, 481, 500, 499, 482, 483, 501, 482, 501, 500, 483, 484, 502, 483, 502, 501, 484, 485, 503, 484, 503, 502, 486, 487, 505, 486, 505, 504, 487, 488, 506, 487, 506, 505, 488, 489, 507, 488, 507, 506, 489, 490, 508, 489, 508, 507, 490, 491, 509, 490, 509, 508, 491, 492, 510, 491, 510, 509, 492, 493, 511, 492, 511, 510, 493, 494, 512, 493, 512, 511, 494, 495, 513, 494, 513, 512, 495, 496, 514, 495, 514, 513, 496, 497, 515, 496, 515, 514, 497, 498, 516, 497, 516, 515, 498, 499, 517, 498, 517, 516, 499, 500, 518, 499, 518, 517, 500, 501, 519, 500, 519, 518, 501, 502, 520, 501, 520, 519, 502, 503, 521, 502, 521, 520, 504, 505, 523, 504, 523, 522, 505, 506, 524, 505, 524, 523, 506, 507, 525, 506, 525, 524, 507, 508, 526, 507, 526, 525, 508, 509, 527, 508, 527, 526, 509, 510, 528, 509, 528, 527, 510, 511, 529, 510, 529, 528, 511, 512, 530, 511, 530, 529, 512, 513, 531, 512, 531, 530, 513, 514, 532, 513, 532, 531, 514, 515, 533, 514, 533, 532, 515, 516, 534, 515, 534, 533, 516, 517, 535, 516, 535, 534, 517, 518, 536, 517, 536, 535, 518, 519, 537, 518, 537, 536, 519, 520, 538, 519, 538, 537, 520, 521, 539, 520, 539, 538, 522, 523, 541, 522, 541, 540, 523, 524, 542, 523, 542, 541, 524, 525, 543, 524, 543, 542, 525, 526, 544, 525, 544, 543, 526, 527, 545, 526, 545, 544, 527, 528, 546, 527, 546, 545, 528, 529, 547, 528, 547, 546, 529, 530, 548, 529, 548, 547, 530, 531, 549, 530, 549, 548, 531, 532, 550, 531, 550, 549, 532, 533, 551, 532, 551, 550, 533, 534, 552, 533, 552, 551, 534, 535, 553, 534, 553, 552, 535, 536, 554, 535, 554, 553, 536, 537, 555, 536, 555, 554, 537, 538, 556, 537, 556, 555, 538, 539, 557, 538, 557, 556, 540, 541, 559, 540, 559, 558, 541, 542, 560, 541, 560, 559, 542, 543, 561, 542, 561, 560, 543, 544, 562, 543, 562, 561, 544, 545, 563, 544, 563, 562, 545, 546, 564, 545, 564, 563, 546, 547, 565, 546, 565, 564, 547, 548, 566, 547, 566, 565, 548, 549, 567, 548, 567, 566, 549, 550, 568, 549, 568, 567, 550, 551, 569, 550, 569, 568, 551, 552, 570, 551, 570, 569, 552, 553, 571, 552, 571, 570, 553, 554, 572, 553, 572, 571, 554, 555, 573, 554, 573, 572, 555, 556, 574, 555, 574, 573, 556, 557, 575, 556, 575, 574, 558, 559, 577, 558, 577, 576, 559, 560, 578, 559, 578, 577, 560, 561, 579, 560, 579, 578, 561, 562, 580, 561, 580, 579, 562, 563, 581, 562, 581, 580, 563, 564, 582, 563, 582, 581, 564, 565, 583, 564, 583, 582, 565, 566, 584, 565, 584, 583, 566, 567, 585, 566, 585, 584, 567, 568, 586, 567, 586, 585, 568, 569, 587, 568, 587, 586, 569, 570, 588, 569, 588, 587, 570, 571, 589, 570, 589, 588, 571, 572, 590, 571, 590, 589, 572, 573, 591, 572, 591, 590, 573, 574, 592, 573, 592, 591, 574, 575, 593, 574, 593, 592, 576, 577, 595, 576, 595, 594, 577, 578, 596, 577, 596, 595, 578, 579, 597, 578, 597, 596, 579, 580, 598, 579, 598, 597, 580, 581, 599, 580, 599, 598, 581, 582, 600, 581, 600, 599, 582, 583, 601, 582, 601, 600, 583, 584, 602, 583, 602, 601, 584, 585, 603, 584, 603, 602, 585, 586, 604, 585, 604, 603, 586, 587, 605, 586, 605, 604, 587, 588, 606, 587, 606, 605, 588, 589, 607, 588, 607, 606, 589, 590, 608, 589, 608, 607, 590, 591, 609, 590, 609, 608, 591, 592, 610, 591, 610, 609, 592, 593, 611, 592, 611, 610, 594, 595, 613, 594, 613, 612, 595, 596, 614, 595, 614, 613, 596, 597, 615, 596, 615, 614, 597, 598, 616, 597, 616, 615, 598, 599, 617, 598, 617, 616, 599, 600, 618, 599, 618, 617, 600, 601, 619, 600, 619, 618, 601, 602, 620, 601, 620, 619, 602, 603, 621, 602, 621, 620, 603, 604, 622, 603, 622, 621, 604, 605, 623, 604, 623, 622, 605, 606, 624, 605, 624, 623, 606, 607, 625, 606, 625, 624, 607, 608, 626, 607, 626, 625, 608, 609, 627, 608, 627, 626, 609, 610, 628, 609, 628, 627, 610, 611, 629, 610, 629, 628, 612, 613, 631, 612, 631, 630, 613, 614, 632, 613, 632, 631, 614, 615, 633, 614, 633, 632, 615, 616, 634, 615, 634, 633, 616, 617, 635, 616, 635, 634, 617, 618, 636, 617, 636, 635, 618, 619, 637, 618, 637, 636, 619, 620, 638, 619, 638, 637, 620, 621, 639, 620, 639, 638, 621, 622, 640, 621, 640, 639, 622, 623, 641, 622, 641, 640, 623, 624, 642, 623, 642, 641, 624, 625, 643, 624, 643, 642, 625, 626, 644, 625, 644, 643, 626, 627, 645, 626, 645, 644, 627, 628, 646, 627, 646, 645, 628, 629, 647, 628, 647, 646]
            point3f[] points = [
            (0.003, -0.055, 0.00147434493),
            (0.005941176471, -0.055, 0.00100935247),
            (0.008882352941, -0.055, 0.0007245416666),
            (0.01182352941, -0.055, 0.0005500932599),
            (0.01476470588, -0.055, 0.0004432425147),
            (0.01770588235, -0.055, 0.000377795762),
            (0.02064705882, -0.055, 0.0003377092147),
            (0.02358823529, -0.055, 0.0003131559526),
            (0.02652941176, -0.055, 0.0002981169253),
            (0.02947058824, -0.055, 0.0002889054266),
            (0.03241176471, -0.055, 0.0002832633258),
            (0.03535294118, -0.055, 0.0002798075036),
            (0.03829411765, -0.055, 0.0002776907907),
            (0.04123529412, -0.055, 0.0002763942908),
            (0.04417647059, -0.055, 0.0002756001765),
            (0.04711764706, -0.055, 0.0002751137765),
            (0.05005882353, -0.055, 0.0002748158534),
            (0.053, -0.055, 0.0002746333737),
            (0.003, -0.05185714286, 0.001497541031),
            (0.005941176471, -0.05185714286, 0.001032548571),
            (0.008882352941, -0.05185714286, 0.0007477377676),
            (0.01182352941, -0.05185714286, 0.0005732893609),
            (0.01476470588, -0.05185714286, 0.0004664386158),
            (0.01770588235, -0.05185714286, 0.000400991863),
            (0.02064705882, -0.05185714286, 0.0003609053157),
            (0.02358823529, -0.05185714286, 0.0003363520536),
            (0.02652941176, -0.05185714286, 0.0003213130264),
            (0.02947058824, -0.05185714286, 0.0003121015276),
            (0.03241176471, -0.05185714286, 0.0003064594268),
            (0.03535294118, -0.05185714286, 0.0003030036046),
            (0.03829411765, -0.05185714286, 0.0003008868918),
            (0.04123529412, -0.05185714286, 0.0002995903919),
            (0.04417647059, -0.05185714286, 0.0002987962775),
            (0.04711764706, -0.05185714286, 0.0002983098775),
            (0.05005882353, -0.05185714286, 0.0002980119544),
            (0.053, -0.05185714286, 0.0002978294747),
            (0.003, -0.04871428571, 0.001519785158),
            (0.005941176471, -0.04871428571, 0.001054792698),
            (0.008882352941, -0.04871428571, 0.0007699818941),
            (0.01182352941, -0.04871428571, 0.0005955334874),
            (0.01476470588, -0.04871428571, 0.0004886827423),
            (0.01770588235, -0.04871428571, 0.0004232359895),
            (0.02064705882, -0.04871428571, 0.0003831494422),
            (0.02358823529, -0.04871428571, 0.0003585961802),
            (0.02652941176, -0.04871428571, 0.0003435571529),
            (0.02947058824, -0.04871428571, 0.0003343456541),
            (0.03241176471, -0.04871428571, 0.0003287035533),
            (0.03535294118, -0.04871428571, 0.0003252477311),
            (0.03829411765, -0.04871428571, 0.0003231310183),
            (0.04123529412, -0.04871428571, 0.0003218345184),
            (0.04417647059, -0.04871428571, 0.000321040404),
            (0.04711764706, -0.04871428571, 0.000320554004),
            (0.05005882353, -0.04871428571, 0.000320256081),
            (0.053, -0.04871428571, 0.0003200736012),
            (0.003, -0.04557142857, 0.00154100614),
            (0.005941176471, -0.04557142857, 0.00107601368),
            (0.008882352941, -0.04557142857, 0.0007912028766),
            (0.01182352941, -0.04557142857, 0.0006167544699),
            (0.01476470588, -0.04557142857, 0.0005099037248),
            (0.01770588235, -0.04557142857, 0.000444456972),
            (0.02064705882, -0.04557142857, 0.0004043704247),
            (0.02358823529, -0.04557142857, 0.0003798171626),
            (0.02652941176, -0.04557142857, 0.0003647781353),
            (0.02947058824, -0.04557142857, 0.0003555666366),
            (0.03241176471, -0.04557142857, 0.0003499245358),
            (0.03535294118, -0.04557142857, 0.0003464687136),
            (0.03829411765, -0.04557142857, 0.0003443520008),
            (0.04123529412, -0.04557142857, 0.0003430555009),
            (0.04417647059, -0.04557142857, 0.0003422613865),
            (0.04711764706, -0.04557142857, 0.0003417749865),
            (0.05005882353, -0.04557142857, 0.0003414770634),
            (0.053, -0.04557142857, 0.0003412945837),
            (0.003, -0.04242857143, 0.001561136083),
            (0.005941176471, -0.04242857143, 0.001096143623),
            (0.008882352941, -0.04242857143, 0.0008113328191),
            (0.01182352941, -0.04242857143, 0.0006368844124),
            (0.01476470588, -0.04242857143, 0.0005300336673),
            (0.01770588235, -0.04242857143, 0.0004645869145),
            (0.02064705882, -0.04242857143, 0.0004245003672),
            (0.02358823529, -0.04242857143, 0.0003999471052),
            (0.02652941176, -0.04242857143, 0.0003849080779),
            (0.02947058824, -0.04242857143, 0.0003756965791),
            (0.03241176471, -0.04242857143, 0.0003700544783),
            (0.03535294118, -0.04242857143, 0.0003665986561),
            (0.03829411765, -0.04242857143, 0.0003644819433),
            (0.04123529412, -0.04242857143, 0.0003631854434),
            (0.04417647059, -0.04242857143, 0.000362391329),
            (0.04711764706, -0.04242857143, 0.000361904929),
            (0.05005882353, -0.04242857143, 0.000361607006),
            (0.053, -0.04242857143, 0.0003614245262),
            (0.003, -0.03928571429, 0.00158011058),
            (0.005941176471, -0.03928571429, 0.00111511812),
            (0.008882352941, -0.03928571429, 0.0008303073164),
            (0.01182352941, -0.03928571429, 0.0006558589098),
            (0.01476470588, -0.03928571429, 0.0005490081646),
            (0.01770588235, -0.03928571429, 0.0004835614118),
            (0.02064705882, -0.03928571429, 0.0004434748646),
            (0.02358823529, -0.03928571429, 0.0004189216025),
            (0.02652941176, -0.03928571429, 0.0004038825752),
            (0.02947058824, -0.03928571429, 0.0003946710765),
            (0.03241176471, -0.03928571429, 0.0003890289756),
            (0.03535294118, -0.03928571429, 0.0003855731534),
            (0.03829411765, -0.03928571429, 0.0003834564406),
            (0.04123529412, -0.03928571429, 0.0003821599407),
            (0.04417647059, -0.03928571429, 0.0003813658264),
            (0.04711764706, -0.03928571429, 0.0003808794263),
            (0.05005882353, -0.03928571429, 0.0003805815033),
            (0.053, -0.03928571429, 0.0003803990235),
            (0.003, -0.03614285714, 0.001597868924),
            (0.005941176471, -0.03614285714, 0.001132876464),
            (0.008882352941, -0.03614285714, 0.0008480656602),
            (0.01182352941, -0.03614285714, 0.0006736172535),
            (0.01476470588, -0.03614285714, 0.0005667665083),
            (0.01770588235, -0.03614285714, 0.0005013197556),
            (0.02064705882, -0.03614285714, 0.0004612332083),
            (0.02358823529, -0.03614285714, 0.0004366799462),
            (0.02652941176, -0.03614285714, 0.0004216409189),
            (0.02947058824, -0.03614285714, 0.0004124294202),
            (0.03241176471, -0.03614285714, 0.0004067873194),
            (0.03535294118, -0.03614285714, 0.0004033314972),
            (0.03829411765, -0.03614285714, 0.0004012147843),
            (0.04123529412, -0.03614285714, 0.0003999182844),
            (0.04417647059, -0.03614285714, 0.0003991241701),
            (0.04711764706, -0.03614285714, 0.0003986377701),
            (0.05005882353, -0.03614285714, 0.000398339847),
            (0.053, -0.03614285714, 0.0003981573673),
            (0.003, -0.033, 0.001614354297),
            (0.005941176471, -0.033, 0.001149361836),
            (0.008882352941, -0.033, 0.000864551033),
            (0.01182352941, -0.033, 0.0006901026263),
            (0.01476470588, -0.033, 0.0005832518812),
            (0.01770588235, -0.033, 0.0005178051284),
            (0.02064705882, -0.033, 0.0004777185811),
            (0.02358823529, -0.033, 0.000453165319),
            (0.02652941176, -0.033, 0.0004381262917),
            (0.02947058824, -0.033, 0.000428914793),
            (0.03241176471, -0.033, 0.0004232726922),
            (0.03535294118, -0.033, 0.00041981687),
            (0.03829411765, -0.033, 0.0004177001572),
            (0.04123529412, -0.033, 0.0004164036573),
            (0.04417647059, -0.033, 0.0004156095429),
            (0.04711764706, -0.033, 0.0004151231429),
            (0.05005882353, -0.033, 0.0004148252198),
            (0.053, -0.033, 0.0004146427401),
            (0.003, -0.02985714286, 0.001629513954),
            (0.005941176471, -0.02985714286, 0.001164521494),
            (0.008882352941, -0.02985714286, 0.0008797106904),
            (0.01182352941, -0.02985714286, 0.0007052622837),
            (0.01476470588, -0.02985714286, 0.0005984115385),
            (0.01770588235, -0.02985714286, 0.0005329647858),
            (0.02064705882, -0.02985714286, 0.0004928782385),
            (0.02358823529, -0.02985714286, 0.0004683249764),
            (0.02652941176, -0.02985714286, 0.0004532859491),
            (0.02947058824, -0.02985714286, 0.0004440744504),
            (0.03241176471, -0.02985714286, 0.0004384323496),
            (0.03535294118, -0.02985714286, 0.0004349765274),
            (0.03829411765, -0.02985714286, 0.0004328598145),
            (0.04123529412, -0.02985714286, 0.0004315633146),
            (0.04417647059, -0.02985714286, 0.0004307692003),
            (0.04711764706, -0.02985714286, 0.0004302828003),
            (0.05005882353, -0.02985714286, 0.0004299848772),
            (0.053, -0.02985714286, 0.0004298023975),
            (0.003, -0.02671428571, 0.001643299393),
            (0.005941176471, -0.02671428571, 0.001178306933),
            (0.008882352941, -0.02671428571, 0.0008934961294),
            (0.01182352941, -0.02671428571, 0.0007190477227),
            (0.01476470588, -0.02671428571, 0.0006121969776),
            (0.01770588235, -0.02671428571, 0.0005467502248),
            (0.02064705882, -0.02671428571, 0.0005066636775),
            (0.02358823529, -0.02671428571, 0.0004821104155),
            (0.02652941176, -0.02671428571, 0.0004670713882),
            (0.02947058824, -0.02671428571, 0.0004578598895),
            (0.03241176471, -0.02671428571, 0.0004522177886),
            (0.03535294118, -0.02671428571, 0.0004487619664),
            (0.03829411765, -0.02671428571, 0.0004466452536),
            (0.04123529412, -0.02671428571, 0.0004453487537),
            (0.04417647059, -0.02671428571, 0.0004445546393),
            (0.04711764706, -0.02671428571, 0.0004440682393),
            (0.05005882353, -0.02671428571, 0.0004437703163),
            (0.053, -0.02671428571, 0.0004435878365),
            (0.003, -0.02357142857, 0.001655666508),
            (0.005941176471, -0.02357142857, 0.001190674047),
            (0.008882352941, -0.02357142857, 0.0009058632439),
            (0.01182352941, -0.02357142857, 0.0007314148373),
            (0.01476470588, -0.02357142857, 0.0006245640921),
            (0.01770588235, -0.02357142857, 0.0005591173394),
            (0.02064705882, -0.02357142857, 0.0005190307921),
            (0.02358823529, -0.02357142857, 0.00049447753),
            (0.02652941176, -0.02357142857, 0.0004794385027),
            (0.02947058824, -0.02357142857, 0.000470227004),
            (0.03241176471, -0.02357142857, 0.0004645849032),
            (0.03535294118, -0.02357142857, 0.0004611290809),
            (0.03829411765, -0.02357142857, 0.0004590123681),
            (0.04123529412, -0.02357142857, 0.0004577158682),
            (0.04417647059, -0.02357142857, 0.0004569217539),
            (0.04711764706, -0.02357142857, 0.0004564353539),
            (0.05005882353, -0.02357142857, 0.0004561374308),
            (0.053, -0.02357142857, 0.0004559549511),
            (0.003, -0.02042857143, 0.001666575729),
            (0.005941176471, -0.02042857143, 0.001201583269),
            (0.008882352941, -0.02042857143, 0.0009167724657),
            (0.01182352941, -0.02042857143, 0.0007423240591),
            (0.01476470588, -0.02042857143, 0.0006354733139),
            (0.01770588235, -0.02042857143, 0.0005700265612),
            (0.02064705882, -0.02042857143, 0.0005299400139),
            (0.02358823529, -0.02042857143, 0.0005053867518),
            (0.02652941176, -0.02042857143, 0.0004903477245),
            (0.02947058824, -0.02042857143, 0.0004811362258),
            (0.03241176471, -0.02042857143, 0.000475494125),
            (0.03535294118, -0.02042857143, 0.0004720383028),
            (0.03829411765, -0.02042857143, 0.0004699215899),
            (0.04123529412, -0.02042857143, 0.00046862509),
            (0.04417647059, -0.02042857143, 0.0004678309757),
            (0.04711764706, -0.02042857143, 0.0004673445757),
            (0.05005882353, -0.02042857143, 0.0004670466526),
            (0.053, -0.02042857143, 0.0004668641729),
            (0.003, -0.01728571429, 0.001675992155),
            (0.005941176471, -0.01728571429, 0.001210999695),
            (0.008882352941, -0.01728571429, 0.0009261888911),
            (0.01182352941, -0.01728571429, 0.0007517404844),
            (0.01476470588, -0.01728571429, 0.0006448897392),
            (0.01770588235, -0.01728571429, 0.0005794429865),
            (0.02064705882, -0.01728571429, 0.0005393564392),
            (0.02358823529, -0.01728571429, 0.0005148031771),
            (0.02652941176, -0.01728571429, 0.0004997641498),
            (0.02947058824, -0.01728571429, 0.0004905526511),
            (0.03241176471, -0.01728571429, 0.0004849105503),
            (0.03535294118, -0.01728571429, 0.0004814547281),
            (0.03829411765, -0.01728571429, 0.0004793380152),
            (0.04123529412, -0.01728571429, 0.0004780415153),
            (0.04417647059, -0.01728571429, 0.000477247401),
            (0.04711764706, -0.01728571429, 0.000476761001),
            (0.05005882353, -0.01728571429, 0.0004764630779),
            (0.053, -0.01728571429, 0.0004762805982),
            (0.003, -0.01414285714, 0.001683885656),
            (0.005941176471, -0.01414285714, 0.001218893196),
            (0.008882352941, -0.01414285714, 0.0009340823923),
            (0.01182352941, -0.01414285714, 0.0007596339856),
            (0.01476470588, -0.01414285714, 0.0006527832404),
            (0.01770588235, -0.01414285714, 0.0005873364877),
            (0.02064705882, -0.01414285714, 0.0005472499404),
            (0.02358823529, -0.01414285714, 0.0005226966783),
            (0.02652941176, -0.01414285714, 0.000507657651),
            (0.02947058824, -0.01414285714, 0.0004984461523),
            (0.03241176471, -0.01414285714, 0.0004928040515),
            (0.03535294118, -0.01414285714, 0.0004893482293),
            (0.03829411765, -0.01414285714, 0.0004872315164),
            (0.04123529412, -0.01414285714, 0.0004859350165),
            (0.04417647059, -0.01414285714, 0.0004851409022),
            (0.04711764706, -0.01414285714, 0.0004846545022),
            (0.05005882353, -0.01414285714, 0.0004843565791),
            (0.053, -0.01414285714, 0.0004841740994),
            (0.003, -0.011, 0.001690230978),
            (0.005941176471, -0.011, 0.001225238518),
            (0.008882352941, -0.011, 0.0009404277143),
            (0.01182352941, -0.011, 0.0007659793077),
            (0.01476470588, -0.011, 0.0006591285625),
            (0.01770588235, -0.011, 0.0005936818097),
            (0.02064705882, -0.011, 0.0005535952625),
            (0.02358823529, -0.011, 0.0005290420004),
            (0.02652941176, -0.011, 0.0005140029731),
            (0.02947058824, -0.011, 0.0005047914744),
            (0.03241176471, -0.011, 0.0004991493735),
            (0.03535294118, -0.011, 0.0004956935513),
            (0.03829411765, -0.011, 0.0004935768385),
            (0.04123529412, -0.011, 0.0004922803386),
            (0.04417647059, -0.011, 0.0004914862243),
            (0.04711764706, -0.011, 0.0004909998242),
            (0.05005882353, -0.011, 0.0004907019012),
            (0.053, -0.011, 0.0004905194214),
            (0.003, -0.007857142857, 0.001695007819),
            (0.005941176471, -0.007857142857, 0.001230015359),
            (0.008882352941, -0.007857142857, 0.0009452045555),
            (0.01182352941, -0.007857142857, 0.0007707561489),
            (0.01476470588, -0.007857142857, 0.0006639054037),
            (0.01770588235, -0.007857142857, 0.000598458651),
            (0.02064705882, -0.007857142857, 0.0005583721037),
            (0.02358823529, -0.007857142857, 0.0005338188416),
            (0.02652941176, -0.007857142857, 0.0005187798143),
            (0.02947058824, -0.007857142857, 0.0005095683156),
            (0.03241176471, -0.007857142857, 0.0005039262148),
            (0.03535294118, -0.007857142857, 0.0005004703925),
            (0.03829411765, -0.007857142857, 0.0004983536797),
            (0.04123529412, -0.007857142857, 0.0004970571798),
            (0.04417647059, -0.007857142857, 0.0004962630655),
            (0.04711764706, -0.007857142857, 0.0004957766655),
            (0.05005882353, -0.007857142857, 0.0004954787424),
            (0.053, -0.007857142857, 0.0004952962626),
            (0.003, -0.004714285714, 0.001698200896),
            (0.005941176471, -0.004714285714, 0.001233208436),
            (0.008882352941, -0.004714285714, 0.0009483976325),
            (0.01182352941, -0.004714285714, 0.0007739492259),
            (0.01476470588, -0.004714285714, 0.0006670984807),
            (0.01770588235, -0.004714285714, 0.000601651728),
            (0.02064705882, -0.004714285714, 0.0005615651807),
            (0.02358823529, -0.004714285714, 0.0005370119186),
            (0.02652941176, -0.004714285714, 0.0005219728913),
            (0.02947058824, -0.004714285714, 0.0005127613926),
            (0.03241176471, -0.004714285714, 0.0005071192918),
            (0.03535294118, -0.004714285714, 0.0005036634696),
            (0.03829411765, -0.004714285714, 0.0005015467567),
            (0.04123529412, -0.004714285714, 0.0005002502568),
            (0.04417647059, -0.004714285714, 0.0004994561425),
            (0.04711764706, -0.004714285714, 0.0004989697425),
            (0.05005882353, -0.004714285714, 0.0004986718194),
            (0.053, -0.004714285714, 0.0004984893397),
            (0.003, -0.001571428571, 0.001699799993),
            (0.005941176471, -0.001571428571, 0.001234807533),
            (0.008882352941, -0.001571428571, 0.0009499967292),
            (0.01182352941, -0.001571428571, 0.0007755483225),
            (0.01476470588, -0.001571428571, 0.0006686975774),
            (0.01770588235, -0.001571428571, 0.0006032508246),
            (0.02064705882, -0.001571428571, 0.0005631642773),
            (0.02358823529, -0.001571428571, 0.0005386110152),
            (0.02652941176, -0.001571428571, 0.000523571988),
            (0.02947058824, -0.001571428571, 0.0005143604892),
            (0.03241176471, -0.001571428571, 0.0005087183884),
            (0.03535294118, -0.001571428571, 0.0005052625662),
            (0.03829411765, -0.001571428571, 0.0005031458534),
            (0.04123529412, -0.001571428571, 0.0005018493535),
            (0.04417647059, -0.001571428571, 0.0005010552391),
            (0.04711764706, -0.001571428571, 0.0005005688391),
            (0.05005882353, -0.001571428571, 0.0005002709161),
            (0.053, -0.001571428571, 0.0005000884363),
            (0.003, 0.001571428571, 0.001699799993),
            (0.005941176471, 0.001571428571, 0.001234807533),
            (0.008882352941, 0.001571428571, 0.0009499967292),
            (0.01182352941, 0.001571428571, 0.0007755483225),
            (0.01476470588, 0.001571428571, 0.0006686975774),
            (0.01770588235, 0.001571428571, 0.0006032508246),
            (0.02064705882, 0.001571428571, 0.0005631642773),
            (0.02358823529, 0.001571428571, 0.0005386110152),
            (0.02652941176, 0.001571428571, 0.000523571988),
            (0.02947058824, 0.001571428571, 0.0005143604892),
            (0.03241176471, 0.001571428571, 0.0005087183884),
            (0.03535294118, 0.001571428571, 0.0005052625662),
            (0.03829411765, 0.001571428571, 0.0005031458534),
            (0.04123529412, 0.001571428571, 0.0005018493535),
            (0.04417647059, 0.001571428571, 0.0005010552391),
            (0.04711764706, 0.001571428571, 0.0005005688391),
            (0.05005882353, 0.001571428571, 0.0005002709161),
            (0.053, 0.001571428571, 0.0005000884363),
            (0.003, 0.004714285714, 0.001698200896),
            (0.005941176471, 0.004714285714, 0.001233208436),
            (0.008882352941, 0.004714285714, 0.0009483976325),
            (0.01182352941, 0.004714285714, 0.0007739492259),
            (0.01476470588, 0.004714285714, 0.0006670984807),
            (0.01770588235, 0.004714285714, 0.000601651728),
            (0.02064705882, 0.004714285714, 0.0005615651807),
            (0.02358823529, 0.004714285714, 0.0005370119186),
            (0.02652941176, 0.004714285714, 0.0005219728913),
            (0.02947058824, 0.004714285714, 0.0005127613926),
            (0.03241176471, 0.004714285714, 0.0005071192918),
            (0.03535294118, 0.004714285714, 0.0005036634696),
            (0.03829411765, 0.004714285714, 0.0005015467567),
            (0.04123529412, 0.004714285714, 0.0005002502568),
            (0.04417647059, 0.004714285714, 0.0004994561425),
            (0.04711764706, 0.004714285714, 0.0004989697425),
            (0.05005882353, 0.004714285714, 0.0004986718194),
            (0.053, 0.004714285714, 0.0004984893397),
            (0.003, 0.007857142857, 0.001695007819),
            (0.005941176471, 0.007857142857, 0.001230015359),
            (0.008882352941, 0.007857142857, 0.0009452045555),
            (0.01182352941, 0.007857142857, 0.0007707561489),
            (0.01476470588, 0.007857142857, 0.0006639054037),
            (0.01770588235, 0.007857142857, 0.000598458651),
            (0.02064705882, 0.007857142857, 0.0005583721037),
            (0.02358823529, 0.007857142857, 0.0005338188416),
            (0.02652941176, 0.007857142857, 0.0005187798143),
            (0.02947058824, 0.007857142857, 0.0005095683156),
            (0.03241176471, 0.007857142857, 0.0005039262148),
            (0.03535294118, 0.007857142857, 0.0005004703925),
            (0.03829411765, 0.007857142857, 0.0004983536797),
            (0.04123529412, 0.007857142857, 0.0004970571798),
            (0.04417647059, 0.007857142857, 0.0004962630655),
            (0.04711764706, 0.007857142857, 0.0004957766655),
            (0.05005882353, 0.007857142857, 0.0004954787424),
            (0.053, 0.007857142857, 0.0004952962626),
            (0.003, 0.011, 0.001690230978),
            (0.005941176471, 0.011, 0.001225238518),
            (0.008882352941, 0.011, 0.0009404277143),
            (0.01182352941, 0.011, 0.0007659793077),
            (0.01476470588, 0.011, 0.0006591285625),
            (0.01770588235, 0.011, 0.0005936818097),
            (0.02064705882, 0.011, 0.0005535952625),
            (0.02358823529, 0.011, 0.0005290420004),
            (0.02652941176, 0.011, 0.0005140029731),
            (0.02947058824, 0.011, 0.0005047914744),
            (0.03241176471, 0.011, 0.0004991493735),
            (0.03535294118, 0.011, 0.0004956935513),
            (0.03829411765, 0.011, 0.0004935768385),
            (0.04123529412, 0.011, 0.0004922803386),
            (0.04417647059, 0.011, 0.0004914862243),
            (0.04711764706, 0.011, 0.0004909998242),
            (0.05005882353, 0.011, 0.0004907019012),
            (0.053, 0.011, 0.0004905194214),
            (0.003, 0.01414285714, 0.001683885656),
            (0.005941176471, 0.01414285714, 0.001218893196),
            (0.008882352941, 0.01414285714, 0.0009340823923),
            (0.01182352941, 0.01414285714, 0.0007596339856),
            (0.01476470588, 0.01414285714, 0.0006527832404),
            (0.01770588235, 0.01414285714, 0.0005873364877),
            (0.02064705882, 0.01414285714, 0.0005472499404),
            (0.02358823529, 0.01414285714, 0.0005226966783),
            (0.02652941176, 0.01414285714, 0.000507657651),
            (0.02947058824, 0.01414285714, 0.0004984461523),
            (0.03241176471, 0.01414285714, 0.0004928040515),
            (0.03535294118, 0.01414285714, 0.0004893482293),
            (0.03829411765, 0.01414285714, 0.0004872315164),
            (0.04123529412, 0.01414285714, 0.0004859350165),
            (0.04417647059, 0.01414285714, 0.0004851409022),
            (0.04711764706, 0.01414285714, 0.0004846545022),
            (0.05005882353, 0.01414285714, 0.0004843565791),
            (0.053, 0.01414285714, 0.0004841740994),
            (0.003, 0.01728571429, 0.001675992155),
            (0.005941176471, 0.01728571429, 0.001210999695),
            (0.008882352941, 0.01728571429, 0.0009261888911),
            (0.01182352941, 0.01728571429, 0.0007517404844),
            (0.01476470588, 0.01728571429, 0.0006448897392),
            (0.01770588235, 0.01728571429, 0.0005794429865),
            (0.02064705882, 0.01728571429, 0.0005393564392),
            (0.02358823529, 0.01728571429, 0.0005148031771),
            (0.02652941176, 0.01728571429, 0.0004997641498),
            (0.02947058824, 0.01728571429, 0.0004905526511),
            (0.03241176471, 0.01728571429, 0.0004849105503),
            (0.03535294118, 0.01728571429, 0.0004814547281),
            (0.03829411765, 0.01728571429, 0.0004793380152),
            (0.04123529412, 0.01728571429, 0.0004780415153),
            (0.04417647059, 0.01728571429, 0.000477247401),
            (0.04711764706, 0.01728571429, 0.000476761001),
            (0.05005882353, 0.01728571429, 0.0004764630779),
            (0.053, 0.01728571429, 0.0004762805982),
            (0.003, 0.02042857143, 0.001666575729),
            (0.005941176471, 0.02042857143, 0.001201583269),
            (0.008882352941, 0.02042857143, 0.0009167724657),
            (0.01182352941, 0.02042857143, 0.0007423240591),
            (0.01476470588, 0.02042857143, 0.0006354733139),
            (0.01770588235, 0.02042857143, 0.0005700265612),
            (0.02064705882, 0.02042857143, 0.0005299400139),
            (0.02358823529, 0.02042857143, 0.0005053867518),
            (0.02652941176, 0.02042857143, 0.0004903477245),
            (0.02947058824, 0.02042857143, 0.0004811362258),
            (0.03241176471, 0.02042857143, 0.000475494125),
            (0.03535294118, 0.02042857143, 0.0004720383028),
            (0.03829411765, 0.02042857143, 0.0004699215899),
            (0.04123529412, 0.02042857143, 0.00046862509),
            (0.04417647059, 0.02042857143, 0.0004678309757),
            (0.04711764706, 0.02042857143, 0.0004673445757),
            (0.05005882353, 0.02042857143, 0.0004670466526),
            (0.053, 0.02042857143, 0.0004668641729),
            (0.003, 0.02357142857, 0.001655666508),
            (0.005941176471, 0.02357142857, 0.001190674047),
            (0.008882352941, 0.02357142857, 0.0009058632439),
            (0.01182352941, 0.02357142857, 0.0007314148373),
            (0.01476470588, 0.02357142857, 0.0006245640921),
            (0.01770588235, 0.02357142857, 0.0005591173394),
            (0.02064705882, 0.02357142857, 0.0005190307921),
            (0.02358823529, 0.02357142857, 0.00049447753),
            (0.02652941176, 0.02357142857, 0.0004794385027),
            (0.02947058824, 0.02357142857, 0.000470227004),
            (0.03241176471, 0.02357142857, 0.0004645849032),
            (0.03535294118, 0.02357142857, 0.0004611290809),
            (0.03829411765, 0.02357142857, 0.0004590123681),
            (0.04123529412, 0.02357142857, 0.0004577158682),
            (0.04417647059, 0.02357142857, 0.0004569217539),
            (0.04711764706, 0.02357142857, 0.0004564353539),
            (0.05005882353, 0.02357142857, 0.0004561374308),
            (0.053, 0.02357142857, 0.0004559549511),
            (0.003, 0.02671428571, 0.001643299393),
            (0.005941176471, 0.02671428571, 0.001178306933),
            (0.008882352941, 0.02671428571, 0.0008934961294),
            (0.01182352941, 0.02671428571, 0.0007190477227),
            (0.01476470588, 0.02671428571, 0.0006121969776),
            (0.01770588235, 0.02671428571, 0.0005467502248),
            (0.02064705882, 0.02671428571, 0.0005066636775),
            (0.02358823529, 0.02671428571, 0.0004821104155),
            (0.02652941176, 0.02671428571, 0.0004670713882),
            (0.02947058824, 0.02671428571, 0.0004578598895),
            (0.03241176471, 0.02671428571, 0.0004522177886),
            (0.03535294118, 0.02671428571, 0.0004487619664),
            (0.03829411765, 0.02671428571, 0.0004466452536),
            (0.04123529412, 0.02671428571, 0.0004453487537),
            (0.04417647059, 0.02671428571, 0.0004445546393),
            (0.04711764706, 0.02671428571, 0.0004440682393),
            (0.05005882353, 0.02671428571, 0.0004437703163),
            (0.053, 0.02671428571, 0.0004435878365),
            (0.003, 0.02985714286, 0.001629513954),
            (0.005941176471, 0.02985714286, 0.001164521494),
            (0.008882352941, 0.02985714286, 0.0008797106904),
            (0.01182352941, 0.02985714286, 0.0007052622837),
            (0.01476470588, 0.02985714286, 0.0005984115385),
            (0.01770588235, 0.02985714286, 0.0005329647858),
            (0.02064705882, 0.02985714286, 0.0004928782385),
            (0.02358823529, 0.02985714286, 0.0004683249764),
            (0.02652941176, 0.02985714286, 0.0004532859491),
            (0.02947058824, 0.02985714286, 0.0004440744504),
            (0.03241176471, 0.02985714286, 0.0004384323496),
            (0.03535294118, 0.02985714286, 0.0004349765274),
            (0.03829411765, 0.02985714286, 0.0004328598145),
            (0.04123529412, 0.02985714286, 0.0004315633146),
            (0.04417647059, 0.02985714286, 0.0004307692003),
            (0.04711764706, 0.02985714286, 0.0004302828003),
            (0.05005882353, 0.02985714286, 0.0004299848772),
            (0.053, 0.02985714286, 0.0004298023975),
            (0.003, 0.033, 0.001614354297),
            (0.005941176471, 0.033, 0.001149361836),
            (0.008882352941, 0.033, 0.000864551033),
            (0.01182352941, 0.033, 0.0006901026263),
            (0.01476470588, 0.033, 0.0005832518812),
            (0.01770588235, 0.033, 0.0005178051284),
            (0.02064705882, 0.033, 0.0004777185811),
            (0.02358823529, 0.033, 0.000453165319),
            (0.02652941176, 0.033, 0.0004381262917),
            (0.02947058824, 0.033, 0.000428914793),
            (0.03241176471, 0.033, 0.0004232726922),
            (0.03535294118, 0.033, 0.00041981687),
            (0.03829411765, 0.033, 0.0004177001572),
            (0.04123529412, 0.033, 0.0004164036573),
            (0.04417647059, 0.033, 0.0004156095429),
            (0.04711764706, 0.033, 0.0004151231429),
            (0.05005882353, 0.033, 0.0004148252198),
            (0.053, 0.033, 0.0004146427401),
            (0.003, 0.03614285714, 0.001597868924),
            (0.005941176471, 0.03614285714, 0.001132876464),
            (0.008882352941, 0.03614285714, 0.0008480656602),
            (0.01182352941, 0.03614285714, 0.0006736172535),
            (0.01476470588, 0.03614285714, 0.0005667665083),
            (0.01770588235, 0.03614285714, 0.0005013197556),
            (0.02064705882, 0.03614285714, 0.0004612332083),
            (0.02358823529, 0.03614285714, 0.0004366799462),
            (0.02652941176, 0.03614285714, 0.0004216409189),
            (0.02947058824, 0.03614285714, 0.0004124294202),
            (0.03241176471, 0.03614285714, 0.0004067873194),
            (0.03535294118, 0.03614285714, 0.0004033314972),
            (0.03829411765, 0.03614285714, 0.0004012147843),
            (0.04123529412, 0.03614285714, 0.0003999182844),
            (0.04417647059, 0.03614285714, 0.0003991241701),
            (0.04711764706, 0.03614285714, 0.0003986377701),
            (0.05005882353, 0.03614285714, 0.000398339847),
            (0.053, 0.03614285714, 0.0003981573673),
            (0.003, 0.03928571429, 0.00158011058),
            (0.005941176471, 0.03928571429, 0.00111511812),
            (0.008882352941, 0.03928571429, 0.0008303073164),
            (0.01182352941, 0.03928571429, 0.0006558589098),
            (0.01476470588, 0.03928571429, 0.0005490081646),
            (0.01770588235, 0.03928571429, 0.0004835614118),
            (0.02064705882, 0.03928571429, 0.0004434748646),
            (0.02358823529, 0.03928571429, 0.0004189216025),
            (0.02652941176, 0.03928571429, 0.0004038825752),
            (0.02947058824, 0.03928571429, 0.0003946710765),
            (0.03241176471, 0.03928571429, 0.0003890289756),
            (0.03535294118, 0.03928571429, 0.0003855731534),
            (0.03829411765, 0.03928571429, 0.0003834564406),
            (0.04123529412, 0.03928571429, 0.0003821599407),
            (0.04417647059, 0.03928571429, 0.0003813658264),
            (0.04711764706, 0.03928571429, 0.0003808794263),
            (0.05005882353, 0.03928571429, 0.0003805815033),
            (0.053, 0.03928571429, 0.0003803990235),
            (0.003, 0.04242857143, 0.001561136083),
            (0.005941176471, 0.04242857143, 0.001096143623),
            (0.008882352941, 0.04242857143, 0.0008113328191),
            (0.01182352941, 0.04242857143, 0.0006368844124),
            (0.01476470588, 0.04242857143, 0.0005300336673),
            (0.01770588235, 0.04242857143, 0.0004645869145),
            (0.02064705882, 0.04242857143, 0.0004245003672),
            (0.02358823529, 0.04242857143, 0.0003999471052),
            (0.02652941176, 0.04242857143, 0.0003849080779),
            (0.02947058824, 0.04242857143, 0.0003756965791),
            (0.03241176471, 0.04242857143, 0.0003700544783),
            (0.03535294118, 0.04242857143, 0.0003665986561),
            (0.03829411765, 0.04242857143, 0.0003644819433),
            (0.04123529412, 0.04242857143, 0.0003631854434),
            (0.04417647059, 0.04242857143, 0.000362391329),
            (0.04711764706, 0.04242857143, 0.000361904929),
            (0.05005882353, 0.04242857143, 0.000361607006),
            (0.053, 0.04242857143, 0.0003614245262),
            (0.003, 0.04557142857, 0.00154100614),
            (0.005941176471, 0.04557142857, 0.00107601368),
            (0.008882352941, 0.04557142857, 0.0007912028766),
            (0.01182352941, 0.04557142857, 0.0006167544699),
            (0.01476470588, 0.04557142857, 0.0005099037248),
            (0.01770588235, 0.04557142857, 0.000444456972),
            (0.02064705882, 0.04557142857, 0.0004043704247),
            (0.02358823529, 0.04557142857, 0.0003798171626),
            (0.02652941176, 0.04557142857, 0.0003647781353),
            (0.02947058824, 0.04557142857, 0.0003555666366),
            (0.03241176471, 0.04557142857, 0.0003499245358),
            (0.03535294118, 0.04557142857, 0.0003464687136),
            (0.03829411765, 0.04557142857, 0.0003443520008),
            (0.04123529412, 0.04557142857, 0.0003430555009),
            (0.04417647059, 0.04557142857, 0.0003422613865),
            (0.04711764706, 0.04557142857, 0.0003417749865),
            (0.05005882353, 0.04557142857, 0.0003414770634),
            (0.053, 0.04557142857, 0.0003412945837),
            (0.003, 0.04871428571, 0.001519785158),
            (0.005941176471, 0.04871428571, 0.001054792698),
            (0.008882352941, 0.04871428571, 0.0007699818941),
            (0.01182352941, 0.04871428571, 0.0005955334874),
            (0.01476470588, 0.04871428571, 0.0004886827423),
            (0.01770588235, 0.04871428571, 0.0004232359895),
            (0.02064705882, 0.04871428571, 0.0003831494422),
            (0.02358823529, 0.04871428571, 0.0003585961802),
            (0.02652941176, 0.04871428571, 0.0003435571529),
            (0.02947058824, 0.04871428571, 0.0003343456541),
            (0.03241176471, 0.04871428571, 0.0003287035533),
            (0.03535294118, 0.04871428571, 0.0003252477311),
            (0.03829411765, 0.04871428571, 0.0003231310183),
            (0.04123529412, 0.04871428571, 0.0003218345184),
            (0.04417647059, 0.04871428571, 0.000321040404),
            (0.04711764706, 0.04871428571, 0.000320554004),
            (0.05005882353, 0.04871428571, 0.000320256081),
            (0.053, 0.04871428571, 0.0003200736012),
            (0.003, 0.05185714286, 0.001497541031),
            (0.005941176471, 0.05185714286, 0.001032548571),
            (0.008882352941, 0.05185714286, 0.0007477377676),
            (0.01182352941, 0.05185714286, 0.0005732893609),
            (0.01476470588, 0.05185714286, 0.0004664386158),
            (0.01770588235, 0.05185714286, 0.000400991863),
            (0.02064705882, 0.05185714286, 0.0003609053157),
            (0.02358823529, 0.05185714286, 0.0003363520536),
            (0.02652941176, 0.05185714286, 0.0003213130264),
            (0.02947058824, 0.05185714286, 0.0003121015276),
            (0.03241176471, 0.05185714286, 0.0003064594268),
            (0.03535294118, 0.05185714286, 0.0003030036046),
            (0.03829411765, 0.05185714286, 0.0003008868918),
            (0.04123529412, 0.05185714286, 0.0002995903919),
            (0.04417647059, 0.05185714286, 0.0002987962775),
            (0.04711764706, 0.05185714286, 0.0002983098775),
            (0.05005882353, 0.05185714286, 0.0002980119544),
            (0.053, 0.05185714286, 0.0002978294747),
            (0.003, 0.055, 0.00147434493),
            (0.005941176471, 0.055, 0.00100935247),
            (0.008882352941, 0.055, 0.0007245416666),
            (0.01182352941, 0.055, 0.0005500932599),
            (0.01476470588, 0.055, 0.0004432425147),
            (0.01770588235, 0.055, 0.000377795762),
            (0.02064705882, 0.055, 0.0003377092147),
            (0.02358823529, 0.055, 0.0003131559526),
            (0.02652941176, 0.055, 0.0002981169253),
            (0.02947058824, 0.055, 0.0002889054266),
            (0.03241176471, 0.055, 0.0002832633258),
            (0.03535294118, 0.055, 0.0002798075036),
            (0.03829411765, 0.055, 0.0002776907907),
            (0.04123529412, 0.055, 0.0002763942908),
            (0.04417647059, 0.055, 0.0002756001765),
            (0.04711764706, 0.055, 0.0002751137765),
            (0.05005882353, 0.055, 0.0002748158534),
            (0.053, 0.055, 0.0002746333737)
            ]
            normal3f[] normals = [
            (0.156153764, -0.007289839726, 0.9877058571),
            (0.1263075927, -0.007321268075, 0.9919641078),
            (0.07780123631, -0.007358005856, 0.9969417372),
            (0.04775612468, -0.007371955767, 0.9988318211),
            (0.02927480647, -0.007377213367, 0.9995441773),
            (0.01793658974, -0.007379189282, 0.9998118955),
            (0.01098759206, -0.00737993107, 0.9999124009),
            (0.006730284693, -0.007380209434, 0.9999501166),
            (0.004122418877, -0.007380313877, 0.9999642677),
            (0.002525026973, -0.007380353061, 0.9999695769),
            (0.001546600031, -0.007380367762, 0.9999715687),
            (0.0009473036671, -0.007380373278, 0.999972316),
            (0.0005802298701, -0.007380375347, 0.9999725963),
            (0.000355394573, -0.007380376123, 0.9999727015),
            (0.0002176814524, -0.007380376414, 0.999972741),
            (0.0001333312722, -0.007380376524, 0.9999727558),
            (8.166624724e-05, -0.007380376565, 0.9999727613),
            (6.204142555e-05, -0.007380376575, 0.9999727627),
            (0.1561539327, -0.007140151235, 0.9877069239),
            (0.1263258352, -0.007171045928, 0.9919628821),
            (0.07780825731, -0.007207035222, 0.9969422921),
            (0.0477587999, -0.007220697046, 0.9988327981),
            (0.02927582562, -0.007225844413, 0.9995452532),
            (0.01793698019, -0.007227778058, 0.9998129945),
            (0.01098774331, -0.007228503502, 0.9999135054),
            (0.006730344331, -0.007228775451, 0.9999512224),
            (0.004122443019, -0.007228877316, 0.9999653738),
            (0.002525037113, -0.00722891543, 0.9999706831),
            (0.001546604498, -0.007228929665, 0.9999726749),
            (0.0009473057491, -0.007228934967, 0.9999734222),
            (0.0005802308999, -0.007228936932, 0.9999737026),
            (0.0003553951117, -0.007228937655, 0.9999738077),
            (0.0002176817478, -0.007228937917, 0.9999738472),
            (0.0001333314402, -0.00722893801, 0.999973862),
            (8.166634527e-05, -0.007228938041, 0.9999738676),
            (6.204149418e-05, -0.007228938081, 0.999973869),
            (0.1561542712, -0.006829802377, 0.9877090652),
            (0.1263261382, -0.006859363502, 0.9919650477),
            (0.07780843947, -0.006893788184, 0.9969444932),
            (0.0477589097, -0.006906855921, 0.9988350123),
            (0.02927589209, -0.006911779366, 0.9995474723),
            (0.01793702059, -0.006913628839, 0.9998152154),
            (0.01098776794, -0.006914322672, 0.999915727),
            (0.006730359364, -0.006914582751, 0.9999534443),
            (0.004122452209, -0.006914680158, 0.9999675958),
            (0.002525042734, -0.006914716596, 0.9999729051),
            (0.001546607939, -0.006914730201, 0.9999748969),
            (0.0009473078557, -0.006914735266, 0.9999756442),
            (0.0005802321898, -0.006914737141, 0.9999759246),
            (0.0003553959017, -0.00691473783, 0.9999760298),
            (0.0002176822316, -0.006914738079, 0.9999760692),
            (0.0001333317365, -0.006914738167, 0.999976084),
            (8.166652675e-05, -0.006914738196, 0.9999760896),
            (6.204163205e-05, -0.006914738236, 0.999976091),
            (0.1561546169, -0.006497601716, 0.9877112517),
            (0.1263264457, -0.006525733423, 0.9919672595),
            (0.07780862478, -0.006558483406, 0.9969467409),
            (0.04775902156, -0.006570915287, 0.9988372735),
            (0.02927595987, -0.006575599085, 0.9995497385),
            (0.01793706181, -0.006577358487, 0.9998174834),
            (0.01098779306, -0.006578018501, 0.9999179957),
            (0.006730374711, -0.006578265885, 0.9999557133),
            (0.004122461591, -0.006578358526, 0.9999698648),
            (0.002525048475, -0.006578393175, 0.9999751741),
            (0.001546611452, -0.006578406107, 0.999977166),
            (0.0009473100067, -0.006578410919, 0.9999779133),
            (0.000580233507, -0.006578412699, 0.9999781937),
            (0.0003553967083, -0.006578413352, 0.9999782989),
            (0.0002176827256, -0.006578413587, 0.9999783383),
            (0.0001333320391, -0.00657841367, 0.9999783531),
            (8.166671208e-05, -0.006578413697, 0.9999783587),
            (6.204177283e-05, -0.006578413738, 0.9999783601),
            (0.1561549653, -0.006144611822, 0.9877134557),
            (0.1263267541, -0.00617122281, 0.991969489),
            (0.07780881098, -0.006202193363, 0.9969490066),
            (0.04775913408, -0.006213949652, 0.9988395527),
            (0.02927602811, -0.006218378845, 0.9995520226),
            (0.01793710333, -0.006220042565, 0.9998197695),
            (0.01098781838, -0.006220666658, 0.9999202824),
            (0.006730390174, -0.006220900563, 0.9999580002),
            (0.004122471047, -0.006220988146, 0.9999721519),
            (0.00252505426, -0.006221020897, 0.9999774612),
            (0.001546614993, -0.006221033118, 0.9999794532),
            (0.0009473121748, -0.006221037662, 0.9999802004),
            (0.0005802348346, -0.006221039342, 0.9999804808),
            (0.0003553975214, -0.006221039957, 0.999980586),
            (0.0002176832236, -0.006221040179, 0.9999806254),
            (0.0001333323441, -0.006221040256, 0.9999806403),
            (8.166689887e-05, -0.006221040281, 0.9999806458),
            (6.204191473e-05, -0.006221040321, 0.9999806472),
            (0.1561553121, -0.005771961804, 0.9877156488),
            (0.1263270598, -0.005796965635, 0.9919717078),
            (0.07780899577, -0.005826057714, 0.9969512612),
            (0.04775924587, -0.005837100836, 0.9988418207),
            (0.02927609595, -0.005841261279, 0.9995542956),
            (0.01793714461, -0.005842824012, 0.9998220443),
            (0.01098784356, -0.005843410199, 0.9999225579),
            (0.006730405559, -0.005843629883, 0.999960276),
            (0.004122480454, -0.005843712132, 0.9999744278),
            (0.002525060016, -0.005843742884, 0.9999797372),
            (0.001546618517, -0.005843754355, 0.9999817291),
            (0.0009473143322, -0.005843758618, 0.9999824764),
            (0.0005802361557, -0.005843760193, 0.9999827567),
            (0.0003553983304, -0.005843760769, 0.9999828619),
            (0.0002176837191, -0.005843760976, 0.9999829014),
            (0.0001333326476, -0.005843761048, 0.9999829162),
            (8.166708476e-05, -0.005843761071, 0.9999829217),
            (6.204205594e-05, -0.00584376111, 0.9999829232),
            (0.1561556526, -0.00538084371, 0.9877178032),
            (0.1263273589, -0.005404159096, 0.9919738875),
            (0.07780917688, -0.005431279665, 0.9969534759),
            (0.04775935552, -0.005441574324, 0.9988440485),
            (0.02927616252, -0.005445452733, 0.9995565283),
            (0.01793718515, -0.005446909495, 0.9998242788),
            (0.01098786829, -0.005447455912, 0.9999247932),
            (0.006730420668, -0.005447660678, 0.9999625115),
            (0.004122489694, -0.005447737336, 0.9999766633),
            (0.00252506567, -0.005447765991, 0.9999819728),
            (0.001546621978, -0.005447776678, 0.9999839647),
            (0.0009473164513, -0.005447780648, 0.999984712),
            (0.0005802374534, -0.005447782113, 0.9999849924),
            (0.0003553991252, -0.005447782648, 0.9999850976),
            (0.0002176842058, -0.00544778284, 0.999985137),
            (0.0001333329457, -0.005447782906, 0.9999851518),
            (8.166726735e-05, -0.005447782928, 0.9999851574),
            (6.204219464e-05, -0.005447782965, 0.9999851588),
            (0.1561559827, -0.004972508715, 0.9877198911),
            (0.126327648, -0.004994059801, 0.9919760001),
            (0.07780935207, -0.005019122126, 0.9969556225),
            (0.04775946166, -0.00502863542, 0.9988462077),
            (0.02927622699, -0.005032219409, 0.9995586923),
            (0.01793722441, -0.005033565557, 0.9998264445),
            (0.01098789225, -0.005034070466, 0.9999269595),
            (0.006730435309, -0.005034259667, 0.9999646781),
            (0.004122498648, -0.00503433049, 0.99997883),
            (0.00252507115, -0.005034356961, 0.9999841395),
            (0.001546625332, -0.00503436683, 0.9999861315),
            (0.0009473185051, -0.005034370495, 0.9999868788),
            (0.0005802387111, -0.005034371847, 0.9999871591),
            (0.0003553998954, -0.00503437234, 0.9999872643),
            (0.0002176846776, -0.005034372516, 0.9999873038),
            (0.0001333332346, -0.005034372577, 0.9999873186),
            (8.166744431e-05, -0.005034372597, 0.9999873241),
            (6.204232907e-05, -0.005034372632, 0.9999873255),
            (0.1561562981, -0.004548263126, 0.9877218859),
            (0.1263279234, -0.004567979746, 0.9919780186),
            (0.07780951917, -0.004590903675, 0.9969576733),
            (0.04775956297, -0.004599605198, 0.9988482706),
            (0.02927628855, -0.004602883325, 0.9995607597),
            (0.01793726191, -0.004604114566, 0.9998285137),
            (0.01098791514, -0.004604576362, 0.9999290293),
            (0.006730449294, -0.004604749398, 0.9999667481),
            (0.004122507202, -0.004604814165, 0.9999809001),
            (0.002525076384, -0.004604838369, 0.9999862096),
            (0.001546628537, -0.004604847391, 0.9999882016),
            (0.0009473204673, -0.00460485074, 0.9999889489),
            (0.0005802399127, -0.004604851975, 0.9999892293),
            (0.0003554006313, -0.004604852424, 0.9999893345),
            (0.0002176851283, -0.004604852585, 0.9999893739),
            (0.0001333335106, -0.00460485264, 0.9999893887),
            (8.166761338e-05, -0.004604852658, 0.9999893943),
            (6.204245751e-05, -0.004604852691, 0.9999893957),
            (0.1561565947, -0.004109464207, 0.9877237621),
            (0.1263281819, -0.004127282124, 0.9919799171),
            (0.07780967611, -0.004147994342, 0.9969596022),
            (0.04775965817, -0.004155856283, 0.9988502109),
            (0.02927634642, -0.004158818082, 0.9995627043),
            (0.01793729717, -0.004159930493, 0.9998304598),
            (0.01098793666, -0.004160347707, 0.999930976),
            (0.006730462447, -0.004160504031, 0.9999686951),
            (0.004122515247, -0.004160562538, 0.9999828471),
            (0.002525081308, -0.0041605844, 0.9999881567),
            (0.001546631551, -0.004160592547, 0.9999901487),
            (0.0009473223127, -0.00416059557, 0.999990896),
            (0.0005802410428, -0.004160596684, 0.9999911763),
            (0.0003554013234, -0.00416059709, 0.9999912815),
            (0.0002176855522, -0.004160597234, 0.999991321),
            (0.0001333337703, -0.004160597283, 0.9999913358),
            (8.16677724e-05, -0.004160597299, 0.9999913413),
            (6.204257831e-05, -0.00416059733, 0.9999913428),
            (0.1561568688, -0.003657515836, 0.9877254957),
            (0.1263284203, -0.003673376964, 0.9919816715),
            (0.07780982095, -0.003691811229, 0.9969613846),
            (0.04775974606, -0.003698808461, 0.9988520038),
            (0.02927639987, -0.003701444474, 0.999564501),
            (0.01793732974, -0.003702434509, 0.999832258),
            (0.01098795654, -0.003702805816, 0.9999327748),
            (0.006730474599, -0.003702944934, 0.999970494),
            (0.004122522681, -0.003702996997, 0.9999846462),
            (0.002525085857, -0.003703016449, 0.9999899558),
            (0.001546634336, -0.003703023697, 0.9999919477),
            (0.0009473240179, -0.003703026386, 0.9999926951),
            (0.0005802420871, -0.003703027376, 0.9999929754),
            (0.0003554019629, -0.003703027735, 0.9999930806),
            (0.0002176859439, -0.003703027864, 0.9999931201),
            (0.0001333340102, -0.003703027907, 0.9999931349),
            (8.166791934e-05, -0.003703027921, 0.9999931404),
            (6.204268993e-05, -0.003703027949, 0.9999931418),
            (0.1561571169, -0.003193864013, 0.9877270646),
            (0.1263286356, -0.003207716619, 0.9919832591),
            (0.0778099519, -0.003223813972, 0.9969629975),
            (0.04775982556, -0.003229924131, 0.9988536262),
            (0.02927644822, -0.003232225944, 0.999566127),
            (0.0179373592, -0.003233090448, 0.9998338853),
            (0.01098797453, -0.003233414667, 0.9999344026),
            (0.006730485595, -0.003233536138, 0.999972122),
            (0.004122529407, -0.003233581595, 0.9999862743),
            (0.002525089973, -0.003233598576, 0.9999915838),
            (0.001546636856, -0.003233604903, 0.9999935758),
            (0.0009473255611, -0.003233607249, 0.9999943232),
            (0.0005802430321, -0.003233608112, 0.9999946035),
            (0.0003554025417, -0.003233608426, 0.9999947087),
            (0.0002176862983, -0.003233608538, 0.9999947482),
            (0.0001333342273, -0.003233608576, 0.999994763),
            (8.166805231e-05, -0.003233608587, 0.9999947685),
            (6.204279095e-05, -0.003233608613, 0.9999947699),
            (0.1561573357, -0.002719992236, 0.9877284486),
            (0.1263288254, -0.002731791115, 0.9919846598),
            (0.07781006732, -0.002745500071, 0.9969644205),
            (0.04775989565, -0.002750703629, 0.9988550576),
            (0.02927649085, -0.002752663893, 0.9995675615),
            (0.0179373852, -0.00275340011, 0.9998353209),
            (0.0109879904, -0.002753676213, 0.9999358386),
            (0.006730495295, -0.002753779653, 0.9999735582),
            (0.00412253534, -0.00275381836, 0.9999877105),
            (0.002525093605, -0.002753832819, 0.9999930201),
            (0.001546639079, -0.002753838205, 0.9999950121),
            (0.0009473269224, -0.002753840202, 0.9999957595),
            (0.0005802438657, -0.002753840936, 0.9999960398),
            (0.0003554030522, -0.002753841203, 0.999996145),
            (0.000217686611, -0.002753841298, 0.9999961845),
            (0.0001333344188, -0.00275384133, 0.9999961993),
            (8.166816962e-05, -0.00275384134, 0.9999962048),
            (6.204288006e-05, -0.002753841362, 0.9999962062),
            (0.1561575225, -0.002237416749, 0.9877296301),
            (0.1263289872, -0.002247123382, 0.9919858555),
            (0.07781016578, -0.002258400095, 0.9969656352),
            (0.04775995546, -0.00226268042, 0.9988562794),
            (0.02927652724, -0.002264292878, 0.999568786),
            (0.01793740738, -0.002264898463, 0.9998365465),
            (0.01098800395, -0.002265125571, 0.9999370645),
            (0.006730503575, -0.002265210653, 0.9999747843),
            (0.004122540405, -0.00226524249, 0.9999889366),
            (0.002525096705, -0.002265254381, 0.9999942462),
            (0.001546640977, -0.00226525881, 0.9999962382),
            (0.0009473280845, -0.002265260452, 0.9999969856),
            (0.0005802445774, -0.002265261055, 0.999997266),
            (0.0003554034881, -0.002265261274, 0.9999973711),
            (0.000217686878, -0.002265261352, 0.9999974106),
            (0.0001333345823, -0.002265261378, 0.9999974254),
            (8.166826975e-05, -0.002265261387, 0.999997431),
            (6.204295613e-05, -0.002265261405, 0.9999974324),
            (0.1561576748, -0.001747681687, 0.9877305939),
            (0.1263291191, -0.001755264375, 0.9919868309),
            (0.07781024606, -0.001764072777, 0.9969666261),
            (0.04776000424, -0.001767416189, 0.9988572762),
            (0.02927655692, -0.001768675693, 0.999569785),
            (0.01793742547, -0.001769148716, 0.9998375462),
            (0.010988015, -0.001769326108, 0.9999380646),
            (0.006730510329, -0.001769392564, 0.9999757844),
            (0.004122544537, -0.001769417429, 0.9999899368),
            (0.002525099234, -0.001769426716, 0.9999952465),
            (0.001546642525, -0.001769430175, 0.9999972385),
            (0.0009473290325, -0.001769431457, 0.9999979858),
            (0.0005802451579, -0.001769431928, 0.9999982662),
            (0.0003554038436, -0.001769432099, 0.9999983714),
            (0.0002176870957, -0.00176943216, 0.9999984109),
            (0.0001333347157, -0.00176943218, 0.9999984257),
            (8.166835145e-05, -0.001769432186, 0.9999984312),
            (6.204301819e-05, -0.001769432201, 0.9999984326),
            (0.1561577909, -0.00125235413, 0.9877313278),
            (0.1263292194, -0.001257788103, 0.9919875737),
            (0.07781030716, -0.00126410002, 0.9969673807),
            (0.04776004137, -0.001266495834, 0.9988580352),
            (0.02927657952, -0.001267398362, 0.9995705456),
            (0.01793743925, -0.001267737316, 0.9998383075),
            (0.01098802341, -0.001267864429, 0.9999388261),
            (0.006730515472, -0.001267912048, 0.999976546),
            (0.004122547683, -0.001267929865, 0.9999906984),
            (0.002525101159, -0.001267936519, 0.9999960081),
            (0.001546643704, -0.001267938997, 0.9999980001),
            (0.0009473297543, -0.001267939915, 0.9999987474),
            (0.0005802456, -0.001267940253, 0.9999990278),
            (0.0003554041144, -0.001267940375, 0.999999133),
            (0.0002176872615, -0.001267940418, 0.9999991725),
            (0.0001333348172, -0.001267940433, 0.9999991873),
            (8.166841365e-05, -0.001267940437, 0.9999991928),
            (6.204306544e-05, -0.001267940448, 0.9999991942),
            (0.156157869, -0.0007530190797, 0.9877318224),
            (0.126329287, -0.0007562865826, 0.9919880742),
            (0.07781034832, -0.0007600818265, 0.9969678891),
            (0.04776006638, -0.0007615223846, 0.9988585466),
            (0.02927659474, -0.0007620650565, 0.9995710581),
            (0.01793744853, -0.0007622688622, 0.9998388205),
            (0.01098802908, -0.0007623452915, 0.9999393392),
            (0.006730518937, -0.0007623739231, 0.9999770592),
            (0.004122549803, -0.0007623846357, 0.9999912116),
            (0.002525102457, -0.0007623886365, 0.9999965213),
            (0.001546644498, -0.0007623901262, 0.9999985133),
            (0.0009473302407, -0.0007623906783, 0.9999992607),
            (0.0005802458979, -0.0007623908812, 0.999999541),
            (0.0003554042968, -0.0007623909547, 0.9999996462),
            (0.0002176873733, -0.0007623909807, 0.9999996857),
            (0.0001333348857, -0.0007623909895, 0.9999997005),
            (8.166845556e-05, -0.0007623909922, 0.999999706),
            (6.204309729e-05, -0.0007623909985, 0.9999997075),
            (0.1561579084, -0.0002512743846, 0.9877320712),
            (0.126329321, -0.00025236474, 0.991988326),
            (0.07781036903, -0.0002536311716, 0.996968145),
            (0.04776007897, -0.0002541118697, 0.998858804),
            (0.0292766024, -0.000254292953, 0.9995713161),
            (0.0179374532, -0.0002543609605, 0.9998390786),
            (0.01098803193, -0.0002543864639, 0.9999395974),
            (0.006730520681, -0.0002543960178, 0.9999773174),
            (0.00412255087, -0.0002543995924, 0.9999914699),
            (0.00252510311, -0.0002544009274, 0.9999967796),
            (0.001546644898, -0.0002544014245, 0.9999987716),
            (0.0009473304855, -0.0002544016087, 0.9999995189),
            (0.0005802460478, -0.0002544016764, 0.9999997993),
            (0.0003554043886, -0.0002544017009, 0.9999999045),
            (0.0002176874295, -0.0002544017096, 0.9999999439),
            (0.0001333349201, -0.0002544017125, 0.9999999588),
            (8.166847666e-05, -0.0002544017134, 0.9999999643),
            (6.204311331e-05, -0.0002544017155, 0.9999999657),
            (0.1561579084, 0.0002512743846, 0.9877320712),
            (0.126329321, 0.00025236474, 0.991988326),
            (0.07781036903, 0.0002536311716, 0.996968145),
            (0.04776007897, 0.0002541118697, 0.998858804),
            (0.0292766024, 0.000254292953, 0.9995713161),
            (0.0179374532, 0.0002543609605, 0.9998390786),
            (0.01098803193, 0.0002543864639, 0.9999395974),
            (0.006730520681, 0.0002543960178, 0.9999773174),
            (0.00412255087, 0.0002543995924, 0.9999914699),
            (0.00252510311, 0.0002544009274, 0.9999967796),
            (0.001546644898, 0.0002544014245, 0.9999987716),
            (0.0009473304855, 0.0002544016087, 0.9999995189),
            (0.0005802460478, 0.0002544016764, 0.9999997993),
            (0.0003554043886, 0.0002544017009, 0.9999999045),
            (0.0002176874295, 0.0002544017096, 0.9999999439),
            (0.0001333349201, 0.0002544017125, 0.9999999588),
            (8.166847666e-05, 0.0002544017134, 0.9999999643),
            (6.204311331e-05, 0.0002544017155, 0.9999999657),
            (0.156157869, 0.0007530190797, 0.9877318224),
            (0.126329287, 0.0007562865826, 0.9919880742),
            (0.07781034832, 0.0007600818265, 0.9969678891),
            (0.04776006638, 0.0007615223846, 0.9988585466),
            (0.02927659474, 0.0007620650565, 0.9995710581),
            (0.01793744853, 0.0007622688622, 0.9998388205),
            (0.01098802908, 0.0007623452915, 0.9999393392),
            (0.006730518937, 0.0007623739231, 0.9999770592),
            (0.004122549803, 0.0007623846357, 0.9999912116),
            (0.002525102457, 0.0007623886365, 0.9999965213),
            (0.001546644498, 0.0007623901262, 0.9999985133),
            (0.0009473302407, 0.0007623906783, 0.9999992607),
            (0.0005802458979, 0.0007623908812, 0.999999541),
            (0.0003554042968, 0.0007623909547, 0.9999996462),
            (0.0002176873733, 0.0007623909807, 0.9999996857),
            (0.0001333348857, 0.0007623909895, 0.9999997005),
            (8.166845556e-05, 0.0007623909922, 0.999999706),
            (6.204309729e-05, 0.0007623909985, 0.9999997075),
            (0.1561577909, 0.00125235413, 0.9877313278),
            (0.1263292194, 0.001257788103, 0.9919875737),
            (0.07781030716, 0.00126410002, 0.9969673807),
            (0.04776004137, 0.001266495834, 0.9988580352),
            (0.02927657952, 0.001267398362, 0.9995705456),
            (0.01793743925, 0.001267737316, 0.9998383075),
            (0.01098802341, 0.001267864429, 0.9999388261),
            (0.006730515472, 0.001267912048, 0.999976546),
            (0.004122547683, 0.001267929865, 0.9999906984),
            (0.002525101159, 0.001267936519, 0.9999960081),
            (0.001546643704, 0.001267938997, 0.9999980001),
            (0.0009473297543, 0.001267939915, 0.9999987474),
            (0.0005802456, 0.001267940253, 0.9999990278),
            (0.0003554041144, 0.001267940375, 0.999999133),
            (0.0002176872615, 0.001267940418, 0.9999991725),
            (0.0001333348172, 0.001267940433, 0.9999991873),
            (8.166841365e-05, 0.001267940437, 0.9999991928),
            (6.204306544e-05, 0.001267940448, 0.9999991942),
            (0.1561576748, 0.001747681687, 0.9877305939),
            (0.1263291191, 0.001755264375, 0.9919868309),
            (0.07781024606, 0.001764072777, 0.9969666261),
            (0.04776000424, 0.001767416189, 0.9988572762),
            (0.02927655692, 0.001768675693, 0.999569785),
            (0.01793742547, 0.001769148716, 0.9998375462),
            (0.010988015, 0.001769326108, 0.9999380646),
            (0.006730510329, 0.001769392564, 0.9999757844),
            (0.004122544537, 0.001769417429, 0.9999899368),
            (0.002525099234, 0.001769426716, 0.9999952465),
            (0.001546642525, 0.001769430175, 0.9999972385),
            (0.0009473290325, 0.001769431457, 0.9999979858),
            (0.0005802451579, 0.001769431928, 0.9999982662),
            (0.0003554038436, 0.001769432099, 0.9999983714),
            (0.0002176870957, 0.00176943216, 0.9999984109),
            (0.0001333347157, 0.00176943218, 0.9999984257),
            (8.166835145e-05, 0.001769432186, 0.9999984312),
            (6.204301819e-05, 0.001769432201, 0.9999984326),
            (0.1561575225, 0.002237416749, 0.9877296301),
            (0.1263289872, 0.002247123382, 0.9919858555),
            (0.07781016578, 0.002258400095, 0.9969656352),
            (0.04775995546, 0.00226268042, 0.9988562794),
            (0.02927652724, 0.002264292878, 0.999568786),
            (0.01793740738, 0.002264898463, 0.9998365465),
            (0.01098800395, 0.002265125571, 0.9999370645),
            (0.006730503575, 0.002265210653, 0.9999747843),
            (0.004122540405, 0.00226524249, 0.9999889366),
            (0.002525096705, 0.002265254381, 0.9999942462),
            (0.001546640977, 0.00226525881, 0.9999962382),
            (0.0009473280845, 0.002265260452, 0.9999969856),
            (0.0005802445774, 0.002265261055, 0.999997266),
            (0.0003554034881, 0.002265261274, 0.9999973711),
            (0.000217686878, 0.002265261352, 0.9999974106),
            (0.0001333345823, 0.002265261378, 0.9999974254),
            (8.166826975e-05, 0.002265261387, 0.999997431),
            (6.204295613e-05, 0.002265261405, 0.9999974324),
            (0.1561573357, 0.002719992236, 0.9877284486),
            (0.1263288254, 0.002731791115, 0.9919846598),
            (0.07781006732, 0.002745500071, 0.9969644205),
            (0.04775989565, 0.002750703629, 0.9988550576),
            (0.02927649085, 0.002752663893, 0.9995675615),
            (0.0179373852, 0.00275340011, 0.9998353209),
            (0.0109879904, 0.002753676213, 0.9999358386),
            (0.006730495295, 0.002753779653, 0.9999735582),
            (0.00412253534, 0.00275381836, 0.9999877105),
            (0.002525093605, 0.002753832819, 0.9999930201),
            (0.001546639079, 0.002753838205, 0.9999950121),
            (0.0009473269224, 0.002753840202, 0.9999957595),
            (0.0005802438657, 0.002753840936, 0.9999960398),
            (0.0003554030522, 0.002753841203, 0.999996145),
            (0.000217686611, 0.002753841298, 0.9999961845),
            (0.0001333344188, 0.00275384133, 0.9999961993),
            (8.166816962e-05, 0.00275384134, 0.9999962048),
            (6.204288006e-05, 0.002753841362, 0.9999962062),
            (0.1561571169, 0.003193864013, 0.9877270646),
            (0.1263286356, 0.003207716619, 0.9919832591),
            (0.0778099519, 0.003223813972, 0.9969629975),
            (0.04775982556, 0.003229924131, 0.9988536262),
            (0.02927644822, 0.003232225944, 0.999566127),
            (0.0179373592, 0.003233090448, 0.9998338853),
            (0.01098797453, 0.003233414667, 0.9999344026),
            (0.006730485595, 0.003233536138, 0.999972122),
            (0.004122529407, 0.003233581595, 0.9999862743),
            (0.002525089973, 0.003233598576, 0.9999915838),
            (0.001546636856, 0.003233604903, 0.9999935758),
            (0.0009473255611, 0.003233607249, 0.9999943232),
            (0.0005802430321, 0.003233608112, 0.9999946035),
            (0.0003554025417, 0.003233608426, 0.9999947087),
            (0.0002176862983, 0.003233608538, 0.9999947482),
            (0.0001333342273, 0.003233608576, 0.999994763),
            (8.166805231e-05, 0.003233608587, 0.9999947685),
            (6.204279095e-05, 0.003233608613, 0.9999947699),
            (0.1561568688, 0.003657515836, 0.9877254957),
            (0.1263284203, 0.003673376964, 0.9919816715),
            (0.07780982095, 0.003691811229, 0.9969613846),
            (0.04775974606, 0.003698808461, 0.9988520038),
            (0.02927639987, 0.003701444474, 0.999564501),
            (0.01793732974, 0.003702434509, 0.999832258),
            (0.01098795654, 0.003702805816, 0.9999327748),
            (0.006730474599, 0.003702944934, 0.999970494),
            (0.004122522681, 0.003702996997, 0.9999846462),
            (0.002525085857, 0.003703016449, 0.9999899558),
            (0.001546634336, 0.003703023697, 0.9999919477),
            (0.0009473240179, 0.003703026386, 0.9999926951),
            (0.0005802420871, 0.003703027376, 0.9999929754),
            (0.0003554019629, 0.003703027735, 0.9999930806),
            (0.0002176859439, 0.003703027864, 0.9999931201),
            (0.0001333340102, 0.003703027907, 0.9999931349),
            (8.166791934e-05, 0.003703027921, 0.9999931404),
            (6.204268993e-05, 0.003703027949, 0.9999931418),
            (0.1561565947, 0.004109464207, 0.9877237621),
            (0.1263281819, 0.004127282124, 0.9919799171),
            (0.07780967611, 0.004147994342, 0.9969596022),
            (0.04775965817, 0.004155856283, 0.9988502109),
            (0.02927634642, 0.004158818082, 0.9995627043),
            (0.01793729717, 0.004159930493, 0.9998304598),
            (0.01098793666, 0.004160347707, 0.999930976),
            (0.006730462447, 0.004160504031, 0.9999686951),
            (0.004122515247, 0.004160562538, 0.9999828471),
            (0.002525081308, 0.0041605844, 0.9999881567),
            (0.001546631551, 0.004160592547, 0.9999901487),
            (0.0009473223127, 0.00416059557, 0.999990896),
            (0.0005802410428, 0.004160596684, 0.9999911763),
            (0.0003554013234, 0.00416059709, 0.9999912815),
            (0.0002176855522, 0.004160597234, 0.999991321),
            (0.0001333337703, 0.004160597283, 0.9999913358),
            (8.16677724e-05, 0.004160597299, 0.9999913413),
            (6.204257831e-05, 0.00416059733, 0.9999913428),
            (0.1561562981, 0.004548263126, 0.9877218859),
            (0.1263279234, 0.004567979746, 0.9919780186),
            (0.07780951917, 0.004590903675, 0.9969576733),
            (0.04775956297, 0.004599605198, 0.9988482706),
            (0.02927628855, 0.004602883325, 0.9995607597),
            (0.01793726191, 0.004604114566, 0.9998285137),
            (0.01098791514, 0.004604576362, 0.9999290293),
            (0.006730449294, 0.004604749398, 0.9999667481),
            (0.004122507202, 0.004604814165, 0.9999809001),
            (0.002525076384, 0.004604838369, 0.9999862096),
            (0.001546628537, 0.004604847391, 0.9999882016),
            (0.0009473204673, 0.00460485074, 0.9999889489),
            (0.0005802399127, 0.004604851975, 0.9999892293),
            (0.0003554006313, 0.004604852424, 0.9999893345),
            (0.0002176851283, 0.004604852585, 0.9999893739),
            (0.0001333335106, 0.00460485264, 0.9999893887),
            (8.166761338e-05, 0.004604852658, 0.9999893943),
            (6.204245751e-05, 0.004604852691, 0.9999893957),
            (0.1561559827, 0.004972508715, 0.9877198911),
            (0.126327648, 0.004994059801, 0.9919760001),
            (0.07780935207, 0.005019122126, 0.9969556225),
            (0.04775946166, 0.00502863542, 0.9988462077),
            (0.02927622699, 0.005032219409, 0.9995586923),
            (0.01793722441, 0.005033565557, 0.9998264445),
            (0.01098789225, 0.005034070466, 0.9999269595),
            (0.006730435309, 0.005034259667, 0.9999646781),
            (0.004122498648, 0.00503433049, 0.99997883),
            (0.00252507115, 0.005034356961, 0.9999841395),
            (0.001546625332, 0.00503436683, 0.9999861315),
            (0.0009473185051, 0.005034370495, 0.9999868788),
            (0.0005802387111, 0.005034371847, 0.9999871591),
            (0.0003553998954, 0.00503437234, 0.9999872643),
            (0.0002176846776, 0.005034372516, 0.9999873038),
            (0.0001333332346, 0.005034372577, 0.9999873186),
            (8.166744431e-05, 0.005034372597, 0.9999873241),
            (6.204232907e-05, 0.005034372632, 0.9999873255),
            (0.1561556526, 0.00538084371, 0.9877178032),
            (0.1263273589, 0.005404159096, 0.9919738875),
            (0.07780917688, 0.005431279665, 0.9969534759),
            (0.04775935552, 0.005441574324, 0.9988440485),
            (0.02927616252, 0.005445452733, 0.9995565283),
            (0.01793718515, 0.005446909495, 0.9998242788),
            (0.01098786829, 0.005447455912, 0.9999247932),
            (0.006730420668, 0.005447660678, 0.9999625115),
            (0.004122489694, 0.005447737336, 0.9999766633),
            (0.00252506567, 0.005447765991, 0.9999819728),
            (0.001546621978, 0.005447776678, 0.9999839647),
            (0.0009473164513, 0.005447780648, 0.999984712),
            (0.0005802374534, 0.005447782113, 0.9999849924),
            (0.0003553991252, 0.005447782648, 0.9999850976),
            (0.0002176842058, 0.00544778284, 0.999985137),
            (0.0001333329457, 0.005447782906, 0.9999851518),
            (8.166726735e-05, 0.005447782928, 0.9999851574),
            (6.204219464e-05, 0.005447782965, 0.9999851588),
            (0.1561553121, 0.005771961804, 0.9877156488),
            (0.1263270598, 0.005796965635, 0.9919717078),
            (0.07780899577, 0.005826057714, 0.9969512612),
            (0.04775924587, 0.005837100836, 0.9988418207),
            (0.02927609595, 0.005841261279, 0.9995542956),
            (0.01793714461, 0.005842824012, 0.9998220443),
            (0.01098784356, 0.005843410199, 0.9999225579),
            (0.006730405559, 0.005843629883, 0.999960276),
            (0.004122480454, 0.005843712132, 0.9999744278),
            (0.002525060016, 0.005843742884, 0.9999797372),
            (0.001546618517, 0.005843754355, 0.9999817291),
            (0.0009473143322, 0.005843758618, 0.9999824764),
            (0.0005802361557, 0.005843760193, 0.9999827567),
            (0.0003553983304, 0.005843760769, 0.9999828619),
            (0.0002176837191, 0.005843760976, 0.9999829014),
            (0.0001333326476, 0.005843761048, 0.9999829162),
            (8.166708476e-05, 0.005843761071, 0.9999829217),
            (6.204205594e-05, 0.00584376111, 0.9999829232),
            (0.1561549653, 0.006144611822, 0.9877134557),
            (0.1263267541, 0.00617122281, 0.991969489),
            (0.07780881098, 0.006202193363, 0.9969490066),
            (0.04775913408, 0.006213949652, 0.9988395527),
            (0.02927602811, 0.006218378845, 0.9995520226),
            (0.01793710333, 0.006220042565, 0.9998197695),
            (0.01098781838, 0.006220666658, 0.9999202824),
            (0.006730390174, 0.006220900563, 0.9999580002),
            (0.004122471047, 0.006220988146, 0.9999721519),
            (0.00252505426, 0.006221020897, 0.9999774612),
            (0.001546614993, 0.006221033118, 0.9999794532),
            (0.0009473121748, 0.006221037662, 0.9999802004),
            (0.0005802348346, 0.006221039342, 0.9999804808),
            (0.0003553975214, 0.006221039957, 0.999980586),
            (0.0002176832236, 0.006221040179, 0.9999806254),
            (0.0001333323441, 0.006221040256, 0.9999806403),
            (8.166689887e-05, 0.006221040281, 0.9999806458),
            (6.204191473e-05, 0.006221040321, 0.9999806472),
            (0.1561546169, 0.006497601716, 0.9877112517),
            (0.1263264457, 0.006525733423, 0.9919672595),
            (0.07780862478, 0.006558483406, 0.9969467409),
            (0.04775902156, 0.006570915287, 0.9988372735),
            (0.02927595987, 0.006575599085, 0.9995497385),
            (0.01793706181, 0.006577358487, 0.9998174834),
            (0.01098779306, 0.006578018501, 0.9999179957),
            (0.006730374711, 0.006578265885, 0.9999557133),
            (0.004122461591, 0.006578358526, 0.9999698648),
            (0.002525048475, 0.006578393175, 0.9999751741),
            (0.001546611452, 0.006578406107, 0.999977166),
            (0.0009473100067, 0.006578410919, 0.9999779133),
            (0.000580233507, 0.006578412699, 0.9999781937),
            (0.0003553967083, 0.006578413352, 0.9999782989),
            (0.0002176827256, 0.006578413587, 0.9999783383),
            (0.0001333320391, 0.00657841367, 0.9999783531),
            (8.166671208e-05, 0.006578413697, 0.9999783587),
            (6.204177283e-05, 0.006578413738, 0.9999783601),
            (0.1561542712, 0.006829802377, 0.9877090652),
            (0.1263261382, 0.006859363502, 0.9919650477),
            (0.07780843947, 0.006893788184, 0.9969444932),
            (0.0477589097, 0.006906855921, 0.9988350123),
            (0.02927589209, 0.006911779366, 0.9995474723),
            (0.01793702059, 0.006913628839, 0.9998152154),
            (0.01098776794, 0.006914322672, 0.999915727),
            (0.006730359364, 0.006914582751, 0.9999534443),
            (0.004122452209, 0.006914680158, 0.9999675958),
            (0.002525042734, 0.006914716596, 0.9999729051),
            (0.001546607939, 0.006914730201, 0.9999748969),
            (0.0009473078557, 0.006914735266, 0.9999756442),
            (0.0005802321898, 0.006914737141, 0.9999759246),
            (0.0003553959017, 0.00691473783, 0.9999760298),
            (0.0002176822316, 0.006914738079, 0.9999760692),
            (0.0001333317365, 0.006914738167, 0.999976084),
            (8.166652675e-05, 0.006914738196, 0.9999760896),
            (6.204163205e-05, 0.006914738236, 0.999976091),
            (0.1561539327, 0.007140151235, 0.9877069239),
            (0.1263258352, 0.007171045928, 0.9919628821),
            (0.07780825731, 0.007207035222, 0.9969422921),
            (0.0477587999, 0.007220697046, 0.9988327981),
            (0.02927582562, 0.007225844413, 0.9995452532),
            (0.01793698019, 0.007227778058, 0.9998129945),
            (0.01098774331, 0.007228503502, 0.9999135054),
            (0.006730344331, 0.007228775451, 0.9999512224),
            (0.004122443019, 0.007228877316, 0.9999653738),
            (0.002525037113, 0.00722891543, 0.9999706831),
            (0.001546604498, 0.007228929665, 0.9999726749),
            (0.0009473057491, 0.007228934967, 0.9999734222),
            (0.0005802308999, 0.007228936932, 0.9999737026),
            (0.0003553951117, 0.007228937655, 0.9999738077),
            (0.0002176817478, 0.007228937917, 0.9999738472),
            (0.0001333314402, 0.00722893801, 0.999973862),
            (8.166634527e-05, 0.007228938041, 0.9999738676),
            (6.204149418e-05, 0.007228938081, 0.999973869),
            (0.156153764, 0.007289839726, 0.9877058571),
            (0.1263075927, 0.007321268075, 0.9919641078),
            (0.07780123631, 0.007358005856, 0.9969417372),
            (0.04775612468, 0.007371955767, 0.9988318211),
            (0.02927480647, 0.007377213367, 0.9995441773),
            (0.01793658974, 0.007379189282, 0.9998118955),
            (0.01098759206, 0.00737993107, 0.9999124009),
            (0.006730284693, 0.007380209434, 0.9999501166),
            (0.004122418877, 0.007380313877, 0.9999642677),
            (0.002525026973, 0.007380353061, 0.9999695769),
            (0.001546600031, 0.007380367762, 0.9999715687),
            (0.0009473036671, 0.007380373278, 0.999972316),
            (0.0005802298701, 0.007380375347, 0.9999725963),
            (0.000355394573, 0.007380376123, 0.9999727015),
            (0.0002176814524, 0.007380376414, 0.999972741),
            (0.0001333312722, 0.007380376524, 0.9999727558),
            (8.166624724e-05, 0.007380376565, 0.9999727613),
            (6.204142555e-05, 0.007380376575, 0.9999727627)
            ] (
                interpolation = "vertex"
            )
            texCoord2f[] primvars:st = [
            (0, 0),
            (0.05882352941, 0),
            (0.1176470588, 0),
            (0.1764705882, 0),
            (0.2352941176, 0),
            (0.2941176471, 0),
            (0.3529411765, 0),
            (0.4117647059, 0),
            (0.4705882353, 0),
            (0.5294117647, 0),
            (0.5882352941, 0),
            (0.6470588235, 0),
            (0.7058823529, 0),
            (0.7647058824, 0),
            (0.8235294118, 0),
            (0.8823529412, 0),
            (0.9411764706, 0),
            (1, 0),
            (0, 0.02857142857),
            (0.05882352941, 0.02857142857),
            (0.1176470588, 0.02857142857),
            (0.1764705882, 0.02857142857),
            (0.2352941176, 0.02857142857),
            (0.2941176471, 0.02857142857),
            (0.3529411765, 0.02857142857),
            (0.4117647059, 0.02857142857),
            (0.4705882353, 0.02857142857),
            (0.5294117647, 0.02857142857),
            (0.5882352941, 0.02857142857),
            (0.6470588235, 0.02857142857),
            (0.7058823529, 0.02857142857),
            (0.7647058824, 0.02857142857),
            (0.8235294118, 0.02857142857),
            (0.8823529412, 0.02857142857),
            (0.9411764706, 0.02857142857),
            (1, 0.02857142857),
            (0, 0.05714285714),
            (0.05882352941, 0.05714285714),
            (0.1176470588, 0.05714285714),
            (0.1764705882, 0.05714285714),
            (0.2352941176, 0.05714285714),
            (0.2941176471, 0.05714285714),
            (0.3529411765, 0.05714285714),
            (0.4117647059, 0.05714285714),
            (0.4705882353, 0.05714285714),
            (0.5294117647, 0.05714285714),
            (0.5882352941, 0.05714285714),
            (0.6470588235, 0.05714285714),
            (0.7058823529, 0.05714285714),
            (0.7647058824, 0.05714285714),
            (0.8235294118, 0.05714285714),
            (0.8823529412, 0.05714285714),
            (0.9411764706, 0.05714285714),
            (1, 0.05714285714),
            (0, 0.08571428571),
            (0.05882352941, 0.08571428571),
            (0.1176470588, 0.08571428571),
            (0.1764705882, 0.08571428571),
            (0.2352941176, 0.08571428571),
            (0.2941176471, 0.08571428571),
            (0.3529411765, 0.08571428571),
            (0.4117647059, 0.08571428571),
            (0.4705882353, 0.08571428571),
            (0.5294117647, 0.08571428571),
            (0.5882352941, 0.08571428571),
            (0.6470588235, 0.08571428571),
            (0.7058823529, 0.08571428571),
            (0.7647058824, 0.08571428571),
            (0.8235294118, 0.08571428571),
            (0.8823529412, 0.08571428571),
            (0.9411764706, 0.08571428571),
            (1, 0.08571428571),
            (0, 0.1142857143),
            (0.05882352941, 0.1142857143),
            (0.1176470588, 0.1142857143),
            (0.1764705882, 0.1142857143),
            (0.2352941176, 0.1142857143),
            (0.2941176471, 0.1142857143),
            (0.3529411765, 0.1142857143),
            (0.4117647059, 0.1142857143),
            (0.4705882353, 0.1142857143),
            (0.5294117647, 0.1142857143),
            (0.5882352941, 0.1142857143),
            (0.6470588235, 0.1142857143),
            (0.7058823529, 0.1142857143),
            (0.7647058824, 0.1142857143),
            (0.8235294118, 0.1142857143),
            (0.8823529412, 0.1142857143),
            (0.9411764706, 0.1142857143),
            (1, 0.1142857143),
            (0, 0.1428571429),
            (0.05882352941, 0.1428571429),
            (0.1176470588, 0.1428571429),
            (0.1764705882, 0.1428571429),
            (0.2352941176, 0.1428571429),
            (0.2941176471, 0.1428571429),
            (0.3529411765, 0.1428571429),
            (0.4117647059, 0.1428571429),
            (0.4705882353, 0.1428571429),
            (0.5294117647, 0.1428571429),
            (0.5882352941, 0.1428571429),
            (0.6470588235, 0.1428571429),
            (0.7058823529, 0.1428571429),
            (0.7647058824, 0.1428571429),
            (0.8235294118, 0.1428571429),
            (0.8823529412, 0.1428571429),
            (0.9411764706, 0.1428571429),
            (1, 0.1428571429),
            (0, 0.1714285714),
            (0.05882352941, 0.1714285714),
            (0.1176470588, 0.1714285714),
            (0.1764705882, 0.1714285714),
            (0.2352941176, 0.1714285714),
            (0.2941176471, 0.1714285714),
            (0.3529411765, 0.1714285714),
            (0.4117647059, 0.1714285714),
            (0.4705882353, 0.1714285714),
            (0.5294117647, 0.1714285714),
            (0.5882352941, 0.1714285714),
            (0.6470588235, 0.1714285714),
            (0.7058823529, 0.1714285714),
            (0.7647058824, 0.1714285714),
            (0.8235294118, 0.1714285714),
            (0.8823529412, 0.1714285714),
            (0.9411764706, 0.1714285714),
            (1, 0.1714285714),
            (0, 0.2),
            (0.05882352941, 0.2),
            (0.1176470588, 0.2),
            (0.1764705882, 0.2),
            (0.2352941176, 0.2),
            (0.2941176471, 0.2),
            (0.3529411765, 0.2),
            (0.4117647059, 0.2),
            (0.4705882353, 0.2),
            (0.5294117647, 0.2),
            (0.5882352941, 0.2),
            (0.6470588235, 0.2),
            (0.7058823529, 0.2),
            (0.7647058824, 0.2),
            (0.8235294118, 0.2),
            (0.8823529412, 0.2),
            (0.9411764706, 0.2),
            (1, 0.2),
            (0, 0.2285714286),
            (0.05882352941, 0.2285714286),
            (0.1176470588, 0.2285714286),
            (0.1764705882, 0.2285714286),
            (0.2352941176, 0.2285714286),
            (0.2941176471, 0.2285714286),
            (0.3529411765, 0.2285714286),
            (0.4117647059, 0.2285714286),
            (0.4705882353, 0.2285714286),
            (0.5294117647, 0.2285714286),
            (0.5882352941, 0.2285714286),
            (0.6470588235, 0.2285714286),
            (0.7058823529, 0.2285714286),
            (0.7647058824, 0.2285714286),
            (0.8235294118, 0.2285714286),
            (0.8823529412, 0.2285714286),
            (0.9411764706, 0.2285714286),
            (1, 0.2285714286),
            (0, 0.2571428571),
            (0.05882352941, 0.2571428571),
            (0.1176470588, 0.2571428571),
            (0.1764705882, 0.2571428571),
            (0.2352941176, 0.2571428571),
            (0.2941176471, 0.2571428571),
            (0.3529411765, 0.2571428571),
            (0.4117647059, 0.2571428571),
            (0.4705882353, 0.2571428571),
            (0.5294117647, 0.2571428571),
            (0.5882352941, 0.2571428571),
            (0.6470588235, 0.2571428571),
            (0.7058823529, 0.2571428571),
            (0.7647058824, 0.2571428571),
            (0.8235294118, 0.2571428571),
            (0.8823529412, 0.2571428571),
            (0.9411764706, 0.2571428571),
            (1, 0.2571428571),
            (0, 0.2857142857),
            (0.05882352941, 0.2857142857),
            (0.1176470588, 0.2857142857),
            (0.1764705882, 0.2857142857),
            (0.2352941176, 0.2857142857),
            (0.2941176471, 0.2857142857),
            (0.3529411765, 0.2857142857),
            (0.4117647059, 0.2857142857),
            (0.4705882353, 0.2857142857),
            (0.5294117647, 0.2857142857),
            (0.5882352941, 0.2857142857),
            (0.6470588235, 0.2857142857),
            (0.7058823529, 0.2857142857),
            (0.7647058824, 0.2857142857),
            (0.8235294118, 0.2857142857),
            (0.8823529412, 0.2857142857),
            (0.9411764706, 0.2857142857),
            (1, 0.2857142857),
            (0, 0.3142857143),
            (0.05882352941, 0.3142857143),
            (0.1176470588, 0.3142857143),
            (0.1764705882, 0.3142857143),
            (0.2352941176, 0.3142857143),
            (0.2941176471, 0.3142857143),
            (0.3529411765, 0.3142857143),
            (0.4117647059, 0.3142857143),
            (0.4705882353, 0.3142857143),
            (0.5294117647, 0.3142857143),
            (0.5882352941, 0.3142857143),
            (0.6470588235, 0.3142857143),
            (0.7058823529, 0.3142857143),
            (0.7647058824, 0.3142857143),
            (0.8235294118, 0.3142857143),
            (0.8823529412, 0.3142857143),
            (0.9411764706, 0.3142857143),
            (1, 0.3142857143),
            (0, 0.3428571429),
            (0.05882352941, 0.3428571429),
            (0.1176470588, 0.3428571429),
            (0.1764705882, 0.3428571429),
            (0.2352941176, 0.3428571429),
            (0.2941176471, 0.3428571429),
            (0.3529411765, 0.3428571429),
            (0.4117647059, 0.3428571429),
            (0.4705882353, 0.3428571429),
            (0.5294117647, 0.3428571429),
            (0.5882352941, 0.3428571429),
            (0.6470588235, 0.3428571429),
            (0.7058823529, 0.3428571429),
            (0.7647058824, 0.3428571429),
            (0.8235294118, 0.3428571429),
            (0.8823529412, 0.3428571429),
            (0.9411764706, 0.3428571429),
            (1, 0.3428571429),
            (0, 0.3714285714),
            (0.05882352941, 0.3714285714),
            (0.1176470588, 0.3714285714),
            (0.1764705882, 0.3714285714),
            (0.2352941176, 0.3714285714),
            (0.2941176471, 0.3714285714),
            (0.3529411765, 0.3714285714),
            (0.4117647059, 0.3714285714),
            (0.4705882353, 0.3714285714),
            (0.5294117647, 0.3714285714),
            (0.5882352941, 0.3714285714),
            (0.6470588235, 0.3714285714),
            (0.7058823529, 0.3714285714),
            (0.7647058824, 0.3714285714),
            (0.8235294118, 0.3714285714),
            (0.8823529412, 0.3714285714),
            (0.9411764706, 0.3714285714),
            (1, 0.3714285714),
            (0, 0.4),
            (0.05882352941, 0.4),
            (0.1176470588, 0.4),
            (0.1764705882, 0.4),
            (0.2352941176, 0.4),
            (0.2941176471, 0.4),
            (0.3529411765, 0.4),
            (0.4117647059, 0.4),
            (0.4705882353, 0.4),
            (0.5294117647, 0.4),
            (0.5882352941, 0.4),
            (0.6470588235, 0.4),
            (0.7058823529, 0.4),
            (0.7647058824, 0.4),
            (0.8235294118, 0.4),
            (0.8823529412, 0.4),
            (0.9411764706, 0.4),
            (1, 0.4),
            (0, 0.4285714286),
            (0.05882352941, 0.4285714286),
            (0.1176470588, 0.4285714286),
            (0.1764705882, 0.4285714286),
            (0.2352941176, 0.4285714286),
            (0.2941176471, 0.4285714286),
            (0.3529411765, 0.4285714286),
            (0.4117647059, 0.4285714286),
            (0.4705882353, 0.4285714286),
            (0.5294117647, 0.4285714286),
            (0.5882352941, 0.4285714286),
            (0.6470588235, 0.4285714286),
            (0.7058823529, 0.4285714286),
            (0.7647058824, 0.4285714286),
            (0.8235294118, 0.4285714286),
            (0.8823529412, 0.4285714286),
            (0.9411764706, 0.4285714286),
            (1, 0.4285714286),
            (0, 0.4571428571),
            (0.05882352941, 0.4571428571),
            (0.1176470588, 0.4571428571),
            (0.1764705882, 0.4571428571),
            (0.2352941176, 0.4571428571),
            (0.2941176471, 0.4571428571),
            (0.3529411765, 0.4571428571),
            (0.4117647059, 0.4571428571),
            (0.4705882353, 0.4571428571),
            (0.5294117647, 0.4571428571),
            (0.5882352941, 0.4571428571),
            (0.6470588235, 0.4571428571),
            (0.7058823529, 0.4571428571),
            (0.7647058824, 0.4571428571),
            (0.8235294118, 0.4571428571),
            (0.8823529412, 0.4571428571),
            (0.9411764706, 0.4571428571),
            (1, 0.4571428571),
            (0, 0.4857142857),
            (0.05882352941, 0.4857142857),
            (0.1176470588, 0.4857142857),
            (0.1764705882, 0.4857142857),
            (0.2352941176, 0.4857142857),
            (0.2941176471, 0.4857142857),
            (0.3529411765, 0.4857142857),
            (0.4117647059, 0.4857142857),
            (0.4705882353, 0.4857142857),
            (0.5294117647, 0.4857142857),
            (0.5882352941, 0.4857142857),
            (0.6470588235, 0.4857142857),
            (0.7058823529, 0.4857142857),
            (0.7647058824, 0.4857142857),
            (0.8235294118, 0.4857142857),
            (0.8823529412, 0.4857142857),
            (0.9411764706, 0.4857142857),
            (1, 0.4857142857),
            (0, 0.5142857143),
            (0.05882352941, 0.5142857143),
            (0.1176470588, 0.5142857143),
            (0.1764705882, 0.5142857143),
            (0.2352941176, 0.5142857143),
            (0.2941176471, 0.5142857143),
            (0.3529411765, 0.5142857143),
            (0.4117647059, 0.5142857143),
            (0.4705882353, 0.5142857143),
            (0.5294117647, 0.5142857143),
            (0.5882352941, 0.5142857143),
            (0.6470588235, 0.5142857143),
            (0.7058823529, 0.5142857143),
            (0.7647058824, 0.5142857143),
            (0.8235294118, 0.5142857143),
            (0.8823529412, 0.5142857143),
            (0.9411764706, 0.5142857143),
            (1, 0.5142857143),
            (0, 0.5428571429),
            (0.05882352941, 0.5428571429),
            (0.1176470588, 0.5428571429),
            (0.1764705882, 0.5428571429),
            (0.2352941176, 0.5428571429),
            (0.2941176471, 0.5428571429),
            (0.3529411765, 0.5428571429),
            (0.4117647059, 0.5428571429),
            (0.4705882353, 0.5428571429),
            (0.5294117647, 0.5428571429),
            (0.5882352941, 0.5428571429),
            (0.6470588235, 0.5428571429),
            (0.7058823529, 0.5428571429),
            (0.7647058824, 0.5428571429),
            (0.8235294118, 0.5428571429),
            (0.8823529412, 0.5428571429),
            (0.9411764706, 0.5428571429),
            (1, 0.5428571429),
            (0, 0.5714285714),
            (0.05882352941, 0.5714285714),
            (0.1176470588, 0.5714285714),
            (0.1764705882, 0.5714285714),
            (0.2352941176, 0.5714285714),
            (0.2941176471, 0.5714285714),
            (0.3529411765, 0.5714285714),
            (0.4117647059, 0.5714285714),
            (0.4705882353, 0.5714285714),
            (0.5294117647, 0.5714285714),
            (0.5882352941, 0.5714285714),
            (0.6470588235, 0.5714285714),
            (0.7058823529, 0.5714285714),
            (0.7647058824, 0.5714285714),
            (0.8235294118, 0.5714285714),
            (0.8823529412, 0.5714285714),
            (0.9411764706, 0.5714285714),
            (1, 0.5714285714),
            (0, 0.6),
            (0.05882352941, 0.6),
            (0.1176470588, 0.6),
            (0.1764705882, 0.6),
            (0.2352941176, 0.6),
            (0.2941176471, 0.6),
            (0.3529411765, 0.6),
            (0.4117647059, 0.6),
            (0.4705882353, 0.6),
            (0.5294117647, 0.6),
            (0.5882352941, 0.6),
            (0.6470588235, 0.6),
            (0.7058823529, 0.6),
            (0.7647058824, 0.6),
            (0.8235294118, 0.6),
            (0.8823529412, 0.6),
            (0.9411764706, 0.6),
            (1, 0.6),
            (0, 0.6285714286),
            (0.05882352941, 0.6285714286),
            (0.1176470588, 0.6285714286),
            (0.1764705882, 0.6285714286),
            (0.2352941176, 0.6285714286),
            (0.2941176471, 0.6285714286),
            (0.3529411765, 0.6285714286),
            (0.4117647059, 0.6285714286),
            (0.4705882353, 0.6285714286),
            (0.5294117647, 0.6285714286),
            (0.5882352941, 0.6285714286),
            (0.6470588235, 0.6285714286),
            (0.7058823529, 0.6285714286),
            (0.7647058824, 0.6285714286),
            (0.8235294118, 0.6285714286),
            (0.8823529412, 0.6285714286),
            (0.9411764706, 0.6285714286),
            (1, 0.6285714286),
            (0, 0.6571428571),
            (0.05882352941, 0.6571428571),
            (0.1176470588, 0.6571428571),
            (0.1764705882, 0.6571428571),
            (0.2352941176, 0.6571428571),
            (0.2941176471, 0.6571428571),
            (0.3529411765, 0.6571428571),
            (0.4117647059, 0.6571428571),
            (0.4705882353, 0.6571428571),
            (0.5294117647, 0.6571428571),
            (0.5882352941, 0.6571428571),
            (0.6470588235, 0.6571428571),
            (0.7058823529, 0.6571428571),
            (0.7647058824, 0.6571428571),
            (0.8235294118, 0.6571428571),
            (0.8823529412, 0.6571428571),
            (0.9411764706, 0.6571428571),
            (1, 0.6571428571),
            (0, 0.6857142857),
            (0.05882352941, 0.6857142857),
            (0.1176470588, 0.6857142857),
            (0.1764705882, 0.6857142857),
            (0.2352941176, 0.6857142857),
            (0.2941176471, 0.6857142857),
            (0.3529411765, 0.6857142857),
            (0.4117647059, 0.6857142857),
            (0.4705882353, 0.6857142857),
            (0.5294117647, 0.6857142857),
            (0.5882352941, 0.6857142857),
            (0.6470588235, 0.6857142857),
            (0.7058823529, 0.6857142857),
            (0.7647058824, 0.6857142857),
            (0.8235294118, 0.6857142857),
            (0.8823529412, 0.6857142857),
            (0.9411764706, 0.6857142857),
            (1, 0.6857142857),
            (0, 0.7142857143),
            (0.05882352941, 0.7142857143),
            (0.1176470588, 0.7142857143),
            (0.1764705882, 0.7142857143),
            (0.2352941176, 0.7142857143),
            (0.2941176471, 0.7142857143),
            (0.3529411765, 0.7142857143),
            (0.4117647059, 0.7142857143),
            (0.4705882353, 0.7142857143),
            (0.5294117647, 0.7142857143),
            (0.5882352941, 0.7142857143),
            (0.6470588235, 0.7142857143),
            (0.7058823529, 0.7142857143),
            (0.7647058824, 0.7142857143),
            (0.8235294118, 0.7142857143),
            (0.8823529412, 0.7142857143),
            (0.9411764706, 0.7142857143),
            (1, 0.7142857143),
            (0, 0.7428571429),
            (0.05882352941, 0.7428571429),
            (0.1176470588, 0.7428571429),
            (0.1764705882, 0.7428571429),
            (0.2352941176, 0.7428571429),
            (0.2941176471, 0.7428571429),
            (0.3529411765, 0.7428571429),
            (0.4117647059, 0.7428571429),
            (0.4705882353, 0.7428571429),
            (0.5294117647, 0.7428571429),
            (0.5882352941, 0.7428571429),
            (0.6470588235, 0.7428571429),
            (0.7058823529, 0.7428571429),
            (0.7647058824, 0.7428571429),
            (0.8235294118, 0.7428571429),
            (0.8823529412, 0.7428571429),
            (0.9411764706, 0.7428571429),
            (1, 0.7428571429),
            (0, 0.7714285714),
            (0.05882352941, 0.7714285714),
            (0.1176470588, 0.7714285714),
            (0.1764705882, 0.7714285714),
            (0.2352941176, 0.7714285714),
            (0.2941176471, 0.7714285714),
            (0.3529411765, 0.7714285714),
            (0.4117647059, 0.7714285714),
            (0.4705882353, 0.7714285714),
            (0.5294117647, 0.7714285714),
            (0.5882352941, 0.7714285714),
            (0.6470588235, 0.7714285714),
            (0.7058823529, 0.7714285714),
            (0.7647058824, 0.7714285714),
            (0.8235294118, 0.7714285714),
            (0.8823529412, 0.7714285714),
            (0.9411764706, 0.7714285714),
            (1, 0.7714285714),
            (0, 0.8),
            (0.05882352941, 0.8),
            (0.1176470588, 0.8),
            (0.1764705882, 0.8),
            (0.2352941176, 0.8),
            (0.2941176471, 0.8),
            (0.3529411765, 0.8),
            (0.4117647059, 0.8),
            (0.4705882353, 0.8),
            (0.5294117647, 0.8),
            (0.5882352941, 0.8),
            (0.6470588235, 0.8),
            (0.7058823529, 0.8),
            (0.7647058824, 0.8),
            (0.8235294118, 0.8),
            (0.8823529412, 0.8),
            (0.9411764706, 0.8),
            (1, 0.8),
            (0, 0.8285714286),
            (0.05882352941, 0.8285714286),
            (0.1176470588, 0.8285714286),
            (0.1764705882, 0.8285714286),
            (0.2352941176, 0.8285714286),
            (0.2941176471, 0.8285714286),
            (0.3529411765, 0.8285714286),
            (0.4117647059, 0.8285714286),
            (0.4705882353, 0.8285714286),
            (0.5294117647, 0.8285714286),
            (0.5882352941, 0.8285714286),
            (0.6470588235, 0.8285714286),
            (0.7058823529, 0.8285714286),
            (0.7647058824, 0.8285714286),
            (0.8235294118, 0.8285714286),
            (0.8823529412, 0.8285714286),
            (0.9411764706, 0.8285714286),
            (1, 0.8285714286),
            (0, 0.8571428571),
            (0.05882352941, 0.8571428571),
            (0.1176470588, 0.8571428571),
            (0.1764705882, 0.8571428571),
            (0.2352941176, 0.8571428571),
            (0.2941176471, 0.8571428571),
            (0.3529411765, 0.8571428571),
            (0.4117647059, 0.8571428571),
            (0.4705882353, 0.8571428571),
            (0.5294117647, 0.8571428571),
            (0.5882352941, 0.8571428571),
            (0.6470588235, 0.8571428571),
            (0.7058823529, 0.8571428571),
            (0.7647058824, 0.8571428571),
            (0.8235294118, 0.8571428571),
            (0.8823529412, 0.8571428571),
            (0.9411764706, 0.8571428571),
            (1, 0.8571428571),
            (0, 0.8857142857),
            (0.05882352941, 0.8857142857),
            (0.1176470588, 0.8857142857),
            (0.1764705882, 0.8857142857),
            (0.2352941176, 0.8857142857),
            (0.2941176471, 0.8857142857),
            (0.3529411765, 0.8857142857),
            (0.4117647059, 0.8857142857),
            (0.4705882353, 0.8857142857),
            (0.5294117647, 0.8857142857),
            (0.5882352941, 0.8857142857),
            (0.6470588235, 0.8857142857),
            (0.7058823529, 0.8857142857),
            (0.7647058824, 0.8857142857),
            (0.8235294118, 0.8857142857),
            (0.8823529412, 0.8857142857),
            (0.9411764706, 0.8857142857),
            (1, 0.8857142857),
            (0, 0.9142857143),
            (0.05882352941, 0.9142857143),
            (0.1176470588, 0.9142857143),
            (0.1764705882, 0.9142857143),
            (0.2352941176, 0.9142857143),
            (0.2941176471, 0.9142857143),
            (0.3529411765, 0.9142857143),
            (0.4117647059, 0.9142857143),
            (0.4705882353, 0.9142857143),
            (0.5294117647, 0.9142857143),
            (0.5882352941, 0.9142857143),
            (0.6470588235, 0.9142857143),
            (0.7058823529, 0.9142857143),
            (0.7647058824, 0.9142857143),
            (0.8235294118, 0.9142857143),
            (0.8823529412, 0.9142857143),
            (0.9411764706, 0.9142857143),
            (1, 0.9142857143),
            (0, 0.9428571429),
            (0.05882352941, 0.9428571429),
            (0.1176470588, 0.9428571429),
            (0.1764705882, 0.9428571429),
            (0.2352941176, 0.9428571429),
            (0.2941176471, 0.9428571429),
            (0.3529411765, 0.9428571429),
            (0.4117647059, 0.9428571429),
            (0.4705882353, 0.9428571429),
            (0.5294117647, 0.9428571429),
            (0.5882352941, 0.9428571429),
            (0.6470588235, 0.9428571429),
            (0.7058823529, 0.9428571429),
            (0.7647058824, 0.9428571429),
            (0.8235294118, 0.9428571429),
            (0.8823529412, 0.9428571429),
            (0.9411764706, 0.9428571429),
            (1, 0.9428571429),
            (0, 0.9714285714),
            (0.05882352941, 0.9714285714),
            (0.1176470588, 0.9714285714),
            (0.1764705882, 0.9714285714),
            (0.2352941176, 0.9714285714),
            (0.2941176471, 0.9714285714),
            (0.3529411765, 0.9714285714),
            (0.4117647059, 0.9714285714),
            (0.4705882353, 0.9714285714),
            (0.5294117647, 0.9714285714),
            (0.5882352941, 0.9714285714),
            (0.6470588235, 0.9714285714),
            (0.7058823529, 0.9714285714),
            (0.7647058824, 0.9714285714),
            (0.8235294118, 0.9714285714),
            (0.8823529412, 0.9714285714),
            (0.9411764706, 0.9714285714),
            (1, 0.9714285714),
            (0, 1),
            (0.05882352941, 1),
            (0.1176470588, 1),
            (0.1764705882, 1),
            (0.2352941176, 1),
            (0.2941176471, 1),
            (0.3529411765, 1),
            (0.4117647059, 1),
            (0.4705882353, 1),
            (0.5294117647, 1),
            (0.5882352941, 1),
            (0.6470588235, 1),
            (0.7058823529, 1),
            (0.7647058824, 1),
            (0.8235294118, 1),
            (0.8823529412, 1),
            (0.9411764706, 1),
            (1, 1)
            ] (
                interpolation = "vertex"
            )
            rel material:binding = </DrAnmarClosureTissueDemo/Looks/TissueVisual>
            uniform token subdivisionScheme = "none"
        custom token[] drAnmar:labels = ["skin_tissue", "righttissue"]
        }
        def Xform "OuterAnchor"
        {
            custom token drAnmar:role = "world_anchor_region"
        }
    }
    def Scope "Frames"
    {
        def Xform "wound_center"
        {
            double3 xformOp:translate = (0, 0, 0.001)
            quatf xformOp:orient = (1, 0, 0, 0)
            uniform token[] xformOpOrder = ["xformOp:translate", "xformOp:orient"]
            custom token drAnmar:role = "wound_center"
            custom token drAnmar:parentLink = "tissue"
        }
        def Xform "left_edge"
        {
            double3 xformOp:translate = (-0.003, 0, 0.001)
            quatf xformOp:orient = (1, 0, 0, 0)
            uniform token[] xformOpOrder = ["xformOp:translate", "xformOp:orient"]
            custom token drAnmar:role = "left_wound_edge"
            custom token drAnmar:parentLink = "LeftTissue"
        }
        def Xform "right_edge"
        {
            double3 xformOp:translate = (0.003, 0, 0.001)
            quatf xformOp:orient = (1, 0, 0, 0)
            uniform token[] xformOpOrder = ["xformOp:translate", "xformOp:orient"]
            custom token drAnmar:role = "right_wound_edge"
            custom token drAnmar:parentLink = "RightTissue"
        }
    }
}
